9-9-2026 17:44:30 - log: Load engine in C:\ProgramData\cocos\editors\Creator\3.8.8\resources\resources\3d\engine
9-9-2026 17:44:30 - log: Register native engine in C:\ProgramData\cocos\editors\Creator\3.8.8\resources\resources\3d\engine\native
9-9-2026 17:44:30 - log: Request namespace: device-list
9-9-2026 17:44:36 - error: EPERM: operation not permitted, unlink 'D:\Works\Github\BattleGame\temp\scene\cache\info.json'Error: EPERM: operation not permitted, unlink 'D:\Works\Github\BattleGame\temp\scene\cache\info.json'
9-9-2026 17:44:37 - log: [Scene] meshopt wasm decoder initialized
9-9-2026 17:44:37 - log: [Scene] [bullet]:bullet wasm lib loaded.
9-9-2026 17:44:37 - log: [Scene] [box2d]:box2d wasm lib loaded.
9-9-2026 17:44:37 - log: [Scene] [PHYSICS]: using builtin.
9-9-2026 17:44:37 - log: [Scene] Cocos Creator v3.8.8
9-9-2026 17:44:37 - log: [Scene] Using custom pipeline: Builtin
9-9-2026 17:44:38 - warn: [Scene] Instancing/Batching enabled for non-baked skinning model or used AnimationController 'BlueUnit/Victory/Fighter.Body.low_Baked.001', this may result in unexpected rendering artifacts. Consider turning it off in the material if you do not intend to do this.Error: [Scene] Instancing/Batching enabled for non-baked skinning model or used AnimationController 'BlueUnit/Victory/Fighter.Body.low_Baked.001', this may result in unexpected rendering artifacts. Consider turning it off in the material if you do not intend to do this.
    at console.warn (C:\ProgramData\cocos\editors\Creator\3.8.8\resources\app.asar\node_modules\@sentry\core\src\utils-hoist\instrument\console.ts:40:14)
    at warn (C:\ProgramData\cocos\editors\Creator\3.8.8\resources\resources\3d\engine\bin\.cache\dev\editor\bundled\index.js:162864:12)
    at warnID (C:\ProgramData\cocos\editors\Creator\3.8.8\resources\resources\3d\engine\bin\.cache\dev\editor\bundled\index.js:163052:5)
    at SkinningModel._updateInstancedAttributes (C:\ProgramData\cocos\editors\Creator\3.8.8\resources\resources\3d\engine\bin\.cache\dev\editor\bundled\index.js:113230:13)
    at SkinningModel._updateAttributesAndBinding (C:\ProgramData\cocos\editors\Creator\3.8.8\resources\resources\3d\engine\bin\.cache\dev\editor\bundled\index.js:225497:16)
    at SkinningModel.initSubModel (C:\ProgramData\cocos\editors\Creator\3.8.8\resources\resources\3d\engine\bin\.cache\dev\editor\bundled\index.js:225158:16)
    at SkinningModel.initSubModel (C:\ProgramData\cocos\editors\Creator\3.8.8\resources\resources\3d\engine\bin\.cache\dev\editor\bundled\index.js:112793:24)
    at SkinningModel.initSubModel (C:\ProgramData\cocos\editors\Creator\3.8.8\resources\resources\3d\engine\bin\.cache\dev\editor\bundled\index.js:113194:17)
    at SkinnedMeshRenderer._updateModelParams (C:\ProgramData\cocos\editors\Creator\3.8.8\resources\resources\3d\engine\bin\.cache\dev\editor\bundled\index.js:112301:29)
    at SkinnedMeshRenderer._updateModelParams (C:\ProgramData\cocos\editors\Creator\3.8.8\resources\resources\3d\engine\bin\.cache\dev\editor\bundled\index.js:115274:17)
    at SkinnedMeshRenderer._updateModels (C:\ProgramData\cocos\editors\Creator\3.8.8\resources\resources\3d\engine\bin\.cache\dev\editor\bundled\index.js:112205:18)
    at SkinnedMeshRenderer.onLoad (C:\ProgramData\cocos\editors\Creator\3.8.8\resources\resources\3d\engine\bin\.cache\dev\editor\bundled\index.js:111860:16)
    at SkinnedMeshRenderer.onLoad (C:\ProgramData\cocos\editors\Creator\3.8.8\resources\resources\3d\engine\bin\.cache\dev\editor\bundled\index.js:115226:17)
    at eval (C:\ProgramData\cocos\editors\Creator\3.8.8\resources\resources\3d\engine\bin\.cache\dev\editor\bundled\index.js:55316:132)
    at OneOffInvoker.eval [as _invoke] (C:\ProgramData\cocos\editors\Creator\3.8.8\resources\resources\3d\engine\bin\.cache\dev\editor\bundled\index.js:53273:9)
    at OneOffInvoker.invoke (C:\ProgramData\cocos\editors\Creator\3.8.8\resources\resources\3d\engine\bin\.cache\dev\editor\bundled\index.js:53392:18)
    at NodeActivator.activateNode (C:\ProgramData\cocos\editors\Creator\3.8.8\resources\resources\3d\engine\bin\.cache\dev\editor\bundled\index.js:55367:27)
    at Scene._activate (C:\ProgramData\cocos\editors\Creator\3.8.8\resources\resources\3d\engine\bin\.cache\dev\editor\bundled\index.js:63356:44)
    at Director.runSceneImmediate (C:\ProgramData\cocos\editors\Creator\3.8.8\resources\resources\3d\engine\bin\.cache\dev\editor\bundled\index.js:15538:17)
    at C:\ProgramData\cocos\editors\Creator\3.8.8\resources\app.asar\builtin\scene\dist\script\3d\manager\scene\utils.ccc:1:682
    at eval (C:\ProgramData\cocos\editors\Creator\3.8.8\resources\resources\3d\engine\bin\.cache\dev\editor\bundled\index.js:141562:9)
    at eval (C:\ProgramData\cocos\editors\Creator\3.8.8\resources\resources\3d\engine\bin\.cache\dev\editor\bundled\index.js:167821:9)
    at sentryWrapped (C:\ProgramData\cocos\editors\Creator\3.8.8\resources\app.asar\node_modules\@sentry\browser\src\helpers.ts:116:17)
9-9-2026 17:44:38 - warn: [Scene] Instancing/Batching enabled for non-baked skinning model or used AnimationController 'BlueUnit/Victory/Fighter.Body.low_Baked.001', this may result in unexpected rendering artifacts. Consider turning it off in the material if you do not intend to do this.Error: [Scene] Instancing/Batching enabled for non-baked skinning model or used AnimationController 'BlueUnit/Victory/Fighter.Body.low_Baked.001', this may result in unexpected rendering artifacts. Consider turning it off in the material if you do not intend to do this.
    at console.warn (C:\ProgramData\cocos\editors\Creator\3.8.8\resources\app.asar\node_modules\@sentry\core\src\utils-hoist\instrument\console.ts:40:14)
    at warn (C:\ProgramData\cocos\editors\Creator\3.8.8\resources\resources\3d\engine\bin\.cache\dev\editor\bundled\index.js:162864:12)
    at warnID (C:\ProgramData\cocos\editors\Creator\3.8.8\resources\resources\3d\engine\bin\.cache\dev\editor\bundled\index.js:163052:5)
    at SkinningModel._updateInstancedAttributes (C:\ProgramData\cocos\editors\Creator\3.8.8\resources\resources\3d\engine\bin\.cache\dev\editor\bundled\index.js:113230:13)
    at SkinningModel._updateAttributesAndBinding (C:\ProgramData\cocos\editors\Creator\3.8.8\resources\resources\3d\engine\bin\.cache\dev\editor\bundled\index.js:225497:16)
    at SkinningModel.initSubModel (C:\ProgramData\cocos\editors\Creator\3.8.8\resources\resources\3d\engine\bin\.cache\dev\editor\bundled\index.js:225158:16)
    at SkinningModel.initSubModel (C:\ProgramData\cocos\editors\Creator\3.8.8\resources\resources\3d\engine\bin\.cache\dev\editor\bundled\index.js:112793:24)
    at SkinningModel.initSubModel (C:\ProgramData\cocos\editors\Creator\3.8.8\resources\resources\3d\engine\bin\.cache\dev\editor\bundled\index.js:113194:17)
    at SkinnedMeshRenderer._updateModelParams (C:\ProgramData\cocos\editors\Creator\3.8.8\resources\resources\3d\engine\bin\.cache\dev\editor\bundled\index.js:112301:29)
    at SkinnedMeshRenderer._updateModelParams (C:\ProgramData\cocos\editors\Creator\3.8.8\resources\resources\3d\engine\bin\.cache\dev\editor\bundled\index.js:115274:17)
    at SkinnedMeshRenderer._updateModels (C:\ProgramData\cocos\editors\Creator\3.8.8\resources\resources\3d\engine\bin\.cache\dev\editor\bundled\index.js:112205:18)
    at SkinnedMeshRenderer.setUseBakedAnimation (C:\ProgramData\cocos\editors\Creator\3.8.8\resources\resources\3d\engine\bin\.cache\dev\editor\bundled\index.js:115257:18)
    at SkeletalAnimation.notifySkinnedMeshAdded (C:\ProgramData\cocos\editors\Creator\3.8.8\resources\resources\3d\engine\bin\.cache\dev\editor\bundled\index.js:117565:31)
    at SkinnedMeshRenderer._tryBindAnimation (C:\ProgramData\cocos\editors\Creator\3.8.8\resources\resources\3d\engine\bin\.cache\dev\editor\bundled\index.js:115295:23)
    at SkinnedMeshRenderer.onLoad (C:\ProgramData\cocos\editors\Creator\3.8.8\resources\resources\3d\engine\bin\.cache\dev\editor\bundled\index.js:115227:16)
    at eval (C:\ProgramData\cocos\editors\Creator\3.8.8\resources\resources\3d\engine\bin\.cache\dev\editor\bundled\index.js:55316:132)
    at OneOffInvoker.eval [as _invoke] (C:\ProgramData\cocos\editors\Creator\3.8.8\resources\resources\3d\engine\bin\.cache\dev\editor\bundled\index.js:53273:9)
    at OneOffInvoker.invoke (C:\ProgramData\cocos\editors\Creator\3.8.8\resources\resources\3d\engine\bin\.cache\dev\editor\bundled\index.js:53392:18)
    at NodeActivator.activateNode (C:\ProgramData\cocos\editors\Creator\3.8.8\resources\resources\3d\engine\bin\.cache\dev\editor\bundled\index.js:55367:27)
    at Scene._activate (C:\ProgramData\cocos\editors\Creator\3.8.8\resources\resources\3d\engine\bin\.cache\dev\editor\bundled\index.js:63356:44)
    at Director.runSceneImmediate (C:\ProgramData\cocos\editors\Creator\3.8.8\resources\resources\3d\engine\bin\.cache\dev\editor\bundled\index.js:15538:17)
    at C:\ProgramData\cocos\editors\Creator\3.8.8\resources\app.asar\builtin\scene\dist\script\3d\manager\scene\utils.ccc:1:682
    at eval (C:\ProgramData\cocos\editors\Creator\3.8.8\resources\resources\3d\engine\bin\.cache\dev\editor\bundled\index.js:141562:9)
    at eval (C:\ProgramData\cocos\editors\Creator\3.8.8\resources\resources\3d\engine\bin\.cache\dev\editor\bundled\index.js:167821:9)
    at sentryWrapped (C:\ProgramData\cocos\editors\Creator\3.8.8\resources\app.asar\node_modules\@sentry\browser\src\helpers.ts:116:17)
9-9-2026 17:44:38 - warn: [Scene] Instancing/Batching enabled for non-baked skinning model or used AnimationController 'RedUnit/Victory/Fighter.Body.low_Baked.001', this may result in unexpected rendering artifacts. Consider turning it off in the material if you do not intend to do this.Error: [Scene] Instancing/Batching enabled for non-baked skinning model or used AnimationController 'RedUnit/Victory/Fighter.Body.low_Baked.001', this may result in unexpected rendering artifacts. Consider turning it off in the material if you do not intend to do this.
    at console.warn (C:\ProgramData\cocos\editors\Creator\3.8.8\resources\app.asar\node_modules\@sentry\core\src\utils-hoist\instrument\console.ts:40:14)
    at warn (C:\ProgramData\cocos\editors\Creator\3.8.8\resources\resources\3d\engine\bin\.cache\dev\editor\bundled\index.js:162864:12)
    at warnID (C:\ProgramData\cocos\editors\Creator\3.8.8\resources\resources\3d\engine\bin\.cache\dev\editor\bundled\index.js:163052:5)
    at SkinningModel._updateInstancedAttributes (C:\ProgramData\cocos\editors\Creator\3.8.8\resources\resources\3d\engine\bin\.cache\dev\editor\bundled\index.js:113230:13)
    at SkinningModel._updateAttributesAndBinding (C:\ProgramData\cocos\editors\Creator\3.8.8\resources\resources\3d\engine\bin\.cache\dev\editor\bundled\index.js:225497:16)
    at SkinningModel.initSubModel (C:\ProgramData\cocos\editors\Creator\3.8.8\resources\resources\3d\engine\bin\.cache\dev\editor\bundled\index.js:225158:16)
    at SkinningModel.initSubModel (C:\ProgramData\cocos\editors\Creator\3.8.8\resources\resources\3d\engine\bin\.cache\dev\editor\bundled\index.js:112793:24)
    at SkinningModel.initSubModel (C:\ProgramData\cocos\editors\Creator\3.8.8\resources\resources\3d\engine\bin\.cache\dev\editor\bundled\index.js:113194:17)
    at SkinnedMeshRenderer._updateModelParams (C:\ProgramData\cocos\editors\Creator\3.8.8\resources\resources\3d\engine\bin\.cache\dev\editor\bundled\index.js:112301:29)
    at SkinnedMeshRenderer._updateModelParams (C:\ProgramData\cocos\editors\Creator\3.8.8\resources\resources\3d\engine\bin\.cache\dev\editor\bundled\index.js:115274:17)
    at SkinnedMeshRenderer._updateModels (C:\ProgramData\cocos\editors\Creator\3.8.8\resources\resources\3d\engine\bin\.cache\dev\editor\bundled\index.js:112205:18)
    at SkinnedMeshRenderer.onLoad (C:\ProgramData\cocos\editors\Creator\3.8.8\resources\resources\3d\engine\bin\.cache\dev\editor\bundled\index.js:111860:16)
    at SkinnedMeshRenderer.onLoad (C:\ProgramData\cocos\editors\Creator\3.8.8\resources\resources\3d\engine\bin\.cache\dev\editor\bundled\index.js:115226:17)
    at eval (C:\ProgramData\cocos\editors\Creator\3.8.8\resources\resources\3d\engine\bin\.cache\dev\editor\bundled\index.js:55316:132)
    at OneOffInvoker.eval [as _invoke] (C:\ProgramData\cocos\editors\Creator\3.8.8\resources\resources\3d\engine\bin\.cache\dev\editor\bundled\index.js:53273:9)
    at OneOffInvoker.invoke (C:\ProgramData\cocos\editors\Creator\3.8.8\resources\resources\3d\engine\bin\.cache\dev\editor\bundled\index.js:53392:18)
    at NodeActivator.activateNode (C:\ProgramData\cocos\editors\Creator\3.8.8\resources\resources\3d\engine\bin\.cache\dev\editor\bundled\index.js:55367:27)
    at Scene._activate (C:\ProgramData\cocos\editors\Creator\3.8.8\resources\resources\3d\engine\bin\.cache\dev\editor\bundled\index.js:63356:44)
    at Director.runSceneImmediate (C:\ProgramData\cocos\editors\Creator\3.8.8\resources\resources\3d\engine\bin\.cache\dev\editor\bundled\index.js:15538:17)
    at C:\ProgramData\cocos\editors\Creator\3.8.8\resources\app.asar\builtin\scene\dist\script\3d\manager\scene\utils.ccc:1:682
    at eval (C:\ProgramData\cocos\editors\Creator\3.8.8\resources\resources\3d\engine\bin\.cache\dev\editor\bundled\index.js:141562:9)
    at eval (C:\ProgramData\cocos\editors\Creator\3.8.8\resources\resources\3d\engine\bin\.cache\dev\editor\bundled\index.js:167821:9)
    at sentryWrapped (C:\ProgramData\cocos\editors\Creator\3.8.8\resources\app.asar\node_modules\@sentry\browser\src\helpers.ts:116:17)
9-9-2026 17:44:38 - warn: [Scene] Instancing/Batching enabled for non-baked skinning model or used AnimationController 'RedUnit/Victory/Fighter.Body.low_Baked.001', this may result in unexpected rendering artifacts. Consider turning it off in the material if you do not intend to do this.Error: [Scene] Instancing/Batching enabled for non-baked skinning model or used AnimationController 'RedUnit/Victory/Fighter.Body.low_Baked.001', this may result in unexpected rendering artifacts. Consider turning it off in the material if you do not intend to do this.
    at console.warn (C:\ProgramData\cocos\editors\Creator\3.8.8\resources\app.asar\node_modules\@sentry\core\src\utils-hoist\instrument\console.ts:40:14)
    at warn (C:\ProgramData\cocos\editors\Creator\3.8.8\resources\resources\3d\engine\bin\.cache\dev\editor\bundled\index.js:162864:12)
    at warnID (C:\ProgramData\cocos\editors\Creator\3.8.8\resources\resources\3d\engine\bin\.cache\dev\editor\bundled\index.js:163052:5)
    at SkinningModel._updateInstancedAttributes (C:\ProgramData\cocos\editors\Creator\3.8.8\resources\resources\3d\engine\bin\.cache\dev\editor\bundled\index.js:113230:13)
    at SkinningModel._updateAttributesAndBinding (C:\ProgramData\cocos\editors\Creator\3.8.8\resources\resources\3d\engine\bin\.cache\dev\editor\bundled\index.js:225497:16)
    at SkinningModel.initSubModel (C:\ProgramData\cocos\editors\Creator\3.8.8\resources\resources\3d\engine\bin\.cache\dev\editor\bundled\index.js:225158:16)
    at SkinningModel.initSubModel (C:\ProgramData\cocos\editors\Creator\3.8.8\resources\resources\3d\engine\bin\.cache\dev\editor\bundled\index.js:112793:24)
    at SkinningModel.initSubModel (C:\ProgramData\cocos\editors\Creator\3.8.8\resources\resources\3d\engine\bin\.cache\dev\editor\bundled\index.js:113194:17)
    at SkinnedMeshRenderer._updateModelParams (C:\ProgramData\cocos\editors\Creator\3.8.8\resources\resources\3d\engine\bin\.cache\dev\editor\bundled\index.js:112301:29)
    at SkinnedMeshRenderer._updateModelParams (C:\ProgramData\cocos\editors\Creator\3.8.8\resources\resources\3d\engine\bin\.cache\dev\editor\bundled\index.js:115274:17)
    at SkinnedMeshRenderer._updateModels (C:\ProgramData\cocos\editors\Creator\3.8.8\resources\resources\3d\engine\bin\.cache\dev\editor\bundled\index.js:112205:18)
    at SkinnedMeshRenderer.setUseBakedAnimation (C:\ProgramData\cocos\editors\Creator\3.8.8\resources\resources\3d\engine\bin\.cache\dev\editor\bundled\index.js:115257:18)
    at SkeletalAnimation.notifySkinnedMeshAdded (C:\ProgramData\cocos\editors\Creator\3.8.8\resources\resources\3d\engine\bin\.cache\dev\editor\bundled\index.js:117565:31)
    at SkinnedMeshRenderer._tryBindAnimation (C:\ProgramData\cocos\editors\Creator\3.8.8\resources\resources\3d\engine\bin\.cache\dev\editor\bundled\index.js:115295:23)
    at SkinnedMeshRenderer.onLoad (C:\ProgramData\cocos\editors\Creator\3.8.8\resources\resources\3d\engine\bin\.cache\dev\editor\bundled\index.js:115227:16)
    at eval (C:\ProgramData\cocos\editors\Creator\3.8.8\resources\resources\3d\engine\bin\.cache\dev\editor\bundled\index.js:55316:132)
    at OneOffInvoker.eval [as _invoke] (C:\ProgramData\cocos\editors\Creator\3.8.8\resources\resources\3d\engine\bin\.cache\dev\editor\bundled\index.js:53273:9)
    at OneOffInvoker.invoke (C:\ProgramData\cocos\editors\Creator\3.8.8\resources\resources\3d\engine\bin\.cache\dev\editor\bundled\index.js:53392:18)
    at NodeActivator.activateNode (C:\ProgramData\cocos\editors\Creator\3.8.8\resources\resources\3d\engine\bin\.cache\dev\editor\bundled\index.js:55367:27)
    at Scene._activate (C:\ProgramData\cocos\editors\Creator\3.8.8\resources\resources\3d\engine\bin\.cache\dev\editor\bundled\index.js:63356:44)
    at Director.runSceneImmediate (C:\ProgramData\cocos\editors\Creator\3.8.8\resources\resources\3d\engine\bin\.cache\dev\editor\bundled\index.js:15538:17)
    at C:\ProgramData\cocos\editors\Creator\3.8.8\resources\app.asar\builtin\scene\dist\script\3d\manager\scene\utils.ccc:1:682
    at eval (C:\ProgramData\cocos\editors\Creator\3.8.8\resources\resources\3d\engine\bin\.cache\dev\editor\bundled\index.js:141562:9)
    at eval (C:\ProgramData\cocos\editors\Creator\3.8.8\resources\resources\3d\engine\bin\.cache\dev\editor\bundled\index.js:167821:9)
    at sentryWrapped (C:\ProgramData\cocos\editors\Creator\3.8.8\resources\app.asar\node_modules\@sentry\browser\src\helpers.ts:116:17)
9-9-2026 17:44:38 - warn: [Scene] Instancing/Batching enabled for non-baked skinning model or used AnimationController 'HeroRed/Victory/Fighter.Body.low_Baked.001', this may result in unexpected rendering artifacts. Consider turning it off in the material if you do not intend to do this.Error: [Scene] Instancing/Batching enabled for non-baked skinning model or used AnimationController 'HeroRed/Victory/Fighter.Body.low_Baked.001', this may result in unexpected rendering artifacts. Consider turning it off in the material if you do not intend to do this.
    at console.warn (C:\ProgramData\cocos\editors\Creator\3.8.8\resources\app.asar\node_modules\@sentry\core\src\utils-hoist\instrument\console.ts:40:14)
    at warn (C:\ProgramData\cocos\editors\Creator\3.8.8\resources\resources\3d\engine\bin\.cache\dev\editor\bundled\index.js:162864:12)
    at warnID (C:\ProgramData\cocos\editors\Creator\3.8.8\resources\resources\3d\engine\bin\.cache\dev\editor\bundled\index.js:163052:5)
    at SkinningModel._updateInstancedAttributes (C:\ProgramData\cocos\editors\Creator\3.8.8\resources\resources\3d\engine\bin\.cache\dev\editor\bundled\index.js:113230:13)
    at SkinningModel._updateAttributesAndBinding (C:\ProgramData\cocos\editors\Creator\3.8.8\resources\resources\3d\engine\bin\.cache\dev\editor\bundled\index.js:225497:16)
    at SkinningModel.initSubModel (C:\ProgramData\cocos\editors\Creator\3.8.8\resources\resources\3d\engine\bin\.cache\dev\editor\bundled\index.js:225158:16)
    at SkinningModel.initSubModel (C:\ProgramData\cocos\editors\Creator\3.8.8\resources\resources\3d\engine\bin\.cache\dev\editor\bundled\index.js:112793:24)
    at SkinningModel.initSubModel (C:\ProgramData\cocos\editors\Creator\3.8.8\resources\resources\3d\engine\bin\.cache\dev\editor\bundled\index.js:113194:17)
    at SkinnedMeshRenderer._updateModelParams (C:\ProgramData\cocos\editors\Creator\3.8.8\resources\resources\3d\engine\bin\.cache\dev\editor\bundled\index.js:112301:29)
    at SkinnedMeshRenderer._updateModelParams (C:\ProgramData\cocos\editors\Creator\3.8.8\resources\resources\3d\engine\bin\.cache\dev\editor\bundled\index.js:115274:17)
    at SkinnedMeshRenderer._updateModels (C:\ProgramData\cocos\editors\Creator\3.8.8\resources\resources\3d\engine\bin\.cache\dev\editor\bundled\index.js:112205:18)
    at SkinnedMeshRenderer.onLoad (C:\ProgramData\cocos\editors\Creator\3.8.8\resources\resources\3d\engine\bin\.cache\dev\editor\bundled\index.js:111860:16)
    at SkinnedMeshRenderer.onLoad (C:\ProgramData\cocos\editors\Creator\3.8.8\resources\resources\3d\engine\bin\.cache\dev\editor\bundled\index.js:115226:17)
    at eval (C:\ProgramData\cocos\editors\Creator\3.8.8\resources\resources\3d\engine\bin\.cache\dev\editor\bundled\index.js:55316:132)
    at OneOffInvoker.eval [as _invoke] (C:\ProgramData\cocos\editors\Creator\3.8.8\resources\resources\3d\engine\bin\.cache\dev\editor\bundled\index.js:53273:9)
    at OneOffInvoker.invoke (C:\ProgramData\cocos\editors\Creator\3.8.8\resources\resources\3d\engine\bin\.cache\dev\editor\bundled\index.js:53392:18)
    at NodeActivator.activateNode (C:\ProgramData\cocos\editors\Creator\3.8.8\resources\resources\3d\engine\bin\.cache\dev\editor\bundled\index.js:55367:27)
    at Scene._activate (C:\ProgramData\cocos\editors\Creator\3.8.8\resources\resources\3d\engine\bin\.cache\dev\editor\bundled\index.js:63356:44)
    at Director.runSceneImmediate (C:\ProgramData\cocos\editors\Creator\3.8.8\resources\resources\3d\engine\bin\.cache\dev\editor\bundled\index.js:15538:17)
    at C:\ProgramData\cocos\editors\Creator\3.8.8\resources\app.asar\builtin\scene\dist\script\3d\manager\scene\utils.ccc:1:682
    at eval (C:\ProgramData\cocos\editors\Creator\3.8.8\resources\resources\3d\engine\bin\.cache\dev\editor\bundled\index.js:141562:9)
    at eval (C:\ProgramData\cocos\editors\Creator\3.8.8\resources\resources\3d\engine\bin\.cache\dev\editor\bundled\index.js:167821:9)
    at sentryWrapped (C:\ProgramData\cocos\editors\Creator\3.8.8\resources\app.asar\node_modules\@sentry\browser\src\helpers.ts:116:17)
9-9-2026 17:44:38 - warn: [Scene] Instancing/Batching enabled for non-baked skinning model or used AnimationController 'HeroRed/Victory/Fighter.Body.low_Baked.001', this may result in unexpected rendering artifacts. Consider turning it off in the material if you do not intend to do this.Error: [Scene] Instancing/Batching enabled for non-baked skinning model or used AnimationController 'HeroRed/Victory/Fighter.Body.low_Baked.001', this may result in unexpected rendering artifacts. Consider turning it off in the material if you do not intend to do this.
    at console.warn (C:\ProgramData\cocos\editors\Creator\3.8.8\resources\app.asar\node_modules\@sentry\core\src\utils-hoist\instrument\console.ts:40:14)
    at warn (C:\ProgramData\cocos\editors\Creator\3.8.8\resources\resources\3d\engine\bin\.cache\dev\editor\bundled\index.js:162864:12)
    at warnID (C:\ProgramData\cocos\editors\Creator\3.8.8\resources\resources\3d\engine\bin\.cache\dev\editor\bundled\index.js:163052:5)
    at SkinningModel._updateInstancedAttributes (C:\ProgramData\cocos\editors\Creator\3.8.8\resources\resources\3d\engine\bin\.cache\dev\editor\bundled\index.js:113230:13)
    at SkinningModel._updateAttributesAndBinding (C:\ProgramData\cocos\editors\Creator\3.8.8\resources\resources\3d\engine\bin\.cache\dev\editor\bundled\index.js:225497:16)
    at SkinningModel.initSubModel (C:\ProgramData\cocos\editors\Creator\3.8.8\resources\resources\3d\engine\bin\.cache\dev\editor\bundled\index.js:225158:16)
    at SkinningModel.initSubModel (C:\ProgramData\cocos\editors\Creator\3.8.8\resources\resources\3d\engine\bin\.cache\dev\editor\bundled\index.js:112793:24)
    at SkinningModel.initSubModel (C:\ProgramData\cocos\editors\Creator\3.8.8\resources\resources\3d\engine\bin\.cache\dev\editor\bundled\index.js:113194:17)
    at SkinnedMeshRenderer._updateModelParams (C:\ProgramData\cocos\editors\Creator\3.8.8\resources\resources\3d\engine\bin\.cache\dev\editor\bundled\index.js:112301:29)
    at SkinnedMeshRenderer._updateModelParams (C:\ProgramData\cocos\editors\Creator\3.8.8\resources\resources\3d\engine\bin\.cache\dev\editor\bundled\index.js:115274:17)
    at SkinnedMeshRenderer._updateModels (C:\ProgramData\cocos\editors\Creator\3.8.8\resources\resources\3d\engine\bin\.cache\dev\editor\bundled\index.js:112205:18)
    at SkinnedMeshRenderer.setUseBakedAnimation (C:\ProgramData\cocos\editors\Creator\3.8.8\resources\resources\3d\engine\bin\.cache\dev\editor\bundled\index.js:115257:18)
    at SkeletalAnimation.notifySkinnedMeshAdded (C:\ProgramData\cocos\editors\Creator\3.8.8\resources\resources\3d\engine\bin\.cache\dev\editor\bundled\index.js:117565:31)
    at SkinnedMeshRenderer._tryBindAnimation (C:\ProgramData\cocos\editors\Creator\3.8.8\resources\resources\3d\engine\bin\.cache\dev\editor\bundled\index.js:115295:23)
    at SkinnedMeshRenderer.onLoad (C:\ProgramData\cocos\editors\Creator\3.8.8\resources\resources\3d\engine\bin\.cache\dev\editor\bundled\index.js:115227:16)
    at eval (C:\ProgramData\cocos\editors\Creator\3.8.8\resources\resources\3d\engine\bin\.cache\dev\editor\bundled\index.js:55316:132)
    at OneOffInvoker.eval [as _invoke] (C:\ProgramData\cocos\editors\Creator\3.8.8\resources\resources\3d\engine\bin\.cache\dev\editor\bundled\index.js:53273:9)
    at OneOffInvoker.invoke (C:\ProgramData\cocos\editors\Creator\3.8.8\resources\resources\3d\engine\bin\.cache\dev\editor\bundled\index.js:53392:18)
    at NodeActivator.activateNode (C:\ProgramData\cocos\editors\Creator\3.8.8\resources\resources\3d\engine\bin\.cache\dev\editor\bundled\index.js:55367:27)
    at Scene._activate (C:\ProgramData\cocos\editors\Creator\3.8.8\resources\resources\3d\engine\bin\.cache\dev\editor\bundled\index.js:63356:44)
    at Director.runSceneImmediate (C:\ProgramData\cocos\editors\Creator\3.8.8\resources\resources\3d\engine\bin\.cache\dev\editor\bundled\index.js:15538:17)
    at C:\ProgramData\cocos\editors\Creator\3.8.8\resources\app.asar\builtin\scene\dist\script\3d\manager\scene\utils.ccc:1:682
    at eval (C:\ProgramData\cocos\editors\Creator\3.8.8\resources\resources\3d\engine\bin\.cache\dev\editor\bundled\index.js:141562:9)
    at eval (C:\ProgramData\cocos\editors\Creator\3.8.8\resources\resources\3d\engine\bin\.cache\dev\editor\bundled\index.js:167821:9)
    at sentryWrapped (C:\ProgramData\cocos\editors\Creator\3.8.8\resources\app.asar\node_modules\@sentry\browser\src\helpers.ts:116:17)
9-9-2026 17:44:38 - warn: [Scene] Instancing/Batching enabled for non-baked skinning model or used AnimationController 'HeroBlue/Victory/Fighter.Body.low_Baked.001', this may result in unexpected rendering artifacts. Consider turning it off in the material if you do not intend to do this.Error: [Scene] Instancing/Batching enabled for non-baked skinning model or used AnimationController 'HeroBlue/Victory/Fighter.Body.low_Baked.001', this may result in unexpected rendering artifacts. Consider turning it off in the material if you do not intend to do this.
    at console.warn (C:\ProgramData\cocos\editors\Creator\3.8.8\resources\app.asar\node_modules\@sentry\core\src\utils-hoist\instrument\console.ts:40:14)
    at warn (C:\ProgramData\cocos\editors\Creator\3.8.8\resources\resources\3d\engine\bin\.cache\dev\editor\bundled\index.js:162864:12)
    at warnID (C:\ProgramData\cocos\editors\Creator\3.8.8\resources\resources\3d\engine\bin\.cache\dev\editor\bundled\index.js:163052:5)
    at SkinningModel._updateInstancedAttributes (C:\ProgramData\cocos\editors\Creator\3.8.8\resources\resources\3d\engine\bin\.cache\dev\editor\bundled\index.js:113230:13)
    at SkinningModel._updateAttributesAndBinding (C:\ProgramData\cocos\editors\Creator\3.8.8\resources\resources\3d\engine\bin\.cache\dev\editor\bundled\index.js:225497:16)
    at SkinningModel.initSubModel (C:\ProgramData\cocos\editors\Creator\3.8.8\resources\resources\3d\engine\bin\.cache\dev\editor\bundled\index.js:225158:16)
    at SkinningModel.initSubModel (C:\ProgramData\cocos\editors\Creator\3.8.8\resources\resources\3d\engine\bin\.cache\dev\editor\bundled\index.js:112793:24)
    at SkinningModel.initSubModel (C:\ProgramData\cocos\editors\Creator\3.8.8\resources\resources\3d\engine\bin\.cache\dev\editor\bundled\index.js:113194:17)
    at SkinnedMeshRenderer._updateModelParams (C:\ProgramData\cocos\editors\Creator\3.8.8\resources\resources\3d\engine\bin\.cache\dev\editor\bundled\index.js:112301:29)
    at SkinnedMeshRenderer._updateModelParams (C:\ProgramData\cocos\editors\Creator\3.8.8\resources\resources\3d\engine\bin\.cache\dev\editor\bundled\index.js:115274:17)
    at SkinnedMeshRenderer._updateModels (C:\ProgramData\cocos\editors\Creator\3.8.8\resources\resources\3d\engine\bin\.cache\dev\editor\bundled\index.js:112205:18)
    at SkinnedMeshRenderer.onLoad (C:\ProgramData\cocos\editors\Creator\3.8.8\resources\resources\3d\engine\bin\.cache\dev\editor\bundled\index.js:111860:16)
    at SkinnedMeshRenderer.onLoad (C:\ProgramData\cocos\editors\Creator\3.8.8\resources\resources\3d\engine\bin\.cache\dev\editor\bundled\index.js:115226:17)
    at eval (C:\ProgramData\cocos\editors\Creator\3.8.8\resources\resources\3d\engine\bin\.cache\dev\editor\bundled\index.js:55316:132)
    at OneOffInvoker.eval [as _invoke] (C:\ProgramData\cocos\editors\Creator\3.8.8\resources\resources\3d\engine\bin\.cache\dev\editor\bundled\index.js:53273:9)
    at OneOffInvoker.invoke (C:\ProgramData\cocos\editors\Creator\3.8.8\resources\resources\3d\engine\bin\.cache\dev\editor\bundled\index.js:53392:18)
    at NodeActivator.activateNode (C:\ProgramData\cocos\editors\Creator\3.8.8\resources\resources\3d\engine\bin\.cache\dev\editor\bundled\index.js:55367:27)
    at Scene._activate (C:\ProgramData\cocos\editors\Creator\3.8.8\resources\resources\3d\engine\bin\.cache\dev\editor\bundled\index.js:63356:44)
    at Director.runSceneImmediate (C:\ProgramData\cocos\editors\Creator\3.8.8\resources\resources\3d\engine\bin\.cache\dev\editor\bundled\index.js:15538:17)
    at C:\ProgramData\cocos\editors\Creator\3.8.8\resources\app.asar\builtin\scene\dist\script\3d\manager\scene\utils.ccc:1:682
    at eval (C:\ProgramData\cocos\editors\Creator\3.8.8\resources\resources\3d\engine\bin\.cache\dev\editor\bundled\index.js:141562:9)
    at eval (C:\ProgramData\cocos\editors\Creator\3.8.8\resources\resources\3d\engine\bin\.cache\dev\editor\bundled\index.js:167821:9)
    at sentryWrapped (C:\ProgramData\cocos\editors\Creator\3.8.8\resources\app.asar\node_modules\@sentry\browser\src\helpers.ts:116:17)
9-9-2026 17:44:38 - warn: [Scene] Instancing/Batching enabled for non-baked skinning model or used AnimationController 'HeroBlue/Victory/Fighter.Body.low_Baked.001', this may result in unexpected rendering artifacts. Consider turning it off in the material if you do not intend to do this.Error: [Scene] Instancing/Batching enabled for non-baked skinning model or used AnimationController 'HeroBlue/Victory/Fighter.Body.low_Baked.001', this may result in unexpected rendering artifacts. Consider turning it off in the material if you do not intend to do this.
    at console.warn (C:\ProgramData\cocos\editors\Creator\3.8.8\resources\app.asar\node_modules\@sentry\core\src\utils-hoist\instrument\console.ts:40:14)
    at warn (C:\ProgramData\cocos\editors\Creator\3.8.8\resources\resources\3d\engine\bin\.cache\dev\editor\bundled\index.js:162864:12)
    at warnID (C:\ProgramData\cocos\editors\Creator\3.8.8\resources\resources\3d\engine\bin\.cache\dev\editor\bundled\index.js:163052:5)
    at SkinningModel._updateInstancedAttributes (C:\ProgramData\cocos\editors\Creator\3.8.8\resources\resources\3d\engine\bin\.cache\dev\editor\bundled\index.js:113230:13)
    at SkinningModel._updateAttributesAndBinding (C:\ProgramData\cocos\editors\Creator\3.8.8\resources\resources\3d\engine\bin\.cache\dev\editor\bundled\index.js:225497:16)
    at SkinningModel.initSubModel (C:\ProgramData\cocos\editors\Creator\3.8.8\resources\resources\3d\engine\bin\.cache\dev\editor\bundled\index.js:225158:16)
    at SkinningModel.initSubModel (C:\ProgramData\cocos\editors\Creator\3.8.8\resources\resources\3d\engine\bin\.cache\dev\editor\bundled\index.js:112793:24)
    at SkinningModel.initSubModel (C:\ProgramData\cocos\editors\Creator\3.8.8\resources\resources\3d\engine\bin\.cache\dev\editor\bundled\index.js:113194:17)
    at SkinnedMeshRenderer._updateModelParams (C:\ProgramData\cocos\editors\Creator\3.8.8\resources\resources\3d\engine\bin\.cache\dev\editor\bundled\index.js:112301:29)
    at SkinnedMeshRenderer._updateModelParams (C:\ProgramData\cocos\editors\Creator\3.8.8\resources\resources\3d\engine\bin\.cache\dev\editor\bundled\index.js:115274:17)
    at SkinnedMeshRenderer._updateModels (C:\ProgramData\cocos\editors\Creator\3.8.8\resources\resources\3d\engine\bin\.cache\dev\editor\bundled\index.js:112205:18)
    at SkinnedMeshRenderer.setUseBakedAnimation (C:\ProgramData\cocos\editors\Creator\3.8.8\resources\resources\3d\engine\bin\.cache\dev\editor\bundled\index.js:115257:18)
    at SkeletalAnimation.notifySkinnedMeshAdded (C:\ProgramData\cocos\editors\Creator\3.8.8\resources\resources\3d\engine\bin\.cache\dev\editor\bundled\index.js:117565:31)
    at SkinnedMeshRenderer._tryBindAnimation (C:\ProgramData\cocos\editors\Creator\3.8.8\resources\resources\3d\engine\bin\.cache\dev\editor\bundled\index.js:115295:23)
    at SkinnedMeshRenderer.onLoad (C:\ProgramData\cocos\editors\Creator\3.8.8\resources\resources\3d\engine\bin\.cache\dev\editor\bundled\index.js:115227:16)
    at eval (C:\ProgramData\cocos\editors\Creator\3.8.8\resources\resources\3d\engine\bin\.cache\dev\editor\bundled\index.js:55316:132)
    at OneOffInvoker.eval [as _invoke] (C:\ProgramData\cocos\editors\Creator\3.8.8\resources\resources\3d\engine\bin\.cache\dev\editor\bundled\index.js:53273:9)
    at OneOffInvoker.invoke (C:\ProgramData\cocos\editors\Creator\3.8.8\resources\resources\3d\engine\bin\.cache\dev\editor\bundled\index.js:53392:18)
    at NodeActivator.activateNode (C:\ProgramData\cocos\editors\Creator\3.8.8\resources\resources\3d\engine\bin\.cache\dev\editor\bundled\index.js:55367:27)
    at Scene._activate (C:\ProgramData\cocos\editors\Creator\3.8.8\resources\resources\3d\engine\bin\.cache\dev\editor\bundled\index.js:63356:44)
    at Director.runSceneImmediate (C:\ProgramData\cocos\editors\Creator\3.8.8\resources\resources\3d\engine\bin\.cache\dev\editor\bundled\index.js:15538:17)
    at C:\ProgramData\cocos\editors\Creator\3.8.8\resources\app.asar\builtin\scene\dist\script\3d\manager\scene\utils.ccc:1:682
    at eval (C:\ProgramData\cocos\editors\Creator\3.8.8\resources\resources\3d\engine\bin\.cache\dev\editor\bundled\index.js:141562:9)
    at eval (C:\ProgramData\cocos\editors\Creator\3.8.8\resources\resources\3d\engine\bin\.cache\dev\editor\bundled\index.js:167821:9)
    at sentryWrapped (C:\ProgramData\cocos\editors\Creator\3.8.8\resources\app.asar\node_modules\@sentry\browser\src\helpers.ts:116:17)
9-9-2026 18:35:14 - error: [Programming] {hidden(::PackerDriver::)} UNKNOWN: unknown error, open 'D:\Works\Github\BattleGame\temp\programming\packer-driver\targets\editor\chunks\31\3125f7db19fcc1ddaa7826bf2b62ba84e3995d89.js'Error: [Programming] {hidden(::PackerDriver::)} UNKNOWN: unknown error, open 'D:\Works\Github\BattleGame\temp\programming\packer-driver\targets\editor\chunks\31\3125f7db19fcc1ddaa7826bf2b62ba84e3995d89.js'
    at console.error (C:\ProgramData\cocos\editors\Creator\3.8.8\resources\app.asar\node_modules\@sentry\core\build\cjs\utils-hoist\instrument\console.js:38:14)
    at PackerDriverLogger.error (C:\ProgramData\cocos\editors\Creator\3.8.8\resources\app.asar\builtin\programming\dist\packer-driver\logger.ccc:1:1102)
    at QuickPack._inspectWithCache (C:\ProgramData\cocos\editors\Creator\3.8.8\resources\app.asar\node_modules\@cocos\creator-programming-quick-pack\lib\quick-pack.js:217:26)
    at QuickPack._getOrCreateInspectRecord (C:\ProgramData\cocos\editors\Creator\3.8.8\resources\app.asar\node_modules\@cocos\creator-programming-quick-pack\lib\quick-pack.js:161:64)
    at handleImport (C:\ProgramData\cocos\editors\Creator\3.8.8\resources\app.asar\node_modules\@cocos\creator-programming-quick-pack\lib\quick-pack.js:271:40)
    at QuickPack._link (C:\ProgramData\cocos\editors\Creator\3.8.8\resources\app.asar\node_modules\@cocos\creator-programming-quick-pack\lib\quick-pack.js:289:29)
    at Object.linkCb (C:\ProgramData\cocos\editors\Creator\3.8.8\resources\app.asar\node_modules\@cocos\creator-programming-quick-pack\lib\quick-pack.js:167:51)
    at QuickPack._instantiateAll (C:\ProgramData\cocos\editors\Creator\3.8.8\resources\app.asar\node_modules\@cocos\creator-programming-quick-pack\lib\quick-pack.js:179:73)
    at QuickPack.build (C:\ProgramData\cocos\editors\Creator\3.8.8\resources\app.asar\node_modules\@cocos\creator-programming-quick-pack\lib\quick-pack.js:59:18)
    at async PackTarget.<anonymous> (C:\ProgramData\cocos\editors\Creator\3.8.8\resources\app.asar\builtin\programming\dist\packer-driver\packer-driver.ccc:3:3675)
    at async PackTarget.build (C:\ProgramData\cocos\editors\Creator\3.8.8\resources\app.asar\builtin\programming\dist\packer-driver\packer-driver.ccc:3:3628)
    at async PackerDriver._startBuildIteration (C:\ProgramData\cocos\editors\Creator\3.8.8\resources\app.asar\builtin\programming\dist\packer-driver\packer-driver.ccc:2:554)
9-9-2026 18:35:14 - error: [Scene] {hidden(::SceneExecutorImportExceptionHandler::)} Error: Failed to resolve __unresolved_1 from pack:///chunks/4c/4c2b696cf74ad4a64312434293dff943ef04c44b.js.
    at ExecutorSystem._throwUnresolved (C:\ProgramData\cocos\editors\Creator\3.8.8\resources\app.asar\node_modules\@editor\lib-programming\src\editor-systemjs\index.ts:215:15)
    at ExecutorSystem._resolve (C:\ProgramData\cocos\editors\Creator\3.8.8\resources\app.asar\node_modules\@editor\lib-programming\src\editor-systemjs\index.ts:153:21)
    at SystemJS.resolve (C:\ProgramData\cocos\editors\Creator\3.8.8\resources\app.asar\node_modules\@editor\lib-programming\src\editor-systemjs\index.ts:36:23)
    at C:\ProgramData\cocos\editors\Creator\3.8.8\resources\app.asar\node_modules\@editor\lib-programming\static\executor\systemjs-bridge\out\index.js:355:37
    at Array.map (<anonymous>)
    at C:\ProgramData\cocos\editors\Creator\3.8.8\resources\app.asar\node_modules\@editor\lib-programming\static\executor\systemjs-bridge\out\index.js:353:41Error: [Scene] {hidden(::SceneExecutorImportExceptionHandler::)} Error: Failed to resolve __unresolved_1 from pack:///chunks/4c/4c2b696cf74ad4a64312434293dff943ef04c44b.js.
    at C:\ProgramData\cocos\editors\Creator\3.8.8\resources\app.asar\node_modules\@editor\lib-programming\static\executor\systemjs-bridge\out\index.js:355:37
    at Array.map (<anonymous>)
    at C:\ProgramData\cocos\editors\Creator\3.8.8\resources\app.asar\node_modules\@editor\lib-programming\static\executor\systemjs-bridge\out\index.js:353:41
    at Logger._logHandler (C:\ProgramData\cocos\editors\Creator\3.8.8\resources\app.asar\builtin\scene\dist\script\3d\manager\startup\log.ccc:1:487)
    at Logger.record (C:\ProgramData\cocos\editors\Creator\3.8.8\resources\app.asar\node_modules\@base\electron-logger\lib\renderer.ccc:1:458)
    at console.<anonymous> (C:\ProgramData\cocos\editors\Creator\3.8.8\resources\app.asar\node_modules\@base\electron-logger\lib\renderer.ccc:1:1414)
    at console.error (C:\ProgramData\cocos\editors\Creator\3.8.8\resources\app.asar\node_modules\@sentry\core\src\utils-hoist\instrument\console.ts:40:14)
    at ScriptManager._handleImportException (C:\ProgramData\cocos\editors\Creator\3.8.8\resources\app.asar\builtin\scene\dist\script\3d\manager\scripts.ccc:1:5678)
    at Executor.importExceptionHandler [as _importExceptionHandler] (C:\ProgramData\cocos\editors\Creator\3.8.8\resources\app.asar\builtin\scene\dist\script\3d\manager\scripts.ccc:1:3834)
    at Executor._onModuleLoaded (C:\ProgramData\cocos\editors\Creator\3.8.8\resources\app.asar\node_modules\@editor\lib-programming\src\executor\index.ts:401:22)
    at SystemJS.onload (C:\ProgramData\cocos\editors\Creator\3.8.8\resources\app.asar\node_modules\@editor\lib-programming\src\executor\index.ts:99:18)
    at triggerOnload (C:\ProgramData\cocos\editors\Creator\3.8.8\resources\app.asar\node_modules\@editor\lib-programming\static\executor\systemjs-bridge\out\index.js:270:10)
    at C:\ProgramData\cocos\editors\Creator\3.8.8\resources\app.asar\node_modules\@editor\lib-programming\static\executor\systemjs-bridge\out\index.js:431:7
    at async Promise.all (index 2)
    at file:///D:/Works/Github/BattleGame/temp/programming/packer-driver/targets/editor/chunks/6d/6d8fd2b0177941b032ddc0733af48a561fb60657.js:13:13
    at Object.execute (file:///D:/Works/Github/BattleGame/temp/programming/packer-driver/targets/editor/chunks/6d/6d8fd2b0177941b032ddc0733af48a561fb60657.js:8:7)
    at Executor._importPrerequisiteModules (C:\ProgramData\cocos\editors\Creator\3.8.8\resources\app.asar\node_modules\@editor\lib-programming\src\executor\index.ts:358:13)
    at Executor.reload (C:\ProgramData\cocos\editors\Creator\3.8.8\resources\app.asar\node_modules\@editor\lib-programming\src\executor\index.ts:235:13)
    at C:\ProgramData\cocos\editors\Creator\3.8.8\resources\app.asar\builtin\scene\dist\script\3d\manager\scripts.ccc:1:1893
    at GlobalEnv.processQueue (C:\ProgramData\cocos\editors\Creator\3.8.8\resources\app.asar\builtin\scene\dist\script\3d\manager\scripts.ccc:1:2290)
    at GlobalEnv.record (C:\ProgramData\cocos\editors\Creator\3.8.8\resources\app.asar\builtin\scene\dist\script\3d\manager\scripts.ccc:1:2061)
9-9-2026 18:35:14 - error: [Scene] {hidden(::SceneExecutorImportExceptionHandler::)} Error: Failed to resolve __unresolved_1 from pack:///chunks/ef/efeee09cd6cdfb0ceeaee3853a7ab8e02e196e1e.js.
    at ExecutorSystem._throwUnresolved (C:\ProgramData\cocos\editors\Creator\3.8.8\resources\app.asar\node_modules\@editor\lib-programming\src\editor-systemjs\index.ts:215:15)
    at ExecutorSystem._resolve (C:\ProgramData\cocos\editors\Creator\3.8.8\resources\app.asar\node_modules\@editor\lib-programming\src\editor-systemjs\index.ts:153:21)
    at SystemJS.resolve (C:\ProgramData\cocos\editors\Creator\3.8.8\resources\app.asar\node_modules\@editor\lib-programming\src\editor-systemjs\index.ts:36:23)
    at C:\ProgramData\cocos\editors\Creator\3.8.8\resources\app.asar\node_modules\@editor\lib-programming\static\executor\systemjs-bridge\out\index.js:355:37
    at Array.map (<anonymous>)
    at C:\ProgramData\cocos\editors\Creator\3.8.8\resources\app.asar\node_modules\@editor\lib-programming\static\executor\systemjs-bridge\out\index.js:353:41
    at file:///D:/Works/Github/BattleGame/temp/programming/packer-driver/targets/editor/chunks/6d/6d8fd2b0177941b032ddc0733af48a561fb60657.js:13:13
    at Object.execute (file:///D:/Works/Github/BattleGame/temp/programming/packer-driver/targets/editor/chunks/6d/6d8fd2b0177941b032ddc0733af48a561fb60657.js:8:7)
    at Executor._importPrerequisiteModules (C:\ProgramData\cocos\editors\Creator\3.8.8\resources\app.asar\node_modules\@editor\lib-programming\src\executor\index.ts:358:13)
    at Executor.reload (C:\ProgramData\cocos\editors\Creator\3.8.8\resources\app.asar\node_modules\@editor\lib-programming\src\executor\index.ts:235:13)
    at C:\ProgramData\cocos\editors\Creator\3.8.8\resources\app.asar\builtin\scene\dist\script\3d\manager\scripts.ccc:1:1893
    at GlobalEnv.processQueue (C:\ProgramData\cocos\editors\Creator\3.8.8\resources\app.asar\builtin\scene\dist\script\3d\manager\scripts.ccc:1:2290)
    at GlobalEnv.record (C:\ProgramData\cocos\editors\Creator\3.8.8\resources\app.asar\builtin\scene\dist\script\3d\manager\scripts.ccc:1:2061)Error: [Scene] {hidden(::SceneExecutorImportExceptionHandler::)} Error: Failed to resolve __unresolved_1 from pack:///chunks/ef/efeee09cd6cdfb0ceeaee3853a7ab8e02e196e1e.js.
    at C:\ProgramData\cocos\editors\Creator\3.8.8\resources\app.asar\node_modules\@editor\lib-programming\static\executor\systemjs-bridge\out\index.js:355:37
    at Array.map (<anonymous>)
    at C:\ProgramData\cocos\editors\Creator\3.8.8\resources\app.asar\node_modules\@editor\lib-programming\static\executor\systemjs-bridge\out\index.js:353:41
    at file:///D:/Works/Github/BattleGame/temp/programming/packer-driver/targets/editor/chunks/6d/6d8fd2b0177941b032ddc0733af48a561fb60657.js:13:13
    at Object.execute (file:///D:/Works/Github/BattleGame/temp/programming/packer-driver/targets/editor/chunks/6d/6d8fd2b0177941b032ddc0733af48a561fb60657.js:8:7)
    at Executor._importPrerequisiteModules (C:\ProgramData\cocos\editors\Creator\3.8.8\resources\app.asar\node_modules\@editor\lib-programming\src\executor\index.ts:358:13)
    at Executor.reload (C:\ProgramData\cocos\editors\Creator\3.8.8\resources\app.asar\node_modules\@editor\lib-programming\src\executor\index.ts:235:13)
    at C:\ProgramData\cocos\editors\Creator\3.8.8\resources\app.asar\builtin\scene\dist\script\3d\manager\scripts.ccc:1:1893
    at GlobalEnv.processQueue (C:\ProgramData\cocos\editors\Creator\3.8.8\resources\app.asar\builtin\scene\dist\script\3d\manager\scripts.ccc:1:2290)
    at GlobalEnv.record (C:\ProgramData\cocos\editors\Creator\3.8.8\resources\app.asar\builtin\scene\dist\script\3d\manager\scripts.ccc:1:2061)
    at Logger._logHandler (C:\ProgramData\cocos\editors\Creator\3.8.8\resources\app.asar\builtin\scene\dist\script\3d\manager\startup\log.ccc:1:487)
    at Logger.record (C:\ProgramData\cocos\editors\Creator\3.8.8\resources\app.asar\node_modules\@base\electron-logger\lib\renderer.ccc:1:458)
    at console.<anonymous> (C:\ProgramData\cocos\editors\Creator\3.8.8\resources\app.asar\node_modules\@base\electron-logger\lib\renderer.ccc:1:1414)
    at console.error (C:\ProgramData\cocos\editors\Creator\3.8.8\resources\app.asar\node_modules\@sentry\core\src\utils-hoist\instrument\console.ts:40:14)
    at ScriptManager._handleImportException (C:\ProgramData\cocos\editors\Creator\3.8.8\resources\app.asar\builtin\scene\dist\script\3d\manager\scripts.ccc:1:5678)
    at Executor.importExceptionHandler [as _importExceptionHandler] (C:\ProgramData\cocos\editors\Creator\3.8.8\resources\app.asar\builtin\scene\dist\script\3d\manager\scripts.ccc:1:3834)
    at Executor._onModuleLoaded (C:\ProgramData\cocos\editors\Creator\3.8.8\resources\app.asar\node_modules\@editor\lib-programming\src\executor\index.ts:401:22)
    at SystemJS.onload (C:\ProgramData\cocos\editors\Creator\3.8.8\resources\app.asar\node_modules\@editor\lib-programming\src\executor\index.ts:99:18)
    at triggerOnload (C:\ProgramData\cocos\editors\Creator\3.8.8\resources\app.asar\node_modules\@editor\lib-programming\static\executor\systemjs-bridge\out\index.js:270:10)
    at C:\ProgramData\cocos\editors\Creator\3.8.8\resources\app.asar\node_modules\@editor\lib-programming\static\executor\systemjs-bridge\out\index.js:431:7
    at file:///D:/Works/Github/BattleGame/temp/programming/packer-driver/targets/editor/chunks/6d/6d8fd2b0177941b032ddc0733af48a561fb60657.js:13:13
    at Object.execute (file:///D:/Works/Github/BattleGame/temp/programming/packer-driver/targets/editor/chunks/6d/6d8fd2b0177941b032ddc0733af48a561fb60657.js:8:7)
    at Executor._importPrerequisiteModules (C:\ProgramData\cocos\editors\Creator\3.8.8\resources\app.asar\node_modules\@editor\lib-programming\src\executor\index.ts:358:13)
    at Executor.reload (C:\ProgramData\cocos\editors\Creator\3.8.8\resources\app.asar\node_modules\@editor\lib-programming\src\executor\index.ts:235:13)
    at C:\ProgramData\cocos\editors\Creator\3.8.8\resources\app.asar\builtin\scene\dist\script\3d\manager\scripts.ccc:1:1893
    at GlobalEnv.processQueue (C:\ProgramData\cocos\editors\Creator\3.8.8\resources\app.asar\builtin\scene\dist\script\3d\manager\scripts.ccc:1:2290)
    at GlobalEnv.record (C:\ProgramData\cocos\editors\Creator\3.8.8\resources\app.asar\builtin\scene\dist\script\3d\manager\scripts.ccc:1:2061)
9-9-2026 18:35:14 - error: [Scene] {hidden(::SceneExecutorImportExceptionHandler::)} Error: Failed to resolve __unresolved_1 from pack:///chunks/6c/6c66322ce05674d0bc24e1c84c108eb1d87757af.js.
    at ExecutorSystem._throwUnresolved (C:\ProgramData\cocos\editors\Creator\3.8.8\resources\app.asar\node_modules\@editor\lib-programming\src\editor-systemjs\index.ts:215:15)
    at ExecutorSystem._resolve (C:\ProgramData\cocos\editors\Creator\3.8.8\resources\app.asar\node_modules\@editor\lib-programming\src\editor-systemjs\index.ts:153:21)
    at SystemJS.resolve (C:\ProgramData\cocos\editors\Creator\3.8.8\resources\app.asar\node_modules\@editor\lib-programming\src\editor-systemjs\index.ts:36:23)
    at C:\ProgramData\cocos\editors\Creator\3.8.8\resources\app.asar\node_modules\@editor\lib-programming\static\executor\systemjs-bridge\out\index.js:355:37
    at Array.map (<anonymous>)
    at C:\ProgramData\cocos\editors\Creator\3.8.8\resources\app.asar\node_modules\@editor\lib-programming\static\executor\systemjs-bridge\out\index.js:353:41
    at file:///D:/Works/Github/BattleGame/temp/programming/packer-driver/targets/editor/chunks/6d/6d8fd2b0177941b032ddc0733af48a561fb60657.js:13:13
    at Object.execute (file:///D:/Works/Github/BattleGame/temp/programming/packer-driver/targets/editor/chunks/6d/6d8fd2b0177941b032ddc0733af48a561fb60657.js:8:7)
    at Executor._importPrerequisiteModules (C:\ProgramData\cocos\editors\Creator\3.8.8\resources\app.asar\node_modules\@editor\lib-programming\src\executor\index.ts:358:13)
    at Executor.reload (C:\ProgramData\cocos\editors\Creator\3.8.8\resources\app.asar\node_modules\@editor\lib-programming\src\executor\index.ts:235:13)
    at C:\ProgramData\cocos\editors\Creator\3.8.8\resources\app.asar\builtin\scene\dist\script\3d\manager\scripts.ccc:1:1893
    at GlobalEnv.processQueue (C:\ProgramData\cocos\editors\Creator\3.8.8\resources\app.asar\builtin\scene\dist\script\3d\manager\scripts.ccc:1:2290)
    at GlobalEnv.record (C:\ProgramData\cocos\editors\Creator\3.8.8\resources\app.asar\builtin\scene\dist\script\3d\manager\scripts.ccc:1:2061)Error: [Scene] {hidden(::SceneExecutorImportExceptionHandler::)} Error: Failed to resolve __unresolved_1 from pack:///chunks/6c/6c66322ce05674d0bc24e1c84c108eb1d87757af.js.
    at C:\ProgramData\cocos\editors\Creator\3.8.8\resources\app.asar\node_modules\@editor\lib-programming\static\executor\systemjs-bridge\out\index.js:355:37
    at Array.map (<anonymous>)
    at C:\ProgramData\cocos\editors\Creator\3.8.8\resources\app.asar\node_modules\@editor\lib-programming\static\executor\systemjs-bridge\out\index.js:353:41
    at file:///D:/Works/Github/BattleGame/temp/programming/packer-driver/targets/editor/chunks/6d/6d8fd2b0177941b032ddc0733af48a561fb60657.js:13:13
    at Object.execute (file:///D:/Works/Github/BattleGame/temp/programming/packer-driver/targets/editor/chunks/6d/6d8fd2b0177941b032ddc0733af48a561fb60657.js:8:7)
    at Executor._importPrerequisiteModules (C:\ProgramData\cocos\editors\Creator\3.8.8\resources\app.asar\node_modules\@editor\lib-programming\src\executor\index.ts:358:13)
    at Executor.reload (C:\ProgramData\cocos\editors\Creator\3.8.8\resources\app.asar\node_modules\@editor\lib-programming\src\executor\index.ts:235:13)
    at C:\ProgramData\cocos\editors\Creator\3.8.8\resources\app.asar\builtin\scene\dist\script\3d\manager\scripts.ccc:1:1893
    at GlobalEnv.processQueue (C:\ProgramData\cocos\editors\Creator\3.8.8\resources\app.asar\builtin\scene\dist\script\3d\manager\scripts.ccc:1:2290)
    at GlobalEnv.record (C:\ProgramData\cocos\editors\Creator\3.8.8\resources\app.asar\builtin\scene\dist\script\3d\manager\scripts.ccc:1:2061)
    at Logger._logHandler (C:\ProgramData\cocos\editors\Creator\3.8.8\resources\app.asar\builtin\scene\dist\script\3d\manager\startup\log.ccc:1:487)
    at Logger.record (C:\ProgramData\cocos\editors\Creator\3.8.8\resources\app.asar\node_modules\@base\electron-logger\lib\renderer.ccc:1:458)
    at console.<anonymous> (C:\ProgramData\cocos\editors\Creator\3.8.8\resources\app.asar\node_modules\@base\electron-logger\lib\renderer.ccc:1:1414)
    at console.error (C:\ProgramData\cocos\editors\Creator\3.8.8\resources\app.asar\node_modules\@sentry\core\src\utils-hoist\instrument\console.ts:40:14)
    at ScriptManager._handleImportException (C:\ProgramData\cocos\editors\Creator\3.8.8\resources\app.asar\builtin\scene\dist\script\3d\manager\scripts.ccc:1:5678)
    at Executor.importExceptionHandler [as _importExceptionHandler] (C:\ProgramData\cocos\editors\Creator\3.8.8\resources\app.asar\builtin\scene\dist\script\3d\manager\scripts.ccc:1:3834)
    at Executor._onModuleLoaded (C:\ProgramData\cocos\editors\Creator\3.8.8\resources\app.asar\node_modules\@editor\lib-programming\src\executor\index.ts:401:22)
    at SystemJS.onload (C:\ProgramData\cocos\editors\Creator\3.8.8\resources\app.asar\node_modules\@editor\lib-programming\src\executor\index.ts:99:18)
    at triggerOnload (C:\ProgramData\cocos\editors\Creator\3.8.8\resources\app.asar\node_modules\@editor\lib-programming\static\executor\systemjs-bridge\out\index.js:270:10)
    at C:\ProgramData\cocos\editors\Creator\3.8.8\resources\app.asar\node_modules\@editor\lib-programming\static\executor\systemjs-bridge\out\index.js:431:7
    at file:///D:/Works/Github/BattleGame/temp/programming/packer-driver/targets/editor/chunks/6d/6d8fd2b0177941b032ddc0733af48a561fb60657.js:13:13
    at Object.execute (file:///D:/Works/Github/BattleGame/temp/programming/packer-driver/targets/editor/chunks/6d/6d8fd2b0177941b032ddc0733af48a561fb60657.js:8:7)
    at Executor._importPrerequisiteModules (C:\ProgramData\cocos\editors\Creator\3.8.8\resources\app.asar\node_modules\@editor\lib-programming\src\executor\index.ts:358:13)
    at Executor.reload (C:\ProgramData\cocos\editors\Creator\3.8.8\resources\app.asar\node_modules\@editor\lib-programming\src\executor\index.ts:235:13)
    at C:\ProgramData\cocos\editors\Creator\3.8.8\resources\app.asar\builtin\scene\dist\script\3d\manager\scripts.ccc:1:1893
    at GlobalEnv.processQueue (C:\ProgramData\cocos\editors\Creator\3.8.8\resources\app.asar\builtin\scene\dist\script\3d\manager\scripts.ccc:1:2290)
    at GlobalEnv.record (C:\ProgramData\cocos\editors\Creator\3.8.8\resources\app.asar\builtin\scene\dist\script\3d\manager\scripts.ccc:1:2061)
9-9-2026 18:35:14 - warn: [Scene] Missing class: 7f28eHPxddG5r2d0aBU9xYVError: [Scene] Missing class: 7f28eHPxddG5r2d0aBU9xYV
    at console.warn (C:\ProgramData\cocos\editors\Creator\3.8.8\resources\app.asar\node_modules\@sentry\core\src\utils-hoist\instrument\console.ts:40:14)
    at Object.classFinder (C:\ProgramData\cocos\editors\Creator\3.8.8\resources\app.asar\builtin\engine\dist\editor-extends\missing-reporter\missing-class-reporter.ccc:7:982)
    at _Deserializer.classFinder [as _classFinder] (C:\ProgramData\cocos\editors\Creator\3.8.8\resources\resources\3d\engine\bin\.cache\dev\editor\bundled\index.js:137273:34)
    at _Deserializer._deserializeTypeTaggedObject (C:\ProgramData\cocos\editors\Creator\3.8.8\resources\resources\3d\engine\bin\.cache\dev\editor\bundled\index.js:46947:30)
    at _Deserializer._deserializeObject (C:\ProgramData\cocos\editors\Creator\3.8.8\resources\resources\3d\engine\bin\.cache\dev\editor\bundled\index.js:46901:29)
    at _Deserializer._deserializeAndAssignField (C:\ProgramData\cocos\editors\Creator\3.8.8\resources\resources\3d\engine\bin\.cache\dev\editor\bundled\index.js:47068:38)
    at _Deserializer._deserializeArray (C:\ProgramData\cocos\editors\Creator\3.8.8\resources\resources\3d\engine\bin\.cache\dev\editor\bundled\index.js:46929:40)
    at _Deserializer._deserializeObject (C:\ProgramData\cocos\editors\Creator\3.8.8\resources\resources\3d\engine\bin\.cache\dev\editor\bundled\index.js:46907:29)
    at _Deserializer._deserializeAndAssignField (C:\ProgramData\cocos\editors\Creator\3.8.8\resources\resources\3d\engine\bin\.cache\dev\editor\bundled\index.js:47080:36)
    at eval (C:\ProgramData\cocos\editors\Creator\3.8.8\resources\resources\3d\engine\bin\.cache\dev\editor\bundled\index.js:46669:15)
    at _Deserializer._deserializeFireClass (C:\ProgramData\cocos\editors\Creator\3.8.8\resources\resources\3d\engine\bin\.cache\dev\editor\bundled\index.js:47051:11)
    at _Deserializer._deserializeInto (C:\ProgramData\cocos\editors\Creator\3.8.8\resources\resources\3d\engine\bin\.cache\dev\editor\bundled\index.js:46993:18)
    at _Deserializer._deserializeTypeTaggedObject (C:\ProgramData\cocos\editors\Creator\3.8.8\resources\resources\3d\engine\bin\.cache\dev\editor\bundled\index.js:46965:18)
    at _Deserializer._deserializeObject (C:\ProgramData\cocos\editors\Creator\3.8.8\resources\resources\3d\engine\bin\.cache\dev\editor\bundled\index.js:46901:29)
    at _Deserializer._deserializeAndAssignField (C:\ProgramData\cocos\editors\Creator\3.8.8\resources\resources\3d\engine\bin\.cache\dev\editor\bundled\index.js:47068:38)
    at _Deserializer._deserializeArray (C:\ProgramData\cocos\editors\Creator\3.8.8\resources\resources\3d\engine\bin\.cache\dev\editor\bundled\index.js:46929:40)
    at _Deserializer._deserializeObject (C:\ProgramData\cocos\editors\Creator\3.8.8\resources\resources\3d\engine\bin\.cache\dev\editor\bundled\index.js:46907:29)
    at _Deserializer._deserializeAndAssignField (C:\ProgramData\cocos\editors\Creator\3.8.8\resources\resources\3d\engine\bin\.cache\dev\editor\bundled\index.js:47080:36)
    at eval (C:\ProgramData\cocos\editors\Creator\3.8.8\resources\resources\3d\engine\bin\.cache\dev\editor\bundled\index.js:46669:15)
    at _Deserializer._deserializeFireClass (C:\ProgramData\cocos\editors\Creator\3.8.8\resources\resources\3d\engine\bin\.cache\dev\editor\bundled\index.js:47051:11)
    at _Deserializer._deserializeInto (C:\ProgramData\cocos\editors\Creator\3.8.8\resources\resources\3d\engine\bin\.cache\dev\editor\bundled\index.js:46993:18)
    at _Deserializer._deserializeTypeTaggedObject (C:\ProgramData\cocos\editors\Creator\3.8.8\resources\resources\3d\engine\bin\.cache\dev\editor\bundled\index.js:46965:18)
    at _Deserializer._deserializeObject (C:\ProgramData\cocos\editors\Creator\3.8.8\resources\resources\3d\engine\bin\.cache\dev\editor\bundled\index.js:46901:29)
    at _Deserializer._deserializeAndAssignField (C:\ProgramData\cocos\editors\Creator\3.8.8\resources\resources\3d\engine\bin\.cache\dev\editor\bundled\index.js:47068:38)
    at _Deserializer._deserializeArray (C:\ProgramData\cocos\editors\Creator\3.8.8\resources\resources\3d\engine\bin\.cache\dev\editor\bundled\index.js:46929:40)
    at _Deserializer._deserializeObject (C:\ProgramData\cocos\editors\Creator\3.8.8\resources\resources\3d\engine\bin\.cache\dev\editor\bundled\index.js:46907:29)
    at _Deserializer._deserializeAndAssignField (C:\ProgramData\cocos\editors\Creator\3.8.8\resources\resources\3d\engine\bin\.cache\dev\editor\bundled\index.js:47080:36)
    at eval (C:\ProgramData\cocos\editors\Creator\3.8.8\resources\resources\3d\engine\bin\.cache\dev\editor\bundled\index.js:46669:15)
    at _Deserializer._deserializeFireClass (C:\ProgramData\cocos\editors\Creator\3.8.8\resources\resources\3d\engine\bin\.cache\dev\editor\bundled\index.js:47051:11)
    at _Deserializer._deserializeInto (C:\ProgramData\cocos\editors\Creator\3.8.8\resources\resources\3d\engine\bin\.cache\dev\editor\bundled\index.js:46993:18)
    at _Deserializer._deserializeTypeTaggedObject (C:\ProgramData\cocos\editors\Creator\3.8.8\resources\resources\3d\engine\bin\.cache\dev\editor\bundled\index.js:46965:18)
    at _Deserializer._deserializeObject (C:\ProgramData\cocos\editors\Creator\3.8.8\resources\resources\3d\engine\bin\.cache\dev\editor\bundled\index.js:46901:29)
    at _Deserializer._deserializeAndAssignField (C:\ProgramData\cocos\editors\Creator\3.8.8\resources\resources\3d\engine\bin\.cache\dev\editor\bundled\index.js:47068:38)
    at _Deserializer._deserializeArray (C:\ProgramData\cocos\editors\Creator\3.8.8\resources\resources\3d\engine\bin\.cache\dev\editor\bundled\index.js:46929:40)
    at _Deserializer._deserializeObject (C:\ProgramData\cocos\editors\Creator\3.8.8\resources\resources\3d\engine\bin\.cache\dev\editor\bundled\index.js:46907:29)
    at _Deserializer._deserializeAndAssignField (C:\ProgramData\cocos\editors\Creator\3.8.8\resources\resources\3d\engine\bin\.cache\dev\editor\bundled\index.js:47080:36)
    at eval (C:\ProgramData\cocos\editors\Creator\3.8.8\resources\resources\3d\engine\bin\.cache\dev\editor\bundled\index.js:46669:15)
    at _Deserializer._deserializeFireClass (C:\ProgramData\cocos\editors\Creator\3.8.8\resources\resources\3d\engine\bin\.cache\dev\editor\bundled\index.js:47051:11)
    at _Deserializer._deserializeInto (C:\ProgramData\cocos\editors\Creator\3.8.8\resources\resources\3d\engine\bin\.cache\dev\editor\bundled\index.js:46993:18)
    at _Deserializer._deserializeTypeTaggedObject (C:\ProgramData\cocos\editors\Creator\3.8.8\resources\resources\3d\engine\bin\.cache\dev\editor\bundled\index.js:46965:18)
    at _Deserializer._deserializeObject (C:\ProgramData\cocos\editors\Creator\3.8.8\resources\resources\3d\engine\bin\.cache\dev\editor\bundled\index.js:46901:29)
    at _Deserializer._deserializeAndAssignField (C:\ProgramData\cocos\editors\Creator\3.8.8\resources\resources\3d\engine\bin\.cache\dev\editor\bundled\index.js:47068:38)
    at _Deserializer._deserializeArray (C:\ProgramData\cocos\editors\Creator\3.8.8\resources\resources\3d\engine\bin\.cache\dev\editor\bundled\index.js:46929:40)
    at _Deserializer._deserializeObject (C:\ProgramData\cocos\editors\Creator\3.8.8\resources\resources\3d\engine\bin\.cache\dev\editor\bundled\index.js:46907:29)
    at _Deserializer._deserializeAndAssignField (C:\ProgramData\cocos\editors\Creator\3.8.8\resources\resources\3d\engine\bin\.cache\dev\editor\bundled\index.js:47080:36)
    at eval (C:\ProgramData\cocos\editors\Creator\3.8.8\resources\resources\3d\engine\bin\.cache\dev\editor\bundled\index.js:46669:15)
    at _Deserializer._deserializeFireClass (C:\ProgramData\cocos\editors\Creator\3.8.8\resources\resources\3d\engine\bin\.cache\dev\editor\bundled\index.js:47051:11)
9-9-2026 18:35:14 - warn: [Scene] Missing class: 1e335OSdGRGLrD08aYssvKrError: [Scene] Missing class: 1e335OSdGRGLrD08aYssvKr
    at console.warn (C:\ProgramData\cocos\editors\Creator\3.8.8\resources\app.asar\node_modules\@sentry\core\src\utils-hoist\instrument\console.ts:40:14)
    at Object.classFinder (C:\ProgramData\cocos\editors\Creator\3.8.8\resources\app.asar\builtin\engine\dist\editor-extends\missing-reporter\missing-class-reporter.ccc:7:982)
    at _Deserializer.classFinder [as _classFinder] (C:\ProgramData\cocos\editors\Creator\3.8.8\resources\resources\3d\engine\bin\.cache\dev\editor\bundled\index.js:137273:34)
    at _Deserializer._deserializeTypeTaggedObject (C:\ProgramData\cocos\editors\Creator\3.8.8\resources\resources\3d\engine\bin\.cache\dev\editor\bundled\index.js:46947:30)
    at _Deserializer._deserializeObject (C:\ProgramData\cocos\editors\Creator\3.8.8\resources\resources\3d\engine\bin\.cache\dev\editor\bundled\index.js:46901:29)
    at _Deserializer._deserializeAndAssignField (C:\ProgramData\cocos\editors\Creator\3.8.8\resources\resources\3d\engine\bin\.cache\dev\editor\bundled\index.js:47068:38)
    at _Deserializer._fillPlainObject (C:\ProgramData\cocos\editors\Creator\3.8.8\resources\resources\3d\engine\bin\.cache\dev\editor\bundled\index.js:47125:40)
    at eval (C:\ProgramData\cocos\editors\Creator\3.8.8\resources\resources\3d\engine\bin\.cache\dev\editor\bundled\index.js:46682:11)
    at deserialize (C:\ProgramData\cocos\editors\Creator\3.8.8\resources\resources\3d\engine\bin\.cache\dev\editor\bundled\index.js:47040:19)
    at _Deserializer._deserializeFireClass (C:\ProgramData\cocos\editors\Creator\3.8.8\resources\resources\3d\engine\bin\.cache\dev\editor\bundled\index.js:47051:11)
    at _Deserializer._deserializeInto (C:\ProgramData\cocos\editors\Creator\3.8.8\resources\resources\3d\engine\bin\.cache\dev\editor\bundled\index.js:46993:18)
    at _Deserializer._deserializeTypeTaggedObject (C:\ProgramData\cocos\editors\Creator\3.8.8\resources\resources\3d\engine\bin\.cache\dev\editor\bundled\index.js:46970:20)
    at _Deserializer._deserializeObject (C:\ProgramData\cocos\editors\Creator\3.8.8\resources\resources\3d\engine\bin\.cache\dev\editor\bundled\index.js:46901:29)
    at _Deserializer._deserializeAndAssignField (C:\ProgramData\cocos\editors\Creator\3.8.8\resources\resources\3d\engine\bin\.cache\dev\editor\bundled\index.js:47068:38)
    at _Deserializer._deserializeArray (C:\ProgramData\cocos\editors\Creator\3.8.8\resources\resources\3d\engine\bin\.cache\dev\editor\bundled\index.js:46929:40)
    at _Deserializer._deserializeObject (C:\ProgramData\cocos\editors\Creator\3.8.8\resources\resources\3d\engine\bin\.cache\dev\editor\bundled\index.js:46907:29)
    at _Deserializer._deserializeAndAssignField (C:\ProgramData\cocos\editors\Creator\3.8.8\resources\resources\3d\engine\bin\.cache\dev\editor\bundled\index.js:47080:36)
    at eval (C:\ProgramData\cocos\editors\Creator\3.8.8\resources\resources\3d\engine\bin\.cache\dev\editor\bundled\index.js:46669:15)
    at _Deserializer._deserializeFireClass (C:\ProgramData\cocos\editors\Creator\3.8.8\resources\resources\3d\engine\bin\.cache\dev\editor\bundled\index.js:47051:11)
    at _Deserializer._deserializeInto (C:\ProgramData\cocos\editors\Creator\3.8.8\resources\resources\3d\engine\bin\.cache\dev\editor\bundled\index.js:46993:18)
    at _Deserializer._deserializeTypeTaggedObject (C:\ProgramData\cocos\editors\Creator\3.8.8\resources\resources\3d\engine\bin\.cache\dev\editor\bundled\index.js:46965:18)
    at _Deserializer._deserializeObject (C:\ProgramData\cocos\editors\Creator\3.8.8\resources\resources\3d\engine\bin\.cache\dev\editor\bundled\index.js:46901:29)
    at _Deserializer._deserializeAndAssignField (C:\ProgramData\cocos\editors\Creator\3.8.8\resources\resources\3d\engine\bin\.cache\dev\editor\bundled\index.js:47068:38)
    at _Deserializer._deserializeArray (C:\ProgramData\cocos\editors\Creator\3.8.8\resources\resources\3d\engine\bin\.cache\dev\editor\bundled\index.js:46929:40)
    at _Deserializer._deserializeObject (C:\ProgramData\cocos\editors\Creator\3.8.8\resources\resources\3d\engine\bin\.cache\dev\editor\bundled\index.js:46907:29)
    at _Deserializer._deserializeAndAssignField (C:\ProgramData\cocos\editors\Creator\3.8.8\resources\resources\3d\engine\bin\.cache\dev\editor\bundled\index.js:47080:36)
    at eval (C:\ProgramData\cocos\editors\Creator\3.8.8\resources\resources\3d\engine\bin\.cache\dev\editor\bundled\index.js:46669:15)
    at _Deserializer._deserializeFireClass (C:\ProgramData\cocos\editors\Creator\3.8.8\resources\resources\3d\engine\bin\.cache\dev\editor\bundled\index.js:47051:11)
    at _Deserializer._deserializeInto (C:\ProgramData\cocos\editors\Creator\3.8.8\resources\resources\3d\engine\bin\.cache\dev\editor\bundled\index.js:46993:18)
    at _Deserializer._deserializeTypeTaggedObject (C:\ProgramData\cocos\editors\Creator\3.8.8\resources\resources\3d\engine\bin\.cache\dev\editor\bundled\index.js:46965:18)
    at _Deserializer._deserializeObject (C:\ProgramData\cocos\editors\Creator\3.8.8\resources\resources\3d\engine\bin\.cache\dev\editor\bundled\index.js:46901:29)
    at _Deserializer._deserializeAndAssignField (C:\ProgramData\cocos\editors\Creator\3.8.8\resources\resources\3d\engine\bin\.cache\dev\editor\bundled\index.js:47068:38)
    at _Deserializer._deserializeArray (C:\ProgramData\cocos\editors\Creator\3.8.8\resources\resources\3d\engine\bin\.cache\dev\editor\bundled\index.js:46929:40)
    at _Deserializer._deserializeObject (C:\ProgramData\cocos\editors\Creator\3.8.8\resources\resources\3d\engine\bin\.cache\dev\editor\bundled\index.js:46907:29)
    at _Deserializer._deserializeAndAssignField (C:\ProgramData\cocos\editors\Creator\3.8.8\resources\resources\3d\engine\bin\.cache\dev\editor\bundled\index.js:47080:36)
    at eval (C:\ProgramData\cocos\editors\Creator\3.8.8\resources\resources\3d\engine\bin\.cache\dev\editor\bundled\index.js:46669:15)
    at _Deserializer._deserializeFireClass (C:\ProgramData\cocos\editors\Creator\3.8.8\resources\resources\3d\engine\bin\.cache\dev\editor\bundled\index.js:47051:11)
    at _Deserializer._deserializeInto (C:\ProgramData\cocos\editors\Creator\3.8.8\resources\resources\3d\engine\bin\.cache\dev\editor\bundled\index.js:46993:18)
    at _Deserializer._deserializeTypeTaggedObject (C:\ProgramData\cocos\editors\Creator\3.8.8\resources\resources\3d\engine\bin\.cache\dev\editor\bundled\index.js:46965:18)
    at _Deserializer._deserializeObject (C:\ProgramData\cocos\editors\Creator\3.8.8\resources\resources\3d\engine\bin\.cache\dev\editor\bundled\index.js:46901:29)
    at _Deserializer._deserializeAndAssignField (C:\ProgramData\cocos\editors\Creator\3.8.8\resources\resources\3d\engine\bin\.cache\dev\editor\bundled\index.js:47068:38)
    at _Deserializer._deserializeArray (C:\ProgramData\cocos\editors\Creator\3.8.8\resources\resources\3d\engine\bin\.cache\dev\editor\bundled\index.js:46929:40)
    at _Deserializer._deserializeObject (C:\ProgramData\cocos\editors\Creator\3.8.8\resources\resources\3d\engine\bin\.cache\dev\editor\bundled\index.js:46907:29)
    at _Deserializer._deserializeAndAssignField (C:\ProgramData\cocos\editors\Creator\3.8.8\resources\resources\3d\engine\bin\.cache\dev\editor\bundled\index.js:47080:36)
    at eval (C:\ProgramData\cocos\editors\Creator\3.8.8\resources\resources\3d\engine\bin\.cache\dev\editor\bundled\index.js:46669:15)
    at _Deserializer._deserializeFireClass (C:\ProgramData\cocos\editors\Creator\3.8.8\resources\resources\3d\engine\bin\.cache\dev\editor\bundled\index.js:47051:11)
    at _Deserializer._deserializeInto (C:\ProgramData\cocos\editors\Creator\3.8.8\resources\resources\3d\engine\bin\.cache\dev\editor\bundled\index.js:46993:18)
9-9-2026 18:35:14 - warn: [Scene] Missing class: 6fc52Zc8uhHjbAeKgL1o3sVError: [Scene] Missing class: 6fc52Zc8uhHjbAeKgL1o3sV
    at console.warn (C:\ProgramData\cocos\editors\Creator\3.8.8\resources\app.asar\node_modules\@sentry\core\src\utils-hoist\instrument\console.ts:40:14)
    at Object.classFinder (C:\ProgramData\cocos\editors\Creator\3.8.8\resources\app.asar\builtin\engine\dist\editor-extends\missing-reporter\missing-class-reporter.ccc:7:982)
    at _Deserializer.classFinder [as _classFinder] (C:\ProgramData\cocos\editors\Creator\3.8.8\resources\resources\3d\engine\bin\.cache\dev\editor\bundled\index.js:137273:34)
    at _Deserializer._deserializeTypeTaggedObject (C:\ProgramData\cocos\editors\Creator\3.8.8\resources\resources\3d\engine\bin\.cache\dev\editor\bundled\index.js:46947:30)
    at _Deserializer._deserializeObject (C:\ProgramData\cocos\editors\Creator\3.8.8\resources\resources\3d\engine\bin\.cache\dev\editor\bundled\index.js:46901:29)
    at _Deserializer._deserializeAndAssignField (C:\ProgramData\cocos\editors\Creator\3.8.8\resources\resources\3d\engine\bin\.cache\dev\editor\bundled\index.js:47068:38)
    at _Deserializer._deserializeArray (C:\ProgramData\cocos\editors\Creator\3.8.8\resources\resources\3d\engine\bin\.cache\dev\editor\bundled\index.js:46929:40)
    at _Deserializer._deserializeObject (C:\ProgramData\cocos\editors\Creator\3.8.8\resources\resources\3d\engine\bin\.cache\dev\editor\bundled\index.js:46907:29)
    at _Deserializer._deserializeAndAssignField (C:\ProgramData\cocos\editors\Creator\3.8.8\resources\resources\3d\engine\bin\.cache\dev\editor\bundled\index.js:47080:36)
    at eval (C:\ProgramData\cocos\editors\Creator\3.8.8\resources\resources\3d\engine\bin\.cache\dev\editor\bundled\index.js:46669:15)
    at _Deserializer._deserializeFireClass (C:\ProgramData\cocos\editors\Creator\3.8.8\resources\resources\3d\engine\bin\.cache\dev\editor\bundled\index.js:47051:11)
    at _Deserializer._deserializeInto (C:\ProgramData\cocos\editors\Creator\3.8.8\resources\resources\3d\engine\bin\.cache\dev\editor\bundled\index.js:46993:18)
    at _Deserializer._deserializeTypeTaggedObject (C:\ProgramData\cocos\editors\Creator\3.8.8\resources\resources\3d\engine\bin\.cache\dev\editor\bundled\index.js:46965:18)
    at _Deserializer._deserializeObject (C:\ProgramData\cocos\editors\Creator\3.8.8\resources\resources\3d\engine\bin\.cache\dev\editor\bundled\index.js:46901:29)
    at _Deserializer._deserializeAndAssignField (C:\ProgramData\cocos\editors\Creator\3.8.8\resources\resources\3d\engine\bin\.cache\dev\editor\bundled\index.js:47068:38)
    at eval (C:\ProgramData\cocos\editors\Creator\3.8.8\resources\resources\3d\engine\bin\.cache\dev\editor\bundled\index.js:46669:15)
    at deserialize (C:\ProgramData\cocos\editors\Creator\3.8.8\resources\resources\3d\engine\bin\.cache\dev\editor\bundled\index.js:47040:19)
    at _Deserializer._deserializeFireClass (C:\ProgramData\cocos\editors\Creator\3.8.8\resources\resources\3d\engine\bin\.cache\dev\editor\bundled\index.js:47051:11)
    at _Deserializer._deserializeInto (C:\ProgramData\cocos\editors\Creator\3.8.8\resources\resources\3d\engine\bin\.cache\dev\editor\bundled\index.js:46993:18)
    at _Deserializer._deserializeTypeTaggedObject (C:\ProgramData\cocos\editors\Creator\3.8.8\resources\resources\3d\engine\bin\.cache\dev\editor\bundled\index.js:46970:20)
    at _Deserializer._deserializeObject (C:\ProgramData\cocos\editors\Creator\3.8.8\resources\resources\3d\engine\bin\.cache\dev\editor\bundled\index.js:46901:29)
    at _Deserializer._deserializeAndAssignField (C:\ProgramData\cocos\editors\Creator\3.8.8\resources\resources\3d\engine\bin\.cache\dev\editor\bundled\index.js:47068:38)
    at _Deserializer._fillPlainObject (C:\ProgramData\cocos\editors\Creator\3.8.8\resources\resources\3d\engine\bin\.cache\dev\editor\bundled\index.js:47125:40)
    at eval (C:\ProgramData\cocos\editors\Creator\3.8.8\resources\resources\3d\engine\bin\.cache\dev\editor\bundled\index.js:46682:11)
    at deserialize (C:\ProgramData\cocos\editors\Creator\3.8.8\resources\resources\3d\engine\bin\.cache\dev\editor\bundled\index.js:47040:19)
    at _Deserializer._deserializeFireClass (C:\ProgramData\cocos\editors\Creator\3.8.8\resources\resources\3d\engine\bin\.cache\dev\editor\bundled\index.js:47051:11)
    at _Deserializer._deserializeInto (C:\ProgramData\cocos\editors\Creator\3.8.8\resources\resources\3d\engine\bin\.cache\dev\editor\bundled\index.js:46993:18)
    at _Deserializer._deserializeTypeTaggedObject (C:\ProgramData\cocos\editors\Creator\3.8.8\resources\resources\3d\engine\bin\.cache\dev\editor\bundled\index.js:46970:20)
    at _Deserializer._deserializeObject (C:\ProgramData\cocos\editors\Creator\3.8.8\resources\resources\3d\engine\bin\.cache\dev\editor\bundled\index.js:46901:29)
    at _Deserializer._deserializeAndAssignField (C:\ProgramData\cocos\editors\Creator\3.8.8\resources\resources\3d\engine\bin\.cache\dev\editor\bundled\index.js:47068:38)
    at _Deserializer._deserializeArray (C:\ProgramData\cocos\editors\Creator\3.8.8\resources\resources\3d\engine\bin\.cache\dev\editor\bundled\index.js:46929:40)
    at _Deserializer._deserializeObject (C:\ProgramData\cocos\editors\Creator\3.8.8\resources\resources\3d\engine\bin\.cache\dev\editor\bundled\index.js:46907:29)
    at _Deserializer._deserializeAndAssignField (C:\ProgramData\cocos\editors\Creator\3.8.8\resources\resources\3d\engine\bin\.cache\dev\editor\bundled\index.js:47080:36)
    at eval (C:\ProgramData\cocos\editors\Creator\3.8.8\resources\resources\3d\engine\bin\.cache\dev\editor\bundled\index.js:46669:15)
    at _Deserializer._deserializeFireClass (C:\ProgramData\cocos\editors\Creator\3.8.8\resources\resources\3d\engine\bin\.cache\dev\editor\bundled\index.js:47051:11)
    at _Deserializer._deserializeInto (C:\ProgramData\cocos\editors\Creator\3.8.8\resources\resources\3d\engine\bin\.cache\dev\editor\bundled\index.js:46993:18)
    at _Deserializer._deserializeTypeTaggedObject (C:\ProgramData\cocos\editors\Creator\3.8.8\resources\resources\3d\engine\bin\.cache\dev\editor\bundled\index.js:46965:18)
    at _Deserializer._deserializeObject (C:\ProgramData\cocos\editors\Creator\3.8.8\resources\resources\3d\engine\bin\.cache\dev\editor\bundled\index.js:46901:29)
    at _Deserializer._deserializeAndAssignField (C:\ProgramData\cocos\editors\Creator\3.8.8\resources\resources\3d\engine\bin\.cache\dev\editor\bundled\index.js:47068:38)
    at _Deserializer._deserializeArray (C:\ProgramData\cocos\editors\Creator\3.8.8\resources\resources\3d\engine\bin\.cache\dev\editor\bundled\index.js:46929:40)
    at _Deserializer._deserializeObject (C:\ProgramData\cocos\editors\Creator\3.8.8\resources\resources\3d\engine\bin\.cache\dev\editor\bundled\index.js:46907:29)
    at _Deserializer._deserializeAndAssignField (C:\ProgramData\cocos\editors\Creator\3.8.8\resources\resources\3d\engine\bin\.cache\dev\editor\bundled\index.js:47080:36)
    at eval (C:\ProgramData\cocos\editors\Creator\3.8.8\resources\resources\3d\engine\bin\.cache\dev\editor\bundled\index.js:46669:15)
    at _Deserializer._deserializeFireClass (C:\ProgramData\cocos\editors\Creator\3.8.8\resources\resources\3d\engine\bin\.cache\dev\editor\bundled\index.js:47051:11)
    at _Deserializer._deserializeInto (C:\ProgramData\cocos\editors\Creator\3.8.8\resources\resources\3d\engine\bin\.cache\dev\editor\bundled\index.js:46993:18)
    at _Deserializer._deserializeTypeTaggedObject (C:\ProgramData\cocos\editors\Creator\3.8.8\resources\resources\3d\engine\bin\.cache\dev\editor\bundled\index.js:46965:18)
    at _Deserializer._deserializeObject (C:\ProgramData\cocos\editors\Creator\3.8.8\resources\resources\3d\engine\bin\.cache\dev\editor\bundled\index.js:46901:29)
9-9-2026 18:35:14 - warn: [Scene] Missing class: 6e964qkrR5F2YvWvH5N+eXOError: [Scene] Missing class: 6e964qkrR5F2YvWvH5N+eXO
    at console.warn (C:\ProgramData\cocos\editors\Creator\3.8.8\resources\app.asar\node_modules\@sentry\core\src\utils-hoist\instrument\console.ts:40:14)
    at Object.classFinder (C:\ProgramData\cocos\editors\Creator\3.8.8\resources\app.asar\builtin\engine\dist\editor-extends\missing-reporter\missing-class-reporter.ccc:7:982)
    at _Deserializer.classFinder [as _classFinder] (C:\ProgramData\cocos\editors\Creator\3.8.8\resources\resources\3d\engine\bin\.cache\dev\editor\bundled\index.js:137273:34)
    at _Deserializer._deserializeTypeTaggedObject (C:\ProgramData\cocos\editors\Creator\3.8.8\resources\resources\3d\engine\bin\.cache\dev\editor\bundled\index.js:46947:30)
    at _Deserializer._deserializeObject (C:\ProgramData\cocos\editors\Creator\3.8.8\resources\resources\3d\engine\bin\.cache\dev\editor\bundled\index.js:46901:29)
    at _Deserializer._deserializeAndAssignField (C:\ProgramData\cocos\editors\Creator\3.8.8\resources\resources\3d\engine\bin\.cache\dev\editor\bundled\index.js:47068:38)
    at _Deserializer._deserializeArray (C:\ProgramData\cocos\editors\Creator\3.8.8\resources\resources\3d\engine\bin\.cache\dev\editor\bundled\index.js:46929:40)
    at _Deserializer._deserializeObject (C:\ProgramData\cocos\editors\Creator\3.8.8\resources\resources\3d\engine\bin\.cache\dev\editor\bundled\index.js:46907:29)
    at _Deserializer._deserializeAndAssignField (C:\ProgramData\cocos\editors\Creator\3.8.8\resources\resources\3d\engine\bin\.cache\dev\editor\bundled\index.js:47080:36)
    at eval (C:\ProgramData\cocos\editors\Creator\3.8.8\resources\resources\3d\engine\bin\.cache\dev\editor\bundled\index.js:46669:15)
    at _Deserializer._deserializeFireClass (C:\ProgramData\cocos\editors\Creator\3.8.8\resources\resources\3d\engine\bin\.cache\dev\editor\bundled\index.js:47051:11)
    at _Deserializer._deserializeInto (C:\ProgramData\cocos\editors\Creator\3.8.8\resources\resources\3d\engine\bin\.cache\dev\editor\bundled\index.js:46993:18)
    at _Deserializer._deserializeTypeTaggedObject (C:\ProgramData\cocos\editors\Creator\3.8.8\resources\resources\3d\engine\bin\.cache\dev\editor\bundled\index.js:46965:18)
    at _Deserializer._deserializeObject (C:\ProgramData\cocos\editors\Creator\3.8.8\resources\resources\3d\engine\bin\.cache\dev\editor\bundled\index.js:46901:29)
    at _Deserializer._deserializeAndAssignField (C:\ProgramData\cocos\editors\Creator\3.8.8\resources\resources\3d\engine\bin\.cache\dev\editor\bundled\index.js:47068:38)
    at eval (C:\ProgramData\cocos\editors\Creator\3.8.8\resources\resources\3d\engine\bin\.cache\dev\editor\bundled\index.js:46669:15)
    at _Deserializer._deserializeFireClass (C:\ProgramData\cocos\editors\Creator\3.8.8\resources\resources\3d\engine\bin\.cache\dev\editor\bundled\index.js:47051:11)
    at _Deserializer._deserializeInto (C:\ProgramData\cocos\editors\Creator\3.8.8\resources\resources\3d\engine\bin\.cache\dev\editor\bundled\index.js:46993:18)
    at _Deserializer._deserializeTypeTaggedObject (C:\ProgramData\cocos\editors\Creator\3.8.8\resources\resources\3d\engine\bin\.cache\dev\editor\bundled\index.js:46965:18)
    at _Deserializer._deserializeObject (C:\ProgramData\cocos\editors\Creator\3.8.8\resources\resources\3d\engine\bin\.cache\dev\editor\bundled\index.js:46901:29)
    at _Deserializer._deserializeAndAssignField (C:\ProgramData\cocos\editors\Creator\3.8.8\resources\resources\3d\engine\bin\.cache\dev\editor\bundled\index.js:47068:38)
    at eval (C:\ProgramData\cocos\editors\Creator\3.8.8\resources\resources\3d\engine\bin\.cache\dev\editor\bundled\index.js:46669:15)
    at _Deserializer._deserializeFireClass (C:\ProgramData\cocos\editors\Creator\3.8.8\resources\resources\3d\engine\bin\.cache\dev\editor\bundled\index.js:47051:11)
    at _Deserializer._deserializeInto (C:\ProgramData\cocos\editors\Creator\3.8.8\resources\resources\3d\engine\bin\.cache\dev\editor\bundled\index.js:46993:18)
    at _Deserializer._deserializeTypeTaggedObject (C:\ProgramData\cocos\editors\Creator\3.8.8\resources\resources\3d\engine\bin\.cache\dev\editor\bundled\index.js:46970:20)
    at _Deserializer._deserializeObject (C:\ProgramData\cocos\editors\Creator\3.8.8\resources\resources\3d\engine\bin\.cache\dev\editor\bundled\index.js:46901:29)
    at _Deserializer._deserializeAndAssignField (C:\ProgramData\cocos\editors\Creator\3.8.8\resources\resources\3d\engine\bin\.cache\dev\editor\bundled\index.js:47068:38)
    at _Deserializer._fillPlainObject (C:\ProgramData\cocos\editors\Creator\3.8.8\resources\resources\3d\engine\bin\.cache\dev\editor\bundled\index.js:47125:40)
    at eval (C:\ProgramData\cocos\editors\Creator\3.8.8\resources\resources\3d\engine\bin\.cache\dev\editor\bundled\index.js:46682:11)
    at deserialize (C:\ProgramData\cocos\editors\Creator\3.8.8\resources\resources\3d\engine\bin\.cache\dev\editor\bundled\index.js:47040:19)
    at _Deserializer._deserializeFireClass (C:\ProgramData\cocos\editors\Creator\3.8.8\resources\resources\3d\engine\bin\.cache\dev\editor\bundled\index.js:47051:11)
    at _Deserializer._deserializeInto (C:\ProgramData\cocos\editors\Creator\3.8.8\resources\resources\3d\engine\bin\.cache\dev\editor\bundled\index.js:46993:18)
    at _Deserializer._deserializeTypeTaggedObject (C:\ProgramData\cocos\editors\Creator\3.8.8\resources\resources\3d\engine\bin\.cache\dev\editor\bundled\index.js:46970:20)
    at _Deserializer._deserializeObject (C:\ProgramData\cocos\editors\Creator\3.8.8\resources\resources\3d\engine\bin\.cache\dev\editor\bundled\index.js:46901:29)
    at _Deserializer._deserializeAndAssignField (C:\ProgramData\cocos\editors\Creator\3.8.8\resources\resources\3d\engine\bin\.cache\dev\editor\bundled\index.js:47068:38)
    at _Deserializer._fillPlainObject (C:\ProgramData\cocos\editors\Creator\3.8.8\resources\resources\3d\engine\bin\.cache\dev\editor\bundled\index.js:47125:40)
    at eval (C:\ProgramData\cocos\editors\Creator\3.8.8\resources\resources\3d\engine\bin\.cache\dev\editor\bundled\index.js:46682:11)
    at deserialize (C:\ProgramData\cocos\editors\Creator\3.8.8\resources\resources\3d\engine\bin\.cache\dev\editor\bundled\index.js:47040:19)
    at _Deserializer._deserializeFireClass (C:\ProgramData\cocos\editors\Creator\3.8.8\resources\resources\3d\engine\bin\.cache\dev\editor\bundled\index.js:47051:11)
    at _Deserializer._deserializeInto (C:\ProgramData\cocos\editors\Creator\3.8.8\resources\resources\3d\engine\bin\.cache\dev\editor\bundled\index.js:46993:18)
    at _Deserializer._deserializeTypeTaggedObject (C:\ProgramData\cocos\editors\Creator\3.8.8\resources\resources\3d\engine\bin\.cache\dev\editor\bundled\index.js:46970:20)
    at _Deserializer._deserializeObject (C:\ProgramData\cocos\editors\Creator\3.8.8\resources\resources\3d\engine\bin\.cache\dev\editor\bundled\index.js:46901:29)
    at _Deserializer._deserializeAndAssignField (C:\ProgramData\cocos\editors\Creator\3.8.8\resources\resources\3d\engine\bin\.cache\dev\editor\bundled\index.js:47068:38)
    at _Deserializer._deserializeArray (C:\ProgramData\cocos\editors\Creator\3.8.8\resources\resources\3d\engine\bin\.cache\dev\editor\bundled\index.js:46929:40)
    at _Deserializer._deserializeObject (C:\ProgramData\cocos\editors\Creator\3.8.8\resources\resources\3d\engine\bin\.cache\dev\editor\bundled\index.js:46907:29)
    at _Deserializer._deserializeAndAssignField (C:\ProgramData\cocos\editors\Creator\3.8.8\resources\resources\3d\engine\bin\.cache\dev\editor\bundled\index.js:47080:36)
    at eval (C:\ProgramData\cocos\editors\Creator\3.8.8\resources\resources\3d\engine\bin\.cache\dev\editor\bundled\index.js:46669:15)
9-9-2026 18:35:14 - warn: [Scene] Missing class: 447a2LC9oVLFLwtjUuBODgjError: [Scene] Missing class: 447a2LC9oVLFLwtjUuBODgj
    at console.warn (C:\ProgramData\cocos\editors\Creator\3.8.8\resources\app.asar\node_modules\@sentry\core\src\utils-hoist\instrument\console.ts:40:14)
    at Object.classFinder (C:\ProgramData\cocos\editors\Creator\3.8.8\resources\app.asar\builtin\engine\dist\editor-extends\missing-reporter\missing-class-reporter.ccc:7:982)
    at _Deserializer.classFinder [as _classFinder] (C:\ProgramData\cocos\editors\Creator\3.8.8\resources\resources\3d\engine\bin\.cache\dev\editor\bundled\index.js:137273:34)
    at _Deserializer._deserializeTypeTaggedObject (C:\ProgramData\cocos\editors\Creator\3.8.8\resources\resources\3d\engine\bin\.cache\dev\editor\bundled\index.js:46947:30)
    at _Deserializer._deserializeObject (C:\ProgramData\cocos\editors\Creator\3.8.8\resources\resources\3d\engine\bin\.cache\dev\editor\bundled\index.js:46901:29)
    at _Deserializer._deserializeAndAssignField (C:\ProgramData\cocos\editors\Creator\3.8.8\resources\resources\3d\engine\bin\.cache\dev\editor\bundled\index.js:47068:38)
    at _Deserializer._deserializeArray (C:\ProgramData\cocos\editors\Creator\3.8.8\resources\resources\3d\engine\bin\.cache\dev\editor\bundled\index.js:46929:40)
    at _Deserializer._deserializeObject (C:\ProgramData\cocos\editors\Creator\3.8.8\resources\resources\3d\engine\bin\.cache\dev\editor\bundled\index.js:46907:29)
    at _Deserializer._deserializeAndAssignField (C:\ProgramData\cocos\editors\Creator\3.8.8\resources\resources\3d\engine\bin\.cache\dev\editor\bundled\index.js:47080:36)
    at eval (C:\ProgramData\cocos\editors\Creator\3.8.8\resources\resources\3d\engine\bin\.cache\dev\editor\bundled\index.js:46669:15)
    at _Deserializer._deserializeFireClass (C:\ProgramData\cocos\editors\Creator\3.8.8\resources\resources\3d\engine\bin\.cache\dev\editor\bundled\index.js:47051:11)
    at _Deserializer._deserializeInto (C:\ProgramData\cocos\editors\Creator\3.8.8\resources\resources\3d\engine\bin\.cache\dev\editor\bundled\index.js:46993:18)
    at _Deserializer._deserializeTypeTaggedObject (C:\ProgramData\cocos\editors\Creator\3.8.8\resources\resources\3d\engine\bin\.cache\dev\editor\bundled\index.js:46965:18)
    at _Deserializer._deserializeObject (C:\ProgramData\cocos\editors\Creator\3.8.8\resources\resources\3d\engine\bin\.cache\dev\editor\bundled\index.js:46901:29)
    at _Deserializer._deserializeAndAssignField (C:\ProgramData\cocos\editors\Creator\3.8.8\resources\resources\3d\engine\bin\.cache\dev\editor\bundled\index.js:47068:38)
    at eval (C:\ProgramData\cocos\editors\Creator\3.8.8\resources\resources\3d\engine\bin\.cache\dev\editor\bundled\index.js:46669:15)
    at _Deserializer._deserializeFireClass (C:\ProgramData\cocos\editors\Creator\3.8.8\resources\resources\3d\engine\bin\.cache\dev\editor\bundled\index.js:47051:11)
    at _Deserializer._deserializeInto (C:\ProgramData\cocos\editors\Creator\3.8.8\resources\resources\3d\engine\bin\.cache\dev\editor\bundled\index.js:46993:18)
    at _Deserializer._deserializeTypeTaggedObject (C:\ProgramData\cocos\editors\Creator\3.8.8\resources\resources\3d\engine\bin\.cache\dev\editor\bundled\index.js:46965:18)
    at _Deserializer._deserializeObject (C:\ProgramData\cocos\editors\Creator\3.8.8\resources\resources\3d\engine\bin\.cache\dev\editor\bundled\index.js:46901:29)
    at _Deserializer._deserializeAndAssignField (C:\ProgramData\cocos\editors\Creator\3.8.8\resources\resources\3d\engine\bin\.cache\dev\editor\bundled\index.js:47068:38)
    at eval (C:\ProgramData\cocos\editors\Creator\3.8.8\resources\resources\3d\engine\bin\.cache\dev\editor\bundled\index.js:46669:15)
    at _Deserializer._deserializeFireClass (C:\ProgramData\cocos\editors\Creator\3.8.8\resources\resources\3d\engine\bin\.cache\dev\editor\bundled\index.js:47051:11)
    at _Deserializer._deserializeInto (C:\ProgramData\cocos\editors\Creator\3.8.8\resources\resources\3d\engine\bin\.cache\dev\editor\bundled\index.js:46993:18)
    at _Deserializer._deserializeTypeTaggedObject (C:\ProgramData\cocos\editors\Creator\3.8.8\resources\resources\3d\engine\bin\.cache\dev\editor\bundled\index.js:46970:20)
    at _Deserializer._deserializeObject (C:\ProgramData\cocos\editors\Creator\3.8.8\resources\resources\3d\engine\bin\.cache\dev\editor\bundled\index.js:46901:29)
    at _Deserializer._deserializeAndAssignField (C:\ProgramData\cocos\editors\Creator\3.8.8\resources\resources\3d\engine\bin\.cache\dev\editor\bundled\index.js:47068:38)
    at _Deserializer._fillPlainObject (C:\ProgramData\cocos\editors\Creator\3.8.8\resources\resources\3d\engine\bin\.cache\dev\editor\bundled\index.js:47125:40)
    at eval (C:\ProgramData\cocos\editors\Creator\3.8.8\resources\resources\3d\engine\bin\.cache\dev\editor\bundled\index.js:46682:11)
    at deserialize (C:\ProgramData\cocos\editors\Creator\3.8.8\resources\resources\3d\engine\bin\.cache\dev\editor\bundled\index.js:47040:19)
    at _Deserializer._deserializeFireClass (C:\ProgramData\cocos\editors\Creator\3.8.8\resources\resources\3d\engine\bin\.cache\dev\editor\bundled\index.js:47051:11)
    at _Deserializer._deserializeInto (C:\ProgramData\cocos\editors\Creator\3.8.8\resources\resources\3d\engine\bin\.cache\dev\editor\bundled\index.js:46993:18)
    at _Deserializer._deserializeTypeTaggedObject (C:\ProgramData\cocos\editors\Creator\3.8.8\resources\resources\3d\engine\bin\.cache\dev\editor\bundled\index.js:46970:20)
    at _Deserializer._deserializeObject (C:\ProgramData\cocos\editors\Creator\3.8.8\resources\resources\3d\engine\bin\.cache\dev\editor\bundled\index.js:46901:29)
    at _Deserializer._deserializeAndAssignField (C:\ProgramData\cocos\editors\Creator\3.8.8\resources\resources\3d\engine\bin\.cache\dev\editor\bundled\index.js:47068:38)
    at _Deserializer._fillPlainObject (C:\ProgramData\cocos\editors\Creator\3.8.8\resources\resources\3d\engine\bin\.cache\dev\editor\bundled\index.js:47125:40)
    at eval (C:\ProgramData\cocos\editors\Creator\3.8.8\resources\resources\3d\engine\bin\.cache\dev\editor\bundled\index.js:46682:11)
    at deserialize (C:\ProgramData\cocos\editors\Creator\3.8.8\resources\resources\3d\engine\bin\.cache\dev\editor\bundled\index.js:47040:19)
    at _Deserializer._deserializeFireClass (C:\ProgramData\cocos\editors\Creator\3.8.8\resources\resources\3d\engine\bin\.cache\dev\editor\bundled\index.js:47051:11)
    at _Deserializer._deserializeInto (C:\ProgramData\cocos\editors\Creator\3.8.8\resources\resources\3d\engine\bin\.cache\dev\editor\bundled\index.js:46993:18)
    at _Deserializer._deserializeTypeTaggedObject (C:\ProgramData\cocos\editors\Creator\3.8.8\resources\resources\3d\engine\bin\.cache\dev\editor\bundled\index.js:46970:20)
    at _Deserializer._deserializeObject (C:\ProgramData\cocos\editors\Creator\3.8.8\resources\resources\3d\engine\bin\.cache\dev\editor\bundled\index.js:46901:29)
    at _Deserializer._deserializeAndAssignField (C:\ProgramData\cocos\editors\Creator\3.8.8\resources\resources\3d\engine\bin\.cache\dev\editor\bundled\index.js:47068:38)
    at _Deserializer._deserializeArray (C:\ProgramData\cocos\editors\Creator\3.8.8\resources\resources\3d\engine\bin\.cache\dev\editor\bundled\index.js:46929:40)
    at _Deserializer._deserializeObject (C:\ProgramData\cocos\editors\Creator\3.8.8\resources\resources\3d\engine\bin\.cache\dev\editor\bundled\index.js:46907:29)
    at _Deserializer._deserializeAndAssignField (C:\ProgramData\cocos\editors\Creator\3.8.8\resources\resources\3d\engine\bin\.cache\dev\editor\bundled\index.js:47080:36)
    at eval (C:\ProgramData\cocos\editors\Creator\3.8.8\resources\resources\3d\engine\bin\.cache\dev\editor\bundled\index.js:46669:15)
9-9-2026 18:35:14 - warn: [Scene] Missing class: 6e964qkrR5F2YvWvH5N+eXOError: [Scene] Missing class: 6e964qkrR5F2YvWvH5N+eXO
    at console.warn (C:\ProgramData\cocos\editors\Creator\3.8.8\resources\app.asar\node_modules\@sentry\core\src\utils-hoist\instrument\console.ts:40:14)
    at Object.classFinder (C:\ProgramData\cocos\editors\Creator\3.8.8\resources\app.asar\builtin\engine\dist\editor-extends\missing-reporter\missing-class-reporter.ccc:7:982)
    at _Deserializer.classFinder [as _classFinder] (C:\ProgramData\cocos\editors\Creator\3.8.8\resources\resources\3d\engine\bin\.cache\dev\editor\bundled\index.js:137273:34)
    at _Deserializer._deserializeTypeTaggedObject (C:\ProgramData\cocos\editors\Creator\3.8.8\resources\resources\3d\engine\bin\.cache\dev\editor\bundled\index.js:46947:30)
    at _Deserializer._deserializeObject (C:\ProgramData\cocos\editors\Creator\3.8.8\resources\resources\3d\engine\bin\.cache\dev\editor\bundled\index.js:46901:29)
    at _Deserializer._deserializeAndAssignField (C:\ProgramData\cocos\editors\Creator\3.8.8\resources\resources\3d\engine\bin\.cache\dev\editor\bundled\index.js:47068:38)
    at _Deserializer._deserializeArray (C:\ProgramData\cocos\editors\Creator\3.8.8\resources\resources\3d\engine\bin\.cache\dev\editor\bundled\index.js:46929:40)
    at _Deserializer._deserializeObject (C:\ProgramData\cocos\editors\Creator\3.8.8\resources\resources\3d\engine\bin\.cache\dev\editor\bundled\index.js:46907:29)
    at _Deserializer._deserializeAndAssignField (C:\ProgramData\cocos\editors\Creator\3.8.8\resources\resources\3d\engine\bin\.cache\dev\editor\bundled\index.js:47080:36)
    at eval (C:\ProgramData\cocos\editors\Creator\3.8.8\resources\resources\3d\engine\bin\.cache\dev\editor\bundled\index.js:46669:15)
    at _Deserializer._deserializeFireClass (C:\ProgramData\cocos\editors\Creator\3.8.8\resources\resources\3d\engine\bin\.cache\dev\editor\bundled\index.js:47051:11)
    at _Deserializer._deserializeInto (C:\ProgramData\cocos\editors\Creator\3.8.8\resources\resources\3d\engine\bin\.cache\dev\editor\bundled\index.js:46993:18)
    at _Deserializer._deserializeTypeTaggedObject (C:\ProgramData\cocos\editors\Creator\3.8.8\resources\resources\3d\engine\bin\.cache\dev\editor\bundled\index.js:46965:18)
    at _Deserializer._deserializeObject (C:\ProgramData\cocos\editors\Creator\3.8.8\resources\resources\3d\engine\bin\.cache\dev\editor\bundled\index.js:46901:29)
    at _Deserializer._deserializeAndAssignField (C:\ProgramData\cocos\editors\Creator\3.8.8\resources\resources\3d\engine\bin\.cache\dev\editor\bundled\index.js:47068:38)
    at eval (C:\ProgramData\cocos\editors\Creator\3.8.8\resources\resources\3d\engine\bin\.cache\dev\editor\bundled\index.js:46669:15)
    at _Deserializer._deserializeFireClass (C:\ProgramData\cocos\editors\Creator\3.8.8\resources\resources\3d\engine\bin\.cache\dev\editor\bundled\index.js:47051:11)
    at _Deserializer._deserializeInto (C:\ProgramData\cocos\editors\Creator\3.8.8\resources\resources\3d\engine\bin\.cache\dev\editor\bundled\index.js:46993:18)
    at _Deserializer._deserializeTypeTaggedObject (C:\ProgramData\cocos\editors\Creator\3.8.8\resources\resources\3d\engine\bin\.cache\dev\editor\bundled\index.js:46965:18)
    at _Deserializer._deserializeObject (C:\ProgramData\cocos\editors\Creator\3.8.8\resources\resources\3d\engine\bin\.cache\dev\editor\bundled\index.js:46901:29)
    at _Deserializer._deserializeAndAssignField (C:\ProgramData\cocos\editors\Creator\3.8.8\resources\resources\3d\engine\bin\.cache\dev\editor\bundled\index.js:47068:38)
    at eval (C:\ProgramData\cocos\editors\Creator\3.8.8\resources\resources\3d\engine\bin\.cache\dev\editor\bundled\index.js:46669:15)
    at _Deserializer._deserializeFireClass (C:\ProgramData\cocos\editors\Creator\3.8.8\resources\resources\3d\engine\bin\.cache\dev\editor\bundled\index.js:47051:11)
    at _Deserializer._deserializeInto (C:\ProgramData\cocos\editors\Creator\3.8.8\resources\resources\3d\engine\bin\.cache\dev\editor\bundled\index.js:46993:18)
    at _Deserializer._deserializeTypeTaggedObject (C:\ProgramData\cocos\editors\Creator\3.8.8\resources\resources\3d\engine\bin\.cache\dev\editor\bundled\index.js:46970:20)
    at _Deserializer._deserializeObject (C:\ProgramData\cocos\editors\Creator\3.8.8\resources\resources\3d\engine\bin\.cache\dev\editor\bundled\index.js:46901:29)
    at _Deserializer._deserializeAndAssignField (C:\ProgramData\cocos\editors\Creator\3.8.8\resources\resources\3d\engine\bin\.cache\dev\editor\bundled\index.js:47068:38)
    at _Deserializer._fillPlainObject (C:\ProgramData\cocos\editors\Creator\3.8.8\resources\resources\3d\engine\bin\.cache\dev\editor\bundled\index.js:47125:40)
    at eval (C:\ProgramData\cocos\editors\Creator\3.8.8\resources\resources\3d\engine\bin\.cache\dev\editor\bundled\index.js:46682:11)
    at deserialize (C:\ProgramData\cocos\editors\Creator\3.8.8\resources\resources\3d\engine\bin\.cache\dev\editor\bundled\index.js:47040:19)
    at _Deserializer._deserializeFireClass (C:\ProgramData\cocos\editors\Creator\3.8.8\resources\resources\3d\engine\bin\.cache\dev\editor\bundled\index.js:47051:11)
    at _Deserializer._deserializeInto (C:\ProgramData\cocos\editors\Creator\3.8.8\resources\resources\3d\engine\bin\.cache\dev\editor\bundled\index.js:46993:18)
    at _Deserializer._deserializeTypeTaggedObject (C:\ProgramData\cocos\editors\Creator\3.8.8\resources\resources\3d\engine\bin\.cache\dev\editor\bundled\index.js:46970:20)
    at _Deserializer._deserializeObject (C:\ProgramData\cocos\editors\Creator\3.8.8\resources\resources\3d\engine\bin\.cache\dev\editor\bundled\index.js:46901:29)
    at _Deserializer._deserializeAndAssignField (C:\ProgramData\cocos\editors\Creator\3.8.8\resources\resources\3d\engine\bin\.cache\dev\editor\bundled\index.js:47068:38)
    at _Deserializer._fillPlainObject (C:\ProgramData\cocos\editors\Creator\3.8.8\resources\resources\3d\engine\bin\.cache\dev\editor\bundled\index.js:47125:40)
    at eval (C:\ProgramData\cocos\editors\Creator\3.8.8\resources\resources\3d\engine\bin\.cache\dev\editor\bundled\index.js:46682:11)
    at deserialize (C:\ProgramData\cocos\editors\Creator\3.8.8\resources\resources\3d\engine\bin\.cache\dev\editor\bundled\index.js:47040:19)
    at _Deserializer._deserializeFireClass (C:\ProgramData\cocos\editors\Creator\3.8.8\resources\resources\3d\engine\bin\.cache\dev\editor\bundled\index.js:47051:11)
    at _Deserializer._deserializeInto (C:\ProgramData\cocos\editors\Creator\3.8.8\resources\resources\3d\engine\bin\.cache\dev\editor\bundled\index.js:46993:18)
    at _Deserializer._deserializeTypeTaggedObject (C:\ProgramData\cocos\editors\Creator\3.8.8\resources\resources\3d\engine\bin\.cache\dev\editor\bundled\index.js:46970:20)
    at _Deserializer._deserializeObject (C:\ProgramData\cocos\editors\Creator\3.8.8\resources\resources\3d\engine\bin\.cache\dev\editor\bundled\index.js:46901:29)
    at _Deserializer._deserializeAndAssignField (C:\ProgramData\cocos\editors\Creator\3.8.8\resources\resources\3d\engine\bin\.cache\dev\editor\bundled\index.js:47068:38)
    at _Deserializer._deserializeArray (C:\ProgramData\cocos\editors\Creator\3.8.8\resources\resources\3d\engine\bin\.cache\dev\editor\bundled\index.js:46929:40)
    at _Deserializer._deserializeObject (C:\ProgramData\cocos\editors\Creator\3.8.8\resources\resources\3d\engine\bin\.cache\dev\editor\bundled\index.js:46907:29)
    at _Deserializer._deserializeAndAssignField (C:\ProgramData\cocos\editors\Creator\3.8.8\resources\resources\3d\engine\bin\.cache\dev\editor\bundled\index.js:47080:36)
    at eval (C:\ProgramData\cocos\editors\Creator\3.8.8\resources\resources\3d\engine\bin\.cache\dev\editor\bundled\index.js:46669:15)
9-9-2026 18:35:14 - warn: [Scene] Missing class: 447a2LC9oVLFLwtjUuBODgjError: [Scene] Missing class: 447a2LC9oVLFLwtjUuBODgj
    at console.warn (C:\ProgramData\cocos\editors\Creator\3.8.8\resources\app.asar\node_modules\@sentry\core\src\utils-hoist\instrument\console.ts:40:14)
    at Object.classFinder (C:\ProgramData\cocos\editors\Creator\3.8.8\resources\app.asar\builtin\engine\dist\editor-extends\missing-reporter\missing-class-reporter.ccc:7:982)
    at _Deserializer.classFinder [as _classFinder] (C:\ProgramData\cocos\editors\Creator\3.8.8\resources\resources\3d\engine\bin\.cache\dev\editor\bundled\index.js:137273:34)
    at _Deserializer._deserializeTypeTaggedObject (C:\ProgramData\cocos\editors\Creator\3.8.8\resources\resources\3d\engine\bin\.cache\dev\editor\bundled\index.js:46947:30)
    at _Deserializer._deserializeObject (C:\ProgramData\cocos\editors\Creator\3.8.8\resources\resources\3d\engine\bin\.cache\dev\editor\bundled\index.js:46901:29)
    at _Deserializer._deserializeAndAssignField (C:\ProgramData\cocos\editors\Creator\3.8.8\resources\resources\3d\engine\bin\.cache\dev\editor\bundled\index.js:47068:38)
    at _Deserializer._deserializeArray (C:\ProgramData\cocos\editors\Creator\3.8.8\resources\resources\3d\engine\bin\.cache\dev\editor\bundled\index.js:46929:40)
    at _Deserializer._deserializeObject (C:\ProgramData\cocos\editors\Creator\3.8.8\resources\resources\3d\engine\bin\.cache\dev\editor\bundled\index.js:46907:29)
    at _Deserializer._deserializeAndAssignField (C:\ProgramData\cocos\editors\Creator\3.8.8\resources\resources\3d\engine\bin\.cache\dev\editor\bundled\index.js:47080:36)
    at eval (C:\ProgramData\cocos\editors\Creator\3.8.8\resources\resources\3d\engine\bin\.cache\dev\editor\bundled\index.js:46669:15)
    at _Deserializer._deserializeFireClass (C:\ProgramData\cocos\editors\Creator\3.8.8\resources\resources\3d\engine\bin\.cache\dev\editor\bundled\index.js:47051:11)
    at _Deserializer._deserializeInto (C:\ProgramData\cocos\editors\Creator\3.8.8\resources\resources\3d\engine\bin\.cache\dev\editor\bundled\index.js:46993:18)
    at _Deserializer._deserializeTypeTaggedObject (C:\ProgramData\cocos\editors\Creator\3.8.8\resources\resources\3d\engine\bin\.cache\dev\editor\bundled\index.js:46965:18)
    at _Deserializer._deserializeObject (C:\ProgramData\cocos\editors\Creator\3.8.8\resources\resources\3d\engine\bin\.cache\dev\editor\bundled\index.js:46901:29)
    at _Deserializer._deserializeAndAssignField (C:\ProgramData\cocos\editors\Creator\3.8.8\resources\resources\3d\engine\bin\.cache\dev\editor\bundled\index.js:47068:38)
    at eval (C:\ProgramData\cocos\editors\Creator\3.8.8\resources\resources\3d\engine\bin\.cache\dev\editor\bundled\index.js:46669:15)
    at _Deserializer._deserializeFireClass (C:\ProgramData\cocos\editors\Creator\3.8.8\resources\resources\3d\engine\bin\.cache\dev\editor\bundled\index.js:47051:11)
    at _Deserializer._deserializeInto (C:\ProgramData\cocos\editors\Creator\3.8.8\resources\resources\3d\engine\bin\.cache\dev\editor\bundled\index.js:46993:18)
    at _Deserializer._deserializeTypeTaggedObject (C:\ProgramData\cocos\editors\Creator\3.8.8\resources\resources\3d\engine\bin\.cache\dev\editor\bundled\index.js:46965:18)
    at _Deserializer._deserializeObject (C:\ProgramData\cocos\editors\Creator\3.8.8\resources\resources\3d\engine\bin\.cache\dev\editor\bundled\index.js:46901:29)
    at _Deserializer._deserializeAndAssignField (C:\ProgramData\cocos\editors\Creator\3.8.8\resources\resources\3d\engine\bin\.cache\dev\editor\bundled\index.js:47068:38)
    at eval (C:\ProgramData\cocos\editors\Creator\3.8.8\resources\resources\3d\engine\bin\.cache\dev\editor\bundled\index.js:46669:15)
    at _Deserializer._deserializeFireClass (C:\ProgramData\cocos\editors\Creator\3.8.8\resources\resources\3d\engine\bin\.cache\dev\editor\bundled\index.js:47051:11)
    at _Deserializer._deserializeInto (C:\ProgramData\cocos\editors\Creator\3.8.8\resources\resources\3d\engine\bin\.cache\dev\editor\bundled\index.js:46993:18)
    at _Deserializer._deserializeTypeTaggedObject (C:\ProgramData\cocos\editors\Creator\3.8.8\resources\resources\3d\engine\bin\.cache\dev\editor\bundled\index.js:46970:20)
    at _Deserializer._deserializeObject (C:\ProgramData\cocos\editors\Creator\3.8.8\resources\resources\3d\engine\bin\.cache\dev\editor\bundled\index.js:46901:29)
    at _Deserializer._deserializeAndAssignField (C:\ProgramData\cocos\editors\Creator\3.8.8\resources\resources\3d\engine\bin\.cache\dev\editor\bundled\index.js:47068:38)
    at _Deserializer._fillPlainObject (C:\ProgramData\cocos\editors\Creator\3.8.8\resources\resources\3d\engine\bin\.cache\dev\editor\bundled\index.js:47125:40)
    at eval (C:\ProgramData\cocos\editors\Creator\3.8.8\resources\resources\3d\engine\bin\.cache\dev\editor\bundled\index.js:46682:11)
    at deserialize (C:\ProgramData\cocos\editors\Creator\3.8.8\resources\resources\3d\engine\bin\.cache\dev\editor\bundled\index.js:47040:19)
    at _Deserializer._deserializeFireClass (C:\ProgramData\cocos\editors\Creator\3.8.8\resources\resources\3d\engine\bin\.cache\dev\editor\bundled\index.js:47051:11)
    at _Deserializer._deserializeInto (C:\ProgramData\cocos\editors\Creator\3.8.8\resources\resources\3d\engine\bin\.cache\dev\editor\bundled\index.js:46993:18)
    at _Deserializer._deserializeTypeTaggedObject (C:\ProgramData\cocos\editors\Creator\3.8.8\resources\resources\3d\engine\bin\.cache\dev\editor\bundled\index.js:46970:20)
    at _Deserializer._deserializeObject (C:\ProgramData\cocos\editors\Creator\3.8.8\resources\resources\3d\engine\bin\.cache\dev\editor\bundled\index.js:46901:29)
    at _Deserializer._deserializeAndAssignField (C:\ProgramData\cocos\editors\Creator\3.8.8\resources\resources\3d\engine\bin\.cache\dev\editor\bundled\index.js:47068:38)
    at _Deserializer._fillPlainObject (C:\ProgramData\cocos\editors\Creator\3.8.8\resources\resources\3d\engine\bin\.cache\dev\editor\bundled\index.js:47125:40)
    at eval (C:\ProgramData\cocos\editors\Creator\3.8.8\resources\resources\3d\engine\bin\.cache\dev\editor\bundled\index.js:46682:11)
    at deserialize (C:\ProgramData\cocos\editors\Creator\3.8.8\resources\resources\3d\engine\bin\.cache\dev\editor\bundled\index.js:47040:19)
    at _Deserializer._deserializeFireClass (C:\ProgramData\cocos\editors\Creator\3.8.8\resources\resources\3d\engine\bin\.cache\dev\editor\bundled\index.js:47051:11)
    at _Deserializer._deserializeInto (C:\ProgramData\cocos\editors\Creator\3.8.8\resources\resources\3d\engine\bin\.cache\dev\editor\bundled\index.js:46993:18)
    at _Deserializer._deserializeTypeTaggedObject (C:\ProgramData\cocos\editors\Creator\3.8.8\resources\resources\3d\engine\bin\.cache\dev\editor\bundled\index.js:46970:20)
    at _Deserializer._deserializeObject (C:\ProgramData\cocos\editors\Creator\3.8.8\resources\resources\3d\engine\bin\.cache\dev\editor\bundled\index.js:46901:29)
    at _Deserializer._deserializeAndAssignField (C:\ProgramData\cocos\editors\Creator\3.8.8\resources\resources\3d\engine\bin\.cache\dev\editor\bundled\index.js:47068:38)
    at _Deserializer._deserializeArray (C:\ProgramData\cocos\editors\Creator\3.8.8\resources\resources\3d\engine\bin\.cache\dev\editor\bundled\index.js:46929:40)
    at _Deserializer._deserializeObject (C:\ProgramData\cocos\editors\Creator\3.8.8\resources\resources\3d\engine\bin\.cache\dev\editor\bundled\index.js:46907:29)
    at _Deserializer._deserializeAndAssignField (C:\ProgramData\cocos\editors\Creator\3.8.8\resources\resources\3d\engine\bin\.cache\dev\editor\bundled\index.js:47080:36)
    at eval (C:\ProgramData\cocos\editors\Creator\3.8.8\resources\resources\3d\engine\bin\.cache\dev\editor\bundled\index.js:46669:15)
9-9-2026 18:35:14 - warn: [Scene] Missing class: 1cbcdGjxwFMXJTanym+R192Error: [Scene] Missing class: 1cbcdGjxwFMXJTanym+R192
    at console.warn (C:\ProgramData\cocos\editors\Creator\3.8.8\resources\app.asar\node_modules\@sentry\core\src\utils-hoist\instrument\console.ts:40:14)
    at Object.classFinder (C:\ProgramData\cocos\editors\Creator\3.8.8\resources\app.asar\builtin\engine\dist\editor-extends\missing-reporter\missing-class-reporter.ccc:7:982)
    at _Deserializer.classFinder [as _classFinder] (C:\ProgramData\cocos\editors\Creator\3.8.8\resources\resources\3d\engine\bin\.cache\dev\editor\bundled\index.js:137273:34)
    at _Deserializer._deserializeTypeTaggedObject (C:\ProgramData\cocos\editors\Creator\3.8.8\resources\resources\3d\engine\bin\.cache\dev\editor\bundled\index.js:46947:30)
    at _Deserializer._deserializeObject (C:\ProgramData\cocos\editors\Creator\3.8.8\resources\resources\3d\engine\bin\.cache\dev\editor\bundled\index.js:46901:29)
    at _Deserializer._deserializeAndAssignField (C:\ProgramData\cocos\editors\Creator\3.8.8\resources\resources\3d\engine\bin\.cache\dev\editor\bundled\index.js:47068:38)
    at _Deserializer._fillPlainObject (C:\ProgramData\cocos\editors\Creator\3.8.8\resources\resources\3d\engine\bin\.cache\dev\editor\bundled\index.js:47125:40)
    at eval (C:\ProgramData\cocos\editors\Creator\3.8.8\resources\resources\3d\engine\bin\.cache\dev\editor\bundled\index.js:46682:11)
    at deserialize (C:\ProgramData\cocos\editors\Creator\3.8.8\resources\resources\3d\engine\bin\.cache\dev\editor\bundled\index.js:47040:19)
    at _Deserializer._deserializeFireClass (C:\ProgramData\cocos\editors\Creator\3.8.8\resources\resources\3d\engine\bin\.cache\dev\editor\bundled\index.js:47051:11)
    at _Deserializer._deserializeInto (C:\ProgramData\cocos\editors\Creator\3.8.8\resources\resources\3d\engine\bin\.cache\dev\editor\bundled\index.js:46993:18)
    at _Deserializer._deserializeTypeTaggedObject (C:\ProgramData\cocos\editors\Creator\3.8.8\resources\resources\3d\engine\bin\.cache\dev\editor\bundled\index.js:46970:20)
    at _Deserializer._deserializeObject (C:\ProgramData\cocos\editors\Creator\3.8.8\resources\resources\3d\engine\bin\.cache\dev\editor\bundled\index.js:46901:29)
    at _Deserializer._deserializeAndAssignField (C:\ProgramData\cocos\editors\Creator\3.8.8\resources\resources\3d\engine\bin\.cache\dev\editor\bundled\index.js:47068:38)
    at _Deserializer._fillPlainObject (C:\ProgramData\cocos\editors\Creator\3.8.8\resources\resources\3d\engine\bin\.cache\dev\editor\bundled\index.js:47125:40)
    at eval (C:\ProgramData\cocos\editors\Creator\3.8.8\resources\resources\3d\engine\bin\.cache\dev\editor\bundled\index.js:46682:11)
    at deserialize (C:\ProgramData\cocos\editors\Creator\3.8.8\resources\resources\3d\engine\bin\.cache\dev\editor\bundled\index.js:47040:19)
    at _Deserializer._deserializeFireClass (C:\ProgramData\cocos\editors\Creator\3.8.8\resources\resources\3d\engine\bin\.cache\dev\editor\bundled\index.js:47051:11)
    at _Deserializer._deserializeInto (C:\ProgramData\cocos\editors\Creator\3.8.8\resources\resources\3d\engine\bin\.cache\dev\editor\bundled\index.js:46993:18)
    at _Deserializer._deserializeTypeTaggedObject (C:\ProgramData\cocos\editors\Creator\3.8.8\resources\resources\3d\engine\bin\.cache\dev\editor\bundled\index.js:46970:20)
    at _Deserializer._deserializeObject (C:\ProgramData\cocos\editors\Creator\3.8.8\resources\resources\3d\engine\bin\.cache\dev\editor\bundled\index.js:46901:29)
    at _Deserializer._deserializeAndAssignField (C:\ProgramData\cocos\editors\Creator\3.8.8\resources\resources\3d\engine\bin\.cache\dev\editor\bundled\index.js:47068:38)
    at _Deserializer._deserializeArray (C:\ProgramData\cocos\editors\Creator\3.8.8\resources\resources\3d\engine\bin\.cache\dev\editor\bundled\index.js:46929:40)
    at _Deserializer._deserializeObject (C:\ProgramData\cocos\editors\Creator\3.8.8\resources\resources\3d\engine\bin\.cache\dev\editor\bundled\index.js:46907:29)
    at _Deserializer._deserializeAndAssignField (C:\ProgramData\cocos\editors\Creator\3.8.8\resources\resources\3d\engine\bin\.cache\dev\editor\bundled\index.js:47080:36)
    at eval (C:\ProgramData\cocos\editors\Creator\3.8.8\resources\resources\3d\engine\bin\.cache\dev\editor\bundled\index.js:46669:15)
    at _Deserializer._deserializeFireClass (C:\ProgramData\cocos\editors\Creator\3.8.8\resources\resources\3d\engine\bin\.cache\dev\editor\bundled\index.js:47051:11)
    at _Deserializer._deserializeInto (C:\ProgramData\cocos\editors\Creator\3.8.8\resources\resources\3d\engine\bin\.cache\dev\editor\bundled\index.js:46993:18)
    at _Deserializer._deserializeTypeTaggedObject (C:\ProgramData\cocos\editors\Creator\3.8.8\resources\resources\3d\engine\bin\.cache\dev\editor\bundled\index.js:46965:18)
    at _Deserializer._deserializeObject (C:\ProgramData\cocos\editors\Creator\3.8.8\resources\resources\3d\engine\bin\.cache\dev\editor\bundled\index.js:46901:29)
    at _Deserializer._deserializeAndAssignField (C:\ProgramData\cocos\editors\Creator\3.8.8\resources\resources\3d\engine\bin\.cache\dev\editor\bundled\index.js:47068:38)
    at _Deserializer._deserializeArray (C:\ProgramData\cocos\editors\Creator\3.8.8\resources\resources\3d\engine\bin\.cache\dev\editor\bundled\index.js:46929:40)
    at _Deserializer._deserializeObject (C:\ProgramData\cocos\editors\Creator\3.8.8\resources\resources\3d\engine\bin\.cache\dev\editor\bundled\index.js:46907:29)
    at _Deserializer._deserializeAndAssignField (C:\ProgramData\cocos\editors\Creator\3.8.8\resources\resources\3d\engine\bin\.cache\dev\editor\bundled\index.js:47080:36)
    at eval (C:\ProgramData\cocos\editors\Creator\3.8.8\resources\resources\3d\engine\bin\.cache\dev\editor\bundled\index.js:46669:15)
    at _Deserializer._deserializeFireClass (C:\ProgramData\cocos\editors\Creator\3.8.8\resources\resources\3d\engine\bin\.cache\dev\editor\bundled\index.js:47051:11)
    at _Deserializer._deserializeInto (C:\ProgramData\cocos\editors\Creator\3.8.8\resources\resources\3d\engine\bin\.cache\dev\editor\bundled\index.js:46993:18)
    at _Deserializer._deserializeTypeTaggedObject (C:\ProgramData\cocos\editors\Creator\3.8.8\resources\resources\3d\engine\bin\.cache\dev\editor\bundled\index.js:46965:18)
    at _Deserializer._deserializeObject (C:\ProgramData\cocos\editors\Creator\3.8.8\resources\resources\3d\engine\bin\.cache\dev\editor\bundled\index.js:46901:29)
    at _Deserializer._deserializeAndAssignField (C:\ProgramData\cocos\editors\Creator\3.8.8\resources\resources\3d\engine\bin\.cache\dev\editor\bundled\index.js:47068:38)
    at _Deserializer._deserializeArray (C:\ProgramData\cocos\editors\Creator\3.8.8\resources\resources\3d\engine\bin\.cache\dev\editor\bundled\index.js:46929:40)
    at _Deserializer._deserializeObject (C:\ProgramData\cocos\editors\Creator\3.8.8\resources\resources\3d\engine\bin\.cache\dev\editor\bundled\index.js:46907:29)
    at _Deserializer._deserializeAndAssignField (C:\ProgramData\cocos\editors\Creator\3.8.8\resources\resources\3d\engine\bin\.cache\dev\editor\bundled\index.js:47080:36)
    at eval (C:\ProgramData\cocos\editors\Creator\3.8.8\resources\resources\3d\engine\bin\.cache\dev\editor\bundled\index.js:46669:15)
    at _Deserializer._deserializeFireClass (C:\ProgramData\cocos\editors\Creator\3.8.8\resources\resources\3d\engine\bin\.cache\dev\editor\bundled\index.js:47051:11)
    at _Deserializer._deserializeInto (C:\ProgramData\cocos\editors\Creator\3.8.8\resources\resources\3d\engine\bin\.cache\dev\editor\bundled\index.js:46993:18)
    at _Deserializer._deserializeTypeTaggedObject (C:\ProgramData\cocos\editors\Creator\3.8.8\resources\resources\3d\engine\bin\.cache\dev\editor\bundled\index.js:46965:18)
9-9-2026 18:35:14 - warn: [Scene] Missing class: MiniMapUnitIconInfoError: [Scene] Missing class: MiniMapUnitIconInfo
    at console.warn (C:\ProgramData\cocos\editors\Creator\3.8.8\resources\app.asar\node_modules\@sentry\core\src\utils-hoist\instrument\console.ts:40:14)
    at Object.classFinder (C:\ProgramData\cocos\editors\Creator\3.8.8\resources\app.asar\builtin\engine\dist\editor-extends\missing-reporter\missing-class-reporter.ccc:7:982)
    at _Deserializer.classFinder [as _classFinder] (C:\ProgramData\cocos\editors\Creator\3.8.8\resources\resources\3d\engine\bin\.cache\dev\editor\bundled\index.js:137273:34)
    at _Deserializer._deserializeTypeTaggedObject (C:\ProgramData\cocos\editors\Creator\3.8.8\resources\resources\3d\engine\bin\.cache\dev\editor\bundled\index.js:46947:30)
    at _Deserializer._deserializeObject (C:\ProgramData\cocos\editors\Creator\3.8.8\resources\resources\3d\engine\bin\.cache\dev\editor\bundled\index.js:46901:29)
    at _Deserializer._deserializeAndAssignField (C:\ProgramData\cocos\editors\Creator\3.8.8\resources\resources\3d\engine\bin\.cache\dev\editor\bundled\index.js:47068:38)
    at _Deserializer._deserializeArray (C:\ProgramData\cocos\editors\Creator\3.8.8\resources\resources\3d\engine\bin\.cache\dev\editor\bundled\index.js:46929:40)
    at _Deserializer._deserializeObject (C:\ProgramData\cocos\editors\Creator\3.8.8\resources\resources\3d\engine\bin\.cache\dev\editor\bundled\index.js:46907:29)
    at _Deserializer._deserializeAndAssignField (C:\ProgramData\cocos\editors\Creator\3.8.8\resources\resources\3d\engine\bin\.cache\dev\editor\bundled\index.js:47080:36)
    at _Deserializer._fillPlainObject (C:\ProgramData\cocos\editors\Creator\3.8.8\resources\resources\3d\engine\bin\.cache\dev\editor\bundled\index.js:47125:40)
    at eval (C:\ProgramData\cocos\editors\Creator\3.8.8\resources\resources\3d\engine\bin\.cache\dev\editor\bundled\index.js:46682:11)
    at deserialize (C:\ProgramData\cocos\editors\Creator\3.8.8\resources\resources\3d\engine\bin\.cache\dev\editor\bundled\index.js:47040:19)
    at _Deserializer._deserializeFireClass (C:\ProgramData\cocos\editors\Creator\3.8.8\resources\resources\3d\engine\bin\.cache\dev\editor\bundled\index.js:47051:11)
    at _Deserializer._deserializeInto (C:\ProgramData\cocos\editors\Creator\3.8.8\resources\resources\3d\engine\bin\.cache\dev\editor\bundled\index.js:46993:18)
    at _Deserializer._deserializeTypeTaggedObject (C:\ProgramData\cocos\editors\Creator\3.8.8\resources\resources\3d\engine\bin\.cache\dev\editor\bundled\index.js:46970:20)
    at _Deserializer._deserializeObject (C:\ProgramData\cocos\editors\Creator\3.8.8\resources\resources\3d\engine\bin\.cache\dev\editor\bundled\index.js:46901:29)
    at _Deserializer._deserializeAndAssignField (C:\ProgramData\cocos\editors\Creator\3.8.8\resources\resources\3d\engine\bin\.cache\dev\editor\bundled\index.js:47068:38)
    at _Deserializer._deserializeArray (C:\ProgramData\cocos\editors\Creator\3.8.8\resources\resources\3d\engine\bin\.cache\dev\editor\bundled\index.js:46929:40)
    at _Deserializer._deserializeObject (C:\ProgramData\cocos\editors\Creator\3.8.8\resources\resources\3d\engine\bin\.cache\dev\editor\bundled\index.js:46907:29)
    at _Deserializer._deserializeAndAssignField (C:\ProgramData\cocos\editors\Creator\3.8.8\resources\resources\3d\engine\bin\.cache\dev\editor\bundled\index.js:47080:36)
    at eval (C:\ProgramData\cocos\editors\Creator\3.8.8\resources\resources\3d\engine\bin\.cache\dev\editor\bundled\index.js:46669:15)
    at _Deserializer._deserializeFireClass (C:\ProgramData\cocos\editors\Creator\3.8.8\resources\resources\3d\engine\bin\.cache\dev\editor\bundled\index.js:47051:11)
    at _Deserializer._deserializeInto (C:\ProgramData\cocos\editors\Creator\3.8.8\resources\resources\3d\engine\bin\.cache\dev\editor\bundled\index.js:46993:18)
    at _Deserializer._deserializeTypeTaggedObject (C:\ProgramData\cocos\editors\Creator\3.8.8\resources\resources\3d\engine\bin\.cache\dev\editor\bundled\index.js:46965:18)
    at _Deserializer._deserializeObject (C:\ProgramData\cocos\editors\Creator\3.8.8\resources\resources\3d\engine\bin\.cache\dev\editor\bundled\index.js:46901:29)
    at _Deserializer._deserializeAndAssignField (C:\ProgramData\cocos\editors\Creator\3.8.8\resources\resources\3d\engine\bin\.cache\dev\editor\bundled\index.js:47068:38)
    at _Deserializer._deserializeArray (C:\ProgramData\cocos\editors\Creator\3.8.8\resources\resources\3d\engine\bin\.cache\dev\editor\bundled\index.js:46929:40)
    at _Deserializer._deserializeObject (C:\ProgramData\cocos\editors\Creator\3.8.8\resources\resources\3d\engine\bin\.cache\dev\editor\bundled\index.js:46907:29)
    at _Deserializer._deserializeAndAssignField (C:\ProgramData\cocos\editors\Creator\3.8.8\resources\resources\3d\engine\bin\.cache\dev\editor\bundled\index.js:47080:36)
    at eval (C:\ProgramData\cocos\editors\Creator\3.8.8\resources\resources\3d\engine\bin\.cache\dev\editor\bundled\index.js:46669:15)
    at _Deserializer._deserializeFireClass (C:\ProgramData\cocos\editors\Creator\3.8.8\resources\resources\3d\engine\bin\.cache\dev\editor\bundled\index.js:47051:11)
    at _Deserializer._deserializeInto (C:\ProgramData\cocos\editors\Creator\3.8.8\resources\resources\3d\engine\bin\.cache\dev\editor\bundled\index.js:46993:18)
    at _Deserializer._deserializeTypeTaggedObject (C:\ProgramData\cocos\editors\Creator\3.8.8\resources\resources\3d\engine\bin\.cache\dev\editor\bundled\index.js:46965:18)
    at _Deserializer._deserializeObject (C:\ProgramData\cocos\editors\Creator\3.8.8\resources\resources\3d\engine\bin\.cache\dev\editor\bundled\index.js:46901:29)
    at _Deserializer._deserializeAndAssignField (C:\ProgramData\cocos\editors\Creator\3.8.8\resources\resources\3d\engine\bin\.cache\dev\editor\bundled\index.js:47068:38)
    at _Deserializer._deserializeArray (C:\ProgramData\cocos\editors\Creator\3.8.8\resources\resources\3d\engine\bin\.cache\dev\editor\bundled\index.js:46929:40)
    at _Deserializer._deserializeObject (C:\ProgramData\cocos\editors\Creator\3.8.8\resources\resources\3d\engine\bin\.cache\dev\editor\bundled\index.js:46907:29)
    at _Deserializer._deserializeAndAssignField (C:\ProgramData\cocos\editors\Creator\3.8.8\resources\resources\3d\engine\bin\.cache\dev\editor\bundled\index.js:47080:36)
    at eval (C:\ProgramData\cocos\editors\Creator\3.8.8\resources\resources\3d\engine\bin\.cache\dev\editor\bundled\index.js:46669:15)
    at _Deserializer._deserializeFireClass (C:\ProgramData\cocos\editors\Creator\3.8.8\resources\resources\3d\engine\bin\.cache\dev\editor\bundled\index.js:47051:11)
    at _Deserializer._deserializeInto (C:\ProgramData\cocos\editors\Creator\3.8.8\resources\resources\3d\engine\bin\.cache\dev\editor\bundled\index.js:46993:18)
    at _Deserializer._deserializeTypeTaggedObject (C:\ProgramData\cocos\editors\Creator\3.8.8\resources\resources\3d\engine\bin\.cache\dev\editor\bundled\index.js:46965:18)
    at _Deserializer._deserializeObject (C:\ProgramData\cocos\editors\Creator\3.8.8\resources\resources\3d\engine\bin\.cache\dev\editor\bundled\index.js:46901:29)
    at _Deserializer._deserializeAndAssignField (C:\ProgramData\cocos\editors\Creator\3.8.8\resources\resources\3d\engine\bin\.cache\dev\editor\bundled\index.js:47068:38)
    at _Deserializer._deserializeArray (C:\ProgramData\cocos\editors\Creator\3.8.8\resources\resources\3d\engine\bin\.cache\dev\editor\bundled\index.js:46929:40)
    at _Deserializer._deserializeObject (C:\ProgramData\cocos\editors\Creator\3.8.8\resources\resources\3d\engine\bin\.cache\dev\editor\bundled\index.js:46907:29)
    at _Deserializer._deserializeAndAssignField (C:\ProgramData\cocos\editors\Creator\3.8.8\resources\resources\3d\engine\bin\.cache\dev\editor\bundled\index.js:47080:36)
9-9-2026 18:35:14 - warn: [Scene] Missing class: MiniMapUnitIconInfoError: [Scene] Missing class: MiniMapUnitIconInfo
    at console.warn (C:\ProgramData\cocos\editors\Creator\3.8.8\resources\app.asar\node_modules\@sentry\core\src\utils-hoist\instrument\console.ts:40:14)
    at Object.classFinder (C:\ProgramData\cocos\editors\Creator\3.8.8\resources\app.asar\builtin\engine\dist\editor-extends\missing-reporter\missing-class-reporter.ccc:7:982)
    at _Deserializer.classFinder [as _classFinder] (C:\ProgramData\cocos\editors\Creator\3.8.8\resources\resources\3d\engine\bin\.cache\dev\editor\bundled\index.js:137273:34)
    at _Deserializer._deserializeTypeTaggedObject (C:\ProgramData\cocos\editors\Creator\3.8.8\resources\resources\3d\engine\bin\.cache\dev\editor\bundled\index.js:46947:30)
    at _Deserializer._deserializeObject (C:\ProgramData\cocos\editors\Creator\3.8.8\resources\resources\3d\engine\bin\.cache\dev\editor\bundled\index.js:46901:29)
    at _Deserializer._deserializeAndAssignField (C:\ProgramData\cocos\editors\Creator\3.8.8\resources\resources\3d\engine\bin\.cache\dev\editor\bundled\index.js:47068:38)
    at _Deserializer._deserializeArray (C:\ProgramData\cocos\editors\Creator\3.8.8\resources\resources\3d\engine\bin\.cache\dev\editor\bundled\index.js:46929:40)
    at _Deserializer._deserializeObject (C:\ProgramData\cocos\editors\Creator\3.8.8\resources\resources\3d\engine\bin\.cache\dev\editor\bundled\index.js:46907:29)
    at _Deserializer._deserializeAndAssignField (C:\ProgramData\cocos\editors\Creator\3.8.8\resources\resources\3d\engine\bin\.cache\dev\editor\bundled\index.js:47080:36)
    at _Deserializer._fillPlainObject (C:\ProgramData\cocos\editors\Creator\3.8.8\resources\resources\3d\engine\bin\.cache\dev\editor\bundled\index.js:47125:40)
    at eval (C:\ProgramData\cocos\editors\Creator\3.8.8\resources\resources\3d\engine\bin\.cache\dev\editor\bundled\index.js:46682:11)
    at deserialize (C:\ProgramData\cocos\editors\Creator\3.8.8\resources\resources\3d\engine\bin\.cache\dev\editor\bundled\index.js:47040:19)
    at _Deserializer._deserializeFireClass (C:\ProgramData\cocos\editors\Creator\3.8.8\resources\resources\3d\engine\bin\.cache\dev\editor\bundled\index.js:47051:11)
    at _Deserializer._deserializeInto (C:\ProgramData\cocos\editors\Creator\3.8.8\resources\resources\3d\engine\bin\.cache\dev\editor\bundled\index.js:46993:18)
    at _Deserializer._deserializeTypeTaggedObject (C:\ProgramData\cocos\editors\Creator\3.8.8\resources\resources\3d\engine\bin\.cache\dev\editor\bundled\index.js:46970:20)
    at _Deserializer._deserializeObject (C:\ProgramData\cocos\editors\Creator\3.8.8\resources\resources\3d\engine\bin\.cache\dev\editor\bundled\index.js:46901:29)
    at _Deserializer._deserializeAndAssignField (C:\ProgramData\cocos\editors\Creator\3.8.8\resources\resources\3d\engine\bin\.cache\dev\editor\bundled\index.js:47068:38)
    at _Deserializer._deserializeArray (C:\ProgramData\cocos\editors\Creator\3.8.8\resources\resources\3d\engine\bin\.cache\dev\editor\bundled\index.js:46929:40)
    at _Deserializer._deserializeObject (C:\ProgramData\cocos\editors\Creator\3.8.8\resources\resources\3d\engine\bin\.cache\dev\editor\bundled\index.js:46907:29)
    at _Deserializer._deserializeAndAssignField (C:\ProgramData\cocos\editors\Creator\3.8.8\resources\resources\3d\engine\bin\.cache\dev\editor\bundled\index.js:47080:36)
    at eval (C:\ProgramData\cocos\editors\Creator\3.8.8\resources\resources\3d\engine\bin\.cache\dev\editor\bundled\index.js:46669:15)
    at _Deserializer._deserializeFireClass (C:\ProgramData\cocos\editors\Creator\3.8.8\resources\resources\3d\engine\bin\.cache\dev\editor\bundled\index.js:47051:11)
    at _Deserializer._deserializeInto (C:\ProgramData\cocos\editors\Creator\3.8.8\resources\resources\3d\engine\bin\.cache\dev\editor\bundled\index.js:46993:18)
    at _Deserializer._deserializeTypeTaggedObject (C:\ProgramData\cocos\editors\Creator\3.8.8\resources\resources\3d\engine\bin\.cache\dev\editor\bundled\index.js:46965:18)
    at _Deserializer._deserializeObject (C:\ProgramData\cocos\editors\Creator\3.8.8\resources\resources\3d\engine\bin\.cache\dev\editor\bundled\index.js:46901:29)
    at _Deserializer._deserializeAndAssignField (C:\ProgramData\cocos\editors\Creator\3.8.8\resources\resources\3d\engine\bin\.cache\dev\editor\bundled\index.js:47068:38)
    at _Deserializer._deserializeArray (C:\ProgramData\cocos\editors\Creator\3.8.8\resources\resources\3d\engine\bin\.cache\dev\editor\bundled\index.js:46929:40)
    at _Deserializer._deserializeObject (C:\ProgramData\cocos\editors\Creator\3.8.8\resources\resources\3d\engine\bin\.cache\dev\editor\bundled\index.js:46907:29)
    at _Deserializer._deserializeAndAssignField (C:\ProgramData\cocos\editors\Creator\3.8.8\resources\resources\3d\engine\bin\.cache\dev\editor\bundled\index.js:47080:36)
    at eval (C:\ProgramData\cocos\editors\Creator\3.8.8\resources\resources\3d\engine\bin\.cache\dev\editor\bundled\index.js:46669:15)
    at _Deserializer._deserializeFireClass (C:\ProgramData\cocos\editors\Creator\3.8.8\resources\resources\3d\engine\bin\.cache\dev\editor\bundled\index.js:47051:11)
    at _Deserializer._deserializeInto (C:\ProgramData\cocos\editors\Creator\3.8.8\resources\resources\3d\engine\bin\.cache\dev\editor\bundled\index.js:46993:18)
    at _Deserializer._deserializeTypeTaggedObject (C:\ProgramData\cocos\editors\Creator\3.8.8\resources\resources\3d\engine\bin\.cache\dev\editor\bundled\index.js:46965:18)
    at _Deserializer._deserializeObject (C:\ProgramData\cocos\editors\Creator\3.8.8\resources\resources\3d\engine\bin\.cache\dev\editor\bundled\index.js:46901:29)
    at _Deserializer._deserializeAndAssignField (C:\ProgramData\cocos\editors\Creator\3.8.8\resources\resources\3d\engine\bin\.cache\dev\editor\bundled\index.js:47068:38)
    at _Deserializer._deserializeArray (C:\ProgramData\cocos\editors\Creator\3.8.8\resources\resources\3d\engine\bin\.cache\dev\editor\bundled\index.js:46929:40)
    at _Deserializer._deserializeObject (C:\ProgramData\cocos\editors\Creator\3.8.8\resources\resources\3d\engine\bin\.cache\dev\editor\bundled\index.js:46907:29)
    at _Deserializer._deserializeAndAssignField (C:\ProgramData\cocos\editors\Creator\3.8.8\resources\resources\3d\engine\bin\.cache\dev\editor\bundled\index.js:47080:36)
    at eval (C:\ProgramData\cocos\editors\Creator\3.8.8\resources\resources\3d\engine\bin\.cache\dev\editor\bundled\index.js:46669:15)
    at _Deserializer._deserializeFireClass (C:\ProgramData\cocos\editors\Creator\3.8.8\resources\resources\3d\engine\bin\.cache\dev\editor\bundled\index.js:47051:11)
    at _Deserializer._deserializeInto (C:\ProgramData\cocos\editors\Creator\3.8.8\resources\resources\3d\engine\bin\.cache\dev\editor\bundled\index.js:46993:18)
    at _Deserializer._deserializeTypeTaggedObject (C:\ProgramData\cocos\editors\Creator\3.8.8\resources\resources\3d\engine\bin\.cache\dev\editor\bundled\index.js:46965:18)
    at _Deserializer._deserializeObject (C:\ProgramData\cocos\editors\Creator\3.8.8\resources\resources\3d\engine\bin\.cache\dev\editor\bundled\index.js:46901:29)
    at _Deserializer._deserializeAndAssignField (C:\ProgramData\cocos\editors\Creator\3.8.8\resources\resources\3d\engine\bin\.cache\dev\editor\bundled\index.js:47068:38)
    at _Deserializer._deserializeArray (C:\ProgramData\cocos\editors\Creator\3.8.8\resources\resources\3d\engine\bin\.cache\dev\editor\bundled\index.js:46929:40)
    at _Deserializer._deserializeObject (C:\ProgramData\cocos\editors\Creator\3.8.8\resources\resources\3d\engine\bin\.cache\dev\editor\bundled\index.js:46907:29)
    at _Deserializer._deserializeAndAssignField (C:\ProgramData\cocos\editors\Creator\3.8.8\resources\resources\3d\engine\bin\.cache\dev\editor\bundled\index.js:47080:36)
9-9-2026 18:35:14 - warn: [Scene] Missing class: MiniMapUnitIconInfoError: [Scene] Missing class: MiniMapUnitIconInfo
    at console.warn (C:\ProgramData\cocos\editors\Creator\3.8.8\resources\app.asar\node_modules\@sentry\core\src\utils-hoist\instrument\console.ts:40:14)
    at Object.classFinder (C:\ProgramData\cocos\editors\Creator\3.8.8\resources\app.asar\builtin\engine\dist\editor-extends\missing-reporter\missing-class-reporter.ccc:7:982)
    at _Deserializer.classFinder [as _classFinder] (C:\ProgramData\cocos\editors\Creator\3.8.8\resources\resources\3d\engine\bin\.cache\dev\editor\bundled\index.js:137273:34)
    at _Deserializer._deserializeTypeTaggedObject (C:\ProgramData\cocos\editors\Creator\3.8.8\resources\resources\3d\engine\bin\.cache\dev\editor\bundled\index.js:46947:30)
    at _Deserializer._deserializeObject (C:\ProgramData\cocos\editors\Creator\3.8.8\resources\resources\3d\engine\bin\.cache\dev\editor\bundled\index.js:46901:29)
    at _Deserializer._deserializeAndAssignField (C:\ProgramData\cocos\editors\Creator\3.8.8\resources\resources\3d\engine\bin\.cache\dev\editor\bundled\index.js:47068:38)
    at _Deserializer._deserializeArray (C:\ProgramData\cocos\editors\Creator\3.8.8\resources\resources\3d\engine\bin\.cache\dev\editor\bundled\index.js:46929:40)
    at _Deserializer._deserializeObject (C:\ProgramData\cocos\editors\Creator\3.8.8\resources\resources\3d\engine\bin\.cache\dev\editor\bundled\index.js:46907:29)
    at _Deserializer._deserializeAndAssignField (C:\ProgramData\cocos\editors\Creator\3.8.8\resources\resources\3d\engine\bin\.cache\dev\editor\bundled\index.js:47080:36)
    at _Deserializer._fillPlainObject (C:\ProgramData\cocos\editors\Creator\3.8.8\resources\resources\3d\engine\bin\.cache\dev\editor\bundled\index.js:47125:40)
    at eval (C:\ProgramData\cocos\editors\Creator\3.8.8\resources\resources\3d\engine\bin\.cache\dev\editor\bundled\index.js:46682:11)
    at deserialize (C:\ProgramData\cocos\editors\Creator\3.8.8\resources\resources\3d\engine\bin\.cache\dev\editor\bundled\index.js:47040:19)
    at _Deserializer._deserializeFireClass (C:\ProgramData\cocos\editors\Creator\3.8.8\resources\resources\3d\engine\bin\.cache\dev\editor\bundled\index.js:47051:11)
    at _Deserializer._deserializeInto (C:\ProgramData\cocos\editors\Creator\3.8.8\resources\resources\3d\engine\bin\.cache\dev\editor\bundled\index.js:46993:18)
    at _Deserializer._deserializeTypeTaggedObject (C:\ProgramData\cocos\editors\Creator\3.8.8\resources\resources\3d\engine\bin\.cache\dev\editor\bundled\index.js:46970:20)
    at _Deserializer._deserializeObject (C:\ProgramData\cocos\editors\Creator\3.8.8\resources\resources\3d\engine\bin\.cache\dev\editor\bundled\index.js:46901:29)
    at _Deserializer._deserializeAndAssignField (C:\ProgramData\cocos\editors\Creator\3.8.8\resources\resources\3d\engine\bin\.cache\dev\editor\bundled\index.js:47068:38)
    at _Deserializer._deserializeArray (C:\ProgramData\cocos\editors\Creator\3.8.8\resources\resources\3d\engine\bin\.cache\dev\editor\bundled\index.js:46929:40)
    at _Deserializer._deserializeObject (C:\ProgramData\cocos\editors\Creator\3.8.8\resources\resources\3d\engine\bin\.cache\dev\editor\bundled\index.js:46907:29)
    at _Deserializer._deserializeAndAssignField (C:\ProgramData\cocos\editors\Creator\3.8.8\resources\resources\3d\engine\bin\.cache\dev\editor\bundled\index.js:47080:36)
    at eval (C:\ProgramData\cocos\editors\Creator\3.8.8\resources\resources\3d\engine\bin\.cache\dev\editor\bundled\index.js:46669:15)
    at _Deserializer._deserializeFireClass (C:\ProgramData\cocos\editors\Creator\3.8.8\resources\resources\3d\engine\bin\.cache\dev\editor\bundled\index.js:47051:11)
    at _Deserializer._deserializeInto (C:\ProgramData\cocos\editors\Creator\3.8.8\resources\resources\3d\engine\bin\.cache\dev\editor\bundled\index.js:46993:18)
    at _Deserializer._deserializeTypeTaggedObject (C:\ProgramData\cocos\editors\Creator\3.8.8\resources\resources\3d\engine\bin\.cache\dev\editor\bundled\index.js:46965:18)
    at _Deserializer._deserializeObject (C:\ProgramData\cocos\editors\Creator\3.8.8\resources\resources\3d\engine\bin\.cache\dev\editor\bundled\index.js:46901:29)
    at _Deserializer._deserializeAndAssignField (C:\ProgramData\cocos\editors\Creator\3.8.8\resources\resources\3d\engine\bin\.cache\dev\editor\bundled\index.js:47068:38)
    at _Deserializer._deserializeArray (C:\ProgramData\cocos\editors\Creator\3.8.8\resources\resources\3d\engine\bin\.cache\dev\editor\bundled\index.js:46929:40)
    at _Deserializer._deserializeObject (C:\ProgramData\cocos\editors\Creator\3.8.8\resources\resources\3d\engine\bin\.cache\dev\editor\bundled\index.js:46907:29)
    at _Deserializer._deserializeAndAssignField (C:\ProgramData\cocos\editors\Creator\3.8.8\resources\resources\3d\engine\bin\.cache\dev\editor\bundled\index.js:47080:36)
    at eval (C:\ProgramData\cocos\editors\Creator\3.8.8\resources\resources\3d\engine\bin\.cache\dev\editor\bundled\index.js:46669:15)
    at _Deserializer._deserializeFireClass (C:\ProgramData\cocos\editors\Creator\3.8.8\resources\resources\3d\engine\bin\.cache\dev\editor\bundled\index.js:47051:11)
    at _Deserializer._deserializeInto (C:\ProgramData\cocos\editors\Creator\3.8.8\resources\resources\3d\engine\bin\.cache\dev\editor\bundled\index.js:46993:18)
    at _Deserializer._deserializeTypeTaggedObject (C:\ProgramData\cocos\editors\Creator\3.8.8\resources\resources\3d\engine\bin\.cache\dev\editor\bundled\index.js:46965:18)
    at _Deserializer._deserializeObject (C:\ProgramData\cocos\editors\Creator\3.8.8\resources\resources\3d\engine\bin\.cache\dev\editor\bundled\index.js:46901:29)
    at _Deserializer._deserializeAndAssignField (C:\ProgramData\cocos\editors\Creator\3.8.8\resources\resources\3d\engine\bin\.cache\dev\editor\bundled\index.js:47068:38)
    at _Deserializer._deserializeArray (C:\ProgramData\cocos\editors\Creator\3.8.8\resources\resources\3d\engine\bin\.cache\dev\editor\bundled\index.js:46929:40)
    at _Deserializer._deserializeObject (C:\ProgramData\cocos\editors\Creator\3.8.8\resources\resources\3d\engine\bin\.cache\dev\editor\bundled\index.js:46907:29)
    at _Deserializer._deserializeAndAssignField (C:\ProgramData\cocos\editors\Creator\3.8.8\resources\resources\3d\engine\bin\.cache\dev\editor\bundled\index.js:47080:36)
    at eval (C:\ProgramData\cocos\editors\Creator\3.8.8\resources\resources\3d\engine\bin\.cache\dev\editor\bundled\index.js:46669:15)
    at _Deserializer._deserializeFireClass (C:\ProgramData\cocos\editors\Creator\3.8.8\resources\resources\3d\engine\bin\.cache\dev\editor\bundled\index.js:47051:11)
    at _Deserializer._deserializeInto (C:\ProgramData\cocos\editors\Creator\3.8.8\resources\resources\3d\engine\bin\.cache\dev\editor\bundled\index.js:46993:18)
    at _Deserializer._deserializeTypeTaggedObject (C:\ProgramData\cocos\editors\Creator\3.8.8\resources\resources\3d\engine\bin\.cache\dev\editor\bundled\index.js:46965:18)
    at _Deserializer._deserializeObject (C:\ProgramData\cocos\editors\Creator\3.8.8\resources\resources\3d\engine\bin\.cache\dev\editor\bundled\index.js:46901:29)
    at _Deserializer._deserializeAndAssignField (C:\ProgramData\cocos\editors\Creator\3.8.8\resources\resources\3d\engine\bin\.cache\dev\editor\bundled\index.js:47068:38)
    at _Deserializer._deserializeArray (C:\ProgramData\cocos\editors\Creator\3.8.8\resources\resources\3d\engine\bin\.cache\dev\editor\bundled\index.js:46929:40)
    at _Deserializer._deserializeObject (C:\ProgramData\cocos\editors\Creator\3.8.8\resources\resources\3d\engine\bin\.cache\dev\editor\bundled\index.js:46907:29)
    at _Deserializer._deserializeAndAssignField (C:\ProgramData\cocos\editors\Creator\3.8.8\resources\resources\3d\engine\bin\.cache\dev\editor\bundled\index.js:47080:36)
9-9-2026 18:35:14 - warn: [Scene] Missing class: MiniMapUnitIconInfoError: [Scene] Missing class: MiniMapUnitIconInfo
    at console.warn (C:\ProgramData\cocos\editors\Creator\3.8.8\resources\app.asar\node_modules\@sentry\core\src\utils-hoist\instrument\console.ts:40:14)
    at Object.classFinder (C:\ProgramData\cocos\editors\Creator\3.8.8\resources\app.asar\builtin\engine\dist\editor-extends\missing-reporter\missing-class-reporter.ccc:7:982)
    at _Deserializer.classFinder [as _classFinder] (C:\ProgramData\cocos\editors\Creator\3.8.8\resources\resources\3d\engine\bin\.cache\dev\editor\bundled\index.js:137273:34)
    at _Deserializer._deserializeTypeTaggedObject (C:\ProgramData\cocos\editors\Creator\3.8.8\resources\resources\3d\engine\bin\.cache\dev\editor\bundled\index.js:46947:30)
    at _Deserializer._deserializeObject (C:\ProgramData\cocos\editors\Creator\3.8.8\resources\resources\3d\engine\bin\.cache\dev\editor\bundled\index.js:46901:29)
    at _Deserializer._deserializeAndAssignField (C:\ProgramData\cocos\editors\Creator\3.8.8\resources\resources\3d\engine\bin\.cache\dev\editor\bundled\index.js:47068:38)
    at _Deserializer._deserializeArray (C:\ProgramData\cocos\editors\Creator\3.8.8\resources\resources\3d\engine\bin\.cache\dev\editor\bundled\index.js:46929:40)
    at _Deserializer._deserializeObject (C:\ProgramData\cocos\editors\Creator\3.8.8\resources\resources\3d\engine\bin\.cache\dev\editor\bundled\index.js:46907:29)
    at _Deserializer._deserializeAndAssignField (C:\ProgramData\cocos\editors\Creator\3.8.8\resources\resources\3d\engine\bin\.cache\dev\editor\bundled\index.js:47080:36)
    at _Deserializer._fillPlainObject (C:\ProgramData\cocos\editors\Creator\3.8.8\resources\resources\3d\engine\bin\.cache\dev\editor\bundled\index.js:47125:40)
    at eval (C:\ProgramData\cocos\editors\Creator\3.8.8\resources\resources\3d\engine\bin\.cache\dev\editor\bundled\index.js:46682:11)
    at deserialize (C:\ProgramData\cocos\editors\Creator\3.8.8\resources\resources\3d\engine\bin\.cache\dev\editor\bundled\index.js:47040:19)
    at _Deserializer._deserializeFireClass (C:\ProgramData\cocos\editors\Creator\3.8.8\resources\resources\3d\engine\bin\.cache\dev\editor\bundled\index.js:47051:11)
    at _Deserializer._deserializeInto (C:\ProgramData\cocos\editors\Creator\3.8.8\resources\resources\3d\engine\bin\.cache\dev\editor\bundled\index.js:46993:18)
    at _Deserializer._deserializeTypeTaggedObject (C:\ProgramData\cocos\editors\Creator\3.8.8\resources\resources\3d\engine\bin\.cache\dev\editor\bundled\index.js:46970:20)
    at _Deserializer._deserializeObject (C:\ProgramData\cocos\editors\Creator\3.8.8\resources\resources\3d\engine\bin\.cache\dev\editor\bundled\index.js:46901:29)
    at _Deserializer._deserializeAndAssignField (C:\ProgramData\cocos\editors\Creator\3.8.8\resources\resources\3d\engine\bin\.cache\dev\editor\bundled\index.js:47068:38)
    at _Deserializer._deserializeArray (C:\ProgramData\cocos\editors\Creator\3.8.8\resources\resources\3d\engine\bin\.cache\dev\editor\bundled\index.js:46929:40)
    at _Deserializer._deserializeObject (C:\ProgramData\cocos\editors\Creator\3.8.8\resources\resources\3d\engine\bin\.cache\dev\editor\bundled\index.js:46907:29)
    at _Deserializer._deserializeAndAssignField (C:\ProgramData\cocos\editors\Creator\3.8.8\resources\resources\3d\engine\bin\.cache\dev\editor\bundled\index.js:47080:36)
    at eval (C:\ProgramData\cocos\editors\Creator\3.8.8\resources\resources\3d\engine\bin\.cache\dev\editor\bundled\index.js:46669:15)
    at _Deserializer._deserializeFireClass (C:\ProgramData\cocos\editors\Creator\3.8.8\resources\resources\3d\engine\bin\.cache\dev\editor\bundled\index.js:47051:11)
    at _Deserializer._deserializeInto (C:\ProgramData\cocos\editors\Creator\3.8.8\resources\resources\3d\engine\bin\.cache\dev\editor\bundled\index.js:46993:18)
    at _Deserializer._deserializeTypeTaggedObject (C:\ProgramData\cocos\editors\Creator\3.8.8\resources\resources\3d\engine\bin\.cache\dev\editor\bundled\index.js:46965:18)
    at _Deserializer._deserializeObject (C:\ProgramData\cocos\editors\Creator\3.8.8\resources\resources\3d\engine\bin\.cache\dev\editor\bundled\index.js:46901:29)
    at _Deserializer._deserializeAndAssignField (C:\ProgramData\cocos\editors\Creator\3.8.8\resources\resources\3d\engine\bin\.cache\dev\editor\bundled\index.js:47068:38)
    at _Deserializer._deserializeArray (C:\ProgramData\cocos\editors\Creator\3.8.8\resources\resources\3d\engine\bin\.cache\dev\editor\bundled\index.js:46929:40)
    at _Deserializer._deserializeObject (C:\ProgramData\cocos\editors\Creator\3.8.8\resources\resources\3d\engine\bin\.cache\dev\editor\bundled\index.js:46907:29)
    at _Deserializer._deserializeAndAssignField (C:\ProgramData\cocos\editors\Creator\3.8.8\resources\resources\3d\engine\bin\.cache\dev\editor\bundled\index.js:47080:36)
    at eval (C:\ProgramData\cocos\editors\Creator\3.8.8\resources\resources\3d\engine\bin\.cache\dev\editor\bundled\index.js:46669:15)
    at _Deserializer._deserializeFireClass (C:\ProgramData\cocos\editors\Creator\3.8.8\resources\resources\3d\engine\bin\.cache\dev\editor\bundled\index.js:47051:11)
    at _Deserializer._deserializeInto (C:\ProgramData\cocos\editors\Creator\3.8.8\resources\resources\3d\engine\bin\.cache\dev\editor\bundled\index.js:46993:18)
    at _Deserializer._deserializeTypeTaggedObject (C:\ProgramData\cocos\editors\Creator\3.8.8\resources\resources\3d\engine\bin\.cache\dev\editor\bundled\index.js:46965:18)
    at _Deserializer._deserializeObject (C:\ProgramData\cocos\editors\Creator\3.8.8\resources\resources\3d\engine\bin\.cache\dev\editor\bundled\index.js:46901:29)
    at _Deserializer._deserializeAndAssignField (C:\ProgramData\cocos\editors\Creator\3.8.8\resources\resources\3d\engine\bin\.cache\dev\editor\bundled\index.js:47068:38)
    at _Deserializer._deserializeArray (C:\ProgramData\cocos\editors\Creator\3.8.8\resources\resources\3d\engine\bin\.cache\dev\editor\bundled\index.js:46929:40)
    at _Deserializer._deserializeObject (C:\ProgramData\cocos\editors\Creator\3.8.8\resources\resources\3d\engine\bin\.cache\dev\editor\bundled\index.js:46907:29)
    at _Deserializer._deserializeAndAssignField (C:\ProgramData\cocos\editors\Creator\3.8.8\resources\resources\3d\engine\bin\.cache\dev\editor\bundled\index.js:47080:36)
    at eval (C:\ProgramData\cocos\editors\Creator\3.8.8\resources\resources\3d\engine\bin\.cache\dev\editor\bundled\index.js:46669:15)
    at _Deserializer._deserializeFireClass (C:\ProgramData\cocos\editors\Creator\3.8.8\resources\resources\3d\engine\bin\.cache\dev\editor\bundled\index.js:47051:11)
    at _Deserializer._deserializeInto (C:\ProgramData\cocos\editors\Creator\3.8.8\resources\resources\3d\engine\bin\.cache\dev\editor\bundled\index.js:46993:18)
    at _Deserializer._deserializeTypeTaggedObject (C:\ProgramData\cocos\editors\Creator\3.8.8\resources\resources\3d\engine\bin\.cache\dev\editor\bundled\index.js:46965:18)
    at _Deserializer._deserializeObject (C:\ProgramData\cocos\editors\Creator\3.8.8\resources\resources\3d\engine\bin\.cache\dev\editor\bundled\index.js:46901:29)
    at _Deserializer._deserializeAndAssignField (C:\ProgramData\cocos\editors\Creator\3.8.8\resources\resources\3d\engine\bin\.cache\dev\editor\bundled\index.js:47068:38)
    at _Deserializer._deserializeArray (C:\ProgramData\cocos\editors\Creator\3.8.8\resources\resources\3d\engine\bin\.cache\dev\editor\bundled\index.js:46929:40)
    at _Deserializer._deserializeObject (C:\ProgramData\cocos\editors\Creator\3.8.8\resources\resources\3d\engine\bin\.cache\dev\editor\bundled\index.js:46907:29)
    at _Deserializer._deserializeAndAssignField (C:\ProgramData\cocos\editors\Creator\3.8.8\resources\resources\3d\engine\bin\.cache\dev\editor\bundled\index.js:47080:36)
9-9-2026 18:35:14 - warn: [Scene] Missing class: MiniMapUnitIconInfoError: [Scene] Missing class: MiniMapUnitIconInfo
    at console.warn (C:\ProgramData\cocos\editors\Creator\3.8.8\resources\app.asar\node_modules\@sentry\core\src\utils-hoist\instrument\console.ts:40:14)
    at Object.classFinder (C:\ProgramData\cocos\editors\Creator\3.8.8\resources\app.asar\builtin\engine\dist\editor-extends\missing-reporter\missing-class-reporter.ccc:7:982)
    at _Deserializer.classFinder [as _classFinder] (C:\ProgramData\cocos\editors\Creator\3.8.8\resources\resources\3d\engine\bin\.cache\dev\editor\bundled\index.js:137273:34)
    at _Deserializer._deserializeTypeTaggedObject (C:\ProgramData\cocos\editors\Creator\3.8.8\resources\resources\3d\engine\bin\.cache\dev\editor\bundled\index.js:46947:30)
    at _Deserializer._deserializeObject (C:\ProgramData\cocos\editors\Creator\3.8.8\resources\resources\3d\engine\bin\.cache\dev\editor\bundled\index.js:46901:29)
    at _Deserializer._deserializeAndAssignField (C:\ProgramData\cocos\editors\Creator\3.8.8\resources\resources\3d\engine\bin\.cache\dev\editor\bundled\index.js:47068:38)
    at _Deserializer._deserializeArray (C:\ProgramData\cocos\editors\Creator\3.8.8\resources\resources\3d\engine\bin\.cache\dev\editor\bundled\index.js:46929:40)
    at _Deserializer._deserializeObject (C:\ProgramData\cocos\editors\Creator\3.8.8\resources\resources\3d\engine\bin\.cache\dev\editor\bundled\index.js:46907:29)
    at _Deserializer._deserializeAndAssignField (C:\ProgramData\cocos\editors\Creator\3.8.8\resources\resources\3d\engine\bin\.cache\dev\editor\bundled\index.js:47080:36)
    at _Deserializer._fillPlainObject (C:\ProgramData\cocos\editors\Creator\3.8.8\resources\resources\3d\engine\bin\.cache\dev\editor\bundled\index.js:47125:40)
    at eval (C:\ProgramData\cocos\editors\Creator\3.8.8\resources\resources\3d\engine\bin\.cache\dev\editor\bundled\index.js:46682:11)
    at deserialize (C:\ProgramData\cocos\editors\Creator\3.8.8\resources\resources\3d\engine\bin\.cache\dev\editor\bundled\index.js:47040:19)
    at _Deserializer._deserializeFireClass (C:\ProgramData\cocos\editors\Creator\3.8.8\resources\resources\3d\engine\bin\.cache\dev\editor\bundled\index.js:47051:11)
    at _Deserializer._deserializeInto (C:\ProgramData\cocos\editors\Creator\3.8.8\resources\resources\3d\engine\bin\.cache\dev\editor\bundled\index.js:46993:18)
    at _Deserializer._deserializeTypeTaggedObject (C:\ProgramData\cocos\editors\Creator\3.8.8\resources\resources\3d\engine\bin\.cache\dev\editor\bundled\index.js:46970:20)
    at _Deserializer._deserializeObject (C:\ProgramData\cocos\editors\Creator\3.8.8\resources\resources\3d\engine\bin\.cache\dev\editor\bundled\index.js:46901:29)
    at _Deserializer._deserializeAndAssignField (C:\ProgramData\cocos\editors\Creator\3.8.8\resources\resources\3d\engine\bin\.cache\dev\editor\bundled\index.js:47068:38)
    at _Deserializer._deserializeArray (C:\ProgramData\cocos\editors\Creator\3.8.8\resources\resources\3d\engine\bin\.cache\dev\editor\bundled\index.js:46929:40)
    at _Deserializer._deserializeObject (C:\ProgramData\cocos\editors\Creator\3.8.8\resources\resources\3d\engine\bin\.cache\dev\editor\bundled\index.js:46907:29)
    at _Deserializer._deserializeAndAssignField (C:\ProgramData\cocos\editors\Creator\3.8.8\resources\resources\3d\engine\bin\.cache\dev\editor\bundled\index.js:47080:36)
    at eval (C:\ProgramData\cocos\editors\Creator\3.8.8\resources\resources\3d\engine\bin\.cache\dev\editor\bundled\index.js:46669:15)
    at _Deserializer._deserializeFireClass (C:\ProgramData\cocos\editors\Creator\3.8.8\resources\resources\3d\engine\bin\.cache\dev\editor\bundled\index.js:47051:11)
    at _Deserializer._deserializeInto (C:\ProgramData\cocos\editors\Creator\3.8.8\resources\resources\3d\engine\bin\.cache\dev\editor\bundled\index.js:46993:18)
    at _Deserializer._deserializeTypeTaggedObject (C:\ProgramData\cocos\editors\Creator\3.8.8\resources\resources\3d\engine\bin\.cache\dev\editor\bundled\index.js:46965:18)
    at _Deserializer._deserializeObject (C:\ProgramData\cocos\editors\Creator\3.8.8\resources\resources\3d\engine\bin\.cache\dev\editor\bundled\index.js:46901:29)
    at _Deserializer._deserializeAndAssignField (C:\ProgramData\cocos\editors\Creator\3.8.8\resources\resources\3d\engine\bin\.cache\dev\editor\bundled\index.js:47068:38)
    at _Deserializer._deserializeArray (C:\ProgramData\cocos\editors\Creator\3.8.8\resources\resources\3d\engine\bin\.cache\dev\editor\bundled\index.js:46929:40)
    at _Deserializer._deserializeObject (C:\ProgramData\cocos\editors\Creator\3.8.8\resources\resources\3d\engine\bin\.cache\dev\editor\bundled\index.js:46907:29)
    at _Deserializer._deserializeAndAssignField (C:\ProgramData\cocos\editors\Creator\3.8.8\resources\resources\3d\engine\bin\.cache\dev\editor\bundled\index.js:47080:36)
    at eval (C:\ProgramData\cocos\editors\Creator\3.8.8\resources\resources\3d\engine\bin\.cache\dev\editor\bundled\index.js:46669:15)
    at _Deserializer._deserializeFireClass (C:\ProgramData\cocos\editors\Creator\3.8.8\resources\resources\3d\engine\bin\.cache\dev\editor\bundled\index.js:47051:11)
    at _Deserializer._deserializeInto (C:\ProgramData\cocos\editors\Creator\3.8.8\resources\resources\3d\engine\bin\.cache\dev\editor\bundled\index.js:46993:18)
    at _Deserializer._deserializeTypeTaggedObject (C:\ProgramData\cocos\editors\Creator\3.8.8\resources\resources\3d\engine\bin\.cache\dev\editor\bundled\index.js:46965:18)
    at _Deserializer._deserializeObject (C:\ProgramData\cocos\editors\Creator\3.8.8\resources\resources\3d\engine\bin\.cache\dev\editor\bundled\index.js:46901:29)
    at _Deserializer._deserializeAndAssignField (C:\ProgramData\cocos\editors\Creator\3.8.8\resources\resources\3d\engine\bin\.cache\dev\editor\bundled\index.js:47068:38)
    at _Deserializer._deserializeArray (C:\ProgramData\cocos\editors\Creator\3.8.8\resources\resources\3d\engine\bin\.cache\dev\editor\bundled\index.js:46929:40)
    at _Deserializer._deserializeObject (C:\ProgramData\cocos\editors\Creator\3.8.8\resources\resources\3d\engine\bin\.cache\dev\editor\bundled\index.js:46907:29)
    at _Deserializer._deserializeAndAssignField (C:\ProgramData\cocos\editors\Creator\3.8.8\resources\resources\3d\engine\bin\.cache\dev\editor\bundled\index.js:47080:36)
    at eval (C:\ProgramData\cocos\editors\Creator\3.8.8\resources\resources\3d\engine\bin\.cache\dev\editor\bundled\index.js:46669:15)
    at _Deserializer._deserializeFireClass (C:\ProgramData\cocos\editors\Creator\3.8.8\resources\resources\3d\engine\bin\.cache\dev\editor\bundled\index.js:47051:11)
    at _Deserializer._deserializeInto (C:\ProgramData\cocos\editors\Creator\3.8.8\resources\resources\3d\engine\bin\.cache\dev\editor\bundled\index.js:46993:18)
    at _Deserializer._deserializeTypeTaggedObject (C:\ProgramData\cocos\editors\Creator\3.8.8\resources\resources\3d\engine\bin\.cache\dev\editor\bundled\index.js:46965:18)
    at _Deserializer._deserializeObject (C:\ProgramData\cocos\editors\Creator\3.8.8\resources\resources\3d\engine\bin\.cache\dev\editor\bundled\index.js:46901:29)
    at _Deserializer._deserializeAndAssignField (C:\ProgramData\cocos\editors\Creator\3.8.8\resources\resources\3d\engine\bin\.cache\dev\editor\bundled\index.js:47068:38)
    at _Deserializer._deserializeArray (C:\ProgramData\cocos\editors\Creator\3.8.8\resources\resources\3d\engine\bin\.cache\dev\editor\bundled\index.js:46929:40)
    at _Deserializer._deserializeObject (C:\ProgramData\cocos\editors\Creator\3.8.8\resources\resources\3d\engine\bin\.cache\dev\editor\bundled\index.js:46907:29)
    at _Deserializer._deserializeAndAssignField (C:\ProgramData\cocos\editors\Creator\3.8.8\resources\resources\3d\engine\bin\.cache\dev\editor\bundled\index.js:47080:36)
9-9-2026 18:35:14 - warn: [Scene] Missing class: MiniMapUnitIconInfoError: [Scene] Missing class: MiniMapUnitIconInfo
    at console.warn (C:\ProgramData\cocos\editors\Creator\3.8.8\resources\app.asar\node_modules\@sentry\core\src\utils-hoist\instrument\console.ts:40:14)
    at Object.classFinder (C:\ProgramData\cocos\editors\Creator\3.8.8\resources\app.asar\builtin\engine\dist\editor-extends\missing-reporter\missing-class-reporter.ccc:7:982)
    at _Deserializer.classFinder [as _classFinder] (C:\ProgramData\cocos\editors\Creator\3.8.8\resources\resources\3d\engine\bin\.cache\dev\editor\bundled\index.js:137273:34)
    at _Deserializer._deserializeTypeTaggedObject (C:\ProgramData\cocos\editors\Creator\3.8.8\resources\resources\3d\engine\bin\.cache\dev\editor\bundled\index.js:46947:30)
    at _Deserializer._deserializeObject (C:\ProgramData\cocos\editors\Creator\3.8.8\resources\resources\3d\engine\bin\.cache\dev\editor\bundled\index.js:46901:29)
    at _Deserializer._deserializeAndAssignField (C:\ProgramData\cocos\editors\Creator\3.8.8\resources\resources\3d\engine\bin\.cache\dev\editor\bundled\index.js:47068:38)
    at _Deserializer._deserializeArray (C:\ProgramData\cocos\editors\Creator\3.8.8\resources\resources\3d\engine\bin\.cache\dev\editor\bundled\index.js:46929:40)
    at _Deserializer._deserializeObject (C:\ProgramData\cocos\editors\Creator\3.8.8\resources\resources\3d\engine\bin\.cache\dev\editor\bundled\index.js:46907:29)
    at _Deserializer._deserializeAndAssignField (C:\ProgramData\cocos\editors\Creator\3.8.8\resources\resources\3d\engine\bin\.cache\dev\editor\bundled\index.js:47080:36)
    at _Deserializer._fillPlainObject (C:\ProgramData\cocos\editors\Creator\3.8.8\resources\resources\3d\engine\bin\.cache\dev\editor\bundled\index.js:47125:40)
    at eval (C:\ProgramData\cocos\editors\Creator\3.8.8\resources\resources\3d\engine\bin\.cache\dev\editor\bundled\index.js:46682:11)
    at deserialize (C:\ProgramData\cocos\editors\Creator\3.8.8\resources\resources\3d\engine\bin\.cache\dev\editor\bundled\index.js:47040:19)
    at _Deserializer._deserializeFireClass (C:\ProgramData\cocos\editors\Creator\3.8.8\resources\resources\3d\engine\bin\.cache\dev\editor\bundled\index.js:47051:11)
    at _Deserializer._deserializeInto (C:\ProgramData\cocos\editors\Creator\3.8.8\resources\resources\3d\engine\bin\.cache\dev\editor\bundled\index.js:46993:18)
    at _Deserializer._deserializeTypeTaggedObject (C:\ProgramData\cocos\editors\Creator\3.8.8\resources\resources\3d\engine\bin\.cache\dev\editor\bundled\index.js:46970:20)
    at _Deserializer._deserializeObject (C:\ProgramData\cocos\editors\Creator\3.8.8\resources\resources\3d\engine\bin\.cache\dev\editor\bundled\index.js:46901:29)
    at _Deserializer._deserializeAndAssignField (C:\ProgramData\cocos\editors\Creator\3.8.8\resources\resources\3d\engine\bin\.cache\dev\editor\bundled\index.js:47068:38)
    at _Deserializer._deserializeArray (C:\ProgramData\cocos\editors\Creator\3.8.8\resources\resources\3d\engine\bin\.cache\dev\editor\bundled\index.js:46929:40)
    at _Deserializer._deserializeObject (C:\ProgramData\cocos\editors\Creator\3.8.8\resources\resources\3d\engine\bin\.cache\dev\editor\bundled\index.js:46907:29)
    at _Deserializer._deserializeAndAssignField (C:\ProgramData\cocos\editors\Creator\3.8.8\resources\resources\3d\engine\bin\.cache\dev\editor\bundled\index.js:47080:36)
    at eval (C:\ProgramData\cocos\editors\Creator\3.8.8\resources\resources\3d\engine\bin\.cache\dev\editor\bundled\index.js:46669:15)
    at _Deserializer._deserializeFireClass (C:\ProgramData\cocos\editors\Creator\3.8.8\resources\resources\3d\engine\bin\.cache\dev\editor\bundled\index.js:47051:11)
    at _Deserializer._deserializeInto (C:\ProgramData\cocos\editors\Creator\3.8.8\resources\resources\3d\engine\bin\.cache\dev\editor\bundled\index.js:46993:18)
    at _Deserializer._deserializeTypeTaggedObject (C:\ProgramData\cocos\editors\Creator\3.8.8\resources\resources\3d\engine\bin\.cache\dev\editor\bundled\index.js:46965:18)
    at _Deserializer._deserializeObject (C:\ProgramData\cocos\editors\Creator\3.8.8\resources\resources\3d\engine\bin\.cache\dev\editor\bundled\index.js:46901:29)
    at _Deserializer._deserializeAndAssignField (C:\ProgramData\cocos\editors\Creator\3.8.8\resources\resources\3d\engine\bin\.cache\dev\editor\bundled\index.js:47068:38)
    at _Deserializer._deserializeArray (C:\ProgramData\cocos\editors\Creator\3.8.8\resources\resources\3d\engine\bin\.cache\dev\editor\bundled\index.js:46929:40)
    at _Deserializer._deserializeObject (C:\ProgramData\cocos\editors\Creator\3.8.8\resources\resources\3d\engine\bin\.cache\dev\editor\bundled\index.js:46907:29)
    at _Deserializer._deserializeAndAssignField (C:\ProgramData\cocos\editors\Creator\3.8.8\resources\resources\3d\engine\bin\.cache\dev\editor\bundled\index.js:47080:36)
    at eval (C:\ProgramData\cocos\editors\Creator\3.8.8\resources\resources\3d\engine\bin\.cache\dev\editor\bundled\index.js:46669:15)
    at _Deserializer._deserializeFireClass (C:\ProgramData\cocos\editors\Creator\3.8.8\resources\resources\3d\engine\bin\.cache\dev\editor\bundled\index.js:47051:11)
    at _Deserializer._deserializeInto (C:\ProgramData\cocos\editors\Creator\3.8.8\resources\resources\3d\engine\bin\.cache\dev\editor\bundled\index.js:46993:18)
    at _Deserializer._deserializeTypeTaggedObject (C:\ProgramData\cocos\editors\Creator\3.8.8\resources\resources\3d\engine\bin\.cache\dev\editor\bundled\index.js:46965:18)
    at _Deserializer._deserializeObject (C:\ProgramData\cocos\editors\Creator\3.8.8\resources\resources\3d\engine\bin\.cache\dev\editor\bundled\index.js:46901:29)
    at _Deserializer._deserializeAndAssignField (C:\ProgramData\cocos\editors\Creator\3.8.8\resources\resources\3d\engine\bin\.cache\dev\editor\bundled\index.js:47068:38)
    at _Deserializer._deserializeArray (C:\ProgramData\cocos\editors\Creator\3.8.8\resources\resources\3d\engine\bin\.cache\dev\editor\bundled\index.js:46929:40)
    at _Deserializer._deserializeObject (C:\ProgramData\cocos\editors\Creator\3.8.8\resources\resources\3d\engine\bin\.cache\dev\editor\bundled\index.js:46907:29)
    at _Deserializer._deserializeAndAssignField (C:\ProgramData\cocos\editors\Creator\3.8.8\resources\resources\3d\engine\bin\.cache\dev\editor\bundled\index.js:47080:36)
    at eval (C:\ProgramData\cocos\editors\Creator\3.8.8\resources\resources\3d\engine\bin\.cache\dev\editor\bundled\index.js:46669:15)
    at _Deserializer._deserializeFireClass (C:\ProgramData\cocos\editors\Creator\3.8.8\resources\resources\3d\engine\bin\.cache\dev\editor\bundled\index.js:47051:11)
    at _Deserializer._deserializeInto (C:\ProgramData\cocos\editors\Creator\3.8.8\resources\resources\3d\engine\bin\.cache\dev\editor\bundled\index.js:46993:18)
    at _Deserializer._deserializeTypeTaggedObject (C:\ProgramData\cocos\editors\Creator\3.8.8\resources\resources\3d\engine\bin\.cache\dev\editor\bundled\index.js:46965:18)
    at _Deserializer._deserializeObject (C:\ProgramData\cocos\editors\Creator\3.8.8\resources\resources\3d\engine\bin\.cache\dev\editor\bundled\index.js:46901:29)
    at _Deserializer._deserializeAndAssignField (C:\ProgramData\cocos\editors\Creator\3.8.8\resources\resources\3d\engine\bin\.cache\dev\editor\bundled\index.js:47068:38)
    at _Deserializer._deserializeArray (C:\ProgramData\cocos\editors\Creator\3.8.8\resources\resources\3d\engine\bin\.cache\dev\editor\bundled\index.js:46929:40)
    at _Deserializer._deserializeObject (C:\ProgramData\cocos\editors\Creator\3.8.8\resources\resources\3d\engine\bin\.cache\dev\editor\bundled\index.js:46907:29)
    at _Deserializer._deserializeAndAssignField (C:\ProgramData\cocos\editors\Creator\3.8.8\resources\resources\3d\engine\bin\.cache\dev\editor\bundled\index.js:47080:36)
9-9-2026 18:35:14 - warn: [Scene] Missing class: MiniMapUnitIconInfoError: [Scene] Missing class: MiniMapUnitIconInfo
    at console.warn (C:\ProgramData\cocos\editors\Creator\3.8.8\resources\app.asar\node_modules\@sentry\core\src\utils-hoist\instrument\console.ts:40:14)
    at Object.classFinder (C:\ProgramData\cocos\editors\Creator\3.8.8\resources\app.asar\builtin\engine\dist\editor-extends\missing-reporter\missing-class-reporter.ccc:7:982)
    at _Deserializer.classFinder [as _classFinder] (C:\ProgramData\cocos\editors\Creator\3.8.8\resources\resources\3d\engine\bin\.cache\dev\editor\bundled\index.js:137273:34)
    at _Deserializer._deserializeTypeTaggedObject (C:\ProgramData\cocos\editors\Creator\3.8.8\resources\resources\3d\engine\bin\.cache\dev\editor\bundled\index.js:46947:30)
    at _Deserializer._deserializeObject (C:\ProgramData\cocos\editors\Creator\3.8.8\resources\resources\3d\engine\bin\.cache\dev\editor\bundled\index.js:46901:29)
    at _Deserializer._deserializeAndAssignField (C:\ProgramData\cocos\editors\Creator\3.8.8\resources\resources\3d\engine\bin\.cache\dev\editor\bundled\index.js:47068:38)
    at _Deserializer._deserializeArray (C:\ProgramData\cocos\editors\Creator\3.8.8\resources\resources\3d\engine\bin\.cache\dev\editor\bundled\index.js:46929:40)
    at _Deserializer._deserializeObject (C:\ProgramData\cocos\editors\Creator\3.8.8\resources\resources\3d\engine\bin\.cache\dev\editor\bundled\index.js:46907:29)
    at _Deserializer._deserializeAndAssignField (C:\ProgramData\cocos\editors\Creator\3.8.8\resources\resources\3d\engine\bin\.cache\dev\editor\bundled\index.js:47080:36)
    at _Deserializer._fillPlainObject (C:\ProgramData\cocos\editors\Creator\3.8.8\resources\resources\3d\engine\bin\.cache\dev\editor\bundled\index.js:47125:40)
    at eval (C:\ProgramData\cocos\editors\Creator\3.8.8\resources\resources\3d\engine\bin\.cache\dev\editor\bundled\index.js:46682:11)
    at deserialize (C:\ProgramData\cocos\editors\Creator\3.8.8\resources\resources\3d\engine\bin\.cache\dev\editor\bundled\index.js:47040:19)
    at _Deserializer._deserializeFireClass (C:\ProgramData\cocos\editors\Creator\3.8.8\resources\resources\3d\engine\bin\.cache\dev\editor\bundled\index.js:47051:11)
    at _Deserializer._deserializeInto (C:\ProgramData\cocos\editors\Creator\3.8.8\resources\resources\3d\engine\bin\.cache\dev\editor\bundled\index.js:46993:18)
    at _Deserializer._deserializeTypeTaggedObject (C:\ProgramData\cocos\editors\Creator\3.8.8\resources\resources\3d\engine\bin\.cache\dev\editor\bundled\index.js:46970:20)
    at _Deserializer._deserializeObject (C:\ProgramData\cocos\editors\Creator\3.8.8\resources\resources\3d\engine\bin\.cache\dev\editor\bundled\index.js:46901:29)
    at _Deserializer._deserializeAndAssignField (C:\ProgramData\cocos\editors\Creator\3.8.8\resources\resources\3d\engine\bin\.cache\dev\editor\bundled\index.js:47068:38)
    at _Deserializer._deserializeArray (C:\ProgramData\cocos\editors\Creator\3.8.8\resources\resources\3d\engine\bin\.cache\dev\editor\bundled\index.js:46929:40)
    at _Deserializer._deserializeObject (C:\ProgramData\cocos\editors\Creator\3.8.8\resources\resources\3d\engine\bin\.cache\dev\editor\bundled\index.js:46907:29)
    at _Deserializer._deserializeAndAssignField (C:\ProgramData\cocos\editors\Creator\3.8.8\resources\resources\3d\engine\bin\.cache\dev\editor\bundled\index.js:47080:36)
    at eval (C:\ProgramData\cocos\editors\Creator\3.8.8\resources\resources\3d\engine\bin\.cache\dev\editor\bundled\index.js:46669:15)
    at _Deserializer._deserializeFireClass (C:\ProgramData\cocos\editors\Creator\3.8.8\resources\resources\3d\engine\bin\.cache\dev\editor\bundled\index.js:47051:11)
    at _Deserializer._deserializeInto (C:\ProgramData\cocos\editors\Creator\3.8.8\resources\resources\3d\engine\bin\.cache\dev\editor\bundled\index.js:46993:18)
    at _Deserializer._deserializeTypeTaggedObject (C:\ProgramData\cocos\editors\Creator\3.8.8\resources\resources\3d\engine\bin\.cache\dev\editor\bundled\index.js:46965:18)
    at _Deserializer._deserializeObject (C:\ProgramData\cocos\editors\Creator\3.8.8\resources\resources\3d\engine\bin\.cache\dev\editor\bundled\index.js:46901:29)
    at _Deserializer._deserializeAndAssignField (C:\ProgramData\cocos\editors\Creator\3.8.8\resources\resources\3d\engine\bin\.cache\dev\editor\bundled\index.js:47068:38)
    at _Deserializer._deserializeArray (C:\ProgramData\cocos\editors\Creator\3.8.8\resources\resources\3d\engine\bin\.cache\dev\editor\bundled\index.js:46929:40)
    at _Deserializer._deserializeObject (C:\ProgramData\cocos\editors\Creator\3.8.8\resources\resources\3d\engine\bin\.cache\dev\editor\bundled\index.js:46907:29)
    at _Deserializer._deserializeAndAssignField (C:\ProgramData\cocos\editors\Creator\3.8.8\resources\resources\3d\engine\bin\.cache\dev\editor\bundled\index.js:47080:36)
    at eval (C:\ProgramData\cocos\editors\Creator\3.8.8\resources\resources\3d\engine\bin\.cache\dev\editor\bundled\index.js:46669:15)
    at _Deserializer._deserializeFireClass (C:\ProgramData\cocos\editors\Creator\3.8.8\resources\resources\3d\engine\bin\.cache\dev\editor\bundled\index.js:47051:11)
    at _Deserializer._deserializeInto (C:\ProgramData\cocos\editors\Creator\3.8.8\resources\resources\3d\engine\bin\.cache\dev\editor\bundled\index.js:46993:18)
    at _Deserializer._deserializeTypeTaggedObject (C:\ProgramData\cocos\editors\Creator\3.8.8\resources\resources\3d\engine\bin\.cache\dev\editor\bundled\index.js:46965:18)
    at _Deserializer._deserializeObject (C:\ProgramData\cocos\editors\Creator\3.8.8\resources\resources\3d\engine\bin\.cache\dev\editor\bundled\index.js:46901:29)
    at _Deserializer._deserializeAndAssignField (C:\ProgramData\cocos\editors\Creator\3.8.8\resources\resources\3d\engine\bin\.cache\dev\editor\bundled\index.js:47068:38)
    at _Deserializer._deserializeArray (C:\ProgramData\cocos\editors\Creator\3.8.8\resources\resources\3d\engine\bin\.cache\dev\editor\bundled\index.js:46929:40)
    at _Deserializer._deserializeObject (C:\ProgramData\cocos\editors\Creator\3.8.8\resources\resources\3d\engine\bin\.cache\dev\editor\bundled\index.js:46907:29)
    at _Deserializer._deserializeAndAssignField (C:\ProgramData\cocos\editors\Creator\3.8.8\resources\resources\3d\engine\bin\.cache\dev\editor\bundled\index.js:47080:36)
    at eval (C:\ProgramData\cocos\editors\Creator\3.8.8\resources\resources\3d\engine\bin\.cache\dev\editor\bundled\index.js:46669:15)
    at _Deserializer._deserializeFireClass (C:\ProgramData\cocos\editors\Creator\3.8.8\resources\resources\3d\engine\bin\.cache\dev\editor\bundled\index.js:47051:11)
    at _Deserializer._deserializeInto (C:\ProgramData\cocos\editors\Creator\3.8.8\resources\resources\3d\engine\bin\.cache\dev\editor\bundled\index.js:46993:18)
    at _Deserializer._deserializeTypeTaggedObject (C:\ProgramData\cocos\editors\Creator\3.8.8\resources\resources\3d\engine\bin\.cache\dev\editor\bundled\index.js:46965:18)
    at _Deserializer._deserializeObject (C:\ProgramData\cocos\editors\Creator\3.8.8\resources\resources\3d\engine\bin\.cache\dev\editor\bundled\index.js:46901:29)
    at _Deserializer._deserializeAndAssignField (C:\ProgramData\cocos\editors\Creator\3.8.8\resources\resources\3d\engine\bin\.cache\dev\editor\bundled\index.js:47068:38)
    at _Deserializer._deserializeArray (C:\ProgramData\cocos\editors\Creator\3.8.8\resources\resources\3d\engine\bin\.cache\dev\editor\bundled\index.js:46929:40)
    at _Deserializer._deserializeObject (C:\ProgramData\cocos\editors\Creator\3.8.8\resources\resources\3d\engine\bin\.cache\dev\editor\bundled\index.js:46907:29)
    at _Deserializer._deserializeAndAssignField (C:\ProgramData\cocos\editors\Creator\3.8.8\resources\resources\3d\engine\bin\.cache\dev\editor\bundled\index.js:47080:36)
9-9-2026 18:35:14 - warn: [Scene] Missing class: MiniMapUnitIconInfoError: [Scene] Missing class: MiniMapUnitIconInfo
    at console.warn (C:\ProgramData\cocos\editors\Creator\3.8.8\resources\app.asar\node_modules\@sentry\core\src\utils-hoist\instrument\console.ts:40:14)
    at Object.classFinder (C:\ProgramData\cocos\editors\Creator\3.8.8\resources\app.asar\builtin\engine\dist\editor-extends\missing-reporter\missing-class-reporter.ccc:7:982)
    at _Deserializer.classFinder [as _classFinder] (C:\ProgramData\cocos\editors\Creator\3.8.8\resources\resources\3d\engine\bin\.cache\dev\editor\bundled\index.js:137273:34)
    at _Deserializer._deserializeTypeTaggedObject (C:\ProgramData\cocos\editors\Creator\3.8.8\resources\resources\3d\engine\bin\.cache\dev\editor\bundled\index.js:46947:30)
    at _Deserializer._deserializeObject (C:\ProgramData\cocos\editors\Creator\3.8.8\resources\resources\3d\engine\bin\.cache\dev\editor\bundled\index.js:46901:29)
    at _Deserializer._deserializeAndAssignField (C:\ProgramData\cocos\editors\Creator\3.8.8\resources\resources\3d\engine\bin\.cache\dev\editor\bundled\index.js:47068:38)
    at _Deserializer._deserializeArray (C:\ProgramData\cocos\editors\Creator\3.8.8\resources\resources\3d\engine\bin\.cache\dev\editor\bundled\index.js:46929:40)
    at _Deserializer._deserializeObject (C:\ProgramData\cocos\editors\Creator\3.8.8\resources\resources\3d\engine\bin\.cache\dev\editor\bundled\index.js:46907:29)
    at _Deserializer._deserializeAndAssignField (C:\ProgramData\cocos\editors\Creator\3.8.8\resources\resources\3d\engine\bin\.cache\dev\editor\bundled\index.js:47080:36)
    at _Deserializer._fillPlainObject (C:\ProgramData\cocos\editors\Creator\3.8.8\resources\resources\3d\engine\bin\.cache\dev\editor\bundled\index.js:47125:40)
    at eval (C:\ProgramData\cocos\editors\Creator\3.8.8\resources\resources\3d\engine\bin\.cache\dev\editor\bundled\index.js:46682:11)
    at deserialize (C:\ProgramData\cocos\editors\Creator\3.8.8\resources\resources\3d\engine\bin\.cache\dev\editor\bundled\index.js:47040:19)
    at _Deserializer._deserializeFireClass (C:\ProgramData\cocos\editors\Creator\3.8.8\resources\resources\3d\engine\bin\.cache\dev\editor\bundled\index.js:47051:11)
    at _Deserializer._deserializeInto (C:\ProgramData\cocos\editors\Creator\3.8.8\resources\resources\3d\engine\bin\.cache\dev\editor\bundled\index.js:46993:18)
    at _Deserializer._deserializeTypeTaggedObject (C:\ProgramData\cocos\editors\Creator\3.8.8\resources\resources\3d\engine\bin\.cache\dev\editor\bundled\index.js:46970:20)
    at _Deserializer._deserializeObject (C:\ProgramData\cocos\editors\Creator\3.8.8\resources\resources\3d\engine\bin\.cache\dev\editor\bundled\index.js:46901:29)
    at _Deserializer._deserializeAndAssignField (C:\ProgramData\cocos\editors\Creator\3.8.8\resources\resources\3d\engine\bin\.cache\dev\editor\bundled\index.js:47068:38)
    at _Deserializer._deserializeArray (C:\ProgramData\cocos\editors\Creator\3.8.8\resources\resources\3d\engine\bin\.cache\dev\editor\bundled\index.js:46929:40)
    at _Deserializer._deserializeObject (C:\ProgramData\cocos\editors\Creator\3.8.8\resources\resources\3d\engine\bin\.cache\dev\editor\bundled\index.js:46907:29)
    at _Deserializer._deserializeAndAssignField (C:\ProgramData\cocos\editors\Creator\3.8.8\resources\resources\3d\engine\bin\.cache\dev\editor\bundled\index.js:47080:36)
    at eval (C:\ProgramData\cocos\editors\Creator\3.8.8\resources\resources\3d\engine\bin\.cache\dev\editor\bundled\index.js:46669:15)
    at _Deserializer._deserializeFireClass (C:\ProgramData\cocos\editors\Creator\3.8.8\resources\resources\3d\engine\bin\.cache\dev\editor\bundled\index.js:47051:11)
    at _Deserializer._deserializeInto (C:\ProgramData\cocos\editors\Creator\3.8.8\resources\resources\3d\engine\bin\.cache\dev\editor\bundled\index.js:46993:18)
    at _Deserializer._deserializeTypeTaggedObject (C:\ProgramData\cocos\editors\Creator\3.8.8\resources\resources\3d\engine\bin\.cache\dev\editor\bundled\index.js:46965:18)
    at _Deserializer._deserializeObject (C:\ProgramData\cocos\editors\Creator\3.8.8\resources\resources\3d\engine\bin\.cache\dev\editor\bundled\index.js:46901:29)
    at _Deserializer._deserializeAndAssignField (C:\ProgramData\cocos\editors\Creator\3.8.8\resources\resources\3d\engine\bin\.cache\dev\editor\bundled\index.js:47068:38)
    at _Deserializer._deserializeArray (C:\ProgramData\cocos\editors\Creator\3.8.8\resources\resources\3d\engine\bin\.cache\dev\editor\bundled\index.js:46929:40)
    at _Deserializer._deserializeObject (C:\ProgramData\cocos\editors\Creator\3.8.8\resources\resources\3d\engine\bin\.cache\dev\editor\bundled\index.js:46907:29)
    at _Deserializer._deserializeAndAssignField (C:\ProgramData\cocos\editors\Creator\3.8.8\resources\resources\3d\engine\bin\.cache\dev\editor\bundled\index.js:47080:36)
    at eval (C:\ProgramData\cocos\editors\Creator\3.8.8\resources\resources\3d\engine\bin\.cache\dev\editor\bundled\index.js:46669:15)
    at _Deserializer._deserializeFireClass (C:\ProgramData\cocos\editors\Creator\3.8.8\resources\resources\3d\engine\bin\.cache\dev\editor\bundled\index.js:47051:11)
    at _Deserializer._deserializeInto (C:\ProgramData\cocos\editors\Creator\3.8.8\resources\resources\3d\engine\bin\.cache\dev\editor\bundled\index.js:46993:18)
    at _Deserializer._deserializeTypeTaggedObject (C:\ProgramData\cocos\editors\Creator\3.8.8\resources\resources\3d\engine\bin\.cache\dev\editor\bundled\index.js:46965:18)
    at _Deserializer._deserializeObject (C:\ProgramData\cocos\editors\Creator\3.8.8\resources\resources\3d\engine\bin\.cache\dev\editor\bundled\index.js:46901:29)
    at _Deserializer._deserializeAndAssignField (C:\ProgramData\cocos\editors\Creator\3.8.8\resources\resources\3d\engine\bin\.cache\dev\editor\bundled\index.js:47068:38)
    at _Deserializer._deserializeArray (C:\ProgramData\cocos\editors\Creator\3.8.8\resources\resources\3d\engine\bin\.cache\dev\editor\bundled\index.js:46929:40)
    at _Deserializer._deserializeObject (C:\ProgramData\cocos\editors\Creator\3.8.8\resources\resources\3d\engine\bin\.cache\dev\editor\bundled\index.js:46907:29)
    at _Deserializer._deserializeAndAssignField (C:\ProgramData\cocos\editors\Creator\3.8.8\resources\resources\3d\engine\bin\.cache\dev\editor\bundled\index.js:47080:36)
    at eval (C:\ProgramData\cocos\editors\Creator\3.8.8\resources\resources\3d\engine\bin\.cache\dev\editor\bundled\index.js:46669:15)
    at _Deserializer._deserializeFireClass (C:\ProgramData\cocos\editors\Creator\3.8.8\resources\resources\3d\engine\bin\.cache\dev\editor\bundled\index.js:47051:11)
    at _Deserializer._deserializeInto (C:\ProgramData\cocos\editors\Creator\3.8.8\resources\resources\3d\engine\bin\.cache\dev\editor\bundled\index.js:46993:18)
    at _Deserializer._deserializeTypeTaggedObject (C:\ProgramData\cocos\editors\Creator\3.8.8\resources\resources\3d\engine\bin\.cache\dev\editor\bundled\index.js:46965:18)
    at _Deserializer._deserializeObject (C:\ProgramData\cocos\editors\Creator\3.8.8\resources\resources\3d\engine\bin\.cache\dev\editor\bundled\index.js:46901:29)
    at _Deserializer._deserializeAndAssignField (C:\ProgramData\cocos\editors\Creator\3.8.8\resources\resources\3d\engine\bin\.cache\dev\editor\bundled\index.js:47068:38)
    at _Deserializer._deserializeArray (C:\ProgramData\cocos\editors\Creator\3.8.8\resources\resources\3d\engine\bin\.cache\dev\editor\bundled\index.js:46929:40)
    at _Deserializer._deserializeObject (C:\ProgramData\cocos\editors\Creator\3.8.8\resources\resources\3d\engine\bin\.cache\dev\editor\bundled\index.js:46907:29)
    at _Deserializer._deserializeAndAssignField (C:\ProgramData\cocos\editors\Creator\3.8.8\resources\resources\3d\engine\bin\.cache\dev\editor\bundled\index.js:47080:36)
9-9-2026 18:35:14 - warn: [Scene] Missing class: MiniMapUnitIconInfoError: [Scene] Missing class: MiniMapUnitIconInfo
    at console.warn (C:\ProgramData\cocos\editors\Creator\3.8.8\resources\app.asar\node_modules\@sentry\core\src\utils-hoist\instrument\console.ts:40:14)
    at Object.classFinder (C:\ProgramData\cocos\editors\Creator\3.8.8\resources\app.asar\builtin\engine\dist\editor-extends\missing-reporter\missing-class-reporter.ccc:7:982)
    at _Deserializer.classFinder [as _classFinder] (C:\ProgramData\cocos\editors\Creator\3.8.8\resources\resources\3d\engine\bin\.cache\dev\editor\bundled\index.js:137273:34)
    at _Deserializer._deserializeTypeTaggedObject (C:\ProgramData\cocos\editors\Creator\3.8.8\resources\resources\3d\engine\bin\.cache\dev\editor\bundled\index.js:46947:30)
    at _Deserializer._deserializeObject (C:\ProgramData\cocos\editors\Creator\3.8.8\resources\resources\3d\engine\bin\.cache\dev\editor\bundled\index.js:46901:29)
    at _Deserializer._deserializeAndAssignField (C:\ProgramData\cocos\editors\Creator\3.8.8\resources\resources\3d\engine\bin\.cache\dev\editor\bundled\index.js:47068:38)
    at _Deserializer._deserializeArray (C:\ProgramData\cocos\editors\Creator\3.8.8\resources\resources\3d\engine\bin\.cache\dev\editor\bundled\index.js:46929:40)
    at _Deserializer._deserializeObject (C:\ProgramData\cocos\editors\Creator\3.8.8\resources\resources\3d\engine\bin\.cache\dev\editor\bundled\index.js:46907:29)
    at _Deserializer._deserializeAndAssignField (C:\ProgramData\cocos\editors\Creator\3.8.8\resources\resources\3d\engine\bin\.cache\dev\editor\bundled\index.js:47080:36)
    at _Deserializer._fillPlainObject (C:\ProgramData\cocos\editors\Creator\3.8.8\resources\resources\3d\engine\bin\.cache\dev\editor\bundled\index.js:47125:40)
    at eval (C:\ProgramData\cocos\editors\Creator\3.8.8\resources\resources\3d\engine\bin\.cache\dev\editor\bundled\index.js:46682:11)
    at deserialize (C:\ProgramData\cocos\editors\Creator\3.8.8\resources\resources\3d\engine\bin\.cache\dev\editor\bundled\index.js:47040:19)
    at _Deserializer._deserializeFireClass (C:\ProgramData\cocos\editors\Creator\3.8.8\resources\resources\3d\engine\bin\.cache\dev\editor\bundled\index.js:47051:11)
    at _Deserializer._deserializeInto (C:\ProgramData\cocos\editors\Creator\3.8.8\resources\resources\3d\engine\bin\.cache\dev\editor\bundled\index.js:46993:18)
    at _Deserializer._deserializeTypeTaggedObject (C:\ProgramData\cocos\editors\Creator\3.8.8\resources\resources\3d\engine\bin\.cache\dev\editor\bundled\index.js:46970:20)
    at _Deserializer._deserializeObject (C:\ProgramData\cocos\editors\Creator\3.8.8\resources\resources\3d\engine\bin\.cache\dev\editor\bundled\index.js:46901:29)
    at _Deserializer._deserializeAndAssignField (C:\ProgramData\cocos\editors\Creator\3.8.8\resources\resources\3d\engine\bin\.cache\dev\editor\bundled\index.js:47068:38)
    at _Deserializer._deserializeArray (C:\ProgramData\cocos\editors\Creator\3.8.8\resources\resources\3d\engine\bin\.cache\dev\editor\bundled\index.js:46929:40)
    at _Deserializer._deserializeObject (C:\ProgramData\cocos\editors\Creator\3.8.8\resources\resources\3d\engine\bin\.cache\dev\editor\bundled\index.js:46907:29)
    at _Deserializer._deserializeAndAssignField (C:\ProgramData\cocos\editors\Creator\3.8.8\resources\resources\3d\engine\bin\.cache\dev\editor\bundled\index.js:47080:36)
    at eval (C:\ProgramData\cocos\editors\Creator\3.8.8\resources\resources\3d\engine\bin\.cache\dev\editor\bundled\index.js:46669:15)
    at _Deserializer._deserializeFireClass (C:\ProgramData\cocos\editors\Creator\3.8.8\resources\resources\3d\engine\bin\.cache\dev\editor\bundled\index.js:47051:11)
    at _Deserializer._deserializeInto (C:\ProgramData\cocos\editors\Creator\3.8.8\resources\resources\3d\engine\bin\.cache\dev\editor\bundled\index.js:46993:18)
    at _Deserializer._deserializeTypeTaggedObject (C:\ProgramData\cocos\editors\Creator\3.8.8\resources\resources\3d\engine\bin\.cache\dev\editor\bundled\index.js:46965:18)
    at _Deserializer._deserializeObject (C:\ProgramData\cocos\editors\Creator\3.8.8\resources\resources\3d\engine\bin\.cache\dev\editor\bundled\index.js:46901:29)
    at _Deserializer._deserializeAndAssignField (C:\ProgramData\cocos\editors\Creator\3.8.8\resources\resources\3d\engine\bin\.cache\dev\editor\bundled\index.js:47068:38)
    at _Deserializer._deserializeArray (C:\ProgramData\cocos\editors\Creator\3.8.8\resources\resources\3d\engine\bin\.cache\dev\editor\bundled\index.js:46929:40)
    at _Deserializer._deserializeObject (C:\ProgramData\cocos\editors\Creator\3.8.8\resources\resources\3d\engine\bin\.cache\dev\editor\bundled\index.js:46907:29)
    at _Deserializer._deserializeAndAssignField (C:\ProgramData\cocos\editors\Creator\3.8.8\resources\resources\3d\engine\bin\.cache\dev\editor\bundled\index.js:47080:36)
    at eval (C:\ProgramData\cocos\editors\Creator\3.8.8\resources\resources\3d\engine\bin\.cache\dev\editor\bundled\index.js:46669:15)
    at _Deserializer._deserializeFireClass (C:\ProgramData\cocos\editors\Creator\3.8.8\resources\resources\3d\engine\bin\.cache\dev\editor\bundled\index.js:47051:11)
    at _Deserializer._deserializeInto (C:\ProgramData\cocos\editors\Creator\3.8.8\resources\resources\3d\engine\bin\.cache\dev\editor\bundled\index.js:46993:18)
    at _Deserializer._deserializeTypeTaggedObject (C:\ProgramData\cocos\editors\Creator\3.8.8\resources\resources\3d\engine\bin\.cache\dev\editor\bundled\index.js:46965:18)
    at _Deserializer._deserializeObject (C:\ProgramData\cocos\editors\Creator\3.8.8\resources\resources\3d\engine\bin\.cache\dev\editor\bundled\index.js:46901:29)
    at _Deserializer._deserializeAndAssignField (C:\ProgramData\cocos\editors\Creator\3.8.8\resources\resources\3d\engine\bin\.cache\dev\editor\bundled\index.js:47068:38)
    at _Deserializer._deserializeArray (C:\ProgramData\cocos\editors\Creator\3.8.8\resources\resources\3d\engine\bin\.cache\dev\editor\bundled\index.js:46929:40)
    at _Deserializer._deserializeObject (C:\ProgramData\cocos\editors\Creator\3.8.8\resources\resources\3d\engine\bin\.cache\dev\editor\bundled\index.js:46907:29)
    at _Deserializer._deserializeAndAssignField (C:\ProgramData\cocos\editors\Creator\3.8.8\resources\resources\3d\engine\bin\.cache\dev\editor\bundled\index.js:47080:36)
    at eval (C:\ProgramData\cocos\editors\Creator\3.8.8\resources\resources\3d\engine\bin\.cache\dev\editor\bundled\index.js:46669:15)
    at _Deserializer._deserializeFireClass (C:\ProgramData\cocos\editors\Creator\3.8.8\resources\resources\3d\engine\bin\.cache\dev\editor\bundled\index.js:47051:11)
    at _Deserializer._deserializeInto (C:\ProgramData\cocos\editors\Creator\3.8.8\resources\resources\3d\engine\bin\.cache\dev\editor\bundled\index.js:46993:18)
    at _Deserializer._deserializeTypeTaggedObject (C:\ProgramData\cocos\editors\Creator\3.8.8\resources\resources\3d\engine\bin\.cache\dev\editor\bundled\index.js:46965:18)
    at _Deserializer._deserializeObject (C:\ProgramData\cocos\editors\Creator\3.8.8\resources\resources\3d\engine\bin\.cache\dev\editor\bundled\index.js:46901:29)
    at _Deserializer._deserializeAndAssignField (C:\ProgramData\cocos\editors\Creator\3.8.8\resources\resources\3d\engine\bin\.cache\dev\editor\bundled\index.js:47068:38)
    at _Deserializer._deserializeArray (C:\ProgramData\cocos\editors\Creator\3.8.8\resources\resources\3d\engine\bin\.cache\dev\editor\bundled\index.js:46929:40)
    at _Deserializer._deserializeObject (C:\ProgramData\cocos\editors\Creator\3.8.8\resources\resources\3d\engine\bin\.cache\dev\editor\bundled\index.js:46907:29)
    at _Deserializer._deserializeAndAssignField (C:\ProgramData\cocos\editors\Creator\3.8.8\resources\resources\3d\engine\bin\.cache\dev\editor\bundled\index.js:47080:36)
9-9-2026 18:35:14 - warn: [Scene] Missing class: MiniMapUnitIconInfoError: [Scene] Missing class: MiniMapUnitIconInfo
    at console.warn (C:\ProgramData\cocos\editors\Creator\3.8.8\resources\app.asar\node_modules\@sentry\core\src\utils-hoist\instrument\console.ts:40:14)
    at Object.classFinder (C:\ProgramData\cocos\editors\Creator\3.8.8\resources\app.asar\builtin\engine\dist\editor-extends\missing-reporter\missing-class-reporter.ccc:7:982)
    at _Deserializer.classFinder [as _classFinder] (C:\ProgramData\cocos\editors\Creator\3.8.8\resources\resources\3d\engine\bin\.cache\dev\editor\bundled\index.js:137273:34)
    at _Deserializer._deserializeTypeTaggedObject (C:\ProgramData\cocos\editors\Creator\3.8.8\resources\resources\3d\engine\bin\.cache\dev\editor\bundled\index.js:46947:30)
    at _Deserializer._deserializeObject (C:\ProgramData\cocos\editors\Creator\3.8.8\resources\resources\3d\engine\bin\.cache\dev\editor\bundled\index.js:46901:29)
    at _Deserializer._deserializeAndAssignField (C:\ProgramData\cocos\editors\Creator\3.8.8\resources\resources\3d\engine\bin\.cache\dev\editor\bundled\index.js:47068:38)
    at _Deserializer._deserializeArray (C:\ProgramData\cocos\editors\Creator\3.8.8\resources\resources\3d\engine\bin\.cache\dev\editor\bundled\index.js:46929:40)
    at _Deserializer._deserializeObject (C:\ProgramData\cocos\editors\Creator\3.8.8\resources\resources\3d\engine\bin\.cache\dev\editor\bundled\index.js:46907:29)
    at _Deserializer._deserializeAndAssignField (C:\ProgramData\cocos\editors\Creator\3.8.8\resources\resources\3d\engine\bin\.cache\dev\editor\bundled\index.js:47080:36)
    at _Deserializer._fillPlainObject (C:\ProgramData\cocos\editors\Creator\3.8.8\resources\resources\3d\engine\bin\.cache\dev\editor\bundled\index.js:47125:40)
    at eval (C:\ProgramData\cocos\editors\Creator\3.8.8\resources\resources\3d\engine\bin\.cache\dev\editor\bundled\index.js:46682:11)
    at deserialize (C:\ProgramData\cocos\editors\Creator\3.8.8\resources\resources\3d\engine\bin\.cache\dev\editor\bundled\index.js:47040:19)
    at _Deserializer._deserializeFireClass (C:\ProgramData\cocos\editors\Creator\3.8.8\resources\resources\3d\engine\bin\.cache\dev\editor\bundled\index.js:47051:11)
    at _Deserializer._deserializeInto (C:\ProgramData\cocos\editors\Creator\3.8.8\resources\resources\3d\engine\bin\.cache\dev\editor\bundled\index.js:46993:18)
    at _Deserializer._deserializeTypeTaggedObject (C:\ProgramData\cocos\editors\Creator\3.8.8\resources\resources\3d\engine\bin\.cache\dev\editor\bundled\index.js:46970:20)
    at _Deserializer._deserializeObject (C:\ProgramData\cocos\editors\Creator\3.8.8\resources\resources\3d\engine\bin\.cache\dev\editor\bundled\index.js:46901:29)
    at _Deserializer._deserializeAndAssignField (C:\ProgramData\cocos\editors\Creator\3.8.8\resources\resources\3d\engine\bin\.cache\dev\editor\bundled\index.js:47068:38)
    at _Deserializer._deserializeArray (C:\ProgramData\cocos\editors\Creator\3.8.8\resources\resources\3d\engine\bin\.cache\dev\editor\bundled\index.js:46929:40)
    at _Deserializer._deserializeObject (C:\ProgramData\cocos\editors\Creator\3.8.8\resources\resources\3d\engine\bin\.cache\dev\editor\bundled\index.js:46907:29)
    at _Deserializer._deserializeAndAssignField (C:\ProgramData\cocos\editors\Creator\3.8.8\resources\resources\3d\engine\bin\.cache\dev\editor\bundled\index.js:47080:36)
    at eval (C:\ProgramData\cocos\editors\Creator\3.8.8\resources\resources\3d\engine\bin\.cache\dev\editor\bundled\index.js:46669:15)
    at _Deserializer._deserializeFireClass (C:\ProgramData\cocos\editors\Creator\3.8.8\resources\resources\3d\engine\bin\.cache\dev\editor\bundled\index.js:47051:11)
    at _Deserializer._deserializeInto (C:\ProgramData\cocos\editors\Creator\3.8.8\resources\resources\3d\engine\bin\.cache\dev\editor\bundled\index.js:46993:18)
    at _Deserializer._deserializeTypeTaggedObject (C:\ProgramData\cocos\editors\Creator\3.8.8\resources\resources\3d\engine\bin\.cache\dev\editor\bundled\index.js:46965:18)
    at _Deserializer._deserializeObject (C:\ProgramData\cocos\editors\Creator\3.8.8\resources\resources\3d\engine\bin\.cache\dev\editor\bundled\index.js:46901:29)
    at _Deserializer._deserializeAndAssignField (C:\ProgramData\cocos\editors\Creator\3.8.8\resources\resources\3d\engine\bin\.cache\dev\editor\bundled\index.js:47068:38)
    at _Deserializer._deserializeArray (C:\ProgramData\cocos\editors\Creator\3.8.8\resources\resources\3d\engine\bin\.cache\dev\editor\bundled\index.js:46929:40)
    at _Deserializer._deserializeObject (C:\ProgramData\cocos\editors\Creator\3.8.8\resources\resources\3d\engine\bin\.cache\dev\editor\bundled\index.js:46907:29)
    at _Deserializer._deserializeAndAssignField (C:\ProgramData\cocos\editors\Creator\3.8.8\resources\resources\3d\engine\bin\.cache\dev\editor\bundled\index.js:47080:36)
    at eval (C:\ProgramData\cocos\editors\Creator\3.8.8\resources\resources\3d\engine\bin\.cache\dev\editor\bundled\index.js:46669:15)
    at _Deserializer._deserializeFireClass (C:\ProgramData\cocos\editors\Creator\3.8.8\resources\resources\3d\engine\bin\.cache\dev\editor\bundled\index.js:47051:11)
    at _Deserializer._deserializeInto (C:\ProgramData\cocos\editors\Creator\3.8.8\resources\resources\3d\engine\bin\.cache\dev\editor\bundled\index.js:46993:18)
    at _Deserializer._deserializeTypeTaggedObject (C:\ProgramData\cocos\editors\Creator\3.8.8\resources\resources\3d\engine\bin\.cache\dev\editor\bundled\index.js:46965:18)
    at _Deserializer._deserializeObject (C:\ProgramData\cocos\editors\Creator\3.8.8\resources\resources\3d\engine\bin\.cache\dev\editor\bundled\index.js:46901:29)
    at _Deserializer._deserializeAndAssignField (C:\ProgramData\cocos\editors\Creator\3.8.8\resources\resources\3d\engine\bin\.cache\dev\editor\bundled\index.js:47068:38)
    at _Deserializer._deserializeArray (C:\ProgramData\cocos\editors\Creator\3.8.8\resources\resources\3d\engine\bin\.cache\dev\editor\bundled\index.js:46929:40)
    at _Deserializer._deserializeObject (C:\ProgramData\cocos\editors\Creator\3.8.8\resources\resources\3d\engine\bin\.cache\dev\editor\bundled\index.js:46907:29)
    at _Deserializer._deserializeAndAssignField (C:\ProgramData\cocos\editors\Creator\3.8.8\resources\resources\3d\engine\bin\.cache\dev\editor\bundled\index.js:47080:36)
    at eval (C:\ProgramData\cocos\editors\Creator\3.8.8\resources\resources\3d\engine\bin\.cache\dev\editor\bundled\index.js:46669:15)
    at _Deserializer._deserializeFireClass (C:\ProgramData\cocos\editors\Creator\3.8.8\resources\resources\3d\engine\bin\.cache\dev\editor\bundled\index.js:47051:11)
    at _Deserializer._deserializeInto (C:\ProgramData\cocos\editors\Creator\3.8.8\resources\resources\3d\engine\bin\.cache\dev\editor\bundled\index.js:46993:18)
    at _Deserializer._deserializeTypeTaggedObject (C:\ProgramData\cocos\editors\Creator\3.8.8\resources\resources\3d\engine\bin\.cache\dev\editor\bundled\index.js:46965:18)
    at _Deserializer._deserializeObject (C:\ProgramData\cocos\editors\Creator\3.8.8\resources\resources\3d\engine\bin\.cache\dev\editor\bundled\index.js:46901:29)
    at _Deserializer._deserializeAndAssignField (C:\ProgramData\cocos\editors\Creator\3.8.8\resources\resources\3d\engine\bin\.cache\dev\editor\bundled\index.js:47068:38)
    at _Deserializer._deserializeArray (C:\ProgramData\cocos\editors\Creator\3.8.8\resources\resources\3d\engine\bin\.cache\dev\editor\bundled\index.js:46929:40)
    at _Deserializer._deserializeObject (C:\ProgramData\cocos\editors\Creator\3.8.8\resources\resources\3d\engine\bin\.cache\dev\editor\bundled\index.js:46907:29)
    at _Deserializer._deserializeAndAssignField (C:\ProgramData\cocos\editors\Creator\3.8.8\resources\resources\3d\engine\bin\.cache\dev\editor\bundled\index.js:47080:36)
9-9-2026 18:35:14 - warn: [Scene] Missing class: 89dbfa88XVPOLKVdWWhpYrYError: [Scene] Missing class: 89dbfa88XVPOLKVdWWhpYrY
    at console.warn (C:\ProgramData\cocos\editors\Creator\3.8.8\resources\app.asar\node_modules\@sentry\core\src\utils-hoist\instrument\console.ts:40:14)
    at Object.classFinder (C:\ProgramData\cocos\editors\Creator\3.8.8\resources\app.asar\builtin\engine\dist\editor-extends\missing-reporter\missing-class-reporter.ccc:7:982)
    at _Deserializer.classFinder [as _classFinder] (C:\ProgramData\cocos\editors\Creator\3.8.8\resources\resources\3d\engine\bin\.cache\dev\editor\bundled\index.js:137273:34)
    at _Deserializer._deserializeTypeTaggedObject (C:\ProgramData\cocos\editors\Creator\3.8.8\resources\resources\3d\engine\bin\.cache\dev\editor\bundled\index.js:46947:30)
    at _Deserializer._deserializeObject (C:\ProgramData\cocos\editors\Creator\3.8.8\resources\resources\3d\engine\bin\.cache\dev\editor\bundled\index.js:46901:29)
    at _Deserializer._deserializeAndAssignField (C:\ProgramData\cocos\editors\Creator\3.8.8\resources\resources\3d\engine\bin\.cache\dev\editor\bundled\index.js:47068:38)
    at _Deserializer._deserializeArray (C:\ProgramData\cocos\editors\Creator\3.8.8\resources\resources\3d\engine\bin\.cache\dev\editor\bundled\index.js:46929:40)
    at _Deserializer._deserializeObject (C:\ProgramData\cocos\editors\Creator\3.8.8\resources\resources\3d\engine\bin\.cache\dev\editor\bundled\index.js:46907:29)
    at _Deserializer._deserializeAndAssignField (C:\ProgramData\cocos\editors\Creator\3.8.8\resources\resources\3d\engine\bin\.cache\dev\editor\bundled\index.js:47080:36)
    at eval (C:\ProgramData\cocos\editors\Creator\3.8.8\resources\resources\3d\engine\bin\.cache\dev\editor\bundled\index.js:46669:15)
    at _Deserializer._deserializeFireClass (C:\ProgramData\cocos\editors\Creator\3.8.8\resources\resources\3d\engine\bin\.cache\dev\editor\bundled\index.js:47051:11)
    at _Deserializer._deserializeInto (C:\ProgramData\cocos\editors\Creator\3.8.8\resources\resources\3d\engine\bin\.cache\dev\editor\bundled\index.js:46993:18)
    at _Deserializer._deserializeTypeTaggedObject (C:\ProgramData\cocos\editors\Creator\3.8.8\resources\resources\3d\engine\bin\.cache\dev\editor\bundled\index.js:46965:18)
    at _Deserializer._deserializeObject (C:\ProgramData\cocos\editors\Creator\3.8.8\resources\resources\3d\engine\bin\.cache\dev\editor\bundled\index.js:46901:29)
    at _Deserializer._deserializeAndAssignField (C:\ProgramData\cocos\editors\Creator\3.8.8\resources\resources\3d\engine\bin\.cache\dev\editor\bundled\index.js:47068:38)
    at _Deserializer._deserializeArray (C:\ProgramData\cocos\editors\Creator\3.8.8\resources\resources\3d\engine\bin\.cache\dev\editor\bundled\index.js:46929:40)
    at _Deserializer._deserializeObject (C:\ProgramData\cocos\editors\Creator\3.8.8\resources\resources\3d\engine\bin\.cache\dev\editor\bundled\index.js:46907:29)
    at _Deserializer._deserializeAndAssignField (C:\ProgramData\cocos\editors\Creator\3.8.8\resources\resources\3d\engine\bin\.cache\dev\editor\bundled\index.js:47080:36)
    at eval (C:\ProgramData\cocos\editors\Creator\3.8.8\resources\resources\3d\engine\bin\.cache\dev\editor\bundled\index.js:46669:15)
    at _Deserializer._deserializeFireClass (C:\ProgramData\cocos\editors\Creator\3.8.8\resources\resources\3d\engine\bin\.cache\dev\editor\bundled\index.js:47051:11)
    at _Deserializer._deserializeInto (C:\ProgramData\cocos\editors\Creator\3.8.8\resources\resources\3d\engine\bin\.cache\dev\editor\bundled\index.js:46993:18)
    at _Deserializer._deserializeTypeTaggedObject (C:\ProgramData\cocos\editors\Creator\3.8.8\resources\resources\3d\engine\bin\.cache\dev\editor\bundled\index.js:46965:18)
    at _Deserializer._deserializeObject (C:\ProgramData\cocos\editors\Creator\3.8.8\resources\resources\3d\engine\bin\.cache\dev\editor\bundled\index.js:46901:29)
    at _Deserializer._deserializeAndAssignField (C:\ProgramData\cocos\editors\Creator\3.8.8\resources\resources\3d\engine\bin\.cache\dev\editor\bundled\index.js:47068:38)
    at _Deserializer._deserializeArray (C:\ProgramData\cocos\editors\Creator\3.8.8\resources\resources\3d\engine\bin\.cache\dev\editor\bundled\index.js:46929:40)
    at _Deserializer._deserializeObject (C:\ProgramData\cocos\editors\Creator\3.8.8\resources\resources\3d\engine\bin\.cache\dev\editor\bundled\index.js:46907:29)
    at _Deserializer._deserializeAndAssignField (C:\ProgramData\cocos\editors\Creator\3.8.8\resources\resources\3d\engine\bin\.cache\dev\editor\bundled\index.js:47080:36)
    at eval (C:\ProgramData\cocos\editors\Creator\3.8.8\resources\resources\3d\engine\bin\.cache\dev\editor\bundled\index.js:46669:15)
    at _Deserializer._deserializeFireClass (C:\ProgramData\cocos\editors\Creator\3.8.8\resources\resources\3d\engine\bin\.cache\dev\editor\bundled\index.js:47051:11)
    at _Deserializer._deserializeInto (C:\ProgramData\cocos\editors\Creator\3.8.8\resources\resources\3d\engine\bin\.cache\dev\editor\bundled\index.js:46993:18)
    at _Deserializer._deserializeTypeTaggedObject (C:\ProgramData\cocos\editors\Creator\3.8.8\resources\resources\3d\engine\bin\.cache\dev\editor\bundled\index.js:46965:18)
    at _Deserializer._deserializeObject (C:\ProgramData\cocos\editors\Creator\3.8.8\resources\resources\3d\engine\bin\.cache\dev\editor\bundled\index.js:46901:29)
    at _Deserializer._deserializeAndAssignField (C:\ProgramData\cocos\editors\Creator\3.8.8\resources\resources\3d\engine\bin\.cache\dev\editor\bundled\index.js:47068:38)
    at eval (C:\ProgramData\cocos\editors\Creator\3.8.8\resources\resources\3d\engine\bin\.cache\dev\editor\bundled\index.js:46669:15)
    at _Deserializer._deserializeFireClass (C:\ProgramData\cocos\editors\Creator\3.8.8\resources\resources\3d\engine\bin\.cache\dev\editor\bundled\index.js:47051:11)
    at _Deserializer._deserializeInto (C:\ProgramData\cocos\editors\Creator\3.8.8\resources\resources\3d\engine\bin\.cache\dev\editor\bundled\index.js:46993:18)
    at _Deserializer._deserializeTypeTaggedObject (C:\ProgramData\cocos\editors\Creator\3.8.8\resources\resources\3d\engine\bin\.cache\dev\editor\bundled\index.js:46965:18)
    at _Deserializer._deserializeObject (C:\ProgramData\cocos\editors\Creator\3.8.8\resources\resources\3d\engine\bin\.cache\dev\editor\bundled\index.js:46901:29)
    at _Deserializer.deserialize (C:\ProgramData\cocos\editors\Creator\3.8.8\resources\resources\3d\engine\bin\.cache\dev\editor\bundled\index.js:46873:42)
    at deserializeDynamic (C:\ProgramData\cocos\editors\Creator\3.8.8\resources\resources\3d\engine\bin\.cache\dev\editor\bundled\index.js:46723:30)
    at deserialize (C:\ProgramData\cocos\editors\Creator\3.8.8\resources\resources\3d\engine\bin\.cache\dev\editor\bundled\index.js:47546:13)
    at deserializeAsset (C:\ProgramData\cocos\editors\Creator\3.8.8\resources\resources\3d\engine\bin\.cache\dev\editor\bundled\index.js:137286:15)
    at parseImport (C:\ProgramData\cocos\editors\Creator\3.8.8\resources\resources\3d\engine\bin\.cache\dev\editor\bundled\index.js:139488:22)
    at Parser.parse (C:\ProgramData\cocos\editors\Creator\3.8.8\resources\resources\3d\engine\bin\.cache\dev\editor\bundled\index.js:139571:11)
    at parse (C:\ProgramData\cocos\editors\Creator\3.8.8\resources\resources\3d\engine\bin\.cache\dev\editor\bundled\index.js:138984:20)
    at Pipeline._flow (C:\ProgramData\cocos\editors\Creator\3.8.8\resources\resources\3d\engine\bin\.cache\dev\editor\bundled\index.js:139854:11)
    at eval (C:\ProgramData\cocos\editors\Creator\3.8.8\resources\resources\3d\engine\bin\.cache\dev\editor\bundled\index.js:139864:22)
9-9-2026 18:35:14 - warn: [Scene] Missing class: PlayerUnitIconBindingError: [Scene] Missing class: PlayerUnitIconBinding
    at console.warn (C:\ProgramData\cocos\editors\Creator\3.8.8\resources\app.asar\node_modules\@sentry\core\src\utils-hoist\instrument\console.ts:40:14)
    at Object.classFinder (C:\ProgramData\cocos\editors\Creator\3.8.8\resources\app.asar\builtin\engine\dist\editor-extends\missing-reporter\missing-class-reporter.ccc:7:982)
    at _Deserializer.classFinder [as _classFinder] (C:\ProgramData\cocos\editors\Creator\3.8.8\resources\resources\3d\engine\bin\.cache\dev\editor\bundled\index.js:137273:34)
    at _Deserializer._deserializeTypeTaggedObject (C:\ProgramData\cocos\editors\Creator\3.8.8\resources\resources\3d\engine\bin\.cache\dev\editor\bundled\index.js:46947:30)
    at _Deserializer._deserializeObject (C:\ProgramData\cocos\editors\Creator\3.8.8\resources\resources\3d\engine\bin\.cache\dev\editor\bundled\index.js:46901:29)
    at _Deserializer._deserializeAndAssignField (C:\ProgramData\cocos\editors\Creator\3.8.8\resources\resources\3d\engine\bin\.cache\dev\editor\bundled\index.js:47068:38)
    at _Deserializer._deserializeArray (C:\ProgramData\cocos\editors\Creator\3.8.8\resources\resources\3d\engine\bin\.cache\dev\editor\bundled\index.js:46929:40)
    at _Deserializer._deserializeObject (C:\ProgramData\cocos\editors\Creator\3.8.8\resources\resources\3d\engine\bin\.cache\dev\editor\bundled\index.js:46907:29)
    at _Deserializer._deserializeAndAssignField (C:\ProgramData\cocos\editors\Creator\3.8.8\resources\resources\3d\engine\bin\.cache\dev\editor\bundled\index.js:47080:36)
    at _Deserializer._fillPlainObject (C:\ProgramData\cocos\editors\Creator\3.8.8\resources\resources\3d\engine\bin\.cache\dev\editor\bundled\index.js:47125:40)
    at eval (C:\ProgramData\cocos\editors\Creator\3.8.8\resources\resources\3d\engine\bin\.cache\dev\editor\bundled\index.js:46682:11)
    at deserialize (C:\ProgramData\cocos\editors\Creator\3.8.8\resources\resources\3d\engine\bin\.cache\dev\editor\bundled\index.js:47040:19)
    at _Deserializer._deserializeFireClass (C:\ProgramData\cocos\editors\Creator\3.8.8\resources\resources\3d\engine\bin\.cache\dev\editor\bundled\index.js:47051:11)
    at _Deserializer._deserializeInto (C:\ProgramData\cocos\editors\Creator\3.8.8\resources\resources\3d\engine\bin\.cache\dev\editor\bundled\index.js:46993:18)
    at _Deserializer._deserializeTypeTaggedObject (C:\ProgramData\cocos\editors\Creator\3.8.8\resources\resources\3d\engine\bin\.cache\dev\editor\bundled\index.js:46970:20)
    at _Deserializer._deserializeObject (C:\ProgramData\cocos\editors\Creator\3.8.8\resources\resources\3d\engine\bin\.cache\dev\editor\bundled\index.js:46901:29)
    at _Deserializer._deserializeAndAssignField (C:\ProgramData\cocos\editors\Creator\3.8.8\resources\resources\3d\engine\bin\.cache\dev\editor\bundled\index.js:47068:38)
    at _Deserializer._deserializeArray (C:\ProgramData\cocos\editors\Creator\3.8.8\resources\resources\3d\engine\bin\.cache\dev\editor\bundled\index.js:46929:40)
    at _Deserializer._deserializeObject (C:\ProgramData\cocos\editors\Creator\3.8.8\resources\resources\3d\engine\bin\.cache\dev\editor\bundled\index.js:46907:29)
    at _Deserializer._deserializeAndAssignField (C:\ProgramData\cocos\editors\Creator\3.8.8\resources\resources\3d\engine\bin\.cache\dev\editor\bundled\index.js:47080:36)
    at eval (C:\ProgramData\cocos\editors\Creator\3.8.8\resources\resources\3d\engine\bin\.cache\dev\editor\bundled\index.js:46669:15)
    at _Deserializer._deserializeFireClass (C:\ProgramData\cocos\editors\Creator\3.8.8\resources\resources\3d\engine\bin\.cache\dev\editor\bundled\index.js:47051:11)
    at _Deserializer._deserializeInto (C:\ProgramData\cocos\editors\Creator\3.8.8\resources\resources\3d\engine\bin\.cache\dev\editor\bundled\index.js:46993:18)
    at _Deserializer._deserializeTypeTaggedObject (C:\ProgramData\cocos\editors\Creator\3.8.8\resources\resources\3d\engine\bin\.cache\dev\editor\bundled\index.js:46965:18)
    at _Deserializer._deserializeObject (C:\ProgramData\cocos\editors\Creator\3.8.8\resources\resources\3d\engine\bin\.cache\dev\editor\bundled\index.js:46901:29)
    at _Deserializer._deserializeAndAssignField (C:\ProgramData\cocos\editors\Creator\3.8.8\resources\resources\3d\engine\bin\.cache\dev\editor\bundled\index.js:47068:38)
    at _Deserializer._deserializeArray (C:\ProgramData\cocos\editors\Creator\3.8.8\resources\resources\3d\engine\bin\.cache\dev\editor\bundled\index.js:46929:40)
    at _Deserializer._deserializeObject (C:\ProgramData\cocos\editors\Creator\3.8.8\resources\resources\3d\engine\bin\.cache\dev\editor\bundled\index.js:46907:29)
    at _Deserializer._deserializeAndAssignField (C:\ProgramData\cocos\editors\Creator\3.8.8\resources\resources\3d\engine\bin\.cache\dev\editor\bundled\index.js:47080:36)
    at eval (C:\ProgramData\cocos\editors\Creator\3.8.8\resources\resources\3d\engine\bin\.cache\dev\editor\bundled\index.js:46669:15)
    at _Deserializer._deserializeFireClass (C:\ProgramData\cocos\editors\Creator\3.8.8\resources\resources\3d\engine\bin\.cache\dev\editor\bundled\index.js:47051:11)
    at _Deserializer._deserializeInto (C:\ProgramData\cocos\editors\Creator\3.8.8\resources\resources\3d\engine\bin\.cache\dev\editor\bundled\index.js:46993:18)
    at _Deserializer._deserializeTypeTaggedObject (C:\ProgramData\cocos\editors\Creator\3.8.8\resources\resources\3d\engine\bin\.cache\dev\editor\bundled\index.js:46965:18)
    at _Deserializer._deserializeObject (C:\ProgramData\cocos\editors\Creator\3.8.8\resources\resources\3d\engine\bin\.cache\dev\editor\bundled\index.js:46901:29)
    at _Deserializer._deserializeAndAssignField (C:\ProgramData\cocos\editors\Creator\3.8.8\resources\resources\3d\engine\bin\.cache\dev\editor\bundled\index.js:47068:38)
    at _Deserializer._deserializeArray (C:\ProgramData\cocos\editors\Creator\3.8.8\resources\resources\3d\engine\bin\.cache\dev\editor\bundled\index.js:46929:40)
    at _Deserializer._deserializeObject (C:\ProgramData\cocos\editors\Creator\3.8.8\resources\resources\3d\engine\bin\.cache\dev\editor\bundled\index.js:46907:29)
    at _Deserializer._deserializeAndAssignField (C:\ProgramData\cocos\editors\Creator\3.8.8\resources\resources\3d\engine\bin\.cache\dev\editor\bundled\index.js:47080:36)
    at eval (C:\ProgramData\cocos\editors\Creator\3.8.8\resources\resources\3d\engine\bin\.cache\dev\editor\bundled\index.js:46669:15)
    at _Deserializer._deserializeFireClass (C:\ProgramData\cocos\editors\Creator\3.8.8\resources\resources\3d\engine\bin\.cache\dev\editor\bundled\index.js:47051:11)
    at _Deserializer._deserializeInto (C:\ProgramData\cocos\editors\Creator\3.8.8\resources\resources\3d\engine\bin\.cache\dev\editor\bundled\index.js:46993:18)
    at _Deserializer._deserializeTypeTaggedObject (C:\ProgramData\cocos\editors\Creator\3.8.8\resources\resources\3d\engine\bin\.cache\dev\editor\bundled\index.js:46965:18)
    at _Deserializer._deserializeObject (C:\ProgramData\cocos\editors\Creator\3.8.8\resources\resources\3d\engine\bin\.cache\dev\editor\bundled\index.js:46901:29)
    at _Deserializer._deserializeAndAssignField (C:\ProgramData\cocos\editors\Creator\3.8.8\resources\resources\3d\engine\bin\.cache\dev\editor\bundled\index.js:47068:38)
    at eval (C:\ProgramData\cocos\editors\Creator\3.8.8\resources\resources\3d\engine\bin\.cache\dev\editor\bundled\index.js:46669:15)
    at _Deserializer._deserializeFireClass (C:\ProgramData\cocos\editors\Creator\3.8.8\resources\resources\3d\engine\bin\.cache\dev\editor\bundled\index.js:47051:11)
    at _Deserializer._deserializeInto (C:\ProgramData\cocos\editors\Creator\3.8.8\resources\resources\3d\engine\bin\.cache\dev\editor\bundled\index.js:46993:18)
9-9-2026 18:35:14 - warn: [Scene] Missing class: PlayerUnitIconBindingError: [Scene] Missing class: PlayerUnitIconBinding
    at console.warn (C:\ProgramData\cocos\editors\Creator\3.8.8\resources\app.asar\node_modules\@sentry\core\src\utils-hoist\instrument\console.ts:40:14)
    at Object.classFinder (C:\ProgramData\cocos\editors\Creator\3.8.8\resources\app.asar\builtin\engine\dist\editor-extends\missing-reporter\missing-class-reporter.ccc:7:982)
    at _Deserializer.classFinder [as _classFinder] (C:\ProgramData\cocos\editors\Creator\3.8.8\resources\resources\3d\engine\bin\.cache\dev\editor\bundled\index.js:137273:34)
    at _Deserializer._deserializeTypeTaggedObject (C:\ProgramData\cocos\editors\Creator\3.8.8\resources\resources\3d\engine\bin\.cache\dev\editor\bundled\index.js:46947:30)
    at _Deserializer._deserializeObject (C:\ProgramData\cocos\editors\Creator\3.8.8\resources\resources\3d\engine\bin\.cache\dev\editor\bundled\index.js:46901:29)
    at _Deserializer._deserializeAndAssignField (C:\ProgramData\cocos\editors\Creator\3.8.8\resources\resources\3d\engine\bin\.cache\dev\editor\bundled\index.js:47068:38)
    at _Deserializer._deserializeArray (C:\ProgramData\cocos\editors\Creator\3.8.8\resources\resources\3d\engine\bin\.cache\dev\editor\bundled\index.js:46929:40)
    at _Deserializer._deserializeObject (C:\ProgramData\cocos\editors\Creator\3.8.8\resources\resources\3d\engine\bin\.cache\dev\editor\bundled\index.js:46907:29)
    at _Deserializer._deserializeAndAssignField (C:\ProgramData\cocos\editors\Creator\3.8.8\resources\resources\3d\engine\bin\.cache\dev\editor\bundled\index.js:47080:36)
    at _Deserializer._fillPlainObject (C:\ProgramData\cocos\editors\Creator\3.8.8\resources\resources\3d\engine\bin\.cache\dev\editor\bundled\index.js:47125:40)
    at eval (C:\ProgramData\cocos\editors\Creator\3.8.8\resources\resources\3d\engine\bin\.cache\dev\editor\bundled\index.js:46682:11)
    at deserialize (C:\ProgramData\cocos\editors\Creator\3.8.8\resources\resources\3d\engine\bin\.cache\dev\editor\bundled\index.js:47040:19)
    at _Deserializer._deserializeFireClass (C:\ProgramData\cocos\editors\Creator\3.8.8\resources\resources\3d\engine\bin\.cache\dev\editor\bundled\index.js:47051:11)
    at _Deserializer._deserializeInto (C:\ProgramData\cocos\editors\Creator\3.8.8\resources\resources\3d\engine\bin\.cache\dev\editor\bundled\index.js:46993:18)
    at _Deserializer._deserializeTypeTaggedObject (C:\ProgramData\cocos\editors\Creator\3.8.8\resources\resources\3d\engine\bin\.cache\dev\editor\bundled\index.js:46970:20)
    at _Deserializer._deserializeObject (C:\ProgramData\cocos\editors\Creator\3.8.8\resources\resources\3d\engine\bin\.cache\dev\editor\bundled\index.js:46901:29)
    at _Deserializer._deserializeAndAssignField (C:\ProgramData\cocos\editors\Creator\3.8.8\resources\resources\3d\engine\bin\.cache\dev\editor\bundled\index.js:47068:38)
    at _Deserializer._deserializeArray (C:\ProgramData\cocos\editors\Creator\3.8.8\resources\resources\3d\engine\bin\.cache\dev\editor\bundled\index.js:46929:40)
    at _Deserializer._deserializeObject (C:\ProgramData\cocos\editors\Creator\3.8.8\resources\resources\3d\engine\bin\.cache\dev\editor\bundled\index.js:46907:29)
    at _Deserializer._deserializeAndAssignField (C:\ProgramData\cocos\editors\Creator\3.8.8\resources\resources\3d\engine\bin\.cache\dev\editor\bundled\index.js:47080:36)
    at eval (C:\ProgramData\cocos\editors\Creator\3.8.8\resources\resources\3d\engine\bin\.cache\dev\editor\bundled\index.js:46669:15)
    at _Deserializer._deserializeFireClass (C:\ProgramData\cocos\editors\Creator\3.8.8\resources\resources\3d\engine\bin\.cache\dev\editor\bundled\index.js:47051:11)
    at _Deserializer._deserializeInto (C:\ProgramData\cocos\editors\Creator\3.8.8\resources\resources\3d\engine\bin\.cache\dev\editor\bundled\index.js:46993:18)
    at _Deserializer._deserializeTypeTaggedObject (C:\ProgramData\cocos\editors\Creator\3.8.8\resources\resources\3d\engine\bin\.cache\dev\editor\bundled\index.js:46965:18)
    at _Deserializer._deserializeObject (C:\ProgramData\cocos\editors\Creator\3.8.8\resources\resources\3d\engine\bin\.cache\dev\editor\bundled\index.js:46901:29)
    at _Deserializer._deserializeAndAssignField (C:\ProgramData\cocos\editors\Creator\3.8.8\resources\resources\3d\engine\bin\.cache\dev\editor\bundled\index.js:47068:38)
    at _Deserializer._deserializeArray (C:\ProgramData\cocos\editors\Creator\3.8.8\resources\resources\3d\engine\bin\.cache\dev\editor\bundled\index.js:46929:40)
    at _Deserializer._deserializeObject (C:\ProgramData\cocos\editors\Creator\3.8.8\resources\resources\3d\engine\bin\.cache\dev\editor\bundled\index.js:46907:29)
    at _Deserializer._deserializeAndAssignField (C:\ProgramData\cocos\editors\Creator\3.8.8\resources\resources\3d\engine\bin\.cache\dev\editor\bundled\index.js:47080:36)
    at eval (C:\ProgramData\cocos\editors\Creator\3.8.8\resources\resources\3d\engine\bin\.cache\dev\editor\bundled\index.js:46669:15)
    at _Deserializer._deserializeFireClass (C:\ProgramData\cocos\editors\Creator\3.8.8\resources\resources\3d\engine\bin\.cache\dev\editor\bundled\index.js:47051:11)
    at _Deserializer._deserializeInto (C:\ProgramData\cocos\editors\Creator\3.8.8\resources\resources\3d\engine\bin\.cache\dev\editor\bundled\index.js:46993:18)
    at _Deserializer._deserializeTypeTaggedObject (C:\ProgramData\cocos\editors\Creator\3.8.8\resources\resources\3d\engine\bin\.cache\dev\editor\bundled\index.js:46965:18)
    at _Deserializer._deserializeObject (C:\ProgramData\cocos\editors\Creator\3.8.8\resources\resources\3d\engine\bin\.cache\dev\editor\bundled\index.js:46901:29)
    at _Deserializer._deserializeAndAssignField (C:\ProgramData\cocos\editors\Creator\3.8.8\resources\resources\3d\engine\bin\.cache\dev\editor\bundled\index.js:47068:38)
    at _Deserializer._deserializeArray (C:\ProgramData\cocos\editors\Creator\3.8.8\resources\resources\3d\engine\bin\.cache\dev\editor\bundled\index.js:46929:40)
    at _Deserializer._deserializeObject (C:\ProgramData\cocos\editors\Creator\3.8.8\resources\resources\3d\engine\bin\.cache\dev\editor\bundled\index.js:46907:29)
    at _Deserializer._deserializeAndAssignField (C:\ProgramData\cocos\editors\Creator\3.8.8\resources\resources\3d\engine\bin\.cache\dev\editor\bundled\index.js:47080:36)
    at eval (C:\ProgramData\cocos\editors\Creator\3.8.8\resources\resources\3d\engine\bin\.cache\dev\editor\bundled\index.js:46669:15)
    at _Deserializer._deserializeFireClass (C:\ProgramData\cocos\editors\Creator\3.8.8\resources\resources\3d\engine\bin\.cache\dev\editor\bundled\index.js:47051:11)
    at _Deserializer._deserializeInto (C:\ProgramData\cocos\editors\Creator\3.8.8\resources\resources\3d\engine\bin\.cache\dev\editor\bundled\index.js:46993:18)
    at _Deserializer._deserializeTypeTaggedObject (C:\ProgramData\cocos\editors\Creator\3.8.8\resources\resources\3d\engine\bin\.cache\dev\editor\bundled\index.js:46965:18)
    at _Deserializer._deserializeObject (C:\ProgramData\cocos\editors\Creator\3.8.8\resources\resources\3d\engine\bin\.cache\dev\editor\bundled\index.js:46901:29)
    at _Deserializer._deserializeAndAssignField (C:\ProgramData\cocos\editors\Creator\3.8.8\resources\resources\3d\engine\bin\.cache\dev\editor\bundled\index.js:47068:38)
    at eval (C:\ProgramData\cocos\editors\Creator\3.8.8\resources\resources\3d\engine\bin\.cache\dev\editor\bundled\index.js:46669:15)
    at _Deserializer._deserializeFireClass (C:\ProgramData\cocos\editors\Creator\3.8.8\resources\resources\3d\engine\bin\.cache\dev\editor\bundled\index.js:47051:11)
    at _Deserializer._deserializeInto (C:\ProgramData\cocos\editors\Creator\3.8.8\resources\resources\3d\engine\bin\.cache\dev\editor\bundled\index.js:46993:18)
9-9-2026 18:35:14 - warn: [Scene] Missing class: PlayerUnitIconBindingError: [Scene] Missing class: PlayerUnitIconBinding
    at console.warn (C:\ProgramData\cocos\editors\Creator\3.8.8\resources\app.asar\node_modules\@sentry\core\src\utils-hoist\instrument\console.ts:40:14)
    at Object.classFinder (C:\ProgramData\cocos\editors\Creator\3.8.8\resources\app.asar\builtin\engine\dist\editor-extends\missing-reporter\missing-class-reporter.ccc:7:982)
    at _Deserializer.classFinder [as _classFinder] (C:\ProgramData\cocos\editors\Creator\3.8.8\resources\resources\3d\engine\bin\.cache\dev\editor\bundled\index.js:137273:34)
    at _Deserializer._deserializeTypeTaggedObject (C:\ProgramData\cocos\editors\Creator\3.8.8\resources\resources\3d\engine\bin\.cache\dev\editor\bundled\index.js:46947:30)
    at _Deserializer._deserializeObject (C:\ProgramData\cocos\editors\Creator\3.8.8\resources\resources\3d\engine\bin\.cache\dev\editor\bundled\index.js:46901:29)
    at _Deserializer._deserializeAndAssignField (C:\ProgramData\cocos\editors\Creator\3.8.8\resources\resources\3d\engine\bin\.cache\dev\editor\bundled\index.js:47068:38)
    at _Deserializer._deserializeArray (C:\ProgramData\cocos\editors\Creator\3.8.8\resources\resources\3d\engine\bin\.cache\dev\editor\bundled\index.js:46929:40)
    at _Deserializer._deserializeObject (C:\ProgramData\cocos\editors\Creator\3.8.8\resources\resources\3d\engine\bin\.cache\dev\editor\bundled\index.js:46907:29)
    at _Deserializer._deserializeAndAssignField (C:\ProgramData\cocos\editors\Creator\3.8.8\resources\resources\3d\engine\bin\.cache\dev\editor\bundled\index.js:47080:36)
    at _Deserializer._fillPlainObject (C:\ProgramData\cocos\editors\Creator\3.8.8\resources\resources\3d\engine\bin\.cache\dev\editor\bundled\index.js:47125:40)
    at eval (C:\ProgramData\cocos\editors\Creator\3.8.8\resources\resources\3d\engine\bin\.cache\dev\editor\bundled\index.js:46682:11)
    at deserialize (C:\ProgramData\cocos\editors\Creator\3.8.8\resources\resources\3d\engine\bin\.cache\dev\editor\bundled\index.js:47040:19)
    at _Deserializer._deserializeFireClass (C:\ProgramData\cocos\editors\Creator\3.8.8\resources\resources\3d\engine\bin\.cache\dev\editor\bundled\index.js:47051:11)
    at _Deserializer._deserializeInto (C:\ProgramData\cocos\editors\Creator\3.8.8\resources\resources\3d\engine\bin\.cache\dev\editor\bundled\index.js:46993:18)
    at _Deserializer._deserializeTypeTaggedObject (C:\ProgramData\cocos\editors\Creator\3.8.8\resources\resources\3d\engine\bin\.cache\dev\editor\bundled\index.js:46970:20)
    at _Deserializer._deserializeObject (C:\ProgramData\cocos\editors\Creator\3.8.8\resources\resources\3d\engine\bin\.cache\dev\editor\bundled\index.js:46901:29)
    at _Deserializer._deserializeAndAssignField (C:\ProgramData\cocos\editors\Creator\3.8.8\resources\resources\3d\engine\bin\.cache\dev\editor\bundled\index.js:47068:38)
    at _Deserializer._deserializeArray (C:\ProgramData\cocos\editors\Creator\3.8.8\resources\resources\3d\engine\bin\.cache\dev\editor\bundled\index.js:46929:40)
    at _Deserializer._deserializeObject (C:\ProgramData\cocos\editors\Creator\3.8.8\resources\resources\3d\engine\bin\.cache\dev\editor\bundled\index.js:46907:29)
    at _Deserializer._deserializeAndAssignField (C:\ProgramData\cocos\editors\Creator\3.8.8\resources\resources\3d\engine\bin\.cache\dev\editor\bundled\index.js:47080:36)
    at eval (C:\ProgramData\cocos\editors\Creator\3.8.8\resources\resources\3d\engine\bin\.cache\dev\editor\bundled\index.js:46669:15)
    at _Deserializer._deserializeFireClass (C:\ProgramData\cocos\editors\Creator\3.8.8\resources\resources\3d\engine\bin\.cache\dev\editor\bundled\index.js:47051:11)
    at _Deserializer._deserializeInto (C:\ProgramData\cocos\editors\Creator\3.8.8\resources\resources\3d\engine\bin\.cache\dev\editor\bundled\index.js:46993:18)
    at _Deserializer._deserializeTypeTaggedObject (C:\ProgramData\cocos\editors\Creator\3.8.8\resources\resources\3d\engine\bin\.cache\dev\editor\bundled\index.js:46965:18)
    at _Deserializer._deserializeObject (C:\ProgramData\cocos\editors\Creator\3.8.8\resources\resources\3d\engine\bin\.cache\dev\editor\bundled\index.js:46901:29)
    at _Deserializer._deserializeAndAssignField (C:\ProgramData\cocos\editors\Creator\3.8.8\resources\resources\3d\engine\bin\.cache\dev\editor\bundled\index.js:47068:38)
    at _Deserializer._deserializeArray (C:\ProgramData\cocos\editors\Creator\3.8.8\resources\resources\3d\engine\bin\.cache\dev\editor\bundled\index.js:46929:40)
    at _Deserializer._deserializeObject (C:\ProgramData\cocos\editors\Creator\3.8.8\resources\resources\3d\engine\bin\.cache\dev\editor\bundled\index.js:46907:29)
    at _Deserializer._deserializeAndAssignField (C:\ProgramData\cocos\editors\Creator\3.8.8\resources\resources\3d\engine\bin\.cache\dev\editor\bundled\index.js:47080:36)
    at eval (C:\ProgramData\cocos\editors\Creator\3.8.8\resources\resources\3d\engine\bin\.cache\dev\editor\bundled\index.js:46669:15)
    at _Deserializer._deserializeFireClass (C:\ProgramData\cocos\editors\Creator\3.8.8\resources\resources\3d\engine\bin\.cache\dev\editor\bundled\index.js:47051:11)
    at _Deserializer._deserializeInto (C:\ProgramData\cocos\editors\Creator\3.8.8\resources\resources\3d\engine\bin\.cache\dev\editor\bundled\index.js:46993:18)
    at _Deserializer._deserializeTypeTaggedObject (C:\ProgramData\cocos\editors\Creator\3.8.8\resources\resources\3d\engine\bin\.cache\dev\editor\bundled\index.js:46965:18)
    at _Deserializer._deserializeObject (C:\ProgramData\cocos\editors\Creator\3.8.8\resources\resources\3d\engine\bin\.cache\dev\editor\bundled\index.js:46901:29)
    at _Deserializer._deserializeAndAssignField (C:\ProgramData\cocos\editors\Creator\3.8.8\resources\resources\3d\engine\bin\.cache\dev\editor\bundled\index.js:47068:38)
    at _Deserializer._deserializeArray (C:\ProgramData\cocos\editors\Creator\3.8.8\resources\resources\3d\engine\bin\.cache\dev\editor\bundled\index.js:46929:40)
    at _Deserializer._deserializeObject (C:\ProgramData\cocos\editors\Creator\3.8.8\resources\resources\3d\engine\bin\.cache\dev\editor\bundled\index.js:46907:29)
    at _Deserializer._deserializeAndAssignField (C:\ProgramData\cocos\editors\Creator\3.8.8\resources\resources\3d\engine\bin\.cache\dev\editor\bundled\index.js:47080:36)
    at eval (C:\ProgramData\cocos\editors\Creator\3.8.8\resources\resources\3d\engine\bin\.cache\dev\editor\bundled\index.js:46669:15)
    at _Deserializer._deserializeFireClass (C:\ProgramData\cocos\editors\Creator\3.8.8\resources\resources\3d\engine\bin\.cache\dev\editor\bundled\index.js:47051:11)
    at _Deserializer._deserializeInto (C:\ProgramData\cocos\editors\Creator\3.8.8\resources\resources\3d\engine\bin\.cache\dev\editor\bundled\index.js:46993:18)
    at _Deserializer._deserializeTypeTaggedObject (C:\ProgramData\cocos\editors\Creator\3.8.8\resources\resources\3d\engine\bin\.cache\dev\editor\bundled\index.js:46965:18)
    at _Deserializer._deserializeObject (C:\ProgramData\cocos\editors\Creator\3.8.8\resources\resources\3d\engine\bin\.cache\dev\editor\bundled\index.js:46901:29)
    at _Deserializer._deserializeAndAssignField (C:\ProgramData\cocos\editors\Creator\3.8.8\resources\resources\3d\engine\bin\.cache\dev\editor\bundled\index.js:47068:38)
    at eval (C:\ProgramData\cocos\editors\Creator\3.8.8\resources\resources\3d\engine\bin\.cache\dev\editor\bundled\index.js:46669:15)
    at _Deserializer._deserializeFireClass (C:\ProgramData\cocos\editors\Creator\3.8.8\resources\resources\3d\engine\bin\.cache\dev\editor\bundled\index.js:47051:11)
    at _Deserializer._deserializeInto (C:\ProgramData\cocos\editors\Creator\3.8.8\resources\resources\3d\engine\bin\.cache\dev\editor\bundled\index.js:46993:18)
9-9-2026 18:35:14 - warn: [Scene] Missing class: PlayerUnitIconBindingError: [Scene] Missing class: PlayerUnitIconBinding
    at console.warn (C:\ProgramData\cocos\editors\Creator\3.8.8\resources\app.asar\node_modules\@sentry\core\src\utils-hoist\instrument\console.ts:40:14)
    at Object.classFinder (C:\ProgramData\cocos\editors\Creator\3.8.8\resources\app.asar\builtin\engine\dist\editor-extends\missing-reporter\missing-class-reporter.ccc:7:982)
    at _Deserializer.classFinder [as _classFinder] (C:\ProgramData\cocos\editors\Creator\3.8.8\resources\resources\3d\engine\bin\.cache\dev\editor\bundled\index.js:137273:34)
    at _Deserializer._deserializeTypeTaggedObject (C:\ProgramData\cocos\editors\Creator\3.8.8\resources\resources\3d\engine\bin\.cache\dev\editor\bundled\index.js:46947:30)
    at _Deserializer._deserializeObject (C:\ProgramData\cocos\editors\Creator\3.8.8\resources\resources\3d\engine\bin\.cache\dev\editor\bundled\index.js:46901:29)
    at _Deserializer._deserializeAndAssignField (C:\ProgramData\cocos\editors\Creator\3.8.8\resources\resources\3d\engine\bin\.cache\dev\editor\bundled\index.js:47068:38)
    at _Deserializer._deserializeArray (C:\ProgramData\cocos\editors\Creator\3.8.8\resources\resources\3d\engine\bin\.cache\dev\editor\bundled\index.js:46929:40)
    at _Deserializer._deserializeObject (C:\ProgramData\cocos\editors\Creator\3.8.8\resources\resources\3d\engine\bin\.cache\dev\editor\bundled\index.js:46907:29)
    at _Deserializer._deserializeAndAssignField (C:\ProgramData\cocos\editors\Creator\3.8.8\resources\resources\3d\engine\bin\.cache\dev\editor\bundled\index.js:47080:36)
    at _Deserializer._fillPlainObject (C:\ProgramData\cocos\editors\Creator\3.8.8\resources\resources\3d\engine\bin\.cache\dev\editor\bundled\index.js:47125:40)
    at eval (C:\ProgramData\cocos\editors\Creator\3.8.8\resources\resources\3d\engine\bin\.cache\dev\editor\bundled\index.js:46682:11)
    at deserialize (C:\ProgramData\cocos\editors\Creator\3.8.8\resources\resources\3d\engine\bin\.cache\dev\editor\bundled\index.js:47040:19)
    at _Deserializer._deserializeFireClass (C:\ProgramData\cocos\editors\Creator\3.8.8\resources\resources\3d\engine\bin\.cache\dev\editor\bundled\index.js:47051:11)
    at _Deserializer._deserializeInto (C:\ProgramData\cocos\editors\Creator\3.8.8\resources\resources\3d\engine\bin\.cache\dev\editor\bundled\index.js:46993:18)
    at _Deserializer._deserializeTypeTaggedObject (C:\ProgramData\cocos\editors\Creator\3.8.8\resources\resources\3d\engine\bin\.cache\dev\editor\bundled\index.js:46970:20)
    at _Deserializer._deserializeObject (C:\ProgramData\cocos\editors\Creator\3.8.8\resources\resources\3d\engine\bin\.cache\dev\editor\bundled\index.js:46901:29)
    at _Deserializer._deserializeAndAssignField (C:\ProgramData\cocos\editors\Creator\3.8.8\resources\resources\3d\engine\bin\.cache\dev\editor\bundled\index.js:47068:38)
    at _Deserializer._deserializeArray (C:\ProgramData\cocos\editors\Creator\3.8.8\resources\resources\3d\engine\bin\.cache\dev\editor\bundled\index.js:46929:40)
    at _Deserializer._deserializeObject (C:\ProgramData\cocos\editors\Creator\3.8.8\resources\resources\3d\engine\bin\.cache\dev\editor\bundled\index.js:46907:29)
    at _Deserializer._deserializeAndAssignField (C:\ProgramData\cocos\editors\Creator\3.8.8\resources\resources\3d\engine\bin\.cache\dev\editor\bundled\index.js:47080:36)
    at eval (C:\ProgramData\cocos\editors\Creator\3.8.8\resources\resources\3d\engine\bin\.cache\dev\editor\bundled\index.js:46669:15)
    at _Deserializer._deserializeFireClass (C:\ProgramData\cocos\editors\Creator\3.8.8\resources\resources\3d\engine\bin\.cache\dev\editor\bundled\index.js:47051:11)
    at _Deserializer._deserializeInto (C:\ProgramData\cocos\editors\Creator\3.8.8\resources\resources\3d\engine\bin\.cache\dev\editor\bundled\index.js:46993:18)
    at _Deserializer._deserializeTypeTaggedObject (C:\ProgramData\cocos\editors\Creator\3.8.8\resources\resources\3d\engine\bin\.cache\dev\editor\bundled\index.js:46965:18)
    at _Deserializer._deserializeObject (C:\ProgramData\cocos\editors\Creator\3.8.8\resources\resources\3d\engine\bin\.cache\dev\editor\bundled\index.js:46901:29)
    at _Deserializer._deserializeAndAssignField (C:\ProgramData\cocos\editors\Creator\3.8.8\resources\resources\3d\engine\bin\.cache\dev\editor\bundled\index.js:47068:38)
    at _Deserializer._deserializeArray (C:\ProgramData\cocos\editors\Creator\3.8.8\resources\resources\3d\engine\bin\.cache\dev\editor\bundled\index.js:46929:40)
    at _Deserializer._deserializeObject (C:\ProgramData\cocos\editors\Creator\3.8.8\resources\resources\3d\engine\bin\.cache\dev\editor\bundled\index.js:46907:29)
    at _Deserializer._deserializeAndAssignField (C:\ProgramData\cocos\editors\Creator\3.8.8\resources\resources\3d\engine\bin\.cache\dev\editor\bundled\index.js:47080:36)
    at eval (C:\ProgramData\cocos\editors\Creator\3.8.8\resources\resources\3d\engine\bin\.cache\dev\editor\bundled\index.js:46669:15)
    at _Deserializer._deserializeFireClass (C:\ProgramData\cocos\editors\Creator\3.8.8\resources\resources\3d\engine\bin\.cache\dev\editor\bundled\index.js:47051:11)
    at _Deserializer._deserializeInto (C:\ProgramData\cocos\editors\Creator\3.8.8\resources\resources\3d\engine\bin\.cache\dev\editor\bundled\index.js:46993:18)
    at _Deserializer._deserializeTypeTaggedObject (C:\ProgramData\cocos\editors\Creator\3.8.8\resources\resources\3d\engine\bin\.cache\dev\editor\bundled\index.js:46965:18)
    at _Deserializer._deserializeObject (C:\ProgramData\cocos\editors\Creator\3.8.8\resources\resources\3d\engine\bin\.cache\dev\editor\bundled\index.js:46901:29)
    at _Deserializer._deserializeAndAssignField (C:\ProgramData\cocos\editors\Creator\3.8.8\resources\resources\3d\engine\bin\.cache\dev\editor\bundled\index.js:47068:38)
    at _Deserializer._deserializeArray (C:\ProgramData\cocos\editors\Creator\3.8.8\resources\resources\3d\engine\bin\.cache\dev\editor\bundled\index.js:46929:40)
    at _Deserializer._deserializeObject (C:\ProgramData\cocos\editors\Creator\3.8.8\resources\resources\3d\engine\bin\.cache\dev\editor\bundled\index.js:46907:29)
    at _Deserializer._deserializeAndAssignField (C:\ProgramData\cocos\editors\Creator\3.8.8\resources\resources\3d\engine\bin\.cache\dev\editor\bundled\index.js:47080:36)
    at eval (C:\ProgramData\cocos\editors\Creator\3.8.8\resources\resources\3d\engine\bin\.cache\dev\editor\bundled\index.js:46669:15)
    at _Deserializer._deserializeFireClass (C:\ProgramData\cocos\editors\Creator\3.8.8\resources\resources\3d\engine\bin\.cache\dev\editor\bundled\index.js:47051:11)
    at _Deserializer._deserializeInto (C:\ProgramData\cocos\editors\Creator\3.8.8\resources\resources\3d\engine\bin\.cache\dev\editor\bundled\index.js:46993:18)
    at _Deserializer._deserializeTypeTaggedObject (C:\ProgramData\cocos\editors\Creator\3.8.8\resources\resources\3d\engine\bin\.cache\dev\editor\bundled\index.js:46965:18)
    at _Deserializer._deserializeObject (C:\ProgramData\cocos\editors\Creator\3.8.8\resources\resources\3d\engine\bin\.cache\dev\editor\bundled\index.js:46901:29)
    at _Deserializer._deserializeAndAssignField (C:\ProgramData\cocos\editors\Creator\3.8.8\resources\resources\3d\engine\bin\.cache\dev\editor\bundled\index.js:47068:38)
    at eval (C:\ProgramData\cocos\editors\Creator\3.8.8\resources\resources\3d\engine\bin\.cache\dev\editor\bundled\index.js:46669:15)
    at _Deserializer._deserializeFireClass (C:\ProgramData\cocos\editors\Creator\3.8.8\resources\resources\3d\engine\bin\.cache\dev\editor\bundled\index.js:47051:11)
    at _Deserializer._deserializeInto (C:\ProgramData\cocos\editors\Creator\3.8.8\resources\resources\3d\engine\bin\.cache\dev\editor\bundled\index.js:46993:18)
9-9-2026 18:35:14 - warn: [Scene] Missing class: PlayerUnitIconBindingError: [Scene] Missing class: PlayerUnitIconBinding
    at console.warn (C:\ProgramData\cocos\editors\Creator\3.8.8\resources\app.asar\node_modules\@sentry\core\src\utils-hoist\instrument\console.ts:40:14)
    at Object.classFinder (C:\ProgramData\cocos\editors\Creator\3.8.8\resources\app.asar\builtin\engine\dist\editor-extends\missing-reporter\missing-class-reporter.ccc:7:982)
    at _Deserializer.classFinder [as _classFinder] (C:\ProgramData\cocos\editors\Creator\3.8.8\resources\resources\3d\engine\bin\.cache\dev\editor\bundled\index.js:137273:34)
    at _Deserializer._deserializeTypeTaggedObject (C:\ProgramData\cocos\editors\Creator\3.8.8\resources\resources\3d\engine\bin\.cache\dev\editor\bundled\index.js:46947:30)
    at _Deserializer._deserializeObject (C:\ProgramData\cocos\editors\Creator\3.8.8\resources\resources\3d\engine\bin\.cache\dev\editor\bundled\index.js:46901:29)
    at _Deserializer._deserializeAndAssignField (C:\ProgramData\cocos\editors\Creator\3.8.8\resources\resources\3d\engine\bin\.cache\dev\editor\bundled\index.js:47068:38)
    at _Deserializer._deserializeArray (C:\ProgramData\cocos\editors\Creator\3.8.8\resources\resources\3d\engine\bin\.cache\dev\editor\bundled\index.js:46929:40)
    at _Deserializer._deserializeObject (C:\ProgramData\cocos\editors\Creator\3.8.8\resources\resources\3d\engine\bin\.cache\dev\editor\bundled\index.js:46907:29)
    at _Deserializer._deserializeAndAssignField (C:\ProgramData\cocos\editors\Creator\3.8.8\resources\resources\3d\engine\bin\.cache\dev\editor\bundled\index.js:47080:36)
    at _Deserializer._fillPlainObject (C:\ProgramData\cocos\editors\Creator\3.8.8\resources\resources\3d\engine\bin\.cache\dev\editor\bundled\index.js:47125:40)
    at eval (C:\ProgramData\cocos\editors\Creator\3.8.8\resources\resources\3d\engine\bin\.cache\dev\editor\bundled\index.js:46682:11)
    at deserialize (C:\ProgramData\cocos\editors\Creator\3.8.8\resources\resources\3d\engine\bin\.cache\dev\editor\bundled\index.js:47040:19)
    at _Deserializer._deserializeFireClass (C:\ProgramData\cocos\editors\Creator\3.8.8\resources\resources\3d\engine\bin\.cache\dev\editor\bundled\index.js:47051:11)
    at _Deserializer._deserializeInto (C:\ProgramData\cocos\editors\Creator\3.8.8\resources\resources\3d\engine\bin\.cache\dev\editor\bundled\index.js:46993:18)
    at _Deserializer._deserializeTypeTaggedObject (C:\ProgramData\cocos\editors\Creator\3.8.8\resources\resources\3d\engine\bin\.cache\dev\editor\bundled\index.js:46970:20)
    at _Deserializer._deserializeObject (C:\ProgramData\cocos\editors\Creator\3.8.8\resources\resources\3d\engine\bin\.cache\dev\editor\bundled\index.js:46901:29)
    at _Deserializer._deserializeAndAssignField (C:\ProgramData\cocos\editors\Creator\3.8.8\resources\resources\3d\engine\bin\.cache\dev\editor\bundled\index.js:47068:38)
    at _Deserializer._deserializeArray (C:\ProgramData\cocos\editors\Creator\3.8.8\resources\resources\3d\engine\bin\.cache\dev\editor\bundled\index.js:46929:40)
    at _Deserializer._deserializeObject (C:\ProgramData\cocos\editors\Creator\3.8.8\resources\resources\3d\engine\bin\.cache\dev\editor\bundled\index.js:46907:29)
    at _Deserializer._deserializeAndAssignField (C:\ProgramData\cocos\editors\Creator\3.8.8\resources\resources\3d\engine\bin\.cache\dev\editor\bundled\index.js:47080:36)
    at eval (C:\ProgramData\cocos\editors\Creator\3.8.8\resources\resources\3d\engine\bin\.cache\dev\editor\bundled\index.js:46669:15)
    at _Deserializer._deserializeFireClass (C:\ProgramData\cocos\editors\Creator\3.8.8\resources\resources\3d\engine\bin\.cache\dev\editor\bundled\index.js:47051:11)
    at _Deserializer._deserializeInto (C:\ProgramData\cocos\editors\Creator\3.8.8\resources\resources\3d\engine\bin\.cache\dev\editor\bundled\index.js:46993:18)
    at _Deserializer._deserializeTypeTaggedObject (C:\ProgramData\cocos\editors\Creator\3.8.8\resources\resources\3d\engine\bin\.cache\dev\editor\bundled\index.js:46965:18)
    at _Deserializer._deserializeObject (C:\ProgramData\cocos\editors\Creator\3.8.8\resources\resources\3d\engine\bin\.cache\dev\editor\bundled\index.js:46901:29)
    at _Deserializer._deserializeAndAssignField (C:\ProgramData\cocos\editors\Creator\3.8.8\resources\resources\3d\engine\bin\.cache\dev\editor\bundled\index.js:47068:38)
    at _Deserializer._deserializeArray (C:\ProgramData\cocos\editors\Creator\3.8.8\resources\resources\3d\engine\bin\.cache\dev\editor\bundled\index.js:46929:40)
    at _Deserializer._deserializeObject (C:\ProgramData\cocos\editors\Creator\3.8.8\resources\resources\3d\engine\bin\.cache\dev\editor\bundled\index.js:46907:29)
    at _Deserializer._deserializeAndAssignField (C:\ProgramData\cocos\editors\Creator\3.8.8\resources\resources\3d\engine\bin\.cache\dev\editor\bundled\index.js:47080:36)
    at eval (C:\ProgramData\cocos\editors\Creator\3.8.8\resources\resources\3d\engine\bin\.cache\dev\editor\bundled\index.js:46669:15)
    at _Deserializer._deserializeFireClass (C:\ProgramData\cocos\editors\Creator\3.8.8\resources\resources\3d\engine\bin\.cache\dev\editor\bundled\index.js:47051:11)
    at _Deserializer._deserializeInto (C:\ProgramData\cocos\editors\Creator\3.8.8\resources\resources\3d\engine\bin\.cache\dev\editor\bundled\index.js:46993:18)
    at _Deserializer._deserializeTypeTaggedObject (C:\ProgramData\cocos\editors\Creator\3.8.8\resources\resources\3d\engine\bin\.cache\dev\editor\bundled\index.js:46965:18)
    at _Deserializer._deserializeObject (C:\ProgramData\cocos\editors\Creator\3.8.8\resources\resources\3d\engine\bin\.cache\dev\editor\bundled\index.js:46901:29)
    at _Deserializer._deserializeAndAssignField (C:\ProgramData\cocos\editors\Creator\3.8.8\resources\resources\3d\engine\bin\.cache\dev\editor\bundled\index.js:47068:38)
    at _Deserializer._deserializeArray (C:\ProgramData\cocos\editors\Creator\3.8.8\resources\resources\3d\engine\bin\.cache\dev\editor\bundled\index.js:46929:40)
    at _Deserializer._deserializeObject (C:\ProgramData\cocos\editors\Creator\3.8.8\resources\resources\3d\engine\bin\.cache\dev\editor\bundled\index.js:46907:29)
    at _Deserializer._deserializeAndAssignField (C:\ProgramData\cocos\editors\Creator\3.8.8\resources\resources\3d\engine\bin\.cache\dev\editor\bundled\index.js:47080:36)
    at eval (C:\ProgramData\cocos\editors\Creator\3.8.8\resources\resources\3d\engine\bin\.cache\dev\editor\bundled\index.js:46669:15)
    at _Deserializer._deserializeFireClass (C:\ProgramData\cocos\editors\Creator\3.8.8\resources\resources\3d\engine\bin\.cache\dev\editor\bundled\index.js:47051:11)
    at _Deserializer._deserializeInto (C:\ProgramData\cocos\editors\Creator\3.8.8\resources\resources\3d\engine\bin\.cache\dev\editor\bundled\index.js:46993:18)
    at _Deserializer._deserializeTypeTaggedObject (C:\ProgramData\cocos\editors\Creator\3.8.8\resources\resources\3d\engine\bin\.cache\dev\editor\bundled\index.js:46965:18)
    at _Deserializer._deserializeObject (C:\ProgramData\cocos\editors\Creator\3.8.8\resources\resources\3d\engine\bin\.cache\dev\editor\bundled\index.js:46901:29)
    at _Deserializer._deserializeAndAssignField (C:\ProgramData\cocos\editors\Creator\3.8.8\resources\resources\3d\engine\bin\.cache\dev\editor\bundled\index.js:47068:38)
    at eval (C:\ProgramData\cocos\editors\Creator\3.8.8\resources\resources\3d\engine\bin\.cache\dev\editor\bundled\index.js:46669:15)
    at _Deserializer._deserializeFireClass (C:\ProgramData\cocos\editors\Creator\3.8.8\resources\resources\3d\engine\bin\.cache\dev\editor\bundled\index.js:47051:11)
    at _Deserializer._deserializeInto (C:\ProgramData\cocos\editors\Creator\3.8.8\resources\resources\3d\engine\bin\.cache\dev\editor\bundled\index.js:46993:18)
9-9-2026 18:35:14 - warn: [Scene] Missing class: 63f56u2DYdIIZESxV3A3YtlError: [Scene] Missing class: 63f56u2DYdIIZESxV3A3Ytl
    at console.warn (C:\ProgramData\cocos\editors\Creator\3.8.8\resources\app.asar\node_modules\@sentry\core\src\utils-hoist\instrument\console.ts:40:14)
    at Object.classFinder (C:\ProgramData\cocos\editors\Creator\3.8.8\resources\app.asar\builtin\engine\dist\editor-extends\missing-reporter\missing-class-reporter.ccc:7:982)
    at _Deserializer.classFinder [as _classFinder] (C:\ProgramData\cocos\editors\Creator\3.8.8\resources\resources\3d\engine\bin\.cache\dev\editor\bundled\index.js:137273:34)
    at _Deserializer._deserializeTypeTaggedObject (C:\ProgramData\cocos\editors\Creator\3.8.8\resources\resources\3d\engine\bin\.cache\dev\editor\bundled\index.js:46947:30)
    at _Deserializer._deserializeObject (C:\ProgramData\cocos\editors\Creator\3.8.8\resources\resources\3d\engine\bin\.cache\dev\editor\bundled\index.js:46901:29)
    at _Deserializer._deserializeAndAssignField (C:\ProgramData\cocos\editors\Creator\3.8.8\resources\resources\3d\engine\bin\.cache\dev\editor\bundled\index.js:47068:38)
    at _Deserializer._deserializeArray (C:\ProgramData\cocos\editors\Creator\3.8.8\resources\resources\3d\engine\bin\.cache\dev\editor\bundled\index.js:46929:40)
    at _Deserializer._deserializeObject (C:\ProgramData\cocos\editors\Creator\3.8.8\resources\resources\3d\engine\bin\.cache\dev\editor\bundled\index.js:46907:29)
    at _Deserializer._deserializeAndAssignField (C:\ProgramData\cocos\editors\Creator\3.8.8\resources\resources\3d\engine\bin\.cache\dev\editor\bundled\index.js:47080:36)
    at eval (C:\ProgramData\cocos\editors\Creator\3.8.8\resources\resources\3d\engine\bin\.cache\dev\editor\bundled\index.js:46669:15)
    at _Deserializer._deserializeFireClass (C:\ProgramData\cocos\editors\Creator\3.8.8\resources\resources\3d\engine\bin\.cache\dev\editor\bundled\index.js:47051:11)
    at _Deserializer._deserializeInto (C:\ProgramData\cocos\editors\Creator\3.8.8\resources\resources\3d\engine\bin\.cache\dev\editor\bundled\index.js:46993:18)
    at _Deserializer._deserializeTypeTaggedObject (C:\ProgramData\cocos\editors\Creator\3.8.8\resources\resources\3d\engine\bin\.cache\dev\editor\bundled\index.js:46965:18)
    at _Deserializer._deserializeObject (C:\ProgramData\cocos\editors\Creator\3.8.8\resources\resources\3d\engine\bin\.cache\dev\editor\bundled\index.js:46901:29)
    at _Deserializer._deserializeAndAssignField (C:\ProgramData\cocos\editors\Creator\3.8.8\resources\resources\3d\engine\bin\.cache\dev\editor\bundled\index.js:47068:38)
    at _Deserializer._deserializeArray (C:\ProgramData\cocos\editors\Creator\3.8.8\resources\resources\3d\engine\bin\.cache\dev\editor\bundled\index.js:46929:40)
    at _Deserializer._deserializeObject (C:\ProgramData\cocos\editors\Creator\3.8.8\resources\resources\3d\engine\bin\.cache\dev\editor\bundled\index.js:46907:29)
    at _Deserializer._deserializeAndAssignField (C:\ProgramData\cocos\editors\Creator\3.8.8\resources\resources\3d\engine\bin\.cache\dev\editor\bundled\index.js:47080:36)
    at eval (C:\ProgramData\cocos\editors\Creator\3.8.8\resources\resources\3d\engine\bin\.cache\dev\editor\bundled\index.js:46669:15)
    at _Deserializer._deserializeFireClass (C:\ProgramData\cocos\editors\Creator\3.8.8\resources\resources\3d\engine\bin\.cache\dev\editor\bundled\index.js:47051:11)
    at _Deserializer._deserializeInto (C:\ProgramData\cocos\editors\Creator\3.8.8\resources\resources\3d\engine\bin\.cache\dev\editor\bundled\index.js:46993:18)
    at _Deserializer._deserializeTypeTaggedObject (C:\ProgramData\cocos\editors\Creator\3.8.8\resources\resources\3d\engine\bin\.cache\dev\editor\bundled\index.js:46965:18)
    at _Deserializer._deserializeObject (C:\ProgramData\cocos\editors\Creator\3.8.8\resources\resources\3d\engine\bin\.cache\dev\editor\bundled\index.js:46901:29)
    at _Deserializer._deserializeAndAssignField (C:\ProgramData\cocos\editors\Creator\3.8.8\resources\resources\3d\engine\bin\.cache\dev\editor\bundled\index.js:47068:38)
    at eval (C:\ProgramData\cocos\editors\Creator\3.8.8\resources\resources\3d\engine\bin\.cache\dev\editor\bundled\index.js:46669:15)
    at _Deserializer._deserializeFireClass (C:\ProgramData\cocos\editors\Creator\3.8.8\resources\resources\3d\engine\bin\.cache\dev\editor\bundled\index.js:47051:11)
    at _Deserializer._deserializeInto (C:\ProgramData\cocos\editors\Creator\3.8.8\resources\resources\3d\engine\bin\.cache\dev\editor\bundled\index.js:46993:18)
    at _Deserializer._deserializeTypeTaggedObject (C:\ProgramData\cocos\editors\Creator\3.8.8\resources\resources\3d\engine\bin\.cache\dev\editor\bundled\index.js:46965:18)
    at _Deserializer._deserializeObject (C:\ProgramData\cocos\editors\Creator\3.8.8\resources\resources\3d\engine\bin\.cache\dev\editor\bundled\index.js:46901:29)
    at _Deserializer.deserialize (C:\ProgramData\cocos\editors\Creator\3.8.8\resources\resources\3d\engine\bin\.cache\dev\editor\bundled\index.js:46873:42)
    at deserializeDynamic (C:\ProgramData\cocos\editors\Creator\3.8.8\resources\resources\3d\engine\bin\.cache\dev\editor\bundled\index.js:46723:30)
    at deserialize (C:\ProgramData\cocos\editors\Creator\3.8.8\resources\resources\3d\engine\bin\.cache\dev\editor\bundled\index.js:47546:13)
    at deserializeAsset (C:\ProgramData\cocos\editors\Creator\3.8.8\resources\resources\3d\engine\bin\.cache\dev\editor\bundled\index.js:137286:15)
    at parseImport (C:\ProgramData\cocos\editors\Creator\3.8.8\resources\resources\3d\engine\bin\.cache\dev\editor\bundled\index.js:139488:22)
    at Parser.parse (C:\ProgramData\cocos\editors\Creator\3.8.8\resources\resources\3d\engine\bin\.cache\dev\editor\bundled\index.js:139571:11)
    at parse (C:\ProgramData\cocos\editors\Creator\3.8.8\resources\resources\3d\engine\bin\.cache\dev\editor\bundled\index.js:138984:20)
    at Pipeline._flow (C:\ProgramData\cocos\editors\Creator\3.8.8\resources\resources\3d\engine\bin\.cache\dev\editor\bundled\index.js:139854:11)
    at eval (C:\ProgramData\cocos\editors\Creator\3.8.8\resources\resources\3d\engine\bin\.cache\dev\editor\bundled\index.js:139864:22)
    at fetch (C:\ProgramData\cocos\editors\Creator\3.8.8\resources\resources\3d\engine\bin\.cache\dev\editor\bundled\index.js:138919:11)
    at Pipeline._flow (C:\ProgramData\cocos\editors\Creator\3.8.8\resources\resources\3d\engine\bin\.cache\dev\editor\bundled\index.js:139854:11)
    at Pipeline.async (C:\ProgramData\cocos\editors\Creator\3.8.8\resources\resources\3d\engine\bin\.cache\dev\editor\bundled\index.js:139850:16)
    at options.__exclude__ (C:\ProgramData\cocos\editors\Creator\3.8.8\resources\resources\3d\engine\bin\.cache\dev\editor\bundled\index.js:138763:28)
    at forEach (C:\ProgramData\cocos\editors\Creator\3.8.8\resources\resources\3d\engine\bin\.cache\dev\editor\bundled\index.js:141473:7)
    at load (C:\ProgramData\cocos\editors\Creator\3.8.8\resources\resources\3d\engine\bin\.cache\dev\editor\bundled\index.js:138740:5)
    at Pipeline._flow (C:\ProgramData\cocos\editors\Creator\3.8.8\resources\resources\3d\engine\bin\.cache\dev\editor\bundled\index.js:139854:11)
    at Pipeline.async (C:\ProgramData\cocos\editors\Creator\3.8.8\resources\resources\3d\engine\bin\.cache\dev\editor\bundled\index.js:139850:16)
    at AssetManager.loadWithJson (C:\ProgramData\cocos\editors\Creator\3.8.8\resources\resources\3d\engine\bin\.cache\dev\editor\bundled\index.js:133846:31)
9-9-2026 18:35:14 - warn: [Scene] Missing class: 63f56u2DYdIIZESxV3A3YtlError: [Scene] Missing class: 63f56u2DYdIIZESxV3A3Ytl
    at console.warn (C:\ProgramData\cocos\editors\Creator\3.8.8\resources\app.asar\node_modules\@sentry\core\src\utils-hoist\instrument\console.ts:40:14)
    at Object.classFinder (C:\ProgramData\cocos\editors\Creator\3.8.8\resources\app.asar\builtin\engine\dist\editor-extends\missing-reporter\missing-class-reporter.ccc:7:982)
    at _Deserializer.classFinder [as _classFinder] (C:\ProgramData\cocos\editors\Creator\3.8.8\resources\resources\3d\engine\bin\.cache\dev\editor\bundled\index.js:137273:34)
    at _Deserializer._deserializeTypeTaggedObject (C:\ProgramData\cocos\editors\Creator\3.8.8\resources\resources\3d\engine\bin\.cache\dev\editor\bundled\index.js:46947:30)
    at _Deserializer._deserializeObject (C:\ProgramData\cocos\editors\Creator\3.8.8\resources\resources\3d\engine\bin\.cache\dev\editor\bundled\index.js:46901:29)
    at _Deserializer._deserializeAndAssignField (C:\ProgramData\cocos\editors\Creator\3.8.8\resources\resources\3d\engine\bin\.cache\dev\editor\bundled\index.js:47068:38)
    at _Deserializer._deserializeArray (C:\ProgramData\cocos\editors\Creator\3.8.8\resources\resources\3d\engine\bin\.cache\dev\editor\bundled\index.js:46929:40)
    at _Deserializer._deserializeObject (C:\ProgramData\cocos\editors\Creator\3.8.8\resources\resources\3d\engine\bin\.cache\dev\editor\bundled\index.js:46907:29)
    at _Deserializer._deserializeAndAssignField (C:\ProgramData\cocos\editors\Creator\3.8.8\resources\resources\3d\engine\bin\.cache\dev\editor\bundled\index.js:47080:36)
    at eval (C:\ProgramData\cocos\editors\Creator\3.8.8\resources\resources\3d\engine\bin\.cache\dev\editor\bundled\index.js:46669:15)
    at _Deserializer._deserializeFireClass (C:\ProgramData\cocos\editors\Creator\3.8.8\resources\resources\3d\engine\bin\.cache\dev\editor\bundled\index.js:47051:11)
    at _Deserializer._deserializeInto (C:\ProgramData\cocos\editors\Creator\3.8.8\resources\resources\3d\engine\bin\.cache\dev\editor\bundled\index.js:46993:18)
    at _Deserializer._deserializeTypeTaggedObject (C:\ProgramData\cocos\editors\Creator\3.8.8\resources\resources\3d\engine\bin\.cache\dev\editor\bundled\index.js:46965:18)
    at _Deserializer._deserializeObject (C:\ProgramData\cocos\editors\Creator\3.8.8\resources\resources\3d\engine\bin\.cache\dev\editor\bundled\index.js:46901:29)
    at _Deserializer._deserializeAndAssignField (C:\ProgramData\cocos\editors\Creator\3.8.8\resources\resources\3d\engine\bin\.cache\dev\editor\bundled\index.js:47068:38)
    at _Deserializer._deserializeArray (C:\ProgramData\cocos\editors\Creator\3.8.8\resources\resources\3d\engine\bin\.cache\dev\editor\bundled\index.js:46929:40)
    at _Deserializer._deserializeObject (C:\ProgramData\cocos\editors\Creator\3.8.8\resources\resources\3d\engine\bin\.cache\dev\editor\bundled\index.js:46907:29)
    at _Deserializer._deserializeAndAssignField (C:\ProgramData\cocos\editors\Creator\3.8.8\resources\resources\3d\engine\bin\.cache\dev\editor\bundled\index.js:47080:36)
    at eval (C:\ProgramData\cocos\editors\Creator\3.8.8\resources\resources\3d\engine\bin\.cache\dev\editor\bundled\index.js:46669:15)
    at _Deserializer._deserializeFireClass (C:\ProgramData\cocos\editors\Creator\3.8.8\resources\resources\3d\engine\bin\.cache\dev\editor\bundled\index.js:47051:11)
    at _Deserializer._deserializeInto (C:\ProgramData\cocos\editors\Creator\3.8.8\resources\resources\3d\engine\bin\.cache\dev\editor\bundled\index.js:46993:18)
    at _Deserializer._deserializeTypeTaggedObject (C:\ProgramData\cocos\editors\Creator\3.8.8\resources\resources\3d\engine\bin\.cache\dev\editor\bundled\index.js:46965:18)
    at _Deserializer._deserializeObject (C:\ProgramData\cocos\editors\Creator\3.8.8\resources\resources\3d\engine\bin\.cache\dev\editor\bundled\index.js:46901:29)
    at _Deserializer._deserializeAndAssignField (C:\ProgramData\cocos\editors\Creator\3.8.8\resources\resources\3d\engine\bin\.cache\dev\editor\bundled\index.js:47068:38)
    at eval (C:\ProgramData\cocos\editors\Creator\3.8.8\resources\resources\3d\engine\bin\.cache\dev\editor\bundled\index.js:46669:15)
    at _Deserializer._deserializeFireClass (C:\ProgramData\cocos\editors\Creator\3.8.8\resources\resources\3d\engine\bin\.cache\dev\editor\bundled\index.js:47051:11)
    at _Deserializer._deserializeInto (C:\ProgramData\cocos\editors\Creator\3.8.8\resources\resources\3d\engine\bin\.cache\dev\editor\bundled\index.js:46993:18)
    at _Deserializer._deserializeTypeTaggedObject (C:\ProgramData\cocos\editors\Creator\3.8.8\resources\resources\3d\engine\bin\.cache\dev\editor\bundled\index.js:46965:18)
    at _Deserializer._deserializeObject (C:\ProgramData\cocos\editors\Creator\3.8.8\resources\resources\3d\engine\bin\.cache\dev\editor\bundled\index.js:46901:29)
    at _Deserializer.deserialize (C:\ProgramData\cocos\editors\Creator\3.8.8\resources\resources\3d\engine\bin\.cache\dev\editor\bundled\index.js:46873:42)
    at deserializeDynamic (C:\ProgramData\cocos\editors\Creator\3.8.8\resources\resources\3d\engine\bin\.cache\dev\editor\bundled\index.js:46723:30)
    at deserialize (C:\ProgramData\cocos\editors\Creator\3.8.8\resources\resources\3d\engine\bin\.cache\dev\editor\bundled\index.js:47546:13)
    at deserializeAsset (C:\ProgramData\cocos\editors\Creator\3.8.8\resources\resources\3d\engine\bin\.cache\dev\editor\bundled\index.js:137286:15)
    at parseImport (C:\ProgramData\cocos\editors\Creator\3.8.8\resources\resources\3d\engine\bin\.cache\dev\editor\bundled\index.js:139488:22)
    at Parser.parse (C:\ProgramData\cocos\editors\Creator\3.8.8\resources\resources\3d\engine\bin\.cache\dev\editor\bundled\index.js:139571:11)
    at parse (C:\ProgramData\cocos\editors\Creator\3.8.8\resources\resources\3d\engine\bin\.cache\dev\editor\bundled\index.js:138984:20)
    at Pipeline._flow (C:\ProgramData\cocos\editors\Creator\3.8.8\resources\resources\3d\engine\bin\.cache\dev\editor\bundled\index.js:139854:11)
    at eval (C:\ProgramData\cocos\editors\Creator\3.8.8\resources\resources\3d\engine\bin\.cache\dev\editor\bundled\index.js:139864:22)
    at fetch (C:\ProgramData\cocos\editors\Creator\3.8.8\resources\resources\3d\engine\bin\.cache\dev\editor\bundled\index.js:138919:11)
    at Pipeline._flow (C:\ProgramData\cocos\editors\Creator\3.8.8\resources\resources\3d\engine\bin\.cache\dev\editor\bundled\index.js:139854:11)
    at Pipeline.async (C:\ProgramData\cocos\editors\Creator\3.8.8\resources\resources\3d\engine\bin\.cache\dev\editor\bundled\index.js:139850:16)
    at options.__exclude__ (C:\ProgramData\cocos\editors\Creator\3.8.8\resources\resources\3d\engine\bin\.cache\dev\editor\bundled\index.js:138763:28)
    at forEach (C:\ProgramData\cocos\editors\Creator\3.8.8\resources\resources\3d\engine\bin\.cache\dev\editor\bundled\index.js:141473:7)
    at load (C:\ProgramData\cocos\editors\Creator\3.8.8\resources\resources\3d\engine\bin\.cache\dev\editor\bundled\index.js:138740:5)
    at Pipeline._flow (C:\ProgramData\cocos\editors\Creator\3.8.8\resources\resources\3d\engine\bin\.cache\dev\editor\bundled\index.js:139854:11)
    at Pipeline.async (C:\ProgramData\cocos\editors\Creator\3.8.8\resources\resources\3d\engine\bin\.cache\dev\editor\bundled\index.js:139850:16)
    at AssetManager.loadWithJson (C:\ProgramData\cocos\editors\Creator\3.8.8\resources\resources\3d\engine\bin\.cache\dev\editor\bundled\index.js:133846:31)
9-9-2026 18:35:14 - warn: [Scene] Missing class: 8d731TSPExBjqJd6aUC3OR6Error: [Scene] Missing class: 8d731TSPExBjqJd6aUC3OR6
    at console.warn (C:\ProgramData\cocos\editors\Creator\3.8.8\resources\app.asar\node_modules\@sentry\core\src\utils-hoist\instrument\console.ts:40:14)
    at Object.classFinder (C:\ProgramData\cocos\editors\Creator\3.8.8\resources\app.asar\builtin\engine\dist\editor-extends\missing-reporter\missing-class-reporter.ccc:7:982)
    at _Deserializer.classFinder [as _classFinder] (C:\ProgramData\cocos\editors\Creator\3.8.8\resources\resources\3d\engine\bin\.cache\dev\editor\bundled\index.js:137273:34)
    at _Deserializer._deserializeTypeTaggedObject (C:\ProgramData\cocos\editors\Creator\3.8.8\resources\resources\3d\engine\bin\.cache\dev\editor\bundled\index.js:46947:30)
    at _Deserializer._deserializeObject (C:\ProgramData\cocos\editors\Creator\3.8.8\resources\resources\3d\engine\bin\.cache\dev\editor\bundled\index.js:46901:29)
    at _Deserializer._deserializeAndAssignField (C:\ProgramData\cocos\editors\Creator\3.8.8\resources\resources\3d\engine\bin\.cache\dev\editor\bundled\index.js:47068:38)
    at _Deserializer._deserializeArray (C:\ProgramData\cocos\editors\Creator\3.8.8\resources\resources\3d\engine\bin\.cache\dev\editor\bundled\index.js:46929:40)
    at _Deserializer._deserializeObject (C:\ProgramData\cocos\editors\Creator\3.8.8\resources\resources\3d\engine\bin\.cache\dev\editor\bundled\index.js:46907:29)
    at _Deserializer._deserializeAndAssignField (C:\ProgramData\cocos\editors\Creator\3.8.8\resources\resources\3d\engine\bin\.cache\dev\editor\bundled\index.js:47080:36)
    at eval (C:\ProgramData\cocos\editors\Creator\3.8.8\resources\resources\3d\engine\bin\.cache\dev\editor\bundled\index.js:46669:15)
    at _Deserializer._deserializeFireClass (C:\ProgramData\cocos\editors\Creator\3.8.8\resources\resources\3d\engine\bin\.cache\dev\editor\bundled\index.js:47051:11)
    at _Deserializer._deserializeInto (C:\ProgramData\cocos\editors\Creator\3.8.8\resources\resources\3d\engine\bin\.cache\dev\editor\bundled\index.js:46993:18)
    at _Deserializer._deserializeTypeTaggedObject (C:\ProgramData\cocos\editors\Creator\3.8.8\resources\resources\3d\engine\bin\.cache\dev\editor\bundled\index.js:46965:18)
    at _Deserializer._deserializeObject (C:\ProgramData\cocos\editors\Creator\3.8.8\resources\resources\3d\engine\bin\.cache\dev\editor\bundled\index.js:46901:29)
    at _Deserializer._deserializeAndAssignField (C:\ProgramData\cocos\editors\Creator\3.8.8\resources\resources\3d\engine\bin\.cache\dev\editor\bundled\index.js:47068:38)
    at _Deserializer._deserializeArray (C:\ProgramData\cocos\editors\Creator\3.8.8\resources\resources\3d\engine\bin\.cache\dev\editor\bundled\index.js:46929:40)
    at _Deserializer._deserializeObject (C:\ProgramData\cocos\editors\Creator\3.8.8\resources\resources\3d\engine\bin\.cache\dev\editor\bundled\index.js:46907:29)
    at _Deserializer._deserializeAndAssignField (C:\ProgramData\cocos\editors\Creator\3.8.8\resources\resources\3d\engine\bin\.cache\dev\editor\bundled\index.js:47080:36)
    at eval (C:\ProgramData\cocos\editors\Creator\3.8.8\resources\resources\3d\engine\bin\.cache\dev\editor\bundled\index.js:46669:15)
    at _Deserializer._deserializeFireClass (C:\ProgramData\cocos\editors\Creator\3.8.8\resources\resources\3d\engine\bin\.cache\dev\editor\bundled\index.js:47051:11)
    at _Deserializer._deserializeInto (C:\ProgramData\cocos\editors\Creator\3.8.8\resources\resources\3d\engine\bin\.cache\dev\editor\bundled\index.js:46993:18)
    at _Deserializer._deserializeTypeTaggedObject (C:\ProgramData\cocos\editors\Creator\3.8.8\resources\resources\3d\engine\bin\.cache\dev\editor\bundled\index.js:46965:18)
    at _Deserializer._deserializeObject (C:\ProgramData\cocos\editors\Creator\3.8.8\resources\resources\3d\engine\bin\.cache\dev\editor\bundled\index.js:46901:29)
    at _Deserializer._deserializeAndAssignField (C:\ProgramData\cocos\editors\Creator\3.8.8\resources\resources\3d\engine\bin\.cache\dev\editor\bundled\index.js:47068:38)
    at eval (C:\ProgramData\cocos\editors\Creator\3.8.8\resources\resources\3d\engine\bin\.cache\dev\editor\bundled\index.js:46669:15)
    at _Deserializer._deserializeFireClass (C:\ProgramData\cocos\editors\Creator\3.8.8\resources\resources\3d\engine\bin\.cache\dev\editor\bundled\index.js:47051:11)
    at _Deserializer._deserializeInto (C:\ProgramData\cocos\editors\Creator\3.8.8\resources\resources\3d\engine\bin\.cache\dev\editor\bundled\index.js:46993:18)
    at _Deserializer._deserializeTypeTaggedObject (C:\ProgramData\cocos\editors\Creator\3.8.8\resources\resources\3d\engine\bin\.cache\dev\editor\bundled\index.js:46965:18)
    at _Deserializer._deserializeObject (C:\ProgramData\cocos\editors\Creator\3.8.8\resources\resources\3d\engine\bin\.cache\dev\editor\bundled\index.js:46901:29)
    at _Deserializer.deserialize (C:\ProgramData\cocos\editors\Creator\3.8.8\resources\resources\3d\engine\bin\.cache\dev\editor\bundled\index.js:46873:42)
    at deserializeDynamic (C:\ProgramData\cocos\editors\Creator\3.8.8\resources\resources\3d\engine\bin\.cache\dev\editor\bundled\index.js:46723:30)
    at deserialize (C:\ProgramData\cocos\editors\Creator\3.8.8\resources\resources\3d\engine\bin\.cache\dev\editor\bundled\index.js:47546:13)
    at deserializeAsset (C:\ProgramData\cocos\editors\Creator\3.8.8\resources\resources\3d\engine\bin\.cache\dev\editor\bundled\index.js:137286:15)
    at parseImport (C:\ProgramData\cocos\editors\Creator\3.8.8\resources\resources\3d\engine\bin\.cache\dev\editor\bundled\index.js:139488:22)
    at Parser.parse (C:\ProgramData\cocos\editors\Creator\3.8.8\resources\resources\3d\engine\bin\.cache\dev\editor\bundled\index.js:139571:11)
    at parse (C:\ProgramData\cocos\editors\Creator\3.8.8\resources\resources\3d\engine\bin\.cache\dev\editor\bundled\index.js:138984:20)
    at Pipeline._flow (C:\ProgramData\cocos\editors\Creator\3.8.8\resources\resources\3d\engine\bin\.cache\dev\editor\bundled\index.js:139854:11)
    at eval (C:\ProgramData\cocos\editors\Creator\3.8.8\resources\resources\3d\engine\bin\.cache\dev\editor\bundled\index.js:139864:22)
    at fetch (C:\ProgramData\cocos\editors\Creator\3.8.8\resources\resources\3d\engine\bin\.cache\dev\editor\bundled\index.js:138919:11)
    at Pipeline._flow (C:\ProgramData\cocos\editors\Creator\3.8.8\resources\resources\3d\engine\bin\.cache\dev\editor\bundled\index.js:139854:11)
    at Pipeline.async (C:\ProgramData\cocos\editors\Creator\3.8.8\resources\resources\3d\engine\bin\.cache\dev\editor\bundled\index.js:139850:16)
    at options.__exclude__ (C:\ProgramData\cocos\editors\Creator\3.8.8\resources\resources\3d\engine\bin\.cache\dev\editor\bundled\index.js:138763:28)
    at forEach (C:\ProgramData\cocos\editors\Creator\3.8.8\resources\resources\3d\engine\bin\.cache\dev\editor\bundled\index.js:141473:7)
    at load (C:\ProgramData\cocos\editors\Creator\3.8.8\resources\resources\3d\engine\bin\.cache\dev\editor\bundled\index.js:138740:5)
    at Pipeline._flow (C:\ProgramData\cocos\editors\Creator\3.8.8\resources\resources\3d\engine\bin\.cache\dev\editor\bundled\index.js:139854:11)
    at Pipeline.async (C:\ProgramData\cocos\editors\Creator\3.8.8\resources\resources\3d\engine\bin\.cache\dev\editor\bundled\index.js:139850:16)
    at AssetManager.loadWithJson (C:\ProgramData\cocos\editors\Creator\3.8.8\resources\resources\3d\engine\bin\.cache\dev\editor\bundled\index.js:133846:31)
9-9-2026 18:35:14 - warn: [Scene] Missing class: UnitProgressionRuleError: [Scene] Missing class: UnitProgressionRule
    at console.warn (C:\ProgramData\cocos\editors\Creator\3.8.8\resources\app.asar\node_modules\@sentry\core\src\utils-hoist\instrument\console.ts:40:14)
    at Object.classFinder (C:\ProgramData\cocos\editors\Creator\3.8.8\resources\app.asar\builtin\engine\dist\editor-extends\missing-reporter\missing-class-reporter.ccc:7:982)
    at _Deserializer.classFinder [as _classFinder] (C:\ProgramData\cocos\editors\Creator\3.8.8\resources\resources\3d\engine\bin\.cache\dev\editor\bundled\index.js:137273:34)
    at _Deserializer._deserializeTypeTaggedObject (C:\ProgramData\cocos\editors\Creator\3.8.8\resources\resources\3d\engine\bin\.cache\dev\editor\bundled\index.js:46947:30)
    at _Deserializer._deserializeObject (C:\ProgramData\cocos\editors\Creator\3.8.8\resources\resources\3d\engine\bin\.cache\dev\editor\bundled\index.js:46901:29)
    at _Deserializer._deserializeAndAssignField (C:\ProgramData\cocos\editors\Creator\3.8.8\resources\resources\3d\engine\bin\.cache\dev\editor\bundled\index.js:47068:38)
    at _Deserializer._deserializeArray (C:\ProgramData\cocos\editors\Creator\3.8.8\resources\resources\3d\engine\bin\.cache\dev\editor\bundled\index.js:46929:40)
    at _Deserializer._deserializeObject (C:\ProgramData\cocos\editors\Creator\3.8.8\resources\resources\3d\engine\bin\.cache\dev\editor\bundled\index.js:46907:29)
    at _Deserializer._deserializeAndAssignField (C:\ProgramData\cocos\editors\Creator\3.8.8\resources\resources\3d\engine\bin\.cache\dev\editor\bundled\index.js:47080:36)
    at _Deserializer._fillPlainObject (C:\ProgramData\cocos\editors\Creator\3.8.8\resources\resources\3d\engine\bin\.cache\dev\editor\bundled\index.js:47125:40)
    at eval (C:\ProgramData\cocos\editors\Creator\3.8.8\resources\resources\3d\engine\bin\.cache\dev\editor\bundled\index.js:46682:11)
    at deserialize (C:\ProgramData\cocos\editors\Creator\3.8.8\resources\resources\3d\engine\bin\.cache\dev\editor\bundled\index.js:47040:19)
    at _Deserializer._deserializeFireClass (C:\ProgramData\cocos\editors\Creator\3.8.8\resources\resources\3d\engine\bin\.cache\dev\editor\bundled\index.js:47051:11)
    at _Deserializer._deserializeInto (C:\ProgramData\cocos\editors\Creator\3.8.8\resources\resources\3d\engine\bin\.cache\dev\editor\bundled\index.js:46993:18)
    at _Deserializer._deserializeTypeTaggedObject (C:\ProgramData\cocos\editors\Creator\3.8.8\resources\resources\3d\engine\bin\.cache\dev\editor\bundled\index.js:46970:20)
    at _Deserializer._deserializeObject (C:\ProgramData\cocos\editors\Creator\3.8.8\resources\resources\3d\engine\bin\.cache\dev\editor\bundled\index.js:46901:29)
    at _Deserializer._deserializeAndAssignField (C:\ProgramData\cocos\editors\Creator\3.8.8\resources\resources\3d\engine\bin\.cache\dev\editor\bundled\index.js:47068:38)
    at _Deserializer._deserializeArray (C:\ProgramData\cocos\editors\Creator\3.8.8\resources\resources\3d\engine\bin\.cache\dev\editor\bundled\index.js:46929:40)
    at _Deserializer._deserializeObject (C:\ProgramData\cocos\editors\Creator\3.8.8\resources\resources\3d\engine\bin\.cache\dev\editor\bundled\index.js:46907:29)
    at _Deserializer._deserializeAndAssignField (C:\ProgramData\cocos\editors\Creator\3.8.8\resources\resources\3d\engine\bin\.cache\dev\editor\bundled\index.js:47080:36)
    at eval (C:\ProgramData\cocos\editors\Creator\3.8.8\resources\resources\3d\engine\bin\.cache\dev\editor\bundled\index.js:46669:15)
    at _Deserializer._deserializeFireClass (C:\ProgramData\cocos\editors\Creator\3.8.8\resources\resources\3d\engine\bin\.cache\dev\editor\bundled\index.js:47051:11)
    at _Deserializer._deserializeInto (C:\ProgramData\cocos\editors\Creator\3.8.8\resources\resources\3d\engine\bin\.cache\dev\editor\bundled\index.js:46993:18)
    at _Deserializer._deserializeTypeTaggedObject (C:\ProgramData\cocos\editors\Creator\3.8.8\resources\resources\3d\engine\bin\.cache\dev\editor\bundled\index.js:46965:18)
    at _Deserializer._deserializeObject (C:\ProgramData\cocos\editors\Creator\3.8.8\resources\resources\3d\engine\bin\.cache\dev\editor\bundled\index.js:46901:29)
    at _Deserializer._deserializeAndAssignField (C:\ProgramData\cocos\editors\Creator\3.8.8\resources\resources\3d\engine\bin\.cache\dev\editor\bundled\index.js:47068:38)
    at _Deserializer._deserializeArray (C:\ProgramData\cocos\editors\Creator\3.8.8\resources\resources\3d\engine\bin\.cache\dev\editor\bundled\index.js:46929:40)
    at _Deserializer._deserializeObject (C:\ProgramData\cocos\editors\Creator\3.8.8\resources\resources\3d\engine\bin\.cache\dev\editor\bundled\index.js:46907:29)
    at _Deserializer._deserializeAndAssignField (C:\ProgramData\cocos\editors\Creator\3.8.8\resources\resources\3d\engine\bin\.cache\dev\editor\bundled\index.js:47080:36)
    at eval (C:\ProgramData\cocos\editors\Creator\3.8.8\resources\resources\3d\engine\bin\.cache\dev\editor\bundled\index.js:46669:15)
    at _Deserializer._deserializeFireClass (C:\ProgramData\cocos\editors\Creator\3.8.8\resources\resources\3d\engine\bin\.cache\dev\editor\bundled\index.js:47051:11)
    at _Deserializer._deserializeInto (C:\ProgramData\cocos\editors\Creator\3.8.8\resources\resources\3d\engine\bin\.cache\dev\editor\bundled\index.js:46993:18)
    at _Deserializer._deserializeTypeTaggedObject (C:\ProgramData\cocos\editors\Creator\3.8.8\resources\resources\3d\engine\bin\.cache\dev\editor\bundled\index.js:46965:18)
    at _Deserializer._deserializeObject (C:\ProgramData\cocos\editors\Creator\3.8.8\resources\resources\3d\engine\bin\.cache\dev\editor\bundled\index.js:46901:29)
    at _Deserializer._deserializeAndAssignField (C:\ProgramData\cocos\editors\Creator\3.8.8\resources\resources\3d\engine\bin\.cache\dev\editor\bundled\index.js:47068:38)
    at eval (C:\ProgramData\cocos\editors\Creator\3.8.8\resources\resources\3d\engine\bin\.cache\dev\editor\bundled\index.js:46669:15)
    at _Deserializer._deserializeFireClass (C:\ProgramData\cocos\editors\Creator\3.8.8\resources\resources\3d\engine\bin\.cache\dev\editor\bundled\index.js:47051:11)
    at _Deserializer._deserializeInto (C:\ProgramData\cocos\editors\Creator\3.8.8\resources\resources\3d\engine\bin\.cache\dev\editor\bundled\index.js:46993:18)
    at _Deserializer._deserializeTypeTaggedObject (C:\ProgramData\cocos\editors\Creator\3.8.8\resources\resources\3d\engine\bin\.cache\dev\editor\bundled\index.js:46965:18)
    at _Deserializer._deserializeObject (C:\ProgramData\cocos\editors\Creator\3.8.8\resources\resources\3d\engine\bin\.cache\dev\editor\bundled\index.js:46901:29)
    at _Deserializer.deserialize (C:\ProgramData\cocos\editors\Creator\3.8.8\resources\resources\3d\engine\bin\.cache\dev\editor\bundled\index.js:46873:42)
    at deserializeDynamic (C:\ProgramData\cocos\editors\Creator\3.8.8\resources\resources\3d\engine\bin\.cache\dev\editor\bundled\index.js:46723:30)
    at deserialize (C:\ProgramData\cocos\editors\Creator\3.8.8\resources\resources\3d\engine\bin\.cache\dev\editor\bundled\index.js:47546:13)
    at deserializeAsset (C:\ProgramData\cocos\editors\Creator\3.8.8\resources\resources\3d\engine\bin\.cache\dev\editor\bundled\index.js:137286:15)
    at parseImport (C:\ProgramData\cocos\editors\Creator\3.8.8\resources\resources\3d\engine\bin\.cache\dev\editor\bundled\index.js:139488:22)
    at Parser.parse (C:\ProgramData\cocos\editors\Creator\3.8.8\resources\resources\3d\engine\bin\.cache\dev\editor\bundled\index.js:139571:11)
    at parse (C:\ProgramData\cocos\editors\Creator\3.8.8\resources\resources\3d\engine\bin\.cache\dev\editor\bundled\index.js:138984:20)
9-9-2026 18:35:14 - warn: [Scene] Missing class: UnitProgressionRuleError: [Scene] Missing class: UnitProgressionRule
    at console.warn (C:\ProgramData\cocos\editors\Creator\3.8.8\resources\app.asar\node_modules\@sentry\core\src\utils-hoist\instrument\console.ts:40:14)
    at Object.classFinder (C:\ProgramData\cocos\editors\Creator\3.8.8\resources\app.asar\builtin\engine\dist\editor-extends\missing-reporter\missing-class-reporter.ccc:7:982)
    at _Deserializer.classFinder [as _classFinder] (C:\ProgramData\cocos\editors\Creator\3.8.8\resources\resources\3d\engine\bin\.cache\dev\editor\bundled\index.js:137273:34)
    at _Deserializer._deserializeTypeTaggedObject (C:\ProgramData\cocos\editors\Creator\3.8.8\resources\resources\3d\engine\bin\.cache\dev\editor\bundled\index.js:46947:30)
    at _Deserializer._deserializeObject (C:\ProgramData\cocos\editors\Creator\3.8.8\resources\resources\3d\engine\bin\.cache\dev\editor\bundled\index.js:46901:29)
    at _Deserializer._deserializeAndAssignField (C:\ProgramData\cocos\editors\Creator\3.8.8\resources\resources\3d\engine\bin\.cache\dev\editor\bundled\index.js:47068:38)
    at _Deserializer._deserializeArray (C:\ProgramData\cocos\editors\Creator\3.8.8\resources\resources\3d\engine\bin\.cache\dev\editor\bundled\index.js:46929:40)
    at _Deserializer._deserializeObject (C:\ProgramData\cocos\editors\Creator\3.8.8\resources\resources\3d\engine\bin\.cache\dev\editor\bundled\index.js:46907:29)
    at _Deserializer._deserializeAndAssignField (C:\ProgramData\cocos\editors\Creator\3.8.8\resources\resources\3d\engine\bin\.cache\dev\editor\bundled\index.js:47080:36)
    at _Deserializer._fillPlainObject (C:\ProgramData\cocos\editors\Creator\3.8.8\resources\resources\3d\engine\bin\.cache\dev\editor\bundled\index.js:47125:40)
    at eval (C:\ProgramData\cocos\editors\Creator\3.8.8\resources\resources\3d\engine\bin\.cache\dev\editor\bundled\index.js:46682:11)
    at deserialize (C:\ProgramData\cocos\editors\Creator\3.8.8\resources\resources\3d\engine\bin\.cache\dev\editor\bundled\index.js:47040:19)
    at _Deserializer._deserializeFireClass (C:\ProgramData\cocos\editors\Creator\3.8.8\resources\resources\3d\engine\bin\.cache\dev\editor\bundled\index.js:47051:11)
    at _Deserializer._deserializeInto (C:\ProgramData\cocos\editors\Creator\3.8.8\resources\resources\3d\engine\bin\.cache\dev\editor\bundled\index.js:46993:18)
    at _Deserializer._deserializeTypeTaggedObject (C:\ProgramData\cocos\editors\Creator\3.8.8\resources\resources\3d\engine\bin\.cache\dev\editor\bundled\index.js:46970:20)
    at _Deserializer._deserializeObject (C:\ProgramData\cocos\editors\Creator\3.8.8\resources\resources\3d\engine\bin\.cache\dev\editor\bundled\index.js:46901:29)
    at _Deserializer._deserializeAndAssignField (C:\ProgramData\cocos\editors\Creator\3.8.8\resources\resources\3d\engine\bin\.cache\dev\editor\bundled\index.js:47068:38)
    at _Deserializer._deserializeArray (C:\ProgramData\cocos\editors\Creator\3.8.8\resources\resources\3d\engine\bin\.cache\dev\editor\bundled\index.js:46929:40)
    at _Deserializer._deserializeObject (C:\ProgramData\cocos\editors\Creator\3.8.8\resources\resources\3d\engine\bin\.cache\dev\editor\bundled\index.js:46907:29)
    at _Deserializer._deserializeAndAssignField (C:\ProgramData\cocos\editors\Creator\3.8.8\resources\resources\3d\engine\bin\.cache\dev\editor\bundled\index.js:47080:36)
    at eval (C:\ProgramData\cocos\editors\Creator\3.8.8\resources\resources\3d\engine\bin\.cache\dev\editor\bundled\index.js:46669:15)
    at _Deserializer._deserializeFireClass (C:\ProgramData\cocos\editors\Creator\3.8.8\resources\resources\3d\engine\bin\.cache\dev\editor\bundled\index.js:47051:11)
    at _Deserializer._deserializeInto (C:\ProgramData\cocos\editors\Creator\3.8.8\resources\resources\3d\engine\bin\.cache\dev\editor\bundled\index.js:46993:18)
    at _Deserializer._deserializeTypeTaggedObject (C:\ProgramData\cocos\editors\Creator\3.8.8\resources\resources\3d\engine\bin\.cache\dev\editor\bundled\index.js:46965:18)
    at _Deserializer._deserializeObject (C:\ProgramData\cocos\editors\Creator\3.8.8\resources\resources\3d\engine\bin\.cache\dev\editor\bundled\index.js:46901:29)
    at _Deserializer._deserializeAndAssignField (C:\ProgramData\cocos\editors\Creator\3.8.8\resources\resources\3d\engine\bin\.cache\dev\editor\bundled\index.js:47068:38)
    at _Deserializer._deserializeArray (C:\ProgramData\cocos\editors\Creator\3.8.8\resources\resources\3d\engine\bin\.cache\dev\editor\bundled\index.js:46929:40)
    at _Deserializer._deserializeObject (C:\ProgramData\cocos\editors\Creator\3.8.8\resources\resources\3d\engine\bin\.cache\dev\editor\bundled\index.js:46907:29)
    at _Deserializer._deserializeAndAssignField (C:\ProgramData\cocos\editors\Creator\3.8.8\resources\resources\3d\engine\bin\.cache\dev\editor\bundled\index.js:47080:36)
    at eval (C:\ProgramData\cocos\editors\Creator\3.8.8\resources\resources\3d\engine\bin\.cache\dev\editor\bundled\index.js:46669:15)
    at _Deserializer._deserializeFireClass (C:\ProgramData\cocos\editors\Creator\3.8.8\resources\resources\3d\engine\bin\.cache\dev\editor\bundled\index.js:47051:11)
    at _Deserializer._deserializeInto (C:\ProgramData\cocos\editors\Creator\3.8.8\resources\resources\3d\engine\bin\.cache\dev\editor\bundled\index.js:46993:18)
    at _Deserializer._deserializeTypeTaggedObject (C:\ProgramData\cocos\editors\Creator\3.8.8\resources\resources\3d\engine\bin\.cache\dev\editor\bundled\index.js:46965:18)
    at _Deserializer._deserializeObject (C:\ProgramData\cocos\editors\Creator\3.8.8\resources\resources\3d\engine\bin\.cache\dev\editor\bundled\index.js:46901:29)
    at _Deserializer._deserializeAndAssignField (C:\ProgramData\cocos\editors\Creator\3.8.8\resources\resources\3d\engine\bin\.cache\dev\editor\bundled\index.js:47068:38)
    at eval (C:\ProgramData\cocos\editors\Creator\3.8.8\resources\resources\3d\engine\bin\.cache\dev\editor\bundled\index.js:46669:15)
    at _Deserializer._deserializeFireClass (C:\ProgramData\cocos\editors\Creator\3.8.8\resources\resources\3d\engine\bin\.cache\dev\editor\bundled\index.js:47051:11)
    at _Deserializer._deserializeInto (C:\ProgramData\cocos\editors\Creator\3.8.8\resources\resources\3d\engine\bin\.cache\dev\editor\bundled\index.js:46993:18)
    at _Deserializer._deserializeTypeTaggedObject (C:\ProgramData\cocos\editors\Creator\3.8.8\resources\resources\3d\engine\bin\.cache\dev\editor\bundled\index.js:46965:18)
    at _Deserializer._deserializeObject (C:\ProgramData\cocos\editors\Creator\3.8.8\resources\resources\3d\engine\bin\.cache\dev\editor\bundled\index.js:46901:29)
    at _Deserializer.deserialize (C:\ProgramData\cocos\editors\Creator\3.8.8\resources\resources\3d\engine\bin\.cache\dev\editor\bundled\index.js:46873:42)
    at deserializeDynamic (C:\ProgramData\cocos\editors\Creator\3.8.8\resources\resources\3d\engine\bin\.cache\dev\editor\bundled\index.js:46723:30)
    at deserialize (C:\ProgramData\cocos\editors\Creator\3.8.8\resources\resources\3d\engine\bin\.cache\dev\editor\bundled\index.js:47546:13)
    at deserializeAsset (C:\ProgramData\cocos\editors\Creator\3.8.8\resources\resources\3d\engine\bin\.cache\dev\editor\bundled\index.js:137286:15)
    at parseImport (C:\ProgramData\cocos\editors\Creator\3.8.8\resources\resources\3d\engine\bin\.cache\dev\editor\bundled\index.js:139488:22)
    at Parser.parse (C:\ProgramData\cocos\editors\Creator\3.8.8\resources\resources\3d\engine\bin\.cache\dev\editor\bundled\index.js:139571:11)
    at parse (C:\ProgramData\cocos\editors\Creator\3.8.8\resources\resources\3d\engine\bin\.cache\dev\editor\bundled\index.js:138984:20)
9-9-2026 18:35:14 - warn: [Scene] Missing class: UnitProgressionRuleError: [Scene] Missing class: UnitProgressionRule
    at console.warn (C:\ProgramData\cocos\editors\Creator\3.8.8\resources\app.asar\node_modules\@sentry\core\src\utils-hoist\instrument\console.ts:40:14)
    at Object.classFinder (C:\ProgramData\cocos\editors\Creator\3.8.8\resources\app.asar\builtin\engine\dist\editor-extends\missing-reporter\missing-class-reporter.ccc:7:982)
    at _Deserializer.classFinder [as _classFinder] (C:\ProgramData\cocos\editors\Creator\3.8.8\resources\resources\3d\engine\bin\.cache\dev\editor\bundled\index.js:137273:34)
    at _Deserializer._deserializeTypeTaggedObject (C:\ProgramData\cocos\editors\Creator\3.8.8\resources\resources\3d\engine\bin\.cache\dev\editor\bundled\index.js:46947:30)
    at _Deserializer._deserializeObject (C:\ProgramData\cocos\editors\Creator\3.8.8\resources\resources\3d\engine\bin\.cache\dev\editor\bundled\index.js:46901:29)
    at _Deserializer._deserializeAndAssignField (C:\ProgramData\cocos\editors\Creator\3.8.8\resources\resources\3d\engine\bin\.cache\dev\editor\bundled\index.js:47068:38)
    at _Deserializer._deserializeArray (C:\ProgramData\cocos\editors\Creator\3.8.8\resources\resources\3d\engine\bin\.cache\dev\editor\bundled\index.js:46929:40)
    at _Deserializer._deserializeObject (C:\ProgramData\cocos\editors\Creator\3.8.8\resources\resources\3d\engine\bin\.cache\dev\editor\bundled\index.js:46907:29)
    at _Deserializer._deserializeAndAssignField (C:\ProgramData\cocos\editors\Creator\3.8.8\resources\resources\3d\engine\bin\.cache\dev\editor\bundled\index.js:47080:36)
    at _Deserializer._fillPlainObject (C:\ProgramData\cocos\editors\Creator\3.8.8\resources\resources\3d\engine\bin\.cache\dev\editor\bundled\index.js:47125:40)
    at eval (C:\ProgramData\cocos\editors\Creator\3.8.8\resources\resources\3d\engine\bin\.cache\dev\editor\bundled\index.js:46682:11)
    at deserialize (C:\ProgramData\cocos\editors\Creator\3.8.8\resources\resources\3d\engine\bin\.cache\dev\editor\bundled\index.js:47040:19)
    at _Deserializer._deserializeFireClass (C:\ProgramData\cocos\editors\Creator\3.8.8\resources\resources\3d\engine\bin\.cache\dev\editor\bundled\index.js:47051:11)
    at _Deserializer._deserializeInto (C:\ProgramData\cocos\editors\Creator\3.8.8\resources\resources\3d\engine\bin\.cache\dev\editor\bundled\index.js:46993:18)
    at _Deserializer._deserializeTypeTaggedObject (C:\ProgramData\cocos\editors\Creator\3.8.8\resources\resources\3d\engine\bin\.cache\dev\editor\bundled\index.js:46970:20)
    at _Deserializer._deserializeObject (C:\ProgramData\cocos\editors\Creator\3.8.8\resources\resources\3d\engine\bin\.cache\dev\editor\bundled\index.js:46901:29)
    at _Deserializer._deserializeAndAssignField (C:\ProgramData\cocos\editors\Creator\3.8.8\resources\resources\3d\engine\bin\.cache\dev\editor\bundled\index.js:47068:38)
    at _Deserializer._deserializeArray (C:\ProgramData\cocos\editors\Creator\3.8.8\resources\resources\3d\engine\bin\.cache\dev\editor\bundled\index.js:46929:40)
    at _Deserializer._deserializeObject (C:\ProgramData\cocos\editors\Creator\3.8.8\resources\resources\3d\engine\bin\.cache\dev\editor\bundled\index.js:46907:29)
    at _Deserializer._deserializeAndAssignField (C:\ProgramData\cocos\editors\Creator\3.8.8\resources\resources\3d\engine\bin\.cache\dev\editor\bundled\index.js:47080:36)
    at eval (C:\ProgramData\cocos\editors\Creator\3.8.8\resources\resources\3d\engine\bin\.cache\dev\editor\bundled\index.js:46669:15)
    at _Deserializer._deserializeFireClass (C:\ProgramData\cocos\editors\Creator\3.8.8\resources\resources\3d\engine\bin\.cache\dev\editor\bundled\index.js:47051:11)
    at _Deserializer._deserializeInto (C:\ProgramData\cocos\editors\Creator\3.8.8\resources\resources\3d\engine\bin\.cache\dev\editor\bundled\index.js:46993:18)
    at _Deserializer._deserializeTypeTaggedObject (C:\ProgramData\cocos\editors\Creator\3.8.8\resources\resources\3d\engine\bin\.cache\dev\editor\bundled\index.js:46965:18)
    at _Deserializer._deserializeObject (C:\ProgramData\cocos\editors\Creator\3.8.8\resources\resources\3d\engine\bin\.cache\dev\editor\bundled\index.js:46901:29)
    at _Deserializer._deserializeAndAssignField (C:\ProgramData\cocos\editors\Creator\3.8.8\resources\resources\3d\engine\bin\.cache\dev\editor\bundled\index.js:47068:38)
    at _Deserializer._deserializeArray (C:\ProgramData\cocos\editors\Creator\3.8.8\resources\resources\3d\engine\bin\.cache\dev\editor\bundled\index.js:46929:40)
    at _Deserializer._deserializeObject (C:\ProgramData\cocos\editors\Creator\3.8.8\resources\resources\3d\engine\bin\.cache\dev\editor\bundled\index.js:46907:29)
    at _Deserializer._deserializeAndAssignField (C:\ProgramData\cocos\editors\Creator\3.8.8\resources\resources\3d\engine\bin\.cache\dev\editor\bundled\index.js:47080:36)
    at eval (C:\ProgramData\cocos\editors\Creator\3.8.8\resources\resources\3d\engine\bin\.cache\dev\editor\bundled\index.js:46669:15)
    at _Deserializer._deserializeFireClass (C:\ProgramData\cocos\editors\Creator\3.8.8\resources\resources\3d\engine\bin\.cache\dev\editor\bundled\index.js:47051:11)
    at _Deserializer._deserializeInto (C:\ProgramData\cocos\editors\Creator\3.8.8\resources\resources\3d\engine\bin\.cache\dev\editor\bundled\index.js:46993:18)
    at _Deserializer._deserializeTypeTaggedObject (C:\ProgramData\cocos\editors\Creator\3.8.8\resources\resources\3d\engine\bin\.cache\dev\editor\bundled\index.js:46965:18)
    at _Deserializer._deserializeObject (C:\ProgramData\cocos\editors\Creator\3.8.8\resources\resources\3d\engine\bin\.cache\dev\editor\bundled\index.js:46901:29)
    at _Deserializer._deserializeAndAssignField (C:\ProgramData\cocos\editors\Creator\3.8.8\resources\resources\3d\engine\bin\.cache\dev\editor\bundled\index.js:47068:38)
    at eval (C:\ProgramData\cocos\editors\Creator\3.8.8\resources\resources\3d\engine\bin\.cache\dev\editor\bundled\index.js:46669:15)
    at _Deserializer._deserializeFireClass (C:\ProgramData\cocos\editors\Creator\3.8.8\resources\resources\3d\engine\bin\.cache\dev\editor\bundled\index.js:47051:11)
    at _Deserializer._deserializeInto (C:\ProgramData\cocos\editors\Creator\3.8.8\resources\resources\3d\engine\bin\.cache\dev\editor\bundled\index.js:46993:18)
    at _Deserializer._deserializeTypeTaggedObject (C:\ProgramData\cocos\editors\Creator\3.8.8\resources\resources\3d\engine\bin\.cache\dev\editor\bundled\index.js:46965:18)
    at _Deserializer._deserializeObject (C:\ProgramData\cocos\editors\Creator\3.8.8\resources\resources\3d\engine\bin\.cache\dev\editor\bundled\index.js:46901:29)
    at _Deserializer.deserialize (C:\ProgramData\cocos\editors\Creator\3.8.8\resources\resources\3d\engine\bin\.cache\dev\editor\bundled\index.js:46873:42)
    at deserializeDynamic (C:\ProgramData\cocos\editors\Creator\3.8.8\resources\resources\3d\engine\bin\.cache\dev\editor\bundled\index.js:46723:30)
    at deserialize (C:\ProgramData\cocos\editors\Creator\3.8.8\resources\resources\3d\engine\bin\.cache\dev\editor\bundled\index.js:47546:13)
    at deserializeAsset (C:\ProgramData\cocos\editors\Creator\3.8.8\resources\resources\3d\engine\bin\.cache\dev\editor\bundled\index.js:137286:15)
    at parseImport (C:\ProgramData\cocos\editors\Creator\3.8.8\resources\resources\3d\engine\bin\.cache\dev\editor\bundled\index.js:139488:22)
    at Parser.parse (C:\ProgramData\cocos\editors\Creator\3.8.8\resources\resources\3d\engine\bin\.cache\dev\editor\bundled\index.js:139571:11)
    at parse (C:\ProgramData\cocos\editors\Creator\3.8.8\resources\resources\3d\engine\bin\.cache\dev\editor\bundled\index.js:138984:20)
9-9-2026 18:35:14 - warn: [Scene] Missing class: UnitProgressionRuleError: [Scene] Missing class: UnitProgressionRule
    at console.warn (C:\ProgramData\cocos\editors\Creator\3.8.8\resources\app.asar\node_modules\@sentry\core\src\utils-hoist\instrument\console.ts:40:14)
    at Object.classFinder (C:\ProgramData\cocos\editors\Creator\3.8.8\resources\app.asar\builtin\engine\dist\editor-extends\missing-reporter\missing-class-reporter.ccc:7:982)
    at _Deserializer.classFinder [as _classFinder] (C:\ProgramData\cocos\editors\Creator\3.8.8\resources\resources\3d\engine\bin\.cache\dev\editor\bundled\index.js:137273:34)
    at _Deserializer._deserializeTypeTaggedObject (C:\ProgramData\cocos\editors\Creator\3.8.8\resources\resources\3d\engine\bin\.cache\dev\editor\bundled\index.js:46947:30)
    at _Deserializer._deserializeObject (C:\ProgramData\cocos\editors\Creator\3.8.8\resources\resources\3d\engine\bin\.cache\dev\editor\bundled\index.js:46901:29)
    at _Deserializer._deserializeAndAssignField (C:\ProgramData\cocos\editors\Creator\3.8.8\resources\resources\3d\engine\bin\.cache\dev\editor\bundled\index.js:47068:38)
    at _Deserializer._deserializeArray (C:\ProgramData\cocos\editors\Creator\3.8.8\resources\resources\3d\engine\bin\.cache\dev\editor\bundled\index.js:46929:40)
    at _Deserializer._deserializeObject (C:\ProgramData\cocos\editors\Creator\3.8.8\resources\resources\3d\engine\bin\.cache\dev\editor\bundled\index.js:46907:29)
    at _Deserializer._deserializeAndAssignField (C:\ProgramData\cocos\editors\Creator\3.8.8\resources\resources\3d\engine\bin\.cache\dev\editor\bundled\index.js:47080:36)
    at _Deserializer._fillPlainObject (C:\ProgramData\cocos\editors\Creator\3.8.8\resources\resources\3d\engine\bin\.cache\dev\editor\bundled\index.js:47125:40)
    at eval (C:\ProgramData\cocos\editors\Creator\3.8.8\resources\resources\3d\engine\bin\.cache\dev\editor\bundled\index.js:46682:11)
    at deserialize (C:\ProgramData\cocos\editors\Creator\3.8.8\resources\resources\3d\engine\bin\.cache\dev\editor\bundled\index.js:47040:19)
    at _Deserializer._deserializeFireClass (C:\ProgramData\cocos\editors\Creator\3.8.8\resources\resources\3d\engine\bin\.cache\dev\editor\bundled\index.js:47051:11)
    at _Deserializer._deserializeInto (C:\ProgramData\cocos\editors\Creator\3.8.8\resources\resources\3d\engine\bin\.cache\dev\editor\bundled\index.js:46993:18)
    at _Deserializer._deserializeTypeTaggedObject (C:\ProgramData\cocos\editors\Creator\3.8.8\resources\resources\3d\engine\bin\.cache\dev\editor\bundled\index.js:46970:20)
    at _Deserializer._deserializeObject (C:\ProgramData\cocos\editors\Creator\3.8.8\resources\resources\3d\engine\bin\.cache\dev\editor\bundled\index.js:46901:29)
    at _Deserializer._deserializeAndAssignField (C:\ProgramData\cocos\editors\Creator\3.8.8\resources\resources\3d\engine\bin\.cache\dev\editor\bundled\index.js:47068:38)
    at _Deserializer._deserializeArray (C:\ProgramData\cocos\editors\Creator\3.8.8\resources\resources\3d\engine\bin\.cache\dev\editor\bundled\index.js:46929:40)
    at _Deserializer._deserializeObject (C:\ProgramData\cocos\editors\Creator\3.8.8\resources\resources\3d\engine\bin\.cache\dev\editor\bundled\index.js:46907:29)
    at _Deserializer._deserializeAndAssignField (C:\ProgramData\cocos\editors\Creator\3.8.8\resources\resources\3d\engine\bin\.cache\dev\editor\bundled\index.js:47080:36)
    at eval (C:\ProgramData\cocos\editors\Creator\3.8.8\resources\resources\3d\engine\bin\.cache\dev\editor\bundled\index.js:46669:15)
    at _Deserializer._deserializeFireClass (C:\ProgramData\cocos\editors\Creator\3.8.8\resources\resources\3d\engine\bin\.cache\dev\editor\bundled\index.js:47051:11)
    at _Deserializer._deserializeInto (C:\ProgramData\cocos\editors\Creator\3.8.8\resources\resources\3d\engine\bin\.cache\dev\editor\bundled\index.js:46993:18)
    at _Deserializer._deserializeTypeTaggedObject (C:\ProgramData\cocos\editors\Creator\3.8.8\resources\resources\3d\engine\bin\.cache\dev\editor\bundled\index.js:46965:18)
    at _Deserializer._deserializeObject (C:\ProgramData\cocos\editors\Creator\3.8.8\resources\resources\3d\engine\bin\.cache\dev\editor\bundled\index.js:46901:29)
    at _Deserializer._deserializeAndAssignField (C:\ProgramData\cocos\editors\Creator\3.8.8\resources\resources\3d\engine\bin\.cache\dev\editor\bundled\index.js:47068:38)
    at _Deserializer._deserializeArray (C:\ProgramData\cocos\editors\Creator\3.8.8\resources\resources\3d\engine\bin\.cache\dev\editor\bundled\index.js:46929:40)
    at _Deserializer._deserializeObject (C:\ProgramData\cocos\editors\Creator\3.8.8\resources\resources\3d\engine\bin\.cache\dev\editor\bundled\index.js:46907:29)
    at _Deserializer._deserializeAndAssignField (C:\ProgramData\cocos\editors\Creator\3.8.8\resources\resources\3d\engine\bin\.cache\dev\editor\bundled\index.js:47080:36)
    at eval (C:\ProgramData\cocos\editors\Creator\3.8.8\resources\resources\3d\engine\bin\.cache\dev\editor\bundled\index.js:46669:15)
    at _Deserializer._deserializeFireClass (C:\ProgramData\cocos\editors\Creator\3.8.8\resources\resources\3d\engine\bin\.cache\dev\editor\bundled\index.js:47051:11)
    at _Deserializer._deserializeInto (C:\ProgramData\cocos\editors\Creator\3.8.8\resources\resources\3d\engine\bin\.cache\dev\editor\bundled\index.js:46993:18)
    at _Deserializer._deserializeTypeTaggedObject (C:\ProgramData\cocos\editors\Creator\3.8.8\resources\resources\3d\engine\bin\.cache\dev\editor\bundled\index.js:46965:18)
    at _Deserializer._deserializeObject (C:\ProgramData\cocos\editors\Creator\3.8.8\resources\resources\3d\engine\bin\.cache\dev\editor\bundled\index.js:46901:29)
    at _Deserializer._deserializeAndAssignField (C:\ProgramData\cocos\editors\Creator\3.8.8\resources\resources\3d\engine\bin\.cache\dev\editor\bundled\index.js:47068:38)
    at eval (C:\ProgramData\cocos\editors\Creator\3.8.8\resources\resources\3d\engine\bin\.cache\dev\editor\bundled\index.js:46669:15)
    at _Deserializer._deserializeFireClass (C:\ProgramData\cocos\editors\Creator\3.8.8\resources\resources\3d\engine\bin\.cache\dev\editor\bundled\index.js:47051:11)
    at _Deserializer._deserializeInto (C:\ProgramData\cocos\editors\Creator\3.8.8\resources\resources\3d\engine\bin\.cache\dev\editor\bundled\index.js:46993:18)
    at _Deserializer._deserializeTypeTaggedObject (C:\ProgramData\cocos\editors\Creator\3.8.8\resources\resources\3d\engine\bin\.cache\dev\editor\bundled\index.js:46965:18)
    at _Deserializer._deserializeObject (C:\ProgramData\cocos\editors\Creator\3.8.8\resources\resources\3d\engine\bin\.cache\dev\editor\bundled\index.js:46901:29)
    at _Deserializer.deserialize (C:\ProgramData\cocos\editors\Creator\3.8.8\resources\resources\3d\engine\bin\.cache\dev\editor\bundled\index.js:46873:42)
    at deserializeDynamic (C:\ProgramData\cocos\editors\Creator\3.8.8\resources\resources\3d\engine\bin\.cache\dev\editor\bundled\index.js:46723:30)
    at deserialize (C:\ProgramData\cocos\editors\Creator\3.8.8\resources\resources\3d\engine\bin\.cache\dev\editor\bundled\index.js:47546:13)
    at deserializeAsset (C:\ProgramData\cocos\editors\Creator\3.8.8\resources\resources\3d\engine\bin\.cache\dev\editor\bundled\index.js:137286:15)
    at parseImport (C:\ProgramData\cocos\editors\Creator\3.8.8\resources\resources\3d\engine\bin\.cache\dev\editor\bundled\index.js:139488:22)
    at Parser.parse (C:\ProgramData\cocos\editors\Creator\3.8.8\resources\resources\3d\engine\bin\.cache\dev\editor\bundled\index.js:139571:11)
    at parse (C:\ProgramData\cocos\editors\Creator\3.8.8\resources\resources\3d\engine\bin\.cache\dev\editor\bundled\index.js:138984:20)
9-9-2026 18:35:14 - warn: [Scene] Missing class: UnitProgressionRuleError: [Scene] Missing class: UnitProgressionRule
    at console.warn (C:\ProgramData\cocos\editors\Creator\3.8.8\resources\app.asar\node_modules\@sentry\core\src\utils-hoist\instrument\console.ts:40:14)
    at Object.classFinder (C:\ProgramData\cocos\editors\Creator\3.8.8\resources\app.asar\builtin\engine\dist\editor-extends\missing-reporter\missing-class-reporter.ccc:7:982)
    at _Deserializer.classFinder [as _classFinder] (C:\ProgramData\cocos\editors\Creator\3.8.8\resources\resources\3d\engine\bin\.cache\dev\editor\bundled\index.js:137273:34)
    at _Deserializer._deserializeTypeTaggedObject (C:\ProgramData\cocos\editors\Creator\3.8.8\resources\resources\3d\engine\bin\.cache\dev\editor\bundled\index.js:46947:30)
    at _Deserializer._deserializeObject (C:\ProgramData\cocos\editors\Creator\3.8.8\resources\resources\3d\engine\bin\.cache\dev\editor\bundled\index.js:46901:29)
    at _Deserializer._deserializeAndAssignField (C:\ProgramData\cocos\editors\Creator\3.8.8\resources\resources\3d\engine\bin\.cache\dev\editor\bundled\index.js:47068:38)
    at _Deserializer._deserializeArray (C:\ProgramData\cocos\editors\Creator\3.8.8\resources\resources\3d\engine\bin\.cache\dev\editor\bundled\index.js:46929:40)
    at _Deserializer._deserializeObject (C:\ProgramData\cocos\editors\Creator\3.8.8\resources\resources\3d\engine\bin\.cache\dev\editor\bundled\index.js:46907:29)
    at _Deserializer._deserializeAndAssignField (C:\ProgramData\cocos\editors\Creator\3.8.8\resources\resources\3d\engine\bin\.cache\dev\editor\bundled\index.js:47080:36)
    at _Deserializer._fillPlainObject (C:\ProgramData\cocos\editors\Creator\3.8.8\resources\resources\3d\engine\bin\.cache\dev\editor\bundled\index.js:47125:40)
    at eval (C:\ProgramData\cocos\editors\Creator\3.8.8\resources\resources\3d\engine\bin\.cache\dev\editor\bundled\index.js:46682:11)
    at deserialize (C:\ProgramData\cocos\editors\Creator\3.8.8\resources\resources\3d\engine\bin\.cache\dev\editor\bundled\index.js:47040:19)
    at _Deserializer._deserializeFireClass (C:\ProgramData\cocos\editors\Creator\3.8.8\resources\resources\3d\engine\bin\.cache\dev\editor\bundled\index.js:47051:11)
    at _Deserializer._deserializeInto (C:\ProgramData\cocos\editors\Creator\3.8.8\resources\resources\3d\engine\bin\.cache\dev\editor\bundled\index.js:46993:18)
    at _Deserializer._deserializeTypeTaggedObject (C:\ProgramData\cocos\editors\Creator\3.8.8\resources\resources\3d\engine\bin\.cache\dev\editor\bundled\index.js:46970:20)
    at _Deserializer._deserializeObject (C:\ProgramData\cocos\editors\Creator\3.8.8\resources\resources\3d\engine\bin\.cache\dev\editor\bundled\index.js:46901:29)
    at _Deserializer._deserializeAndAssignField (C:\ProgramData\cocos\editors\Creator\3.8.8\resources\resources\3d\engine\bin\.cache\dev\editor\bundled\index.js:47068:38)
    at _Deserializer._deserializeArray (C:\ProgramData\cocos\editors\Creator\3.8.8\resources\resources\3d\engine\bin\.cache\dev\editor\bundled\index.js:46929:40)
    at _Deserializer._deserializeObject (C:\ProgramData\cocos\editors\Creator\3.8.8\resources\resources\3d\engine\bin\.cache\dev\editor\bundled\index.js:46907:29)
    at _Deserializer._deserializeAndAssignField (C:\ProgramData\cocos\editors\Creator\3.8.8\resources\resources\3d\engine\bin\.cache\dev\editor\bundled\index.js:47080:36)
    at eval (C:\ProgramData\cocos\editors\Creator\3.8.8\resources\resources\3d\engine\bin\.cache\dev\editor\bundled\index.js:46669:15)
    at _Deserializer._deserializeFireClass (C:\ProgramData\cocos\editors\Creator\3.8.8\resources\resources\3d\engine\bin\.cache\dev\editor\bundled\index.js:47051:11)
    at _Deserializer._deserializeInto (C:\ProgramData\cocos\editors\Creator\3.8.8\resources\resources\3d\engine\bin\.cache\dev\editor\bundled\index.js:46993:18)
    at _Deserializer._deserializeTypeTaggedObject (C:\ProgramData\cocos\editors\Creator\3.8.8\resources\resources\3d\engine\bin\.cache\dev\editor\bundled\index.js:46965:18)
    at _Deserializer._deserializeObject (C:\ProgramData\cocos\editors\Creator\3.8.8\resources\resources\3d\engine\bin\.cache\dev\editor\bundled\index.js:46901:29)
    at _Deserializer._deserializeAndAssignField (C:\ProgramData\cocos\editors\Creator\3.8.8\resources\resources\3d\engine\bin\.cache\dev\editor\bundled\index.js:47068:38)
    at _Deserializer._deserializeArray (C:\ProgramData\cocos\editors\Creator\3.8.8\resources\resources\3d\engine\bin\.cache\dev\editor\bundled\index.js:46929:40)
    at _Deserializer._deserializeObject (C:\ProgramData\cocos\editors\Creator\3.8.8\resources\resources\3d\engine\bin\.cache\dev\editor\bundled\index.js:46907:29)
    at _Deserializer._deserializeAndAssignField (C:\ProgramData\cocos\editors\Creator\3.8.8\resources\resources\3d\engine\bin\.cache\dev\editor\bundled\index.js:47080:36)
    at eval (C:\ProgramData\cocos\editors\Creator\3.8.8\resources\resources\3d\engine\bin\.cache\dev\editor\bundled\index.js:46669:15)
    at _Deserializer._deserializeFireClass (C:\ProgramData\cocos\editors\Creator\3.8.8\resources\resources\3d\engine\bin\.cache\dev\editor\bundled\index.js:47051:11)
    at _Deserializer._deserializeInto (C:\ProgramData\cocos\editors\Creator\3.8.8\resources\resources\3d\engine\bin\.cache\dev\editor\bundled\index.js:46993:18)
    at _Deserializer._deserializeTypeTaggedObject (C:\ProgramData\cocos\editors\Creator\3.8.8\resources\resources\3d\engine\bin\.cache\dev\editor\bundled\index.js:46965:18)
    at _Deserializer._deserializeObject (C:\ProgramData\cocos\editors\Creator\3.8.8\resources\resources\3d\engine\bin\.cache\dev\editor\bundled\index.js:46901:29)
    at _Deserializer._deserializeAndAssignField (C:\ProgramData\cocos\editors\Creator\3.8.8\resources\resources\3d\engine\bin\.cache\dev\editor\bundled\index.js:47068:38)
    at eval (C:\ProgramData\cocos\editors\Creator\3.8.8\resources\resources\3d\engine\bin\.cache\dev\editor\bundled\index.js:46669:15)
    at _Deserializer._deserializeFireClass (C:\ProgramData\cocos\editors\Creator\3.8.8\resources\resources\3d\engine\bin\.cache\dev\editor\bundled\index.js:47051:11)
    at _Deserializer._deserializeInto (C:\ProgramData\cocos\editors\Creator\3.8.8\resources\resources\3d\engine\bin\.cache\dev\editor\bundled\index.js:46993:18)
    at _Deserializer._deserializeTypeTaggedObject (C:\ProgramData\cocos\editors\Creator\3.8.8\resources\resources\3d\engine\bin\.cache\dev\editor\bundled\index.js:46965:18)
    at _Deserializer._deserializeObject (C:\ProgramData\cocos\editors\Creator\3.8.8\resources\resources\3d\engine\bin\.cache\dev\editor\bundled\index.js:46901:29)
    at _Deserializer.deserialize (C:\ProgramData\cocos\editors\Creator\3.8.8\resources\resources\3d\engine\bin\.cache\dev\editor\bundled\index.js:46873:42)
    at deserializeDynamic (C:\ProgramData\cocos\editors\Creator\3.8.8\resources\resources\3d\engine\bin\.cache\dev\editor\bundled\index.js:46723:30)
    at deserialize (C:\ProgramData\cocos\editors\Creator\3.8.8\resources\resources\3d\engine\bin\.cache\dev\editor\bundled\index.js:47546:13)
    at deserializeAsset (C:\ProgramData\cocos\editors\Creator\3.8.8\resources\resources\3d\engine\bin\.cache\dev\editor\bundled\index.js:137286:15)
    at parseImport (C:\ProgramData\cocos\editors\Creator\3.8.8\resources\resources\3d\engine\bin\.cache\dev\editor\bundled\index.js:139488:22)
    at Parser.parse (C:\ProgramData\cocos\editors\Creator\3.8.8\resources\resources\3d\engine\bin\.cache\dev\editor\bundled\index.js:139571:11)
    at parse (C:\ProgramData\cocos\editors\Creator\3.8.8\resources\resources\3d\engine\bin\.cache\dev\editor\bundled\index.js:138984:20)
9-9-2026 18:35:14 - warn: [Scene] Missing class: UnitProgressionRuleError: [Scene] Missing class: UnitProgressionRule
    at console.warn (C:\ProgramData\cocos\editors\Creator\3.8.8\resources\app.asar\node_modules\@sentry\core\src\utils-hoist\instrument\console.ts:40:14)
    at Object.classFinder (C:\ProgramData\cocos\editors\Creator\3.8.8\resources\app.asar\builtin\engine\dist\editor-extends\missing-reporter\missing-class-reporter.ccc:7:982)
    at _Deserializer.classFinder [as _classFinder] (C:\ProgramData\cocos\editors\Creator\3.8.8\resources\resources\3d\engine\bin\.cache\dev\editor\bundled\index.js:137273:34)
    at _Deserializer._deserializeTypeTaggedObject (C:\ProgramData\cocos\editors\Creator\3.8.8\resources\resources\3d\engine\bin\.cache\dev\editor\bundled\index.js:46947:30)
    at _Deserializer._deserializeObject (C:\ProgramData\cocos\editors\Creator\3.8.8\resources\resources\3d\engine\bin\.cache\dev\editor\bundled\index.js:46901:29)
    at _Deserializer._deserializeAndAssignField (C:\ProgramData\cocos\editors\Creator\3.8.8\resources\resources\3d\engine\bin\.cache\dev\editor\bundled\index.js:47068:38)
    at _Deserializer._deserializeArray (C:\ProgramData\cocos\editors\Creator\3.8.8\resources\resources\3d\engine\bin\.cache\dev\editor\bundled\index.js:46929:40)
    at _Deserializer._deserializeObject (C:\ProgramData\cocos\editors\Creator\3.8.8\resources\resources\3d\engine\bin\.cache\dev\editor\bundled\index.js:46907:29)
    at _Deserializer._deserializeAndAssignField (C:\ProgramData\cocos\editors\Creator\3.8.8\resources\resources\3d\engine\bin\.cache\dev\editor\bundled\index.js:47080:36)
    at _Deserializer._fillPlainObject (C:\ProgramData\cocos\editors\Creator\3.8.8\resources\resources\3d\engine\bin\.cache\dev\editor\bundled\index.js:47125:40)
    at eval (C:\ProgramData\cocos\editors\Creator\3.8.8\resources\resources\3d\engine\bin\.cache\dev\editor\bundled\index.js:46682:11)
    at deserialize (C:\ProgramData\cocos\editors\Creator\3.8.8\resources\resources\3d\engine\bin\.cache\dev\editor\bundled\index.js:47040:19)
    at _Deserializer._deserializeFireClass (C:\ProgramData\cocos\editors\Creator\3.8.8\resources\resources\3d\engine\bin\.cache\dev\editor\bundled\index.js:47051:11)
    at _Deserializer._deserializeInto (C:\ProgramData\cocos\editors\Creator\3.8.8\resources\resources\3d\engine\bin\.cache\dev\editor\bundled\index.js:46993:18)
    at _Deserializer._deserializeTypeTaggedObject (C:\ProgramData\cocos\editors\Creator\3.8.8\resources\resources\3d\engine\bin\.cache\dev\editor\bundled\index.js:46970:20)
    at _Deserializer._deserializeObject (C:\ProgramData\cocos\editors\Creator\3.8.8\resources\resources\3d\engine\bin\.cache\dev\editor\bundled\index.js:46901:29)
    at _Deserializer._deserializeAndAssignField (C:\ProgramData\cocos\editors\Creator\3.8.8\resources\resources\3d\engine\bin\.cache\dev\editor\bundled\index.js:47068:38)
    at _Deserializer._deserializeArray (C:\ProgramData\cocos\editors\Creator\3.8.8\resources\resources\3d\engine\bin\.cache\dev\editor\bundled\index.js:46929:40)
    at _Deserializer._deserializeObject (C:\ProgramData\cocos\editors\Creator\3.8.8\resources\resources\3d\engine\bin\.cache\dev\editor\bundled\index.js:46907:29)
    at _Deserializer._deserializeAndAssignField (C:\ProgramData\cocos\editors\Creator\3.8.8\resources\resources\3d\engine\bin\.cache\dev\editor\bundled\index.js:47080:36)
    at eval (C:\ProgramData\cocos\editors\Creator\3.8.8\resources\resources\3d\engine\bin\.cache\dev\editor\bundled\index.js:46669:15)
    at _Deserializer._deserializeFireClass (C:\ProgramData\cocos\editors\Creator\3.8.8\resources\resources\3d\engine\bin\.cache\dev\editor\bundled\index.js:47051:11)
    at _Deserializer._deserializeInto (C:\ProgramData\cocos\editors\Creator\3.8.8\resources\resources\3d\engine\bin\.cache\dev\editor\bundled\index.js:46993:18)
    at _Deserializer._deserializeTypeTaggedObject (C:\ProgramData\cocos\editors\Creator\3.8.8\resources\resources\3d\engine\bin\.cache\dev\editor\bundled\index.js:46965:18)
    at _Deserializer._deserializeObject (C:\ProgramData\cocos\editors\Creator\3.8.8\resources\resources\3d\engine\bin\.cache\dev\editor\bundled\index.js:46901:29)
    at _Deserializer._deserializeAndAssignField (C:\ProgramData\cocos\editors\Creator\3.8.8\resources\resources\3d\engine\bin\.cache\dev\editor\bundled\index.js:47068:38)
    at _Deserializer._deserializeArray (C:\ProgramData\cocos\editors\Creator\3.8.8\resources\resources\3d\engine\bin\.cache\dev\editor\bundled\index.js:46929:40)
    at _Deserializer._deserializeObject (C:\ProgramData\cocos\editors\Creator\3.8.8\resources\resources\3d\engine\bin\.cache\dev\editor\bundled\index.js:46907:29)
    at _Deserializer._deserializeAndAssignField (C:\ProgramData\cocos\editors\Creator\3.8.8\resources\resources\3d\engine\bin\.cache\dev\editor\bundled\index.js:47080:36)
    at eval (C:\ProgramData\cocos\editors\Creator\3.8.8\resources\resources\3d\engine\bin\.cache\dev\editor\bundled\index.js:46669:15)
    at _Deserializer._deserializeFireClass (C:\ProgramData\cocos\editors\Creator\3.8.8\resources\resources\3d\engine\bin\.cache\dev\editor\bundled\index.js:47051:11)
    at _Deserializer._deserializeInto (C:\ProgramData\cocos\editors\Creator\3.8.8\resources\resources\3d\engine\bin\.cache\dev\editor\bundled\index.js:46993:18)
    at _Deserializer._deserializeTypeTaggedObject (C:\ProgramData\cocos\editors\Creator\3.8.8\resources\resources\3d\engine\bin\.cache\dev\editor\bundled\index.js:46965:18)
    at _Deserializer._deserializeObject (C:\ProgramData\cocos\editors\Creator\3.8.8\resources\resources\3d\engine\bin\.cache\dev\editor\bundled\index.js:46901:29)
    at _Deserializer._deserializeAndAssignField (C:\ProgramData\cocos\editors\Creator\3.8.8\resources\resources\3d\engine\bin\.cache\dev\editor\bundled\index.js:47068:38)
    at eval (C:\ProgramData\cocos\editors\Creator\3.8.8\resources\resources\3d\engine\bin\.cache\dev\editor\bundled\index.js:46669:15)
    at _Deserializer._deserializeFireClass (C:\ProgramData\cocos\editors\Creator\3.8.8\resources\resources\3d\engine\bin\.cache\dev\editor\bundled\index.js:47051:11)
    at _Deserializer._deserializeInto (C:\ProgramData\cocos\editors\Creator\3.8.8\resources\resources\3d\engine\bin\.cache\dev\editor\bundled\index.js:46993:18)
    at _Deserializer._deserializeTypeTaggedObject (C:\ProgramData\cocos\editors\Creator\3.8.8\resources\resources\3d\engine\bin\.cache\dev\editor\bundled\index.js:46965:18)
    at _Deserializer._deserializeObject (C:\ProgramData\cocos\editors\Creator\3.8.8\resources\resources\3d\engine\bin\.cache\dev\editor\bundled\index.js:46901:29)
    at _Deserializer.deserialize (C:\ProgramData\cocos\editors\Creator\3.8.8\resources\resources\3d\engine\bin\.cache\dev\editor\bundled\index.js:46873:42)
    at deserializeDynamic (C:\ProgramData\cocos\editors\Creator\3.8.8\resources\resources\3d\engine\bin\.cache\dev\editor\bundled\index.js:46723:30)
    at deserialize (C:\ProgramData\cocos\editors\Creator\3.8.8\resources\resources\3d\engine\bin\.cache\dev\editor\bundled\index.js:47546:13)
    at deserializeAsset (C:\ProgramData\cocos\editors\Creator\3.8.8\resources\resources\3d\engine\bin\.cache\dev\editor\bundled\index.js:137286:15)
    at parseImport (C:\ProgramData\cocos\editors\Creator\3.8.8\resources\resources\3d\engine\bin\.cache\dev\editor\bundled\index.js:139488:22)
    at Parser.parse (C:\ProgramData\cocos\editors\Creator\3.8.8\resources\resources\3d\engine\bin\.cache\dev\editor\bundled\index.js:139571:11)
    at parse (C:\ProgramData\cocos\editors\Creator\3.8.8\resources\resources\3d\engine\bin\.cache\dev\editor\bundled\index.js:138984:20)
9-9-2026 18:35:14 - warn: [Scene] Missing class: 6e964qkrR5F2YvWvH5N+eXOError: [Scene] Missing class: 6e964qkrR5F2YvWvH5N+eXO
    at console.warn (C:\ProgramData\cocos\editors\Creator\3.8.8\resources\app.asar\node_modules\@sentry\core\src\utils-hoist\instrument\console.ts:40:14)
    at Object.classFinder (C:\ProgramData\cocos\editors\Creator\3.8.8\resources\app.asar\builtin\engine\dist\editor-extends\missing-reporter\missing-class-reporter.ccc:7:982)
    at _Deserializer.classFinder [as _classFinder] (C:\ProgramData\cocos\editors\Creator\3.8.8\resources\resources\3d\engine\bin\.cache\dev\editor\bundled\index.js:137273:34)
    at _Deserializer._deserializeTypeTaggedObject (C:\ProgramData\cocos\editors\Creator\3.8.8\resources\resources\3d\engine\bin\.cache\dev\editor\bundled\index.js:46947:30)
    at _Deserializer._deserializeObject (C:\ProgramData\cocos\editors\Creator\3.8.8\resources\resources\3d\engine\bin\.cache\dev\editor\bundled\index.js:46901:29)
    at _Deserializer._deserializeAndAssignField (C:\ProgramData\cocos\editors\Creator\3.8.8\resources\resources\3d\engine\bin\.cache\dev\editor\bundled\index.js:47068:38)
    at _Deserializer._deserializeArray (C:\ProgramData\cocos\editors\Creator\3.8.8\resources\resources\3d\engine\bin\.cache\dev\editor\bundled\index.js:46929:40)
    at _Deserializer._deserializeObject (C:\ProgramData\cocos\editors\Creator\3.8.8\resources\resources\3d\engine\bin\.cache\dev\editor\bundled\index.js:46907:29)
    at _Deserializer._deserializeAndAssignField (C:\ProgramData\cocos\editors\Creator\3.8.8\resources\resources\3d\engine\bin\.cache\dev\editor\bundled\index.js:47080:36)
    at eval (C:\ProgramData\cocos\editors\Creator\3.8.8\resources\resources\3d\engine\bin\.cache\dev\editor\bundled\index.js:46669:15)
    at _Deserializer._deserializeFireClass (C:\ProgramData\cocos\editors\Creator\3.8.8\resources\resources\3d\engine\bin\.cache\dev\editor\bundled\index.js:47051:11)
    at _Deserializer._deserializeInto (C:\ProgramData\cocos\editors\Creator\3.8.8\resources\resources\3d\engine\bin\.cache\dev\editor\bundled\index.js:46993:18)
    at _Deserializer._deserializeTypeTaggedObject (C:\ProgramData\cocos\editors\Creator\3.8.8\resources\resources\3d\engine\bin\.cache\dev\editor\bundled\index.js:46965:18)
    at _Deserializer._deserializeObject (C:\ProgramData\cocos\editors\Creator\3.8.8\resources\resources\3d\engine\bin\.cache\dev\editor\bundled\index.js:46901:29)
    at _Deserializer._deserializeAndAssignField (C:\ProgramData\cocos\editors\Creator\3.8.8\resources\resources\3d\engine\bin\.cache\dev\editor\bundled\index.js:47068:38)
    at eval (C:\ProgramData\cocos\editors\Creator\3.8.8\resources\resources\3d\engine\bin\.cache\dev\editor\bundled\index.js:46669:15)
    at _Deserializer._deserializeFireClass (C:\ProgramData\cocos\editors\Creator\3.8.8\resources\resources\3d\engine\bin\.cache\dev\editor\bundled\index.js:47051:11)
    at _Deserializer._deserializeInto (C:\ProgramData\cocos\editors\Creator\3.8.8\resources\resources\3d\engine\bin\.cache\dev\editor\bundled\index.js:46993:18)
    at _Deserializer._deserializeTypeTaggedObject (C:\ProgramData\cocos\editors\Creator\3.8.8\resources\resources\3d\engine\bin\.cache\dev\editor\bundled\index.js:46965:18)
    at _Deserializer._deserializeObject (C:\ProgramData\cocos\editors\Creator\3.8.8\resources\resources\3d\engine\bin\.cache\dev\editor\bundled\index.js:46901:29)
    at _Deserializer.deserialize (C:\ProgramData\cocos\editors\Creator\3.8.8\resources\resources\3d\engine\bin\.cache\dev\editor\bundled\index.js:46873:42)
    at deserializeDynamic (C:\ProgramData\cocos\editors\Creator\3.8.8\resources\resources\3d\engine\bin\.cache\dev\editor\bundled\index.js:46723:30)
    at deserialize (C:\ProgramData\cocos\editors\Creator\3.8.8\resources\resources\3d\engine\bin\.cache\dev\editor\bundled\index.js:47546:13)
    at deserializeAsset (C:\ProgramData\cocos\editors\Creator\3.8.8\resources\resources\3d\engine\bin\.cache\dev\editor\bundled\index.js:137286:15)
    at parseImport (C:\ProgramData\cocos\editors\Creator\3.8.8\resources\resources\3d\engine\bin\.cache\dev\editor\bundled\index.js:139488:22)
    at Parser.parse (C:\ProgramData\cocos\editors\Creator\3.8.8\resources\resources\3d\engine\bin\.cache\dev\editor\bundled\index.js:139571:11)
    at parse (C:\ProgramData\cocos\editors\Creator\3.8.8\resources\resources\3d\engine\bin\.cache\dev\editor\bundled\index.js:138984:20)
    at Pipeline._flow (C:\ProgramData\cocos\editors\Creator\3.8.8\resources\resources\3d\engine\bin\.cache\dev\editor\bundled\index.js:139854:11)
    at eval (C:\ProgramData\cocos\editors\Creator\3.8.8\resources\resources\3d\engine\bin\.cache\dev\editor\bundled\index.js:139864:22)
    at Array.eval (C:\ProgramData\cocos\editors\Creator\3.8.8\resources\resources\3d\engine\bin\.cache\dev\editor\bundled\index.js:138924:11)
    at finale (C:\ProgramData\cocos\editors\Creator\3.8.8\resources\resources\3d\engine\bin\.cache\dev\editor\bundled\index.js:137867:27)
    at eval (C:\ProgramData\cocos\editors\Creator\3.8.8\resources\resources\3d\engine\bin\.cache\dev\editor\bundled\index.js:141346:11)
    at XMLHttpRequest.xhr.onload (C:\ProgramData\cocos\editors\Creator\3.8.8\resources\resources\3d\engine\bin\.cache\dev\editor\bundled\index.js:137419:11)
    at XMLHttpRequest.sentryWrapped (C:\ProgramData\cocos\editors\Creator\3.8.8\resources\app.asar\node_modules\@sentry\browser\src\helpers.ts:116:17)
9-9-2026 18:35:14 - warn: [Scene] Missing class: 447a2LC9oVLFLwtjUuBODgjError: [Scene] Missing class: 447a2LC9oVLFLwtjUuBODgj
    at console.warn (C:\ProgramData\cocos\editors\Creator\3.8.8\resources\app.asar\node_modules\@sentry\core\src\utils-hoist\instrument\console.ts:40:14)
    at Object.classFinder (C:\ProgramData\cocos\editors\Creator\3.8.8\resources\app.asar\builtin\engine\dist\editor-extends\missing-reporter\missing-class-reporter.ccc:7:982)
    at _Deserializer.classFinder [as _classFinder] (C:\ProgramData\cocos\editors\Creator\3.8.8\resources\resources\3d\engine\bin\.cache\dev\editor\bundled\index.js:137273:34)
    at _Deserializer._deserializeTypeTaggedObject (C:\ProgramData\cocos\editors\Creator\3.8.8\resources\resources\3d\engine\bin\.cache\dev\editor\bundled\index.js:46947:30)
    at _Deserializer._deserializeObject (C:\ProgramData\cocos\editors\Creator\3.8.8\resources\resources\3d\engine\bin\.cache\dev\editor\bundled\index.js:46901:29)
    at _Deserializer._deserializeAndAssignField (C:\ProgramData\cocos\editors\Creator\3.8.8\resources\resources\3d\engine\bin\.cache\dev\editor\bundled\index.js:47068:38)
    at _Deserializer._deserializeArray (C:\ProgramData\cocos\editors\Creator\3.8.8\resources\resources\3d\engine\bin\.cache\dev\editor\bundled\index.js:46929:40)
    at _Deserializer._deserializeObject (C:\ProgramData\cocos\editors\Creator\3.8.8\resources\resources\3d\engine\bin\.cache\dev\editor\bundled\index.js:46907:29)
    at _Deserializer._deserializeAndAssignField (C:\ProgramData\cocos\editors\Creator\3.8.8\resources\resources\3d\engine\bin\.cache\dev\editor\bundled\index.js:47080:36)
    at eval (C:\ProgramData\cocos\editors\Creator\3.8.8\resources\resources\3d\engine\bin\.cache\dev\editor\bundled\index.js:46669:15)
    at _Deserializer._deserializeFireClass (C:\ProgramData\cocos\editors\Creator\3.8.8\resources\resources\3d\engine\bin\.cache\dev\editor\bundled\index.js:47051:11)
    at _Deserializer._deserializeInto (C:\ProgramData\cocos\editors\Creator\3.8.8\resources\resources\3d\engine\bin\.cache\dev\editor\bundled\index.js:46993:18)
    at _Deserializer._deserializeTypeTaggedObject (C:\ProgramData\cocos\editors\Creator\3.8.8\resources\resources\3d\engine\bin\.cache\dev\editor\bundled\index.js:46965:18)
    at _Deserializer._deserializeObject (C:\ProgramData\cocos\editors\Creator\3.8.8\resources\resources\3d\engine\bin\.cache\dev\editor\bundled\index.js:46901:29)
    at _Deserializer._deserializeAndAssignField (C:\ProgramData\cocos\editors\Creator\3.8.8\resources\resources\3d\engine\bin\.cache\dev\editor\bundled\index.js:47068:38)
    at eval (C:\ProgramData\cocos\editors\Creator\3.8.8\resources\resources\3d\engine\bin\.cache\dev\editor\bundled\index.js:46669:15)
    at _Deserializer._deserializeFireClass (C:\ProgramData\cocos\editors\Creator\3.8.8\resources\resources\3d\engine\bin\.cache\dev\editor\bundled\index.js:47051:11)
    at _Deserializer._deserializeInto (C:\ProgramData\cocos\editors\Creator\3.8.8\resources\resources\3d\engine\bin\.cache\dev\editor\bundled\index.js:46993:18)
    at _Deserializer._deserializeTypeTaggedObject (C:\ProgramData\cocos\editors\Creator\3.8.8\resources\resources\3d\engine\bin\.cache\dev\editor\bundled\index.js:46965:18)
    at _Deserializer._deserializeObject (C:\ProgramData\cocos\editors\Creator\3.8.8\resources\resources\3d\engine\bin\.cache\dev\editor\bundled\index.js:46901:29)
    at _Deserializer.deserialize (C:\ProgramData\cocos\editors\Creator\3.8.8\resources\resources\3d\engine\bin\.cache\dev\editor\bundled\index.js:46873:42)
    at deserializeDynamic (C:\ProgramData\cocos\editors\Creator\3.8.8\resources\resources\3d\engine\bin\.cache\dev\editor\bundled\index.js:46723:30)
    at deserialize (C:\ProgramData\cocos\editors\Creator\3.8.8\resources\resources\3d\engine\bin\.cache\dev\editor\bundled\index.js:47546:13)
    at deserializeAsset (C:\ProgramData\cocos\editors\Creator\3.8.8\resources\resources\3d\engine\bin\.cache\dev\editor\bundled\index.js:137286:15)
    at parseImport (C:\ProgramData\cocos\editors\Creator\3.8.8\resources\resources\3d\engine\bin\.cache\dev\editor\bundled\index.js:139488:22)
    at Parser.parse (C:\ProgramData\cocos\editors\Creator\3.8.8\resources\resources\3d\engine\bin\.cache\dev\editor\bundled\index.js:139571:11)
    at parse (C:\ProgramData\cocos\editors\Creator\3.8.8\resources\resources\3d\engine\bin\.cache\dev\editor\bundled\index.js:138984:20)
    at Pipeline._flow (C:\ProgramData\cocos\editors\Creator\3.8.8\resources\resources\3d\engine\bin\.cache\dev\editor\bundled\index.js:139854:11)
    at eval (C:\ProgramData\cocos\editors\Creator\3.8.8\resources\resources\3d\engine\bin\.cache\dev\editor\bundled\index.js:139864:22)
    at Array.eval (C:\ProgramData\cocos\editors\Creator\3.8.8\resources\resources\3d\engine\bin\.cache\dev\editor\bundled\index.js:138924:11)
    at finale (C:\ProgramData\cocos\editors\Creator\3.8.8\resources\resources\3d\engine\bin\.cache\dev\editor\bundled\index.js:137867:27)
    at eval (C:\ProgramData\cocos\editors\Creator\3.8.8\resources\resources\3d\engine\bin\.cache\dev\editor\bundled\index.js:141346:11)
    at XMLHttpRequest.xhr.onload (C:\ProgramData\cocos\editors\Creator\3.8.8\resources\resources\3d\engine\bin\.cache\dev\editor\bundled\index.js:137419:11)
    at XMLHttpRequest.sentryWrapped (C:\ProgramData\cocos\editors\Creator\3.8.8\resources\app.asar\node_modules\@sentry\browser\src\helpers.ts:116:17)
9-9-2026 18:35:14 - error: [Scene] Script "7f28eHPxddG5r2d0aBU9xYV" attached to "true-mini-map" is missing or invalid. Detailed information:
Node path: "Canvas/ui-bottom/mini-map-container/true-mini-map"
Script UUID: "7f28e1cf-c5d7-46e6-bd9d-d1a054f71615"
Class ID: "7f28eHPxddG5r2d0aBU9xYV"
Error: [Scene] Script "7f28eHPxddG5r2d0aBU9xYV" attached to "true-mini-map" is missing or invalid. Detailed information:
Node path: "Canvas/ui-bottom/mini-map-container/true-mini-map"
Script UUID: "7f28e1cf-c5d7-46e6-bd9d-d1a054f71615"
Class ID: "7f28eHPxddG5r2d0aBU9xYV"

    at console.error (C:\ProgramData\cocos\editors\Creator\3.8.8\resources\app.asar\node_modules\@sentry\core\src\utils-hoist\instrument\console.ts:40:14)
    at report (C:\ProgramData\cocos\editors\Creator\3.8.8\resources\app.asar\builtin\engine\dist\editor-extends\missing-reporter\missing-class-reporter.ccc:7:25)
    at reportByWalker (C:\ProgramData\cocos\editors\Creator\3.8.8\resources\app.asar\builtin\engine\dist\editor-extends\missing-reporter\missing-class-reporter.ccc:7:127)
9-9-2026 18:35:14 - warn: [Scene] Missing class: 6e964qkrR5F2YvWvH5N+eXOError: [Scene] Missing class: 6e964qkrR5F2YvWvH5N+eXO
    at console.warn (C:\ProgramData\cocos\editors\Creator\3.8.8\resources\app.asar\node_modules\@sentry\core\src\utils-hoist\instrument\console.ts:40:14)
    at Object.classFinder (C:\ProgramData\cocos\editors\Creator\3.8.8\resources\app.asar\builtin\engine\dist\editor-extends\missing-reporter\missing-class-reporter.ccc:7:982)
    at _Deserializer.classFinder [as _classFinder] (C:\ProgramData\cocos\editors\Creator\3.8.8\resources\resources\3d\engine\bin\.cache\dev\editor\bundled\index.js:137273:34)
    at _Deserializer._deserializeTypeTaggedObject (C:\ProgramData\cocos\editors\Creator\3.8.8\resources\resources\3d\engine\bin\.cache\dev\editor\bundled\index.js:46947:30)
    at _Deserializer._deserializeObject (C:\ProgramData\cocos\editors\Creator\3.8.8\resources\resources\3d\engine\bin\.cache\dev\editor\bundled\index.js:46901:29)
    at _Deserializer._deserializeAndAssignField (C:\ProgramData\cocos\editors\Creator\3.8.8\resources\resources\3d\engine\bin\.cache\dev\editor\bundled\index.js:47068:38)
    at _Deserializer._deserializeArray (C:\ProgramData\cocos\editors\Creator\3.8.8\resources\resources\3d\engine\bin\.cache\dev\editor\bundled\index.js:46929:40)
    at _Deserializer._deserializeObject (C:\ProgramData\cocos\editors\Creator\3.8.8\resources\resources\3d\engine\bin\.cache\dev\editor\bundled\index.js:46907:29)
    at _Deserializer._deserializeAndAssignField (C:\ProgramData\cocos\editors\Creator\3.8.8\resources\resources\3d\engine\bin\.cache\dev\editor\bundled\index.js:47080:36)
    at eval (C:\ProgramData\cocos\editors\Creator\3.8.8\resources\resources\3d\engine\bin\.cache\dev\editor\bundled\index.js:46669:15)
    at _Deserializer._deserializeFireClass (C:\ProgramData\cocos\editors\Creator\3.8.8\resources\resources\3d\engine\bin\.cache\dev\editor\bundled\index.js:47051:11)
    at _Deserializer._deserializeInto (C:\ProgramData\cocos\editors\Creator\3.8.8\resources\resources\3d\engine\bin\.cache\dev\editor\bundled\index.js:46993:18)
    at _Deserializer._deserializeTypeTaggedObject (C:\ProgramData\cocos\editors\Creator\3.8.8\resources\resources\3d\engine\bin\.cache\dev\editor\bundled\index.js:46965:18)
    at _Deserializer._deserializeObject (C:\ProgramData\cocos\editors\Creator\3.8.8\resources\resources\3d\engine\bin\.cache\dev\editor\bundled\index.js:46901:29)
    at _Deserializer._deserializeAndAssignField (C:\ProgramData\cocos\editors\Creator\3.8.8\resources\resources\3d\engine\bin\.cache\dev\editor\bundled\index.js:47068:38)
    at eval (C:\ProgramData\cocos\editors\Creator\3.8.8\resources\resources\3d\engine\bin\.cache\dev\editor\bundled\index.js:46669:15)
    at _Deserializer._deserializeFireClass (C:\ProgramData\cocos\editors\Creator\3.8.8\resources\resources\3d\engine\bin\.cache\dev\editor\bundled\index.js:47051:11)
    at _Deserializer._deserializeInto (C:\ProgramData\cocos\editors\Creator\3.8.8\resources\resources\3d\engine\bin\.cache\dev\editor\bundled\index.js:46993:18)
    at _Deserializer._deserializeTypeTaggedObject (C:\ProgramData\cocos\editors\Creator\3.8.8\resources\resources\3d\engine\bin\.cache\dev\editor\bundled\index.js:46965:18)
    at _Deserializer._deserializeObject (C:\ProgramData\cocos\editors\Creator\3.8.8\resources\resources\3d\engine\bin\.cache\dev\editor\bundled\index.js:46901:29)
    at _Deserializer.deserialize (C:\ProgramData\cocos\editors\Creator\3.8.8\resources\resources\3d\engine\bin\.cache\dev\editor\bundled\index.js:46873:42)
    at deserializeDynamic (C:\ProgramData\cocos\editors\Creator\3.8.8\resources\resources\3d\engine\bin\.cache\dev\editor\bundled\index.js:46723:30)
    at deserialize (C:\ProgramData\cocos\editors\Creator\3.8.8\resources\resources\3d\engine\bin\.cache\dev\editor\bundled\index.js:47546:13)
    at deserializeAsset (C:\ProgramData\cocos\editors\Creator\3.8.8\resources\resources\3d\engine\bin\.cache\dev\editor\bundled\index.js:137286:15)
    at parseImport (C:\ProgramData\cocos\editors\Creator\3.8.8\resources\resources\3d\engine\bin\.cache\dev\editor\bundled\index.js:139488:22)
    at Parser.parse (C:\ProgramData\cocos\editors\Creator\3.8.8\resources\resources\3d\engine\bin\.cache\dev\editor\bundled\index.js:139571:11)
    at parse (C:\ProgramData\cocos\editors\Creator\3.8.8\resources\resources\3d\engine\bin\.cache\dev\editor\bundled\index.js:138984:20)
    at Pipeline._flow (C:\ProgramData\cocos\editors\Creator\3.8.8\resources\resources\3d\engine\bin\.cache\dev\editor\bundled\index.js:139854:11)
    at eval (C:\ProgramData\cocos\editors\Creator\3.8.8\resources\resources\3d\engine\bin\.cache\dev\editor\bundled\index.js:139864:22)
    at Array.eval (C:\ProgramData\cocos\editors\Creator\3.8.8\resources\resources\3d\engine\bin\.cache\dev\editor\bundled\index.js:138924:11)
    at finale (C:\ProgramData\cocos\editors\Creator\3.8.8\resources\resources\3d\engine\bin\.cache\dev\editor\bundled\index.js:137867:27)
    at eval (C:\ProgramData\cocos\editors\Creator\3.8.8\resources\resources\3d\engine\bin\.cache\dev\editor\bundled\index.js:141346:11)
    at XMLHttpRequest.xhr.onload (C:\ProgramData\cocos\editors\Creator\3.8.8\resources\resources\3d\engine\bin\.cache\dev\editor\bundled\index.js:137419:11)
    at XMLHttpRequest.sentryWrapped (C:\ProgramData\cocos\editors\Creator\3.8.8\resources\app.asar\node_modules\@sentry\browser\src\helpers.ts:116:17)
9-9-2026 18:35:14 - warn: [Scene] Missing class: 447a2LC9oVLFLwtjUuBODgjError: [Scene] Missing class: 447a2LC9oVLFLwtjUuBODgj
    at console.warn (C:\ProgramData\cocos\editors\Creator\3.8.8\resources\app.asar\node_modules\@sentry\core\src\utils-hoist\instrument\console.ts:40:14)
    at Object.classFinder (C:\ProgramData\cocos\editors\Creator\3.8.8\resources\app.asar\builtin\engine\dist\editor-extends\missing-reporter\missing-class-reporter.ccc:7:982)
    at _Deserializer.classFinder [as _classFinder] (C:\ProgramData\cocos\editors\Creator\3.8.8\resources\resources\3d\engine\bin\.cache\dev\editor\bundled\index.js:137273:34)
    at _Deserializer._deserializeTypeTaggedObject (C:\ProgramData\cocos\editors\Creator\3.8.8\resources\resources\3d\engine\bin\.cache\dev\editor\bundled\index.js:46947:30)
    at _Deserializer._deserializeObject (C:\ProgramData\cocos\editors\Creator\3.8.8\resources\resources\3d\engine\bin\.cache\dev\editor\bundled\index.js:46901:29)
    at _Deserializer._deserializeAndAssignField (C:\ProgramData\cocos\editors\Creator\3.8.8\resources\resources\3d\engine\bin\.cache\dev\editor\bundled\index.js:47068:38)
    at _Deserializer._deserializeArray (C:\ProgramData\cocos\editors\Creator\3.8.8\resources\resources\3d\engine\bin\.cache\dev\editor\bundled\index.js:46929:40)
    at _Deserializer._deserializeObject (C:\ProgramData\cocos\editors\Creator\3.8.8\resources\resources\3d\engine\bin\.cache\dev\editor\bundled\index.js:46907:29)
    at _Deserializer._deserializeAndAssignField (C:\ProgramData\cocos\editors\Creator\3.8.8\resources\resources\3d\engine\bin\.cache\dev\editor\bundled\index.js:47080:36)
    at eval (C:\ProgramData\cocos\editors\Creator\3.8.8\resources\resources\3d\engine\bin\.cache\dev\editor\bundled\index.js:46669:15)
    at _Deserializer._deserializeFireClass (C:\ProgramData\cocos\editors\Creator\3.8.8\resources\resources\3d\engine\bin\.cache\dev\editor\bundled\index.js:47051:11)
    at _Deserializer._deserializeInto (C:\ProgramData\cocos\editors\Creator\3.8.8\resources\resources\3d\engine\bin\.cache\dev\editor\bundled\index.js:46993:18)
    at _Deserializer._deserializeTypeTaggedObject (C:\ProgramData\cocos\editors\Creator\3.8.8\resources\resources\3d\engine\bin\.cache\dev\editor\bundled\index.js:46965:18)
    at _Deserializer._deserializeObject (C:\ProgramData\cocos\editors\Creator\3.8.8\resources\resources\3d\engine\bin\.cache\dev\editor\bundled\index.js:46901:29)
    at _Deserializer._deserializeAndAssignField (C:\ProgramData\cocos\editors\Creator\3.8.8\resources\resources\3d\engine\bin\.cache\dev\editor\bundled\index.js:47068:38)
    at eval (C:\ProgramData\cocos\editors\Creator\3.8.8\resources\resources\3d\engine\bin\.cache\dev\editor\bundled\index.js:46669:15)
    at _Deserializer._deserializeFireClass (C:\ProgramData\cocos\editors\Creator\3.8.8\resources\resources\3d\engine\bin\.cache\dev\editor\bundled\index.js:47051:11)
    at _Deserializer._deserializeInto (C:\ProgramData\cocos\editors\Creator\3.8.8\resources\resources\3d\engine\bin\.cache\dev\editor\bundled\index.js:46993:18)
    at _Deserializer._deserializeTypeTaggedObject (C:\ProgramData\cocos\editors\Creator\3.8.8\resources\resources\3d\engine\bin\.cache\dev\editor\bundled\index.js:46965:18)
    at _Deserializer._deserializeObject (C:\ProgramData\cocos\editors\Creator\3.8.8\resources\resources\3d\engine\bin\.cache\dev\editor\bundled\index.js:46901:29)
    at _Deserializer.deserialize (C:\ProgramData\cocos\editors\Creator\3.8.8\resources\resources\3d\engine\bin\.cache\dev\editor\bundled\index.js:46873:42)
    at deserializeDynamic (C:\ProgramData\cocos\editors\Creator\3.8.8\resources\resources\3d\engine\bin\.cache\dev\editor\bundled\index.js:46723:30)
    at deserialize (C:\ProgramData\cocos\editors\Creator\3.8.8\resources\resources\3d\engine\bin\.cache\dev\editor\bundled\index.js:47546:13)
    at deserializeAsset (C:\ProgramData\cocos\editors\Creator\3.8.8\resources\resources\3d\engine\bin\.cache\dev\editor\bundled\index.js:137286:15)
    at parseImport (C:\ProgramData\cocos\editors\Creator\3.8.8\resources\resources\3d\engine\bin\.cache\dev\editor\bundled\index.js:139488:22)
    at Parser.parse (C:\ProgramData\cocos\editors\Creator\3.8.8\resources\resources\3d\engine\bin\.cache\dev\editor\bundled\index.js:139571:11)
    at parse (C:\ProgramData\cocos\editors\Creator\3.8.8\resources\resources\3d\engine\bin\.cache\dev\editor\bundled\index.js:138984:20)
    at Pipeline._flow (C:\ProgramData\cocos\editors\Creator\3.8.8\resources\resources\3d\engine\bin\.cache\dev\editor\bundled\index.js:139854:11)
    at eval (C:\ProgramData\cocos\editors\Creator\3.8.8\resources\resources\3d\engine\bin\.cache\dev\editor\bundled\index.js:139864:22)
    at Array.eval (C:\ProgramData\cocos\editors\Creator\3.8.8\resources\resources\3d\engine\bin\.cache\dev\editor\bundled\index.js:138924:11)
    at finale (C:\ProgramData\cocos\editors\Creator\3.8.8\resources\resources\3d\engine\bin\.cache\dev\editor\bundled\index.js:137867:27)
    at eval (C:\ProgramData\cocos\editors\Creator\3.8.8\resources\resources\3d\engine\bin\.cache\dev\editor\bundled\index.js:141346:11)
    at XMLHttpRequest.xhr.onload (C:\ProgramData\cocos\editors\Creator\3.8.8\resources\resources\3d\engine\bin\.cache\dev\editor\bundled\index.js:137419:11)
    at XMLHttpRequest.sentryWrapped (C:\ProgramData\cocos\editors\Creator\3.8.8\resources\app.asar\node_modules\@sentry\browser\src\helpers.ts:116:17)
9-9-2026 18:35:14 - error: [Scene] Class "1e335OSdGRGLrD08aYssvKr" used by component "7f28eHPxddG5r2d0aBU9xYV" is missing or invalid. Detailed information:
Node path: "Canvas/ui-bottom/mini-map-container/true-mini-map"
Script UUID: "7f28e1cf-c5d7-46e6-bd9d-d1a054f71615"
Class ID: "7f28eHPxddG5r2d0aBU9xYV"
Error: [Scene] Class "1e335OSdGRGLrD08aYssvKr" used by component "7f28eHPxddG5r2d0aBU9xYV" is missing or invalid. Detailed information:
Node path: "Canvas/ui-bottom/mini-map-container/true-mini-map"
Script UUID: "7f28e1cf-c5d7-46e6-bd9d-d1a054f71615"
Class ID: "7f28eHPxddG5r2d0aBU9xYV"

    at console.error (C:\ProgramData\cocos\editors\Creator\3.8.8\resources\app.asar\node_modules\@sentry\core\src\utils-hoist\instrument\console.ts:40:14)
    at report (C:\ProgramData\cocos\editors\Creator\3.8.8\resources\app.asar\builtin\engine\dist\editor-extends\missing-reporter\missing-class-reporter.ccc:7:25)
    at reportByWalker (C:\ProgramData\cocos\editors\Creator\3.8.8\resources\app.asar\builtin\engine\dist\editor-extends\missing-reporter\missing-class-reporter.ccc:7:127)
9-9-2026 18:35:14 - error: [Scene] Script "6fc52Zc8uhHjbAeKgL1o3sV" attached to "GameManager" is missing or invalid. Detailed information:
Node path: "GameManager"
Script UUID: "6fc5265c-f2e8-478d-b01e-2a02f5a37b15"
Class ID: "6fc52Zc8uhHjbAeKgL1o3sV"
Error: [Scene] Script "6fc52Zc8uhHjbAeKgL1o3sV" attached to "GameManager" is missing or invalid. Detailed information:
Node path: "GameManager"
Script UUID: "6fc5265c-f2e8-478d-b01e-2a02f5a37b15"
Class ID: "6fc52Zc8uhHjbAeKgL1o3sV"

    at console.error (C:\ProgramData\cocos\editors\Creator\3.8.8\resources\app.asar\node_modules\@sentry\core\src\utils-hoist\instrument\console.ts:40:14)
    at report (C:\ProgramData\cocos\editors\Creator\3.8.8\resources\app.asar\builtin\engine\dist\editor-extends\missing-reporter\missing-class-reporter.ccc:7:25)
    at reportByWalker (C:\ProgramData\cocos\editors\Creator\3.8.8\resources\app.asar\builtin\engine\dist\editor-extends\missing-reporter\missing-class-reporter.ccc:7:127)
9-9-2026 18:35:14 - error: [Scene] Class "1cbcdGjxwFMXJTanym+R192" used by component "1e335OSdGRGLrD08aYssvKr" is missing or invalid. Detailed information:
Node path: "GameManager"
Script UUID: "1e335392-7464-462e-b0f4-f1a62cb2f2ab"
Class ID: "1e335OSdGRGLrD08aYssvKr"
Error: [Scene] Class "1cbcdGjxwFMXJTanym+R192" used by component "1e335OSdGRGLrD08aYssvKr" is missing or invalid. Detailed information:
Node path: "GameManager"
Script UUID: "1e335392-7464-462e-b0f4-f1a62cb2f2ab"
Class ID: "1e335OSdGRGLrD08aYssvKr"

    at console.error (C:\ProgramData\cocos\editors\Creator\3.8.8\resources\app.asar\node_modules\@sentry\core\src\utils-hoist\instrument\console.ts:40:14)
    at report (C:\ProgramData\cocos\editors\Creator\3.8.8\resources\app.asar\builtin\engine\dist\editor-extends\missing-reporter\missing-class-reporter.ccc:7:25)
    at reportByWalker (C:\ProgramData\cocos\editors\Creator\3.8.8\resources\app.asar\builtin\engine\dist\editor-extends\missing-reporter\missing-class-reporter.ccc:7:127)
9-9-2026 18:35:14 - error: [Scene] Script "6e964qkrR5F2YvWvH5N+eXO" attached to "HeroBlue" is missing or invalid. Detailed information:
Node path: "HeroBlue"
Script UUID: "6e964aa4-ad1e-45d9-8bd6-bc7e4df9e5ce"
Class ID: "6e964qkrR5F2YvWvH5N+eXO"
Error: [Scene] Script "6e964qkrR5F2YvWvH5N+eXO" attached to "HeroBlue" is missing or invalid. Detailed information:
Node path: "HeroBlue"
Script UUID: "6e964aa4-ad1e-45d9-8bd6-bc7e4df9e5ce"
Class ID: "6e964qkrR5F2YvWvH5N+eXO"

    at console.error (C:\ProgramData\cocos\editors\Creator\3.8.8\resources\app.asar\node_modules\@sentry\core\src\utils-hoist\instrument\console.ts:40:14)
    at report (C:\ProgramData\cocos\editors\Creator\3.8.8\resources\app.asar\builtin\engine\dist\editor-extends\missing-reporter\missing-class-reporter.ccc:7:25)
    at reportByWalker (C:\ProgramData\cocos\editors\Creator\3.8.8\resources\app.asar\builtin\engine\dist\editor-extends\missing-reporter\missing-class-reporter.ccc:7:127)
9-9-2026 18:35:14 - error: [Scene] Script "447a2LC9oVLFLwtjUuBODgj" attached to "HeroBlue" is missing or invalid. Detailed information:
Node path: "HeroBlue"
Script UUID: "447a22c2-f685-4b14-bc2d-8d4b81383823"
Class ID: "447a2LC9oVLFLwtjUuBODgj"
Error: [Scene] Script "447a2LC9oVLFLwtjUuBODgj" attached to "HeroBlue" is missing or invalid. Detailed information:
Node path: "HeroBlue"
Script UUID: "447a22c2-f685-4b14-bc2d-8d4b81383823"
Class ID: "447a2LC9oVLFLwtjUuBODgj"

    at console.error (C:\ProgramData\cocos\editors\Creator\3.8.8\resources\app.asar\node_modules\@sentry\core\src\utils-hoist\instrument\console.ts:40:14)
    at report (C:\ProgramData\cocos\editors\Creator\3.8.8\resources\app.asar\builtin\engine\dist\editor-extends\missing-reporter\missing-class-reporter.ccc:7:25)
    at reportByWalker (C:\ProgramData\cocos\editors\Creator\3.8.8\resources\app.asar\builtin\engine\dist\editor-extends\missing-reporter\missing-class-reporter.ccc:7:127)
9-9-2026 18:35:14 - error: [Scene] Script "6e964qkrR5F2YvWvH5N+eXO" attached to "HeroRed" is missing or invalid. Detailed information:
Node path: "HeroRed"
Script UUID: "6e964aa4-ad1e-45d9-8bd6-bc7e4df9e5ce"
Class ID: "6e964qkrR5F2YvWvH5N+eXO"
Error: [Scene] Script "6e964qkrR5F2YvWvH5N+eXO" attached to "HeroRed" is missing or invalid. Detailed information:
Node path: "HeroRed"
Script UUID: "6e964aa4-ad1e-45d9-8bd6-bc7e4df9e5ce"
Class ID: "6e964qkrR5F2YvWvH5N+eXO"

    at console.error (C:\ProgramData\cocos\editors\Creator\3.8.8\resources\app.asar\node_modules\@sentry\core\src\utils-hoist\instrument\console.ts:40:14)
    at report (C:\ProgramData\cocos\editors\Creator\3.8.8\resources\app.asar\builtin\engine\dist\editor-extends\missing-reporter\missing-class-reporter.ccc:7:25)
    at reportByWalker (C:\ProgramData\cocos\editors\Creator\3.8.8\resources\app.asar\builtin\engine\dist\editor-extends\missing-reporter\missing-class-reporter.ccc:7:127)
9-9-2026 18:35:14 - error: [Scene] Script "447a2LC9oVLFLwtjUuBODgj" attached to "HeroRed" is missing or invalid. Detailed information:
Node path: "HeroRed"
Script UUID: "447a22c2-f685-4b14-bc2d-8d4b81383823"
Class ID: "447a2LC9oVLFLwtjUuBODgj"
Error: [Scene] Script "447a2LC9oVLFLwtjUuBODgj" attached to "HeroRed" is missing or invalid. Detailed information:
Node path: "HeroRed"
Script UUID: "447a22c2-f685-4b14-bc2d-8d4b81383823"
Class ID: "447a2LC9oVLFLwtjUuBODgj"

    at console.error (C:\ProgramData\cocos\editors\Creator\3.8.8\resources\app.asar\node_modules\@sentry\core\src\utils-hoist\instrument\console.ts:40:14)
    at report (C:\ProgramData\cocos\editors\Creator\3.8.8\resources\app.asar\builtin\engine\dist\editor-extends\missing-reporter\missing-class-reporter.ccc:7:25)
    at reportByWalker (C:\ProgramData\cocos\editors\Creator\3.8.8\resources\app.asar\builtin\engine\dist\editor-extends\missing-reporter\missing-class-reporter.ccc:7:127)
9-9-2026 18:35:14 - error: [Scene] Class "MiniMapUnitIconInfo" used by component "7f28eHPxddG5r2d0aBU9xYV" is missing or invalid. Detailed information:
Node path: "Canvas/ui-bottom/mini-map-container/true-mini-map"
Script UUID: "7f28e1cf-c5d7-46e6-bd9d-d1a054f71615"
Class ID: "7f28eHPxddG5r2d0aBU9xYV"
Error: [Scene] Class "MiniMapUnitIconInfo" used by component "7f28eHPxddG5r2d0aBU9xYV" is missing or invalid. Detailed information:
Node path: "Canvas/ui-bottom/mini-map-container/true-mini-map"
Script UUID: "7f28e1cf-c5d7-46e6-bd9d-d1a054f71615"
Class ID: "7f28eHPxddG5r2d0aBU9xYV"

    at console.error (C:\ProgramData\cocos\editors\Creator\3.8.8\resources\app.asar\node_modules\@sentry\core\src\utils-hoist\instrument\console.ts:40:14)
    at report (C:\ProgramData\cocos\editors\Creator\3.8.8\resources\app.asar\builtin\engine\dist\editor-extends\missing-reporter\missing-class-reporter.ccc:7:25)
    at reportByWalker (C:\ProgramData\cocos\editors\Creator\3.8.8\resources\app.asar\builtin\engine\dist\editor-extends\missing-reporter\missing-class-reporter.ccc:7:127)
9-9-2026 18:35:14 - error: [Scene] Class "MiniMapUnitIconInfo" used by component "7f28eHPxddG5r2d0aBU9xYV" is missing or invalid. Detailed information:
Node path: "Canvas/ui-bottom/mini-map-container/true-mini-map"
Script UUID: "7f28e1cf-c5d7-46e6-bd9d-d1a054f71615"
Class ID: "7f28eHPxddG5r2d0aBU9xYV"
Error: [Scene] Class "MiniMapUnitIconInfo" used by component "7f28eHPxddG5r2d0aBU9xYV" is missing or invalid. Detailed information:
Node path: "Canvas/ui-bottom/mini-map-container/true-mini-map"
Script UUID: "7f28e1cf-c5d7-46e6-bd9d-d1a054f71615"
Class ID: "7f28eHPxddG5r2d0aBU9xYV"

    at console.error (C:\ProgramData\cocos\editors\Creator\3.8.8\resources\app.asar\node_modules\@sentry\core\src\utils-hoist\instrument\console.ts:40:14)
    at report (C:\ProgramData\cocos\editors\Creator\3.8.8\resources\app.asar\builtin\engine\dist\editor-extends\missing-reporter\missing-class-reporter.ccc:7:25)
    at reportByWalker (C:\ProgramData\cocos\editors\Creator\3.8.8\resources\app.asar\builtin\engine\dist\editor-extends\missing-reporter\missing-class-reporter.ccc:7:127)
9-9-2026 18:35:14 - error: [Scene] Class "MiniMapUnitIconInfo" used by component "7f28eHPxddG5r2d0aBU9xYV" is missing or invalid. Detailed information:
Node path: "Canvas/ui-bottom/mini-map-container/true-mini-map"
Script UUID: "7f28e1cf-c5d7-46e6-bd9d-d1a054f71615"
Class ID: "7f28eHPxddG5r2d0aBU9xYV"
Error: [Scene] Class "MiniMapUnitIconInfo" used by component "7f28eHPxddG5r2d0aBU9xYV" is missing or invalid. Detailed information:
Node path: "Canvas/ui-bottom/mini-map-container/true-mini-map"
Script UUID: "7f28e1cf-c5d7-46e6-bd9d-d1a054f71615"
Class ID: "7f28eHPxddG5r2d0aBU9xYV"

    at console.error (C:\ProgramData\cocos\editors\Creator\3.8.8\resources\app.asar\node_modules\@sentry\core\src\utils-hoist\instrument\console.ts:40:14)
    at report (C:\ProgramData\cocos\editors\Creator\3.8.8\resources\app.asar\builtin\engine\dist\editor-extends\missing-reporter\missing-class-reporter.ccc:7:25)
    at reportByWalker (C:\ProgramData\cocos\editors\Creator\3.8.8\resources\app.asar\builtin\engine\dist\editor-extends\missing-reporter\missing-class-reporter.ccc:7:127)
9-9-2026 18:35:14 - error: [Scene] Class "MiniMapUnitIconInfo" used by component "7f28eHPxddG5r2d0aBU9xYV" is missing or invalid. Detailed information:
Node path: "Canvas/ui-bottom/mini-map-container/true-mini-map"
Script UUID: "7f28e1cf-c5d7-46e6-bd9d-d1a054f71615"
Class ID: "7f28eHPxddG5r2d0aBU9xYV"
Error: [Scene] Class "MiniMapUnitIconInfo" used by component "7f28eHPxddG5r2d0aBU9xYV" is missing or invalid. Detailed information:
Node path: "Canvas/ui-bottom/mini-map-container/true-mini-map"
Script UUID: "7f28e1cf-c5d7-46e6-bd9d-d1a054f71615"
Class ID: "7f28eHPxddG5r2d0aBU9xYV"

    at console.error (C:\ProgramData\cocos\editors\Creator\3.8.8\resources\app.asar\node_modules\@sentry\core\src\utils-hoist\instrument\console.ts:40:14)
    at report (C:\ProgramData\cocos\editors\Creator\3.8.8\resources\app.asar\builtin\engine\dist\editor-extends\missing-reporter\missing-class-reporter.ccc:7:25)
    at reportByWalker (C:\ProgramData\cocos\editors\Creator\3.8.8\resources\app.asar\builtin\engine\dist\editor-extends\missing-reporter\missing-class-reporter.ccc:7:127)
9-9-2026 18:35:14 - error: [Scene] Class "MiniMapUnitIconInfo" used by component "7f28eHPxddG5r2d0aBU9xYV" is missing or invalid. Detailed information:
Node path: "Canvas/ui-bottom/mini-map-container/true-mini-map"
Script UUID: "7f28e1cf-c5d7-46e6-bd9d-d1a054f71615"
Class ID: "7f28eHPxddG5r2d0aBU9xYV"
Error: [Scene] Class "MiniMapUnitIconInfo" used by component "7f28eHPxddG5r2d0aBU9xYV" is missing or invalid. Detailed information:
Node path: "Canvas/ui-bottom/mini-map-container/true-mini-map"
Script UUID: "7f28e1cf-c5d7-46e6-bd9d-d1a054f71615"
Class ID: "7f28eHPxddG5r2d0aBU9xYV"

    at console.error (C:\ProgramData\cocos\editors\Creator\3.8.8\resources\app.asar\node_modules\@sentry\core\src\utils-hoist\instrument\console.ts:40:14)
    at report (C:\ProgramData\cocos\editors\Creator\3.8.8\resources\app.asar\builtin\engine\dist\editor-extends\missing-reporter\missing-class-reporter.ccc:7:25)
    at reportByWalker (C:\ProgramData\cocos\editors\Creator\3.8.8\resources\app.asar\builtin\engine\dist\editor-extends\missing-reporter\missing-class-reporter.ccc:7:127)
9-9-2026 18:35:14 - error: [Scene] Class "MiniMapUnitIconInfo" used by component "7f28eHPxddG5r2d0aBU9xYV" is missing or invalid. Detailed information:
Node path: "Canvas/ui-bottom/mini-map-container/true-mini-map"
Script UUID: "7f28e1cf-c5d7-46e6-bd9d-d1a054f71615"
Class ID: "7f28eHPxddG5r2d0aBU9xYV"
Error: [Scene] Class "MiniMapUnitIconInfo" used by component "7f28eHPxddG5r2d0aBU9xYV" is missing or invalid. Detailed information:
Node path: "Canvas/ui-bottom/mini-map-container/true-mini-map"
Script UUID: "7f28e1cf-c5d7-46e6-bd9d-d1a054f71615"
Class ID: "7f28eHPxddG5r2d0aBU9xYV"

    at console.error (C:\ProgramData\cocos\editors\Creator\3.8.8\resources\app.asar\node_modules\@sentry\core\src\utils-hoist\instrument\console.ts:40:14)
    at report (C:\ProgramData\cocos\editors\Creator\3.8.8\resources\app.asar\builtin\engine\dist\editor-extends\missing-reporter\missing-class-reporter.ccc:7:25)
    at reportByWalker (C:\ProgramData\cocos\editors\Creator\3.8.8\resources\app.asar\builtin\engine\dist\editor-extends\missing-reporter\missing-class-reporter.ccc:7:127)
9-9-2026 18:35:14 - error: [Scene] Class "MiniMapUnitIconInfo" used by component "7f28eHPxddG5r2d0aBU9xYV" is missing or invalid. Detailed information:
Node path: "Canvas/ui-bottom/mini-map-container/true-mini-map"
Script UUID: "7f28e1cf-c5d7-46e6-bd9d-d1a054f71615"
Class ID: "7f28eHPxddG5r2d0aBU9xYV"
Error: [Scene] Class "MiniMapUnitIconInfo" used by component "7f28eHPxddG5r2d0aBU9xYV" is missing or invalid. Detailed information:
Node path: "Canvas/ui-bottom/mini-map-container/true-mini-map"
Script UUID: "7f28e1cf-c5d7-46e6-bd9d-d1a054f71615"
Class ID: "7f28eHPxddG5r2d0aBU9xYV"

    at console.error (C:\ProgramData\cocos\editors\Creator\3.8.8\resources\app.asar\node_modules\@sentry\core\src\utils-hoist\instrument\console.ts:40:14)
    at report (C:\ProgramData\cocos\editors\Creator\3.8.8\resources\app.asar\builtin\engine\dist\editor-extends\missing-reporter\missing-class-reporter.ccc:7:25)
    at reportByWalker (C:\ProgramData\cocos\editors\Creator\3.8.8\resources\app.asar\builtin\engine\dist\editor-extends\missing-reporter\missing-class-reporter.ccc:7:127)
9-9-2026 18:35:14 - error: [Scene] Class "MiniMapUnitIconInfo" used by component "7f28eHPxddG5r2d0aBU9xYV" is missing or invalid. Detailed information:
Node path: "Canvas/ui-bottom/mini-map-container/true-mini-map"
Script UUID: "7f28e1cf-c5d7-46e6-bd9d-d1a054f71615"
Class ID: "7f28eHPxddG5r2d0aBU9xYV"
Error: [Scene] Class "MiniMapUnitIconInfo" used by component "7f28eHPxddG5r2d0aBU9xYV" is missing or invalid. Detailed information:
Node path: "Canvas/ui-bottom/mini-map-container/true-mini-map"
Script UUID: "7f28e1cf-c5d7-46e6-bd9d-d1a054f71615"
Class ID: "7f28eHPxddG5r2d0aBU9xYV"

    at console.error (C:\ProgramData\cocos\editors\Creator\3.8.8\resources\app.asar\node_modules\@sentry\core\src\utils-hoist\instrument\console.ts:40:14)
    at report (C:\ProgramData\cocos\editors\Creator\3.8.8\resources\app.asar\builtin\engine\dist\editor-extends\missing-reporter\missing-class-reporter.ccc:7:25)
    at reportByWalker (C:\ProgramData\cocos\editors\Creator\3.8.8\resources\app.asar\builtin\engine\dist\editor-extends\missing-reporter\missing-class-reporter.ccc:7:127)
9-9-2026 18:35:14 - error: [Scene] Class "MiniMapUnitIconInfo" used by component "7f28eHPxddG5r2d0aBU9xYV" is missing or invalid. Detailed information:
Node path: "Canvas/ui-bottom/mini-map-container/true-mini-map"
Script UUID: "7f28e1cf-c5d7-46e6-bd9d-d1a054f71615"
Class ID: "7f28eHPxddG5r2d0aBU9xYV"
Error: [Scene] Class "MiniMapUnitIconInfo" used by component "7f28eHPxddG5r2d0aBU9xYV" is missing or invalid. Detailed information:
Node path: "Canvas/ui-bottom/mini-map-container/true-mini-map"
Script UUID: "7f28e1cf-c5d7-46e6-bd9d-d1a054f71615"
Class ID: "7f28eHPxddG5r2d0aBU9xYV"

    at console.error (C:\ProgramData\cocos\editors\Creator\3.8.8\resources\app.asar\node_modules\@sentry\core\src\utils-hoist\instrument\console.ts:40:14)
    at report (C:\ProgramData\cocos\editors\Creator\3.8.8\resources\app.asar\builtin\engine\dist\editor-extends\missing-reporter\missing-class-reporter.ccc:7:25)
    at reportByWalker (C:\ProgramData\cocos\editors\Creator\3.8.8\resources\app.asar\builtin\engine\dist\editor-extends\missing-reporter\missing-class-reporter.ccc:7:127)
9-9-2026 18:35:14 - error: [Scene] Class "MiniMapUnitIconInfo" used by component "7f28eHPxddG5r2d0aBU9xYV" is missing or invalid. Detailed information:
Node path: "Canvas/ui-bottom/mini-map-container/true-mini-map"
Script UUID: "7f28e1cf-c5d7-46e6-bd9d-d1a054f71615"
Class ID: "7f28eHPxddG5r2d0aBU9xYV"
Error: [Scene] Class "MiniMapUnitIconInfo" used by component "7f28eHPxddG5r2d0aBU9xYV" is missing or invalid. Detailed information:
Node path: "Canvas/ui-bottom/mini-map-container/true-mini-map"
Script UUID: "7f28e1cf-c5d7-46e6-bd9d-d1a054f71615"
Class ID: "7f28eHPxddG5r2d0aBU9xYV"

    at console.error (C:\ProgramData\cocos\editors\Creator\3.8.8\resources\app.asar\node_modules\@sentry\core\src\utils-hoist\instrument\console.ts:40:14)
    at report (C:\ProgramData\cocos\editors\Creator\3.8.8\resources\app.asar\builtin\engine\dist\editor-extends\missing-reporter\missing-class-reporter.ccc:7:25)
    at reportByWalker (C:\ProgramData\cocos\editors\Creator\3.8.8\resources\app.asar\builtin\engine\dist\editor-extends\missing-reporter\missing-class-reporter.ccc:7:127)
9-9-2026 18:35:14 - error: [Scene] Script "89dbfa88XVPOLKVdWWhpYrY" attached to "ui-bottom" is missing or invalid. Detailed information:
Node path: "Canvas/ui-bottom"
Script UUID: "89dbf6bc-f175-4f38-b295-7565a1a58ad8"
Class ID: "89dbfa88XVPOLKVdWWhpYrY"
Error: [Scene] Script "89dbfa88XVPOLKVdWWhpYrY" attached to "ui-bottom" is missing or invalid. Detailed information:
Node path: "Canvas/ui-bottom"
Script UUID: "89dbf6bc-f175-4f38-b295-7565a1a58ad8"
Class ID: "89dbfa88XVPOLKVdWWhpYrY"

    at console.error (C:\ProgramData\cocos\editors\Creator\3.8.8\resources\app.asar\node_modules\@sentry\core\src\utils-hoist\instrument\console.ts:40:14)
    at report (C:\ProgramData\cocos\editors\Creator\3.8.8\resources\app.asar\builtin\engine\dist\editor-extends\missing-reporter\missing-class-reporter.ccc:7:25)
    at reportByWalker (C:\ProgramData\cocos\editors\Creator\3.8.8\resources\app.asar\builtin\engine\dist\editor-extends\missing-reporter\missing-class-reporter.ccc:7:127)
9-9-2026 18:35:14 - error: [Scene] Class "PlayerUnitIconBinding" used by component "89dbfa88XVPOLKVdWWhpYrY" is missing or invalid. Detailed information:
Node path: "Canvas/ui-bottom"
Script UUID: "89dbf6bc-f175-4f38-b295-7565a1a58ad8"
Class ID: "89dbfa88XVPOLKVdWWhpYrY"
Error: [Scene] Class "PlayerUnitIconBinding" used by component "89dbfa88XVPOLKVdWWhpYrY" is missing or invalid. Detailed information:
Node path: "Canvas/ui-bottom"
Script UUID: "89dbf6bc-f175-4f38-b295-7565a1a58ad8"
Class ID: "89dbfa88XVPOLKVdWWhpYrY"

    at console.error (C:\ProgramData\cocos\editors\Creator\3.8.8\resources\app.asar\node_modules\@sentry\core\src\utils-hoist\instrument\console.ts:40:14)
    at report (C:\ProgramData\cocos\editors\Creator\3.8.8\resources\app.asar\builtin\engine\dist\editor-extends\missing-reporter\missing-class-reporter.ccc:7:25)
    at reportByWalker (C:\ProgramData\cocos\editors\Creator\3.8.8\resources\app.asar\builtin\engine\dist\editor-extends\missing-reporter\missing-class-reporter.ccc:7:127)
9-9-2026 18:35:14 - error: [Scene] Class "PlayerUnitIconBinding" used by component "89dbfa88XVPOLKVdWWhpYrY" is missing or invalid. Detailed information:
Node path: "Canvas/ui-bottom"
Script UUID: "89dbf6bc-f175-4f38-b295-7565a1a58ad8"
Class ID: "89dbfa88XVPOLKVdWWhpYrY"
Error: [Scene] Class "PlayerUnitIconBinding" used by component "89dbfa88XVPOLKVdWWhpYrY" is missing or invalid. Detailed information:
Node path: "Canvas/ui-bottom"
Script UUID: "89dbf6bc-f175-4f38-b295-7565a1a58ad8"
Class ID: "89dbfa88XVPOLKVdWWhpYrY"

    at console.error (C:\ProgramData\cocos\editors\Creator\3.8.8\resources\app.asar\node_modules\@sentry\core\src\utils-hoist\instrument\console.ts:40:14)
    at report (C:\ProgramData\cocos\editors\Creator\3.8.8\resources\app.asar\builtin\engine\dist\editor-extends\missing-reporter\missing-class-reporter.ccc:7:25)
    at reportByWalker (C:\ProgramData\cocos\editors\Creator\3.8.8\resources\app.asar\builtin\engine\dist\editor-extends\missing-reporter\missing-class-reporter.ccc:7:127)
9-9-2026 18:35:14 - error: [Scene] Class "PlayerUnitIconBinding" used by component "89dbfa88XVPOLKVdWWhpYrY" is missing or invalid. Detailed information:
Node path: "Canvas/ui-bottom"
Script UUID: "89dbf6bc-f175-4f38-b295-7565a1a58ad8"
Class ID: "89dbfa88XVPOLKVdWWhpYrY"
Error: [Scene] Class "PlayerUnitIconBinding" used by component "89dbfa88XVPOLKVdWWhpYrY" is missing or invalid. Detailed information:
Node path: "Canvas/ui-bottom"
Script UUID: "89dbf6bc-f175-4f38-b295-7565a1a58ad8"
Class ID: "89dbfa88XVPOLKVdWWhpYrY"

    at console.error (C:\ProgramData\cocos\editors\Creator\3.8.8\resources\app.asar\node_modules\@sentry\core\src\utils-hoist\instrument\console.ts:40:14)
    at report (C:\ProgramData\cocos\editors\Creator\3.8.8\resources\app.asar\builtin\engine\dist\editor-extends\missing-reporter\missing-class-reporter.ccc:7:25)
    at reportByWalker (C:\ProgramData\cocos\editors\Creator\3.8.8\resources\app.asar\builtin\engine\dist\editor-extends\missing-reporter\missing-class-reporter.ccc:7:127)
9-9-2026 18:35:14 - error: [Scene] Class "PlayerUnitIconBinding" used by component "89dbfa88XVPOLKVdWWhpYrY" is missing or invalid. Detailed information:
Node path: "Canvas/ui-bottom"
Script UUID: "89dbf6bc-f175-4f38-b295-7565a1a58ad8"
Class ID: "89dbfa88XVPOLKVdWWhpYrY"
Error: [Scene] Class "PlayerUnitIconBinding" used by component "89dbfa88XVPOLKVdWWhpYrY" is missing or invalid. Detailed information:
Node path: "Canvas/ui-bottom"
Script UUID: "89dbf6bc-f175-4f38-b295-7565a1a58ad8"
Class ID: "89dbfa88XVPOLKVdWWhpYrY"

    at console.error (C:\ProgramData\cocos\editors\Creator\3.8.8\resources\app.asar\node_modules\@sentry\core\src\utils-hoist\instrument\console.ts:40:14)
    at report (C:\ProgramData\cocos\editors\Creator\3.8.8\resources\app.asar\builtin\engine\dist\editor-extends\missing-reporter\missing-class-reporter.ccc:7:25)
    at reportByWalker (C:\ProgramData\cocos\editors\Creator\3.8.8\resources\app.asar\builtin\engine\dist\editor-extends\missing-reporter\missing-class-reporter.ccc:7:127)
9-9-2026 18:35:14 - error: [Scene] Class "PlayerUnitIconBinding" used by component "89dbfa88XVPOLKVdWWhpYrY" is missing or invalid. Detailed information:
Node path: "Canvas/ui-bottom"
Script UUID: "89dbf6bc-f175-4f38-b295-7565a1a58ad8"
Class ID: "89dbfa88XVPOLKVdWWhpYrY"
Error: [Scene] Class "PlayerUnitIconBinding" used by component "89dbfa88XVPOLKVdWWhpYrY" is missing or invalid. Detailed information:
Node path: "Canvas/ui-bottom"
Script UUID: "89dbf6bc-f175-4f38-b295-7565a1a58ad8"
Class ID: "89dbfa88XVPOLKVdWWhpYrY"

    at console.error (C:\ProgramData\cocos\editors\Creator\3.8.8\resources\app.asar\node_modules\@sentry\core\src\utils-hoist\instrument\console.ts:40:14)
    at report (C:\ProgramData\cocos\editors\Creator\3.8.8\resources\app.asar\builtin\engine\dist\editor-extends\missing-reporter\missing-class-reporter.ccc:7:25)
    at reportByWalker (C:\ProgramData\cocos\editors\Creator\3.8.8\resources\app.asar\builtin\engine\dist\editor-extends\missing-reporter\missing-class-reporter.ccc:7:127)
9-9-2026 18:35:14 - error: [Scene] Script "63f56u2DYdIIZESxV3A3Ytl" attached to "SmartArmyBrainB" is missing or invalid. Detailed information:
Node path: "SmartArmyBrainB"
Script UUID: "63f56bb6-0d87-4821-9112-c55dc0dd8b65"
Class ID: "63f56u2DYdIIZESxV3A3Ytl"
Error: [Scene] Script "63f56u2DYdIIZESxV3A3Ytl" attached to "SmartArmyBrainB" is missing or invalid. Detailed information:
Node path: "SmartArmyBrainB"
Script UUID: "63f56bb6-0d87-4821-9112-c55dc0dd8b65"
Class ID: "63f56u2DYdIIZESxV3A3Ytl"

    at console.error (C:\ProgramData\cocos\editors\Creator\3.8.8\resources\app.asar\node_modules\@sentry\core\src\utils-hoist\instrument\console.ts:40:14)
    at report (C:\ProgramData\cocos\editors\Creator\3.8.8\resources\app.asar\builtin\engine\dist\editor-extends\missing-reporter\missing-class-reporter.ccc:7:25)
    at reportByWalker (C:\ProgramData\cocos\editors\Creator\3.8.8\resources\app.asar\builtin\engine\dist\editor-extends\missing-reporter\missing-class-reporter.ccc:7:127)
9-9-2026 18:35:14 - error: [Scene] Script "63f56u2DYdIIZESxV3A3Ytl" attached to "SmartArmyBrainA" is missing or invalid. Detailed information:
Node path: "SmartArmyBrainA"
Script UUID: "63f56bb6-0d87-4821-9112-c55dc0dd8b65"
Class ID: "63f56u2DYdIIZESxV3A3Ytl"
Error: [Scene] Script "63f56u2DYdIIZESxV3A3Ytl" attached to "SmartArmyBrainA" is missing or invalid. Detailed information:
Node path: "SmartArmyBrainA"
Script UUID: "63f56bb6-0d87-4821-9112-c55dc0dd8b65"
Class ID: "63f56u2DYdIIZESxV3A3Ytl"

    at console.error (C:\ProgramData\cocos\editors\Creator\3.8.8\resources\app.asar\node_modules\@sentry\core\src\utils-hoist\instrument\console.ts:40:14)
    at report (C:\ProgramData\cocos\editors\Creator\3.8.8\resources\app.asar\builtin\engine\dist\editor-extends\missing-reporter\missing-class-reporter.ccc:7:25)
    at reportByWalker (C:\ProgramData\cocos\editors\Creator\3.8.8\resources\app.asar\builtin\engine\dist\editor-extends\missing-reporter\missing-class-reporter.ccc:7:127)
9-9-2026 18:35:14 - error: [Scene] Script "8d731TSPExBjqJd6aUC3OR6" attached to "LevelSettings" is missing or invalid. Detailed information:
Node path: "LevelSettings"
Script UUID: "8d7314d2-3c4c-418e-a25d-e9a502dce47a"
Class ID: "8d731TSPExBjqJd6aUC3OR6"
Error: [Scene] Script "8d731TSPExBjqJd6aUC3OR6" attached to "LevelSettings" is missing or invalid. Detailed information:
Node path: "LevelSettings"
Script UUID: "8d7314d2-3c4c-418e-a25d-e9a502dce47a"
Class ID: "8d731TSPExBjqJd6aUC3OR6"

    at console.error (C:\ProgramData\cocos\editors\Creator\3.8.8\resources\app.asar\node_modules\@sentry\core\src\utils-hoist\instrument\console.ts:40:14)
    at report (C:\ProgramData\cocos\editors\Creator\3.8.8\resources\app.asar\builtin\engine\dist\editor-extends\missing-reporter\missing-class-reporter.ccc:7:25)
    at reportByWalker (C:\ProgramData\cocos\editors\Creator\3.8.8\resources\app.asar\builtin\engine\dist\editor-extends\missing-reporter\missing-class-reporter.ccc:7:127)
9-9-2026 18:35:14 - error: [Scene] Class "UnitProgressionRule" used by component "8d731TSPExBjqJd6aUC3OR6" is missing or invalid. Detailed information:
Node path: "LevelSettings"
Script UUID: "8d7314d2-3c4c-418e-a25d-e9a502dce47a"
Class ID: "8d731TSPExBjqJd6aUC3OR6"
Error: [Scene] Class "UnitProgressionRule" used by component "8d731TSPExBjqJd6aUC3OR6" is missing or invalid. Detailed information:
Node path: "LevelSettings"
Script UUID: "8d7314d2-3c4c-418e-a25d-e9a502dce47a"
Class ID: "8d731TSPExBjqJd6aUC3OR6"

    at console.error (C:\ProgramData\cocos\editors\Creator\3.8.8\resources\app.asar\node_modules\@sentry\core\src\utils-hoist\instrument\console.ts:40:14)
    at report (C:\ProgramData\cocos\editors\Creator\3.8.8\resources\app.asar\builtin\engine\dist\editor-extends\missing-reporter\missing-class-reporter.ccc:7:25)
    at reportByWalker (C:\ProgramData\cocos\editors\Creator\3.8.8\resources\app.asar\builtin\engine\dist\editor-extends\missing-reporter\missing-class-reporter.ccc:7:127)
9-9-2026 18:35:14 - error: [Scene] Class "UnitProgressionRule" used by component "8d731TSPExBjqJd6aUC3OR6" is missing or invalid. Detailed information:
Node path: "LevelSettings"
Script UUID: "8d7314d2-3c4c-418e-a25d-e9a502dce47a"
Class ID: "8d731TSPExBjqJd6aUC3OR6"
Error: [Scene] Class "UnitProgressionRule" used by component "8d731TSPExBjqJd6aUC3OR6" is missing or invalid. Detailed information:
Node path: "LevelSettings"
Script UUID: "8d7314d2-3c4c-418e-a25d-e9a502dce47a"
Class ID: "8d731TSPExBjqJd6aUC3OR6"

    at console.error (C:\ProgramData\cocos\editors\Creator\3.8.8\resources\app.asar\node_modules\@sentry\core\src\utils-hoist\instrument\console.ts:40:14)
    at report (C:\ProgramData\cocos\editors\Creator\3.8.8\resources\app.asar\builtin\engine\dist\editor-extends\missing-reporter\missing-class-reporter.ccc:7:25)
    at reportByWalker (C:\ProgramData\cocos\editors\Creator\3.8.8\resources\app.asar\builtin\engine\dist\editor-extends\missing-reporter\missing-class-reporter.ccc:7:127)
9-9-2026 18:35:14 - error: [Scene] Class "UnitProgressionRule" used by component "8d731TSPExBjqJd6aUC3OR6" is missing or invalid. Detailed information:
Node path: "LevelSettings"
Script UUID: "8d7314d2-3c4c-418e-a25d-e9a502dce47a"
Class ID: "8d731TSPExBjqJd6aUC3OR6"
Error: [Scene] Class "UnitProgressionRule" used by component "8d731TSPExBjqJd6aUC3OR6" is missing or invalid. Detailed information:
Node path: "LevelSettings"
Script UUID: "8d7314d2-3c4c-418e-a25d-e9a502dce47a"
Class ID: "8d731TSPExBjqJd6aUC3OR6"

    at console.error (C:\ProgramData\cocos\editors\Creator\3.8.8\resources\app.asar\node_modules\@sentry\core\src\utils-hoist\instrument\console.ts:40:14)
    at report (C:\ProgramData\cocos\editors\Creator\3.8.8\resources\app.asar\builtin\engine\dist\editor-extends\missing-reporter\missing-class-reporter.ccc:7:25)
    at reportByWalker (C:\ProgramData\cocos\editors\Creator\3.8.8\resources\app.asar\builtin\engine\dist\editor-extends\missing-reporter\missing-class-reporter.ccc:7:127)
9-9-2026 18:35:14 - error: [Scene] Class "UnitProgressionRule" used by component "8d731TSPExBjqJd6aUC3OR6" is missing or invalid. Detailed information:
Node path: "LevelSettings"
Script UUID: "8d7314d2-3c4c-418e-a25d-e9a502dce47a"
Class ID: "8d731TSPExBjqJd6aUC3OR6"
Error: [Scene] Class "UnitProgressionRule" used by component "8d731TSPExBjqJd6aUC3OR6" is missing or invalid. Detailed information:
Node path: "LevelSettings"
Script UUID: "8d7314d2-3c4c-418e-a25d-e9a502dce47a"
Class ID: "8d731TSPExBjqJd6aUC3OR6"

    at console.error (C:\ProgramData\cocos\editors\Creator\3.8.8\resources\app.asar\node_modules\@sentry\core\src\utils-hoist\instrument\console.ts:40:14)
    at report (C:\ProgramData\cocos\editors\Creator\3.8.8\resources\app.asar\builtin\engine\dist\editor-extends\missing-reporter\missing-class-reporter.ccc:7:25)
    at reportByWalker (C:\ProgramData\cocos\editors\Creator\3.8.8\resources\app.asar\builtin\engine\dist\editor-extends\missing-reporter\missing-class-reporter.ccc:7:127)
9-9-2026 18:35:14 - error: [Scene] Class "UnitProgressionRule" used by component "8d731TSPExBjqJd6aUC3OR6" is missing or invalid. Detailed information:
Node path: "LevelSettings"
Script UUID: "8d7314d2-3c4c-418e-a25d-e9a502dce47a"
Class ID: "8d731TSPExBjqJd6aUC3OR6"
Error: [Scene] Class "UnitProgressionRule" used by component "8d731TSPExBjqJd6aUC3OR6" is missing or invalid. Detailed information:
Node path: "LevelSettings"
Script UUID: "8d7314d2-3c4c-418e-a25d-e9a502dce47a"
Class ID: "8d731TSPExBjqJd6aUC3OR6"

    at console.error (C:\ProgramData\cocos\editors\Creator\3.8.8\resources\app.asar\node_modules\@sentry\core\src\utils-hoist\instrument\console.ts:40:14)
    at report (C:\ProgramData\cocos\editors\Creator\3.8.8\resources\app.asar\builtin\engine\dist\editor-extends\missing-reporter\missing-class-reporter.ccc:7:25)
    at reportByWalker (C:\ProgramData\cocos\editors\Creator\3.8.8\resources\app.asar\builtin\engine\dist\editor-extends\missing-reporter\missing-class-reporter.ccc:7:127)
9-9-2026 18:35:14 - error: [Scene] Class "UnitProgressionRule" used by component "8d731TSPExBjqJd6aUC3OR6" is missing or invalid. Detailed information:
Node path: "LevelSettings"
Script UUID: "8d7314d2-3c4c-418e-a25d-e9a502dce47a"
Class ID: "8d731TSPExBjqJd6aUC3OR6"
Error: [Scene] Class "UnitProgressionRule" used by component "8d731TSPExBjqJd6aUC3OR6" is missing or invalid. Detailed information:
Node path: "LevelSettings"
Script UUID: "8d7314d2-3c4c-418e-a25d-e9a502dce47a"
Class ID: "8d731TSPExBjqJd6aUC3OR6"

    at console.error (C:\ProgramData\cocos\editors\Creator\3.8.8\resources\app.asar\node_modules\@sentry\core\src\utils-hoist\instrument\console.ts:40:14)
    at report (C:\ProgramData\cocos\editors\Creator\3.8.8\resources\app.asar\builtin\engine\dist\editor-extends\missing-reporter\missing-class-reporter.ccc:7:25)
    at reportByWalker (C:\ProgramData\cocos\editors\Creator\3.8.8\resources\app.asar\builtin\engine\dist\editor-extends\missing-reporter\missing-class-reporter.ccc:7:127)
9-9-2026 18:35:14 - warn: [Scene] Instancing/Batching enabled for non-baked skinning model or used AnimationController 'BlueUnit/Victory/Fighter.Body.low_Baked.001', this may result in unexpected rendering artifacts. Consider turning it off in the material if you do not intend to do this.Error: [Scene] Instancing/Batching enabled for non-baked skinning model or used AnimationController 'BlueUnit/Victory/Fighter.Body.low_Baked.001', this may result in unexpected rendering artifacts. Consider turning it off in the material if you do not intend to do this.
    at console.warn (C:\ProgramData\cocos\editors\Creator\3.8.8\resources\app.asar\node_modules\@sentry\core\src\utils-hoist\instrument\console.ts:40:14)
    at warn (C:\ProgramData\cocos\editors\Creator\3.8.8\resources\resources\3d\engine\bin\.cache\dev\editor\bundled\index.js:162864:12)
    at warnID (C:\ProgramData\cocos\editors\Creator\3.8.8\resources\resources\3d\engine\bin\.cache\dev\editor\bundled\index.js:163052:5)
    at SkinningModel._updateInstancedAttributes (C:\ProgramData\cocos\editors\Creator\3.8.8\resources\resources\3d\engine\bin\.cache\dev\editor\bundled\index.js:113230:13)
    at SkinningModel._updateAttributesAndBinding (C:\ProgramData\cocos\editors\Creator\3.8.8\resources\resources\3d\engine\bin\.cache\dev\editor\bundled\index.js:225497:16)
    at SkinningModel.initSubModel (C:\ProgramData\cocos\editors\Creator\3.8.8\resources\resources\3d\engine\bin\.cache\dev\editor\bundled\index.js:225158:16)
    at SkinningModel.initSubModel (C:\ProgramData\cocos\editors\Creator\3.8.8\resources\resources\3d\engine\bin\.cache\dev\editor\bundled\index.js:112793:24)
    at SkinningModel.initSubModel (C:\ProgramData\cocos\editors\Creator\3.8.8\resources\resources\3d\engine\bin\.cache\dev\editor\bundled\index.js:113194:17)
    at SkinnedMeshRenderer._updateModelParams (C:\ProgramData\cocos\editors\Creator\3.8.8\resources\resources\3d\engine\bin\.cache\dev\editor\bundled\index.js:112301:29)
    at SkinnedMeshRenderer._updateModelParams (C:\ProgramData\cocos\editors\Creator\3.8.8\resources\resources\3d\engine\bin\.cache\dev\editor\bundled\index.js:115274:17)
    at SkinnedMeshRenderer._updateModels (C:\ProgramData\cocos\editors\Creator\3.8.8\resources\resources\3d\engine\bin\.cache\dev\editor\bundled\index.js:112205:18)
    at SkinnedMeshRenderer.onLoad (C:\ProgramData\cocos\editors\Creator\3.8.8\resources\resources\3d\engine\bin\.cache\dev\editor\bundled\index.js:111860:16)
    at SkinnedMeshRenderer.onLoad (C:\ProgramData\cocos\editors\Creator\3.8.8\resources\resources\3d\engine\bin\.cache\dev\editor\bundled\index.js:115226:17)
    at eval (C:\ProgramData\cocos\editors\Creator\3.8.8\resources\resources\3d\engine\bin\.cache\dev\editor\bundled\index.js:55316:132)
    at OneOffInvoker.eval [as _invoke] (C:\ProgramData\cocos\editors\Creator\3.8.8\resources\resources\3d\engine\bin\.cache\dev\editor\bundled\index.js:53273:9)
    at OneOffInvoker.invoke (C:\ProgramData\cocos\editors\Creator\3.8.8\resources\resources\3d\engine\bin\.cache\dev\editor\bundled\index.js:53392:18)
    at NodeActivator.activateNode (C:\ProgramData\cocos\editors\Creator\3.8.8\resources\resources\3d\engine\bin\.cache\dev\editor\bundled\index.js:55367:27)
    at Scene._activate (C:\ProgramData\cocos\editors\Creator\3.8.8\resources\resources\3d\engine\bin\.cache\dev\editor\bundled\index.js:63356:44)
    at Director.runSceneImmediate (C:\ProgramData\cocos\editors\Creator\3.8.8\resources\resources\3d\engine\bin\.cache\dev\editor\bundled\index.js:15538:17)
    at C:\ProgramData\cocos\editors\Creator\3.8.8\resources\app.asar\builtin\scene\dist\script\3d\manager\scene\utils.ccc:1:1515
    at eval (C:\ProgramData\cocos\editors\Creator\3.8.8\resources\resources\3d\engine\bin\.cache\dev\editor\bundled\index.js:133842:17)
    at eval (C:\ProgramData\cocos\editors\Creator\3.8.8\resources\resources\3d\engine\bin\.cache\dev\editor\bundled\index.js:141562:9)
    at eval (C:\ProgramData\cocos\editors\Creator\3.8.8\resources\resources\3d\engine\bin\.cache\dev\editor\bundled\index.js:167821:9)
    at sentryWrapped (C:\ProgramData\cocos\editors\Creator\3.8.8\resources\app.asar\node_modules\@sentry\browser\src\helpers.ts:116:17)
9-9-2026 18:35:14 - warn: [Scene] Instancing/Batching enabled for non-baked skinning model or used AnimationController 'BlueUnit/Victory/Fighter.Body.low_Baked.001', this may result in unexpected rendering artifacts. Consider turning it off in the material if you do not intend to do this.Error: [Scene] Instancing/Batching enabled for non-baked skinning model or used AnimationController 'BlueUnit/Victory/Fighter.Body.low_Baked.001', this may result in unexpected rendering artifacts. Consider turning it off in the material if you do not intend to do this.
    at console.warn (C:\ProgramData\cocos\editors\Creator\3.8.8\resources\app.asar\node_modules\@sentry\core\src\utils-hoist\instrument\console.ts:40:14)
    at warn (C:\ProgramData\cocos\editors\Creator\3.8.8\resources\resources\3d\engine\bin\.cache\dev\editor\bundled\index.js:162864:12)
    at warnID (C:\ProgramData\cocos\editors\Creator\3.8.8\resources\resources\3d\engine\bin\.cache\dev\editor\bundled\index.js:163052:5)
    at SkinningModel._updateInstancedAttributes (C:\ProgramData\cocos\editors\Creator\3.8.8\resources\resources\3d\engine\bin\.cache\dev\editor\bundled\index.js:113230:13)
    at SkinningModel._updateAttributesAndBinding (C:\ProgramData\cocos\editors\Creator\3.8.8\resources\resources\3d\engine\bin\.cache\dev\editor\bundled\index.js:225497:16)
    at SkinningModel.initSubModel (C:\ProgramData\cocos\editors\Creator\3.8.8\resources\resources\3d\engine\bin\.cache\dev\editor\bundled\index.js:225158:16)
    at SkinningModel.initSubModel (C:\ProgramData\cocos\editors\Creator\3.8.8\resources\resources\3d\engine\bin\.cache\dev\editor\bundled\index.js:112793:24)
    at SkinningModel.initSubModel (C:\ProgramData\cocos\editors\Creator\3.8.8\resources\resources\3d\engine\bin\.cache\dev\editor\bundled\index.js:113194:17)
    at SkinnedMeshRenderer._updateModelParams (C:\ProgramData\cocos\editors\Creator\3.8.8\resources\resources\3d\engine\bin\.cache\dev\editor\bundled\index.js:112301:29)
    at SkinnedMeshRenderer._updateModelParams (C:\ProgramData\cocos\editors\Creator\3.8.8\resources\resources\3d\engine\bin\.cache\dev\editor\bundled\index.js:115274:17)
    at SkinnedMeshRenderer._updateModels (C:\ProgramData\cocos\editors\Creator\3.8.8\resources\resources\3d\engine\bin\.cache\dev\editor\bundled\index.js:112205:18)
    at SkinnedMeshRenderer.setUseBakedAnimation (C:\ProgramData\cocos\editors\Creator\3.8.8\resources\resources\3d\engine\bin\.cache\dev\editor\bundled\index.js:115257:18)
    at SkeletalAnimation.notifySkinnedMeshAdded (C:\ProgramData\cocos\editors\Creator\3.8.8\resources\resources\3d\engine\bin\.cache\dev\editor\bundled\index.js:117565:31)
    at SkinnedMeshRenderer._tryBindAnimation (C:\ProgramData\cocos\editors\Creator\3.8.8\resources\resources\3d\engine\bin\.cache\dev\editor\bundled\index.js:115295:23)
    at SkinnedMeshRenderer.onLoad (C:\ProgramData\cocos\editors\Creator\3.8.8\resources\resources\3d\engine\bin\.cache\dev\editor\bundled\index.js:115227:16)
    at eval (C:\ProgramData\cocos\editors\Creator\3.8.8\resources\resources\3d\engine\bin\.cache\dev\editor\bundled\index.js:55316:132)
    at OneOffInvoker.eval [as _invoke] (C:\ProgramData\cocos\editors\Creator\3.8.8\resources\resources\3d\engine\bin\.cache\dev\editor\bundled\index.js:53273:9)
    at OneOffInvoker.invoke (C:\ProgramData\cocos\editors\Creator\3.8.8\resources\resources\3d\engine\bin\.cache\dev\editor\bundled\index.js:53392:18)
    at NodeActivator.activateNode (C:\ProgramData\cocos\editors\Creator\3.8.8\resources\resources\3d\engine\bin\.cache\dev\editor\bundled\index.js:55367:27)
    at Scene._activate (C:\ProgramData\cocos\editors\Creator\3.8.8\resources\resources\3d\engine\bin\.cache\dev\editor\bundled\index.js:63356:44)
    at Director.runSceneImmediate (C:\ProgramData\cocos\editors\Creator\3.8.8\resources\resources\3d\engine\bin\.cache\dev\editor\bundled\index.js:15538:17)
    at C:\ProgramData\cocos\editors\Creator\3.8.8\resources\app.asar\builtin\scene\dist\script\3d\manager\scene\utils.ccc:1:1515
    at eval (C:\ProgramData\cocos\editors\Creator\3.8.8\resources\resources\3d\engine\bin\.cache\dev\editor\bundled\index.js:133842:17)
    at eval (C:\ProgramData\cocos\editors\Creator\3.8.8\resources\resources\3d\engine\bin\.cache\dev\editor\bundled\index.js:141562:9)
    at eval (C:\ProgramData\cocos\editors\Creator\3.8.8\resources\resources\3d\engine\bin\.cache\dev\editor\bundled\index.js:167821:9)
    at sentryWrapped (C:\ProgramData\cocos\editors\Creator\3.8.8\resources\app.asar\node_modules\@sentry\browser\src\helpers.ts:116:17)
9-9-2026 18:35:14 - warn: [Scene] Instancing/Batching enabled for non-baked skinning model or used AnimationController 'RedUnit/Victory/Fighter.Body.low_Baked.001', this may result in unexpected rendering artifacts. Consider turning it off in the material if you do not intend to do this.Error: [Scene] Instancing/Batching enabled for non-baked skinning model or used AnimationController 'RedUnit/Victory/Fighter.Body.low_Baked.001', this may result in unexpected rendering artifacts. Consider turning it off in the material if you do not intend to do this.
    at console.warn (C:\ProgramData\cocos\editors\Creator\3.8.8\resources\app.asar\node_modules\@sentry\core\src\utils-hoist\instrument\console.ts:40:14)
    at warn (C:\ProgramData\cocos\editors\Creator\3.8.8\resources\resources\3d\engine\bin\.cache\dev\editor\bundled\index.js:162864:12)
    at warnID (C:\ProgramData\cocos\editors\Creator\3.8.8\resources\resources\3d\engine\bin\.cache\dev\editor\bundled\index.js:163052:5)
    at SkinningModel._updateInstancedAttributes (C:\ProgramData\cocos\editors\Creator\3.8.8\resources\resources\3d\engine\bin\.cache\dev\editor\bundled\index.js:113230:13)
    at SkinningModel._updateAttributesAndBinding (C:\ProgramData\cocos\editors\Creator\3.8.8\resources\resources\3d\engine\bin\.cache\dev\editor\bundled\index.js:225497:16)
    at SkinningModel.initSubModel (C:\ProgramData\cocos\editors\Creator\3.8.8\resources\resources\3d\engine\bin\.cache\dev\editor\bundled\index.js:225158:16)
    at SkinningModel.initSubModel (C:\ProgramData\cocos\editors\Creator\3.8.8\resources\resources\3d\engine\bin\.cache\dev\editor\bundled\index.js:112793:24)
    at SkinningModel.initSubModel (C:\ProgramData\cocos\editors\Creator\3.8.8\resources\resources\3d\engine\bin\.cache\dev\editor\bundled\index.js:113194:17)
    at SkinnedMeshRenderer._updateModelParams (C:\ProgramData\cocos\editors\Creator\3.8.8\resources\resources\3d\engine\bin\.cache\dev\editor\bundled\index.js:112301:29)
    at SkinnedMeshRenderer._updateModelParams (C:\ProgramData\cocos\editors\Creator\3.8.8\resources\resources\3d\engine\bin\.cache\dev\editor\bundled\index.js:115274:17)
    at SkinnedMeshRenderer._updateModels (C:\ProgramData\cocos\editors\Creator\3.8.8\resources\resources\3d\engine\bin\.cache\dev\editor\bundled\index.js:112205:18)
    at SkinnedMeshRenderer.onLoad (C:\ProgramData\cocos\editors\Creator\3.8.8\resources\resources\3d\engine\bin\.cache\dev\editor\bundled\index.js:111860:16)
    at SkinnedMeshRenderer.onLoad (C:\ProgramData\cocos\editors\Creator\3.8.8\resources\resources\3d\engine\bin\.cache\dev\editor\bundled\index.js:115226:17)
    at eval (C:\ProgramData\cocos\editors\Creator\3.8.8\resources\resources\3d\engine\bin\.cache\dev\editor\bundled\index.js:55316:132)
    at OneOffInvoker.eval [as _invoke] (C:\ProgramData\cocos\editors\Creator\3.8.8\resources\resources\3d\engine\bin\.cache\dev\editor\bundled\index.js:53273:9)
    at OneOffInvoker.invoke (C:\ProgramData\cocos\editors\Creator\3.8.8\resources\resources\3d\engine\bin\.cache\dev\editor\bundled\index.js:53392:18)
    at NodeActivator.activateNode (C:\ProgramData\cocos\editors\Creator\3.8.8\resources\resources\3d\engine\bin\.cache\dev\editor\bundled\index.js:55367:27)
    at Scene._activate (C:\ProgramData\cocos\editors\Creator\3.8.8\resources\resources\3d\engine\bin\.cache\dev\editor\bundled\index.js:63356:44)
    at Director.runSceneImmediate (C:\ProgramData\cocos\editors\Creator\3.8.8\resources\resources\3d\engine\bin\.cache\dev\editor\bundled\index.js:15538:17)
    at C:\ProgramData\cocos\editors\Creator\3.8.8\resources\app.asar\builtin\scene\dist\script\3d\manager\scene\utils.ccc:1:1515
    at eval (C:\ProgramData\cocos\editors\Creator\3.8.8\resources\resources\3d\engine\bin\.cache\dev\editor\bundled\index.js:133842:17)
    at eval (C:\ProgramData\cocos\editors\Creator\3.8.8\resources\resources\3d\engine\bin\.cache\dev\editor\bundled\index.js:141562:9)
    at eval (C:\ProgramData\cocos\editors\Creator\3.8.8\resources\resources\3d\engine\bin\.cache\dev\editor\bundled\index.js:167821:9)
    at sentryWrapped (C:\ProgramData\cocos\editors\Creator\3.8.8\resources\app.asar\node_modules\@sentry\browser\src\helpers.ts:116:17)
9-9-2026 18:35:14 - warn: [Scene] Instancing/Batching enabled for non-baked skinning model or used AnimationController 'RedUnit/Victory/Fighter.Body.low_Baked.001', this may result in unexpected rendering artifacts. Consider turning it off in the material if you do not intend to do this.Error: [Scene] Instancing/Batching enabled for non-baked skinning model or used AnimationController 'RedUnit/Victory/Fighter.Body.low_Baked.001', this may result in unexpected rendering artifacts. Consider turning it off in the material if you do not intend to do this.
    at console.warn (C:\ProgramData\cocos\editors\Creator\3.8.8\resources\app.asar\node_modules\@sentry\core\src\utils-hoist\instrument\console.ts:40:14)
    at warn (C:\ProgramData\cocos\editors\Creator\3.8.8\resources\resources\3d\engine\bin\.cache\dev\editor\bundled\index.js:162864:12)
    at warnID (C:\ProgramData\cocos\editors\Creator\3.8.8\resources\resources\3d\engine\bin\.cache\dev\editor\bundled\index.js:163052:5)
    at SkinningModel._updateInstancedAttributes (C:\ProgramData\cocos\editors\Creator\3.8.8\resources\resources\3d\engine\bin\.cache\dev\editor\bundled\index.js:113230:13)
    at SkinningModel._updateAttributesAndBinding (C:\ProgramData\cocos\editors\Creator\3.8.8\resources\resources\3d\engine\bin\.cache\dev\editor\bundled\index.js:225497:16)
    at SkinningModel.initSubModel (C:\ProgramData\cocos\editors\Creator\3.8.8\resources\resources\3d\engine\bin\.cache\dev\editor\bundled\index.js:225158:16)
    at SkinningModel.initSubModel (C:\ProgramData\cocos\editors\Creator\3.8.8\resources\resources\3d\engine\bin\.cache\dev\editor\bundled\index.js:112793:24)
    at SkinningModel.initSubModel (C:\ProgramData\cocos\editors\Creator\3.8.8\resources\resources\3d\engine\bin\.cache\dev\editor\bundled\index.js:113194:17)
    at SkinnedMeshRenderer._updateModelParams (C:\ProgramData\cocos\editors\Creator\3.8.8\resources\resources\3d\engine\bin\.cache\dev\editor\bundled\index.js:112301:29)
    at SkinnedMeshRenderer._updateModelParams (C:\ProgramData\cocos\editors\Creator\3.8.8\resources\resources\3d\engine\bin\.cache\dev\editor\bundled\index.js:115274:17)
    at SkinnedMeshRenderer._updateModels (C:\ProgramData\cocos\editors\Creator\3.8.8\resources\resources\3d\engine\bin\.cache\dev\editor\bundled\index.js:112205:18)
    at SkinnedMeshRenderer.setUseBakedAnimation (C:\ProgramData\cocos\editors\Creator\3.8.8\resources\resources\3d\engine\bin\.cache\dev\editor\bundled\index.js:115257:18)
    at SkeletalAnimation.notifySkinnedMeshAdded (C:\ProgramData\cocos\editors\Creator\3.8.8\resources\resources\3d\engine\bin\.cache\dev\editor\bundled\index.js:117565:31)
    at SkinnedMeshRenderer._tryBindAnimation (C:\ProgramData\cocos\editors\Creator\3.8.8\resources\resources\3d\engine\bin\.cache\dev\editor\bundled\index.js:115295:23)
    at SkinnedMeshRenderer.onLoad (C:\ProgramData\cocos\editors\Creator\3.8.8\resources\resources\3d\engine\bin\.cache\dev\editor\bundled\index.js:115227:16)
    at eval (C:\ProgramData\cocos\editors\Creator\3.8.8\resources\resources\3d\engine\bin\.cache\dev\editor\bundled\index.js:55316:132)
    at OneOffInvoker.eval [as _invoke] (C:\ProgramData\cocos\editors\Creator\3.8.8\resources\resources\3d\engine\bin\.cache\dev\editor\bundled\index.js:53273:9)
    at OneOffInvoker.invoke (C:\ProgramData\cocos\editors\Creator\3.8.8\resources\resources\3d\engine\bin\.cache\dev\editor\bundled\index.js:53392:18)
    at NodeActivator.activateNode (C:\ProgramData\cocos\editors\Creator\3.8.8\resources\resources\3d\engine\bin\.cache\dev\editor\bundled\index.js:55367:27)
    at Scene._activate (C:\ProgramData\cocos\editors\Creator\3.8.8\resources\resources\3d\engine\bin\.cache\dev\editor\bundled\index.js:63356:44)
    at Director.runSceneImmediate (C:\ProgramData\cocos\editors\Creator\3.8.8\resources\resources\3d\engine\bin\.cache\dev\editor\bundled\index.js:15538:17)
    at C:\ProgramData\cocos\editors\Creator\3.8.8\resources\app.asar\builtin\scene\dist\script\3d\manager\scene\utils.ccc:1:1515
    at eval (C:\ProgramData\cocos\editors\Creator\3.8.8\resources\resources\3d\engine\bin\.cache\dev\editor\bundled\index.js:133842:17)
    at eval (C:\ProgramData\cocos\editors\Creator\3.8.8\resources\resources\3d\engine\bin\.cache\dev\editor\bundled\index.js:141562:9)
    at eval (C:\ProgramData\cocos\editors\Creator\3.8.8\resources\resources\3d\engine\bin\.cache\dev\editor\bundled\index.js:167821:9)
    at sentryWrapped (C:\ProgramData\cocos\editors\Creator\3.8.8\resources\app.asar\node_modules\@sentry\browser\src\helpers.ts:116:17)
9-9-2026 18:35:14 - warn: [Scene] Instancing/Batching enabled for non-baked skinning model or used AnimationController 'HeroRed/Victory/Fighter.Body.low_Baked.001', this may result in unexpected rendering artifacts. Consider turning it off in the material if you do not intend to do this.Error: [Scene] Instancing/Batching enabled for non-baked skinning model or used AnimationController 'HeroRed/Victory/Fighter.Body.low_Baked.001', this may result in unexpected rendering artifacts. Consider turning it off in the material if you do not intend to do this.
    at console.warn (C:\ProgramData\cocos\editors\Creator\3.8.8\resources\app.asar\node_modules\@sentry\core\src\utils-hoist\instrument\console.ts:40:14)
    at warn (C:\ProgramData\cocos\editors\Creator\3.8.8\resources\resources\3d\engine\bin\.cache\dev\editor\bundled\index.js:162864:12)
    at warnID (C:\ProgramData\cocos\editors\Creator\3.8.8\resources\resources\3d\engine\bin\.cache\dev\editor\bundled\index.js:163052:5)
    at SkinningModel._updateInstancedAttributes (C:\ProgramData\cocos\editors\Creator\3.8.8\resources\resources\3d\engine\bin\.cache\dev\editor\bundled\index.js:113230:13)
    at SkinningModel._updateAttributesAndBinding (C:\ProgramData\cocos\editors\Creator\3.8.8\resources\resources\3d\engine\bin\.cache\dev\editor\bundled\index.js:225497:16)
    at SkinningModel.initSubModel (C:\ProgramData\cocos\editors\Creator\3.8.8\resources\resources\3d\engine\bin\.cache\dev\editor\bundled\index.js:225158:16)
    at SkinningModel.initSubModel (C:\ProgramData\cocos\editors\Creator\3.8.8\resources\resources\3d\engine\bin\.cache\dev\editor\bundled\index.js:112793:24)
    at SkinningModel.initSubModel (C:\ProgramData\cocos\editors\Creator\3.8.8\resources\resources\3d\engine\bin\.cache\dev\editor\bundled\index.js:113194:17)
    at SkinnedMeshRenderer._updateModelParams (C:\ProgramData\cocos\editors\Creator\3.8.8\resources\resources\3d\engine\bin\.cache\dev\editor\bundled\index.js:112301:29)
    at SkinnedMeshRenderer._updateModelParams (C:\ProgramData\cocos\editors\Creator\3.8.8\resources\resources\3d\engine\bin\.cache\dev\editor\bundled\index.js:115274:17)
    at SkinnedMeshRenderer._updateModels (C:\ProgramData\cocos\editors\Creator\3.8.8\resources\resources\3d\engine\bin\.cache\dev\editor\bundled\index.js:112205:18)
    at SkinnedMeshRenderer.onLoad (C:\ProgramData\cocos\editors\Creator\3.8.8\resources\resources\3d\engine\bin\.cache\dev\editor\bundled\index.js:111860:16)
    at SkinnedMeshRenderer.onLoad (C:\ProgramData\cocos\editors\Creator\3.8.8\resources\resources\3d\engine\bin\.cache\dev\editor\bundled\index.js:115226:17)
    at eval (C:\ProgramData\cocos\editors\Creator\3.8.8\resources\resources\3d\engine\bin\.cache\dev\editor\bundled\index.js:55316:132)
    at OneOffInvoker.eval [as _invoke] (C:\ProgramData\cocos\editors\Creator\3.8.8\resources\resources\3d\engine\bin\.cache\dev\editor\bundled\index.js:53273:9)
    at OneOffInvoker.invoke (C:\ProgramData\cocos\editors\Creator\3.8.8\resources\resources\3d\engine\bin\.cache\dev\editor\bundled\index.js:53392:18)
    at NodeActivator.activateNode (C:\ProgramData\cocos\editors\Creator\3.8.8\resources\resources\3d\engine\bin\.cache\dev\editor\bundled\index.js:55367:27)
    at Scene._activate (C:\ProgramData\cocos\editors\Creator\3.8.8\resources\resources\3d\engine\bin\.cache\dev\editor\bundled\index.js:63356:44)
    at Director.runSceneImmediate (C:\ProgramData\cocos\editors\Creator\3.8.8\resources\resources\3d\engine\bin\.cache\dev\editor\bundled\index.js:15538:17)
    at C:\ProgramData\cocos\editors\Creator\3.8.8\resources\app.asar\builtin\scene\dist\script\3d\manager\scene\utils.ccc:1:1515
    at eval (C:\ProgramData\cocos\editors\Creator\3.8.8\resources\resources\3d\engine\bin\.cache\dev\editor\bundled\index.js:133842:17)
    at eval (C:\ProgramData\cocos\editors\Creator\3.8.8\resources\resources\3d\engine\bin\.cache\dev\editor\bundled\index.js:141562:9)
    at eval (C:\ProgramData\cocos\editors\Creator\3.8.8\resources\resources\3d\engine\bin\.cache\dev\editor\bundled\index.js:167821:9)
    at sentryWrapped (C:\ProgramData\cocos\editors\Creator\3.8.8\resources\app.asar\node_modules\@sentry\browser\src\helpers.ts:116:17)
9-9-2026 18:35:14 - warn: [Scene] Instancing/Batching enabled for non-baked skinning model or used AnimationController 'HeroRed/Victory/Fighter.Body.low_Baked.001', this may result in unexpected rendering artifacts. Consider turning it off in the material if you do not intend to do this.Error: [Scene] Instancing/Batching enabled for non-baked skinning model or used AnimationController 'HeroRed/Victory/Fighter.Body.low_Baked.001', this may result in unexpected rendering artifacts. Consider turning it off in the material if you do not intend to do this.
    at console.warn (C:\ProgramData\cocos\editors\Creator\3.8.8\resources\app.asar\node_modules\@sentry\core\src\utils-hoist\instrument\console.ts:40:14)
    at warn (C:\ProgramData\cocos\editors\Creator\3.8.8\resources\resources\3d\engine\bin\.cache\dev\editor\bundled\index.js:162864:12)
    at warnID (C:\ProgramData\cocos\editors\Creator\3.8.8\resources\resources\3d\engine\bin\.cache\dev\editor\bundled\index.js:163052:5)
    at SkinningModel._updateInstancedAttributes (C:\ProgramData\cocos\editors\Creator\3.8.8\resources\resources\3d\engine\bin\.cache\dev\editor\bundled\index.js:113230:13)
    at SkinningModel._updateAttributesAndBinding (C:\ProgramData\cocos\editors\Creator\3.8.8\resources\resources\3d\engine\bin\.cache\dev\editor\bundled\index.js:225497:16)
    at SkinningModel.initSubModel (C:\ProgramData\cocos\editors\Creator\3.8.8\resources\resources\3d\engine\bin\.cache\dev\editor\bundled\index.js:225158:16)
    at SkinningModel.initSubModel (C:\ProgramData\cocos\editors\Creator\3.8.8\resources\resources\3d\engine\bin\.cache\dev\editor\bundled\index.js:112793:24)
    at SkinningModel.initSubModel (C:\ProgramData\cocos\editors\Creator\3.8.8\resources\resources\3d\engine\bin\.cache\dev\editor\bundled\index.js:113194:17)
    at SkinnedMeshRenderer._updateModelParams (C:\ProgramData\cocos\editors\Creator\3.8.8\resources\resources\3d\engine\bin\.cache\dev\editor\bundled\index.js:112301:29)
    at SkinnedMeshRenderer._updateModelParams (C:\ProgramData\cocos\editors\Creator\3.8.8\resources\resources\3d\engine\bin\.cache\dev\editor\bundled\index.js:115274:17)
    at SkinnedMeshRenderer._updateModels (C:\ProgramData\cocos\editors\Creator\3.8.8\resources\resources\3d\engine\bin\.cache\dev\editor\bundled\index.js:112205:18)
    at SkinnedMeshRenderer.setUseBakedAnimation (C:\ProgramData\cocos\editors\Creator\3.8.8\resources\resources\3d\engine\bin\.cache\dev\editor\bundled\index.js:115257:18)
    at SkeletalAnimation.notifySkinnedMeshAdded (C:\ProgramData\cocos\editors\Creator\3.8.8\resources\resources\3d\engine\bin\.cache\dev\editor\bundled\index.js:117565:31)
    at SkinnedMeshRenderer._tryBindAnimation (C:\ProgramData\cocos\editors\Creator\3.8.8\resources\resources\3d\engine\bin\.cache\dev\editor\bundled\index.js:115295:23)
    at SkinnedMeshRenderer.onLoad (C:\ProgramData\cocos\editors\Creator\3.8.8\resources\resources\3d\engine\bin\.cache\dev\editor\bundled\index.js:115227:16)
    at eval (C:\ProgramData\cocos\editors\Creator\3.8.8\resources\resources\3d\engine\bin\.cache\dev\editor\bundled\index.js:55316:132)
    at OneOffInvoker.eval [as _invoke] (C:\ProgramData\cocos\editors\Creator\3.8.8\resources\resources\3d\engine\bin\.cache\dev\editor\bundled\index.js:53273:9)
    at OneOffInvoker.invoke (C:\ProgramData\cocos\editors\Creator\3.8.8\resources\resources\3d\engine\bin\.cache\dev\editor\bundled\index.js:53392:18)
    at NodeActivator.activateNode (C:\ProgramData\cocos\editors\Creator\3.8.8\resources\resources\3d\engine\bin\.cache\dev\editor\bundled\index.js:55367:27)
    at Scene._activate (C:\ProgramData\cocos\editors\Creator\3.8.8\resources\resources\3d\engine\bin\.cache\dev\editor\bundled\index.js:63356:44)
    at Director.runSceneImmediate (C:\ProgramData\cocos\editors\Creator\3.8.8\resources\resources\3d\engine\bin\.cache\dev\editor\bundled\index.js:15538:17)
    at C:\ProgramData\cocos\editors\Creator\3.8.8\resources\app.asar\builtin\scene\dist\script\3d\manager\scene\utils.ccc:1:1515
    at eval (C:\ProgramData\cocos\editors\Creator\3.8.8\resources\resources\3d\engine\bin\.cache\dev\editor\bundled\index.js:133842:17)
    at eval (C:\ProgramData\cocos\editors\Creator\3.8.8\resources\resources\3d\engine\bin\.cache\dev\editor\bundled\index.js:141562:9)
    at eval (C:\ProgramData\cocos\editors\Creator\3.8.8\resources\resources\3d\engine\bin\.cache\dev\editor\bundled\index.js:167821:9)
    at sentryWrapped (C:\ProgramData\cocos\editors\Creator\3.8.8\resources\app.asar\node_modules\@sentry\browser\src\helpers.ts:116:17)
9-9-2026 18:35:14 - warn: [Scene] Instancing/Batching enabled for non-baked skinning model or used AnimationController 'HeroBlue/Victory/Fighter.Body.low_Baked.001', this may result in unexpected rendering artifacts. Consider turning it off in the material if you do not intend to do this.Error: [Scene] Instancing/Batching enabled for non-baked skinning model or used AnimationController 'HeroBlue/Victory/Fighter.Body.low_Baked.001', this may result in unexpected rendering artifacts. Consider turning it off in the material if you do not intend to do this.
    at console.warn (C:\ProgramData\cocos\editors\Creator\3.8.8\resources\app.asar\node_modules\@sentry\core\src\utils-hoist\instrument\console.ts:40:14)
    at warn (C:\ProgramData\cocos\editors\Creator\3.8.8\resources\resources\3d\engine\bin\.cache\dev\editor\bundled\index.js:162864:12)
    at warnID (C:\ProgramData\cocos\editors\Creator\3.8.8\resources\resources\3d\engine\bin\.cache\dev\editor\bundled\index.js:163052:5)
    at SkinningModel._updateInstancedAttributes (C:\ProgramData\cocos\editors\Creator\3.8.8\resources\resources\3d\engine\bin\.cache\dev\editor\bundled\index.js:113230:13)
    at SkinningModel._updateAttributesAndBinding (C:\ProgramData\cocos\editors\Creator\3.8.8\resources\resources\3d\engine\bin\.cache\dev\editor\bundled\index.js:225497:16)
    at SkinningModel.initSubModel (C:\ProgramData\cocos\editors\Creator\3.8.8\resources\resources\3d\engine\bin\.cache\dev\editor\bundled\index.js:225158:16)
    at SkinningModel.initSubModel (C:\ProgramData\cocos\editors\Creator\3.8.8\resources\resources\3d\engine\bin\.cache\dev\editor\bundled\index.js:112793:24)
    at SkinningModel.initSubModel (C:\ProgramData\cocos\editors\Creator\3.8.8\resources\resources\3d\engine\bin\.cache\dev\editor\bundled\index.js:113194:17)
    at SkinnedMeshRenderer._updateModelParams (C:\ProgramData\cocos\editors\Creator\3.8.8\resources\resources\3d\engine\bin\.cache\dev\editor\bundled\index.js:112301:29)
    at SkinnedMeshRenderer._updateModelParams (C:\ProgramData\cocos\editors\Creator\3.8.8\resources\resources\3d\engine\bin\.cache\dev\editor\bundled\index.js:115274:17)
    at SkinnedMeshRenderer._updateModels (C:\ProgramData\cocos\editors\Creator\3.8.8\resources\resources\3d\engine\bin\.cache\dev\editor\bundled\index.js:112205:18)
    at SkinnedMeshRenderer.onLoad (C:\ProgramData\cocos\editors\Creator\3.8.8\resources\resources\3d\engine\bin\.cache\dev\editor\bundled\index.js:111860:16)
    at SkinnedMeshRenderer.onLoad (C:\ProgramData\cocos\editors\Creator\3.8.8\resources\resources\3d\engine\bin\.cache\dev\editor\bundled\index.js:115226:17)
    at eval (C:\ProgramData\cocos\editors\Creator\3.8.8\resources\resources\3d\engine\bin\.cache\dev\editor\bundled\index.js:55316:132)
    at OneOffInvoker.eval [as _invoke] (C:\ProgramData\cocos\editors\Creator\3.8.8\resources\resources\3d\engine\bin\.cache\dev\editor\bundled\index.js:53273:9)
    at OneOffInvoker.invoke (C:\ProgramData\cocos\editors\Creator\3.8.8\resources\resources\3d\engine\bin\.cache\dev\editor\bundled\index.js:53392:18)
    at NodeActivator.activateNode (C:\ProgramData\cocos\editors\Creator\3.8.8\resources\resources\3d\engine\bin\.cache\dev\editor\bundled\index.js:55367:27)
    at Scene._activate (C:\ProgramData\cocos\editors\Creator\3.8.8\resources\resources\3d\engine\bin\.cache\dev\editor\bundled\index.js:63356:44)
    at Director.runSceneImmediate (C:\ProgramData\cocos\editors\Creator\3.8.8\resources\resources\3d\engine\bin\.cache\dev\editor\bundled\index.js:15538:17)
    at C:\ProgramData\cocos\editors\Creator\3.8.8\resources\app.asar\builtin\scene\dist\script\3d\manager\scene\utils.ccc:1:1515
    at eval (C:\ProgramData\cocos\editors\Creator\3.8.8\resources\resources\3d\engine\bin\.cache\dev\editor\bundled\index.js:133842:17)
    at eval (C:\ProgramData\cocos\editors\Creator\3.8.8\resources\resources\3d\engine\bin\.cache\dev\editor\bundled\index.js:141562:9)
    at eval (C:\ProgramData\cocos\editors\Creator\3.8.8\resources\resources\3d\engine\bin\.cache\dev\editor\bundled\index.js:167821:9)
    at sentryWrapped (C:\ProgramData\cocos\editors\Creator\3.8.8\resources\app.asar\node_modules\@sentry\browser\src\helpers.ts:116:17)
9-9-2026 18:35:14 - warn: [Scene] Instancing/Batching enabled for non-baked skinning model or used AnimationController 'HeroBlue/Victory/Fighter.Body.low_Baked.001', this may result in unexpected rendering artifacts. Consider turning it off in the material if you do not intend to do this.Error: [Scene] Instancing/Batching enabled for non-baked skinning model or used AnimationController 'HeroBlue/Victory/Fighter.Body.low_Baked.001', this may result in unexpected rendering artifacts. Consider turning it off in the material if you do not intend to do this.
    at console.warn (C:\ProgramData\cocos\editors\Creator\3.8.8\resources\app.asar\node_modules\@sentry\core\src\utils-hoist\instrument\console.ts:40:14)
    at warn (C:\ProgramData\cocos\editors\Creator\3.8.8\resources\resources\3d\engine\bin\.cache\dev\editor\bundled\index.js:162864:12)
    at warnID (C:\ProgramData\cocos\editors\Creator\3.8.8\resources\resources\3d\engine\bin\.cache\dev\editor\bundled\index.js:163052:5)
    at SkinningModel._updateInstancedAttributes (C:\ProgramData\cocos\editors\Creator\3.8.8\resources\resources\3d\engine\bin\.cache\dev\editor\bundled\index.js:113230:13)
    at SkinningModel._updateAttributesAndBinding (C:\ProgramData\cocos\editors\Creator\3.8.8\resources\resources\3d\engine\bin\.cache\dev\editor\bundled\index.js:225497:16)
    at SkinningModel.initSubModel (C:\ProgramData\cocos\editors\Creator\3.8.8\resources\resources\3d\engine\bin\.cache\dev\editor\bundled\index.js:225158:16)
    at SkinningModel.initSubModel (C:\ProgramData\cocos\editors\Creator\3.8.8\resources\resources\3d\engine\bin\.cache\dev\editor\bundled\index.js:112793:24)
    at SkinningModel.initSubModel (C:\ProgramData\cocos\editors\Creator\3.8.8\resources\resources\3d\engine\bin\.cache\dev\editor\bundled\index.js:113194:17)
    at SkinnedMeshRenderer._updateModelParams (C:\ProgramData\cocos\editors\Creator\3.8.8\resources\resources\3d\engine\bin\.cache\dev\editor\bundled\index.js:112301:29)
    at SkinnedMeshRenderer._updateModelParams (C:\ProgramData\cocos\editors\Creator\3.8.8\resources\resources\3d\engine\bin\.cache\dev\editor\bundled\index.js:115274:17)
    at SkinnedMeshRenderer._updateModels (C:\ProgramData\cocos\editors\Creator\3.8.8\resources\resources\3d\engine\bin\.cache\dev\editor\bundled\index.js:112205:18)
    at SkinnedMeshRenderer.setUseBakedAnimation (C:\ProgramData\cocos\editors\Creator\3.8.8\resources\resources\3d\engine\bin\.cache\dev\editor\bundled\index.js:115257:18)
    at SkeletalAnimation.notifySkinnedMeshAdded (C:\ProgramData\cocos\editors\Creator\3.8.8\resources\resources\3d\engine\bin\.cache\dev\editor\bundled\index.js:117565:31)
    at SkinnedMeshRenderer._tryBindAnimation (C:\ProgramData\cocos\editors\Creator\3.8.8\resources\resources\3d\engine\bin\.cache\dev\editor\bundled\index.js:115295:23)
    at SkinnedMeshRenderer.onLoad (C:\ProgramData\cocos\editors\Creator\3.8.8\resources\resources\3d\engine\bin\.cache\dev\editor\bundled\index.js:115227:16)
    at eval (C:\ProgramData\cocos\editors\Creator\3.8.8\resources\resources\3d\engine\bin\.cache\dev\editor\bundled\index.js:55316:132)
    at OneOffInvoker.eval [as _invoke] (C:\ProgramData\cocos\editors\Creator\3.8.8\resources\resources\3d\engine\bin\.cache\dev\editor\bundled\index.js:53273:9)
    at OneOffInvoker.invoke (C:\ProgramData\cocos\editors\Creator\3.8.8\resources\resources\3d\engine\bin\.cache\dev\editor\bundled\index.js:53392:18)
    at NodeActivator.activateNode (C:\ProgramData\cocos\editors\Creator\3.8.8\resources\resources\3d\engine\bin\.cache\dev\editor\bundled\index.js:55367:27)
    at Scene._activate (C:\ProgramData\cocos\editors\Creator\3.8.8\resources\resources\3d\engine\bin\.cache\dev\editor\bundled\index.js:63356:44)
    at Director.runSceneImmediate (C:\ProgramData\cocos\editors\Creator\3.8.8\resources\resources\3d\engine\bin\.cache\dev\editor\bundled\index.js:15538:17)
    at C:\ProgramData\cocos\editors\Creator\3.8.8\resources\app.asar\builtin\scene\dist\script\3d\manager\scene\utils.ccc:1:1515
    at eval (C:\ProgramData\cocos\editors\Creator\3.8.8\resources\resources\3d\engine\bin\.cache\dev\editor\bundled\index.js:133842:17)
    at eval (C:\ProgramData\cocos\editors\Creator\3.8.8\resources\resources\3d\engine\bin\.cache\dev\editor\bundled\index.js:141562:9)
    at eval (C:\ProgramData\cocos\editors\Creator\3.8.8\resources\resources\3d\engine\bin\.cache\dev\editor\bundled\index.js:167821:9)
    at sentryWrapped (C:\ProgramData\cocos\editors\Creator\3.8.8\resources\app.asar\node_modules\@sentry\browser\src\helpers.ts:116:17)
9-9-2026 18:35:14 - error: [Scene] Script "6e964qkrR5F2YvWvH5N+eXO" attached to "BlueUnit" is missing or invalid. Detailed information:
Node path: "BlueUnit"
Script UUID: "6e964aa4-ad1e-45d9-8bd6-bc7e4df9e5ce"
Class ID: "6e964qkrR5F2YvWvH5N+eXO"
Error: [Scene] Script "6e964qkrR5F2YvWvH5N+eXO" attached to "BlueUnit" is missing or invalid. Detailed information:
Node path: "BlueUnit"
Script UUID: "6e964aa4-ad1e-45d9-8bd6-bc7e4df9e5ce"
Class ID: "6e964qkrR5F2YvWvH5N+eXO"

    at console.error (C:\ProgramData\cocos\editors\Creator\3.8.8\resources\app.asar\node_modules\@sentry\core\src\utils-hoist\instrument\console.ts:40:14)
    at report (C:\ProgramData\cocos\editors\Creator\3.8.8\resources\app.asar\builtin\engine\dist\editor-extends\missing-reporter\missing-class-reporter.ccc:7:25)
    at reportByWalker (C:\ProgramData\cocos\editors\Creator\3.8.8\resources\app.asar\builtin\engine\dist\editor-extends\missing-reporter\missing-class-reporter.ccc:7:127)
9-9-2026 18:35:14 - error: [Scene] Script "447a2LC9oVLFLwtjUuBODgj" attached to "BlueUnit" is missing or invalid. Detailed information:
Node path: "BlueUnit"
Script UUID: "447a22c2-f685-4b14-bc2d-8d4b81383823"
Class ID: "447a2LC9oVLFLwtjUuBODgj"
Error: [Scene] Script "447a2LC9oVLFLwtjUuBODgj" attached to "BlueUnit" is missing or invalid. Detailed information:
Node path: "BlueUnit"
Script UUID: "447a22c2-f685-4b14-bc2d-8d4b81383823"
Class ID: "447a2LC9oVLFLwtjUuBODgj"

    at console.error (C:\ProgramData\cocos\editors\Creator\3.8.8\resources\app.asar\node_modules\@sentry\core\src\utils-hoist\instrument\console.ts:40:14)
    at report (C:\ProgramData\cocos\editors\Creator\3.8.8\resources\app.asar\builtin\engine\dist\editor-extends\missing-reporter\missing-class-reporter.ccc:7:25)
    at reportByWalker (C:\ProgramData\cocos\editors\Creator\3.8.8\resources\app.asar\builtin\engine\dist\editor-extends\missing-reporter\missing-class-reporter.ccc:7:127)
9-9-2026 18:35:14 - error: [Scene] Script "6e964qkrR5F2YvWvH5N+eXO" attached to "RedUnit" is missing or invalid. Detailed information:
Node path: "RedUnit"
Script UUID: "6e964aa4-ad1e-45d9-8bd6-bc7e4df9e5ce"
Class ID: "6e964qkrR5F2YvWvH5N+eXO"
Error: [Scene] Script "6e964qkrR5F2YvWvH5N+eXO" attached to "RedUnit" is missing or invalid. Detailed information:
Node path: "RedUnit"
Script UUID: "6e964aa4-ad1e-45d9-8bd6-bc7e4df9e5ce"
Class ID: "6e964qkrR5F2YvWvH5N+eXO"

    at console.error (C:\ProgramData\cocos\editors\Creator\3.8.8\resources\app.asar\node_modules\@sentry\core\src\utils-hoist\instrument\console.ts:40:14)
    at report (C:\ProgramData\cocos\editors\Creator\3.8.8\resources\app.asar\builtin\engine\dist\editor-extends\missing-reporter\missing-class-reporter.ccc:7:25)
    at reportByWalker (C:\ProgramData\cocos\editors\Creator\3.8.8\resources\app.asar\builtin\engine\dist\editor-extends\missing-reporter\missing-class-reporter.ccc:7:127)
9-9-2026 18:35:14 - error: [Scene] Script "447a2LC9oVLFLwtjUuBODgj" attached to "RedUnit" is missing or invalid. Detailed information:
Node path: "RedUnit"
Script UUID: "447a22c2-f685-4b14-bc2d-8d4b81383823"
Class ID: "447a2LC9oVLFLwtjUuBODgj"
Error: [Scene] Script "447a2LC9oVLFLwtjUuBODgj" attached to "RedUnit" is missing or invalid. Detailed information:
Node path: "RedUnit"
Script UUID: "447a22c2-f685-4b14-bc2d-8d4b81383823"
Class ID: "447a2LC9oVLFLwtjUuBODgj"

    at console.error (C:\ProgramData\cocos\editors\Creator\3.8.8\resources\app.asar\node_modules\@sentry\core\src\utils-hoist\instrument\console.ts:40:14)
    at report (C:\ProgramData\cocos\editors\Creator\3.8.8\resources\app.asar\builtin\engine\dist\editor-extends\missing-reporter\missing-class-reporter.ccc:7:25)
    at reportByWalker (C:\ProgramData\cocos\editors\Creator\3.8.8\resources\app.asar\builtin\engine\dist\editor-extends\missing-reporter\missing-class-reporter.ccc:7:127)
9-9-2026 18:35:15 - error: [Programming] {hidden(::PackerDriver::)} UNKNOWN: unknown error, open 'D:\Works\Github\BattleGame\temp\programming\packer-driver\targets\preview\chunks\4c\4c2b696cf74ad4a64312434293dff943ef04c44b.js'Error: [Programming] {hidden(::PackerDriver::)} UNKNOWN: unknown error, open 'D:\Works\Github\BattleGame\temp\programming\packer-driver\targets\preview\chunks\4c\4c2b696cf74ad4a64312434293dff943ef04c44b.js'
    at console.error (C:\ProgramData\cocos\editors\Creator\3.8.8\resources\app.asar\node_modules\@sentry\core\build\cjs\utils-hoist\instrument\console.js:38:14)
    at PackerDriverLogger.error (C:\ProgramData\cocos\editors\Creator\3.8.8\resources\app.asar\builtin\programming\dist\packer-driver\logger.ccc:1:1102)
    at QuickPack._inspectWithCache (C:\ProgramData\cocos\editors\Creator\3.8.8\resources\app.asar\node_modules\@cocos\creator-programming-quick-pack\lib\quick-pack.js:217:26)
    at QuickPack._getOrCreateInspectRecord (C:\ProgramData\cocos\editors\Creator\3.8.8\resources\app.asar\node_modules\@cocos\creator-programming-quick-pack\lib\quick-pack.js:161:64)
    at handleImport (C:\ProgramData\cocos\editors\Creator\3.8.8\resources\app.asar\node_modules\@cocos\creator-programming-quick-pack\lib\quick-pack.js:271:40)
    at QuickPack._link (C:\ProgramData\cocos\editors\Creator\3.8.8\resources\app.asar\node_modules\@cocos\creator-programming-quick-pack\lib\quick-pack.js:289:29)
    at Object.linkCb (C:\ProgramData\cocos\editors\Creator\3.8.8\resources\app.asar\node_modules\@cocos\creator-programming-quick-pack\lib\quick-pack.js:167:51)
    at QuickPack._instantiateAll (C:\ProgramData\cocos\editors\Creator\3.8.8\resources\app.asar\node_modules\@cocos\creator-programming-quick-pack\lib\quick-pack.js:179:73)
    at QuickPack.build (C:\ProgramData\cocos\editors\Creator\3.8.8\resources\app.asar\node_modules\@cocos\creator-programming-quick-pack\lib\quick-pack.js:59:18)
    at async PackTarget.<anonymous> (C:\ProgramData\cocos\editors\Creator\3.8.8\resources\app.asar\builtin\programming\dist\packer-driver\packer-driver.ccc:3:3675)
    at async PackTarget.build (C:\ProgramData\cocos\editors\Creator\3.8.8\resources\app.asar\builtin\programming\dist\packer-driver\packer-driver.ccc:3:3628)
    at async PackerDriver._startBuildIteration (C:\ProgramData\cocos\editors\Creator\3.8.8\resources\app.asar\builtin\programming\dist\packer-driver\packer-driver.ccc:2:554)
9-9-2026 18:35:16 - log: waiting the ready of builder worker...
