{
  "__type__": "cc.Skeleton",
  "_name": "Skin-0",
  "_objFlags": 0,
  "__editorExtras__": {},
  "_native": "",
  "_joints": [
    "Root_M",
    "Root_M/Spine1_M",
    "Root_M/Spine1_M/Chest_M",
    "Root_M/Spine1_M/Chest_M/Neck_M",
    "Root_M/Spine1_M/Chest_M/Neck_M/Head_M",
    "Root_M/Spine1_M/Chest_M/Neck_M/Head_M/Jaw_M",
    "Root_M/Spine1_M/Chest_M/Neck_M/Head_M/Nose_M",
    "Root_M/Spine1_M/Chest_M/Scapula_R",
    "Root_M/Spine1_M/Chest_M/Scapula_R/Shoulder_R",
    "Root_M/Spine1_M/Chest_M/Scapula_R/Shoulder_R/Elbow_R",
    "Root_M/Spine1_M/Chest_M/Scapula_R/Shoulder_R/Elbow_R/Wrist_R",
    "Root_M/Spine1_M/Chest_M/Scapula_R/Shoulder_R/Elbow_R/Wrist_R/Fingers1_R",
    "Root_M/Spine1_M/Chest_M/Scapula_L",
    "Root_M/Spine1_M/Chest_M/Scapula_L/Shoulder_L",
    "Root_M/Spine1_M/Chest_M/Scapula_L/Shoulder_L/Elbow_L",
    "Root_M/Spine1_M/Chest_M/Scapula_L/Shoulder_L/Elbow_L/Wrist_L",
    "Root_M/Spine1_M/Chest_M/Scapula_L/Shoulder_L/Elbow_L/Wrist_L/Fingers1_L",
    "Root_M/Tail0_M",
    "Root_M/Tail0_M/Tail1_M",
    "Root_M/Hip_R",
    "Root_M/Hip_R/Knee_R",
    "Root_M/Hip_R/Knee_R/Ankle_R",
    "Root_M/Hip_R/Knee_R/Ankle_R/Toes1_R",
    "Root_M/Hip_L",
    "Root_M/Hip_L/Knee_L",
    "Root_M/Hip_L/Knee_L/Ankle_L",
    "Root_M/Hip_L/Knee_L/Ankle_L/Toes1_L"
  ],
  "_bindposes": [
    {
      "__type__": "cc.Mat4",
      "m00": -6.294423426596751e-18,
      "m01": -1,
      "m02": -5.424342084190396e-17,
      "m03": 0,
      "m04": -0.009280114434659481,
      "m05": 5.429949706999015e-17,
      "m06": -0.9999568462371826,
      "m07": 0,
      "m08": 0.9999568462371826,
      "m09": -5.79076680009332e-18,
      "m10": -0.009280114434659481,
      "m11": 0,
      "m12": 129.7422637939453,
      "m13": 6.041588562766265e-8,
      "m14": 172.9846649169922,
      "m15": 1
    },
    {
      "__type__": "cc.Mat4",
      "m00": -4.0978196835794733e-8,
      "m01": 5.898593613551384e-8,
      "m02": -1.000000238418579,
      "m03": 0,
      "m04": -0.9997658133506775,
      "m05": 0.02164265513420105,
      "m06": 4.2245208220492714e-8,
      "m07": 0,
      "m08": 0.02164265513420105,
      "m09": 0.9997658133506775,
      "m10": 5.80852415055233e-8,
      "m11": 0,
      "m12": 175.3777618408203,
      "m13": 74.68434143066406,
      "m14": -0.00000272092279374192,
      "m15": 1
    },
    {
      "__type__": "cc.Mat4",
      "m00": -1.4414156623843155e-7,
      "m01": 1.013829518115017e-7,
      "m02": -1.0000001192092896,
      "m03": 0,
      "m04": -0.9956091046333313,
      "m05": 0.09360919892787933,
      "m06": 1.529990356630151e-7,
      "m07": 0,
      "m08": 0.09360918402671814,
      "m09": 0.9956091642379761,
      "m10": 8.744481050371178e-8,
      "m11": 0,
      "m12": 175.7916259765625,
      "m13": -0.5959663987159729,
      "m14": -0.0000237558033404639,
      "m15": 1
    },
    {
      "__type__": "cc.Mat4",
      "m00": 7.15033543485788e-9,
      "m01": -7.848230154650082e-8,
      "m02": -1,
      "m03": 0,
      "m04": -0.7860407829284668,
      "m05": 0.6181746125221252,
      "m06": -5.413622972127996e-8,
      "m07": 0,
      "m08": 0.6181744933128357,
      "m09": 0.7860408425331116,
      "m10": -5.727014595890978e-8,
      "m11": 0,
      "m12": 120.61421203613281,
      "m13": -123.36279296875,
      "m14": 0.000012095221791241784,
      "m15": 1
    },
    {
      "__type__": "cc.Mat4",
      "m00": -1.5316972223899938e-7,
      "m01": -1.3677214028007256e-8,
      "m02": 1.0000001192092896,
      "m03": 0,
      "m04": 0.8636286854743958,
      "m05": -0.5041288733482361,
      "m06": 1.2538666283035127e-7,
      "m07": 0,
      "m08": 0.5041287541389465,
      "m09": 0.8636289834976196,
      "m10": 8.902926396103794e-8,
      "m11": 0,
      "m12": -192.09292602539062,
      "m13": 53.83737564086914,
      "m14": -0.000030686831451021135,
      "m15": 1
    },
    {
      "__type__": "cc.Mat4",
      "m00": -2.1825778517836625e-8,
      "m01": -1.181489306389949e-8,
      "m02": 1,
      "m03": 0,
      "m04": -0.6689071655273438,
      "m05": -0.743346095085144,
      "m06": -2.338197013784793e-8,
      "m07": 0,
      "m08": 0.7433462738990784,
      "m09": -0.6689069867134094,
      "m10": 8.321038968972516e-9,
      "m11": 0,
      "m12": 51.732215881347656,
      "m13": 174.6964569091797,
      "m14": 0.0000018007825701715774,
      "m15": 1
    },
    {
      "__type__": "cc.Mat4",
      "m00": 3.3242805841382506e-8,
      "m01": 2.058392212234139e-8,
      "m02": -1.0000001192092896,
      "m03": 0,
      "m04": 0.6235605478286743,
      "m05": 0.7817762494087219,
      "m06": 3.682086102685389e-8,
      "m07": 0,
      "m08": 0.7817766070365906,
      "m09": -0.6235601305961609,
      "m10": 1.3153092837114855e-8,
      "m11": 0,
      "m12": -267.3202209472656,
      "m13": -56.05562973022461,
      "m14": -0.000007697691216890235,
      "m15": 1
    },
    {
      "__type__": "cc.Mat4",
      "m00": -1.0967985275556202e-7,
      "m01": -0.5959500074386597,
      "m02": 0.8030216693878174,
      "m03": 0,
      "m04": 0.7525013089179993,
      "m05": -0.5288627743721008,
      "m06": -0.3924870193004608,
      "m07": 0,
      "m08": 0.6585907936096191,
      "m09": 0.6042749285697937,
      "m10": 0.4484531283378601,
      "m11": 0,
      "m12": -112.55921173095703,
      "m13": 65.14524841308594,
      "m14": 88.17634582519531,
      "m15": 1
    },
    {
      "__type__": "cc.Mat4",
      "m00": 3.4922729241770867e-7,
      "m01": 2.5768571276785224e-7,
      "m02": 1.0000003576278687,
      "m03": 0,
      "m04": -0.4881419837474823,
      "m05": -0.8727642893791199,
      "m06": 3.9537150087198825e-7,
      "m07": 0,
      "m08": 0.8727643489837646,
      "m09": -0.4881419539451599,
      "m10": -1.790059656059384e-7,
      "m11": 0,
      "m12": 32.17234420776367,
      "m13": 121.88594818115234,
      "m14": 67.6823959350586,
      "m15": 1
    },
    {
      "__type__": "cc.Mat4",
      "m00": -4.284827639366995e-7,
      "m01": -4.878395998275664e-7,
      "m02": 1.0000003576278687,
      "m03": 0,
      "m04": 0.3298143744468689,
      "m05": -0.944045901298523,
      "m06": -3.1922314747134806e-7,
      "m07": 0,
      "m08": 0.9440457224845886,
      "m09": 0.32981443405151367,
      "m10": 5.654039796354482e-7,
      "m11": 0,
      "m12": -24.140357971191406,
      "m13": 64.34774017333984,
      "m14": 67.68245697021484,
      "m15": 1
    },
    {
      "__type__": "cc.Mat4",
      "m00": 0.0000014329459645523457,
      "m01": 1.8340855945098156e-7,
      "m02": 1.0000003576278687,
      "m03": 0,
      "m04": 0.5649495720863342,
      "m05": -0.8251253962516785,
      "m06": -6.582076821359806e-7,
      "m07": 0,
      "m08": 0.8251252174377441,
      "m09": 0.5649496912956238,
      "m10": -0.0000012859774187745643,
      "m11": 0,
      "m12": -30.639568328857422,
      "m13": 20.810380935668945,
      "m14": 67.68247985839844,
      "m15": 1
    },
    {
      "__type__": "cc.Mat4",
      "m00": 1.0848766152093958e-7,
      "m01": 2.5386395918758353e-7,
      "m02": 1.000000238418579,
      "m03": 0,
      "m04": 1,
      "m05": -2.1519683457427163e-7,
      "m06": -1.0848764020465751e-7,
      "m07": 0,
      "m08": 2.1519682036341692e-7,
      "m09": 0.9999998807907104,
      "m10": -2.5386407287442125e-7,
      "m11": 0,
      "m12": -16.252946853637695,
      "m13": -26.005203247070312,
      "m14": 67.68244934082031,
      "m15": 1
    },
    {
      "__type__": "cc.Mat4",
      "m00": -2.0982184878448606e-7,
      "m01": 0.5959498286247253,
      "m02": -0.8030217885971069,
      "m03": 0,
      "m04": -0.7525015473365784,
      "m05": -0.5288625955581665,
      "m06": -0.3924867510795593,
      "m07": 0,
      "m08": -0.6585906147956848,
      "m09": 0.6042749881744385,
      "m10": 0.44845321774482727,
      "m11": 0,
      "m12": 112.55925750732422,
      "m13": 65.14521789550781,
      "m14": 88.17630767822266,
      "m15": 1
    },
    {
      "__type__": "cc.Mat4",