{
  "__type__": "cc.Skeleton",
  "_name": "Skin-0",
  "_objFlags": 0,
  "__editorExtras__": {},
  "_native": "",
  "_joints": [
    "Root_M",
    "Root_M/Spine1_M",
    "Root_M/Spine1_M/Chest_M",
    "Root_M/Spine1_M/Chest_M/Neck_M",
    "Root_M/Spine1_M/Chest_M/Neck_M/Head_M",
    "Root_M/Spine1_M/Chest_M/Neck_M/Head_M/Jaw_M",
    "Root_M/Spine1_M/Chest_M/Neck_M/Head_M/Nose_M",
    "Root_M/Spine1_M/Chest_M/Scapula_R",
    "Root_M/Spine1_M/Chest_M/Scapula_R/Shoulder_R",
    "Root_M/Spine1_M/Chest_M/Scapula_R/Shoulder_R/Elbow_R",
    "Root_M/Spine1_M/Chest_M/Scapula_R/Shoulder_R/Elbow_R/Wrist_R",
    "Root_M/Spine1_M/Chest_M/Scapula_R/Shoulder_R/Elbow_R/Wrist_R/Fingers1_R",
    "Root_M/Spine1_M/Chest_M/Scapula_L",
    "Root_M/Spine1_M/Chest_M/Scapula_L/Shoulder_L",
    "Root_M/Spine1_M/Chest_M/Scapula_L/Shoulder_L/Elbow_L",
    "Root_M/Spine1_M/Chest_M/Scapula_L/Shoulder_L/Elbow_L/Wrist_L",
    "Root_M/Spine1_M/Chest_M/Scapula_L/Shoulder_L/Elbow_L/Wrist_L/Fingers1_L",
    "Root_M/Tail0_M",
    "Root_M/Tail0_M/Tail1_M",
    "Root_M/Hip_R",
    "Root_M/Hip_R/Knee_R",
    "Root_M/Hip_R/Knee_R/Ankle_R",
    "Root_M/Hip_R/Knee_R/Ankle_R/Toes1_R",
    "Root_M/Hip_L",
    "Root_M/Hip_L/Knee_L",
    "Root_M/Hip_L/Knee_L/Ankle_L",
    "Root_M/Hip_L/Knee_L/Ankle_L/Toes1_L"
  ],
  "_bindposes": [
    {
      "__type__": "cc.Mat4",
      "m00": -4.056479319114459e-10,
      "m01": -2.106969176907114e-8,
      "m02": 1,
      "m03": 0,
      "m04": -0.009280149824917316,
      "m05": -0.9999570250511169,
      "m06": -2.1072548150868897e-8,
      "m07": 0,
      "m08": 0.9999570250511169,
      "m09": -0.009280149824917316,
      "m10": 2.1010054807035772e-10,
      "m11": 0,
      "m12": 1.2974224090576172,
      "m13": 1.7298468351364136,
      "m14": 3.697368455846117e-8,
      "m15": 1
    },
    {
      "__type__": "cc.Mat4",
      "m00": 2.4601184978045865e-10,
      "m01": -2.1072146694223193e-8,
      "m02": 1,
      "m03": 0,
      "m04": 0.021642599254846573,
      "m05": -0.9997659921646118,
      "m06": -2.1072530387300503e-8,
      "m07": 0,
      "m08": 0.9997659921646118,
      "m09": 0.021642599254846573,
      "m10": 2.1010167217117015e-10,
      "m11": 0,
      "m12": 0.7468435168266296,
      "m13": 1.7537775039672852,
      "m14": 3.6973652584038064e-8,
      "m15": 1
    },
    {
      "__type__": "cc.Mat4",
      "m00": 1.763397206033801e-9,
      "m01": -2.0999669558818823e-8,
      "m02": 1,
      "m03": 0,
      "m04": 0.09360899776220322,
      "m05": -0.9956089854240417,
      "m06": -2.1072532163657343e-8,
      "m07": 0,
      "m08": 0.9956089854240417,
      "m09": 0.09360899776220322,
      "m10": 2.1010401751730967e-10,
      "m11": 0,
      "m12": -0.005959609989076853,
      "m13": 1.7579156160354614,
      "m14": 3.738165688105255e-8,
      "m15": 1
    },
    {
      "__type__": "cc.Mat4",
      "m00": 1.2861344877990177e-8,
      "m01": -1.6693729065764273e-8,
      "m02": 1,
      "m03": 0,
      "m04": 0.6181750297546387,
      "m05": -0.7860410213470459,
      "m06": -2.1072500189234233e-8,
      "m07": 0,
      "m08": 0.7860410213470459,
      "m09": 0.6181750297546387,
      "m10": 2.101019219713507e-10,
      "m11": 0,
      "m12": -1.2336276769638062,
      "m13": 1.2061423063278198,
      "m14": 3.738160003763369e-8,
      "m15": 1
    },
    {
      "__type__": "cc.Mat4",
      "m00": 1.8092883635745238e-8,
      "m01": -1.0804689587473604e-8,
      "m02": 1,
      "m03": 0,
      "m04": 0.8636279702186584,
      "m05": -0.5041289925575256,
      "m06": -2.1072491307450036e-8,
      "m07": 0,
      "m08": 0.5041289925575256,
      "m09": 0.8636279702186584,
      "m10": 2.100859486375839e-10,
      "m11": 0,
      "m12": -1.9209283590316772,
      "m13": 0.5383742451667786,
      "m14": 3.7459091828395685e-8,
      "m15": 1
    },
    {
      "__type__": "cc.Mat4",
      "m00": -1.4251720692470826e-8,
      "m01": -1.55237227517091e-8,
      "m02": 1,
      "m03": 0,
      "m04": -0.6689069867134094,
      "m05": -0.7433459758758545,
      "m06": -2.1072576572578328e-8,
      "m07": 0,
      "m08": 0.7433459758758545,
      "m09": -0.6689069867134094,
      "m10": 2.100326579324019e-10,
      "m11": 0,
      "m12": 0.5173214077949524,
      "m13": 1.746964454650879,
      "m14": 3.745928012222066e-8,
      "m15": 1
    },
    {
      "__type__": "cc.Mat4",
      "m00": 1.297569518499131e-8,
      "m01": 1.6604994712565713e-8,
      "m02": -1,
      "m03": 0,
      "m04": 0.6235589981079102,
      "m05": 0.7817760109901428,
      "m06": 2.107250729466159e-8,
      "m07": 0,
      "m08": 0.7817760109901428,
      "m09": -0.6235589981079102,
      "m10": -2.1010643225238823e-10,
      "m11": 0,
      "m12": -2.6731977462768555,
      "m13": -0.5605570077896118,
      "m14": -3.74591060392504e-8,
      "m15": 1
    },
    {
      "__type__": "cc.Mat4",
      "m00": -0.5959498882293701,
      "m01": -1.9792786076777702e-7,
      "m02": -0.803022027015686,
      "m03": 0,
      "m04": -0.5288631916046143,
      "m05": 0.7525010704994202,
      "m06": 0.3924869894981384,
      "m07": 0,
      "m08": 0.6042749881744385,
      "m09": 0.6585909128189087,
      "m10": -0.44845300912857056,
      "m11": 0,
      "m12": 0.651452362537384,
      "m13": -1.1255923509597778,
      "m14": -0.8817635774612427,
      "m15": 1
    },
    {
      "__type__": "cc.Mat4",
      "m00": 1.575939556630601e-8,
      "m01": 3.437489937141436e-8,
      "m02": -1,
      "m03": 0,
      "m04": -0.872763991355896,
      "m05": -0.4881420135498047,
      "m06": -3.053407837683153e-8,
      "m07": 0,
      "m08": -0.4881420135498047,
      "m09": 0.872763991355896,
      "m10": 2.230835960403965e-8,
      "m11": 0,
      "m12": 1.2188589572906494,
      "m13": 0.321723610162735,
      "m14": -0.6768244504928589,
      "m15": 1
    },
    {
      "__type__": "cc.Mat4",
      "m00": 3.61832164230691e-8,
      "m01": 1.0989594123600455e-8,
      "m02": -1,
      "m03": 0,
      "m04": -0.9440460205078125,
      "m05": 0.32981398701667786,
      "m06": -3.0534096140399924e-8,
      "m07": 0,
      "m08": 0.32981398701667786,
      "m09": 0.9440460205078125,
      "m10": 2.2308411118387994e-8,
      "m11": 0,
      "m12": 0.6434774994850159,
      "m13": -0.24140335619449615,
      "m14": -0.6768244504928589,
      "m15": 1
    },
    {
      "__type__": "cc.Mat4",
      "m00": 1.0629948832274749e-7,
      "m01": -2.250763486699725e-8,
      "m02": -1,
      "m03": 0,
      "m04": -0.8251259922981262,
      "m05": 0.5649489760398865,
      "m06": -1.0042610654181772e-7,
      "m07": 0,
      "m08": 0.5649489760398865,
      "m09": 0.8251259922981262,
      "m10": 4.148214216570523e-8,
      "m11": 0,
      "m12": 0.2081039547920227,
      "m13": -0.3063967227935791,
      "m14": -0.6768243908882141,
      "m15": 1
    },
    {
      "__type__": "cc.Mat4",
      "m00": 9.693089886297912e-9,
      "m01": -1.7941399477194864e-8,
      "m02": -1,
      "m03": 0,
      "m04": -4.930380657631324e-32,
      "m05": 1,
      "m06": -1.7941399477194864e-8,
      "m07": 0,
      "m08": 1,
      "m09": 1.739076034185612e-16,
      "m10": 9.693089886297912e-9,
      "m11": 0,
      "m12": -0.2600521445274353,
      "m13": -0.16252966225147247,
      "m14": -0.6768243908882141,
      "m15": 1
    },
    {
      "__type__": "cc.Mat4",
      "m00": -0.5959498882293701,
      "m01": -2.138962997833005e-7,
      "m02": -0.803022027015686,
      "m03": 0,
      "m04": 0.5288631916046143,
      "m05": -0.7525010704994202,
      "m06": -0.3924869894981384,
      "m07": 0,
      "m08": -0.6042749881744385,
      "m09": -0.6585909128189087,
      "m10": 0.44845300912857056,
      "m11": 0,
      "m12": -0.6514524221420288,
      "m13": 1.1255923509597778,
      "m14": 0.8817635178565979,
      "m15": 1
    },
    {
      "__type__": "cc.Mat4",
      "m00": -2.146755662124633e-8,
      "m01": 1.4313724427950092e-8,
      "m02": -1,
      "m03": 0,
      "m04": 0.872763991355896,