16:54:56.148 debug: 9/17/2026, 4:54:56 PM
16:54:56.148 debug: Project: D:\Works\Github\BattleGame
16:54:56.149 debug: Targets: editor,preview
16:54:56.155 debug: Incremental file seems great.
16:54:56.155 debug: Engine path: C:\ProgramData\cocos\editors\Creator\3.8.8\resources\resources\3d\engine
16:54:56.168 debug: Initializing target [Editor]
16:54:56.168 debug: Loading cache
16:54:56.202 debug: Loading cache costs 34.0029999999997ms.
16:54:56.203 debug: Engine features shipped in editor: base,gfx-webgl,gfx-webgl2,gfx-empty,gfx-webgpu,3d,animation,skeletal-animation,2d,rich-text,mask,graphics,ui-skew,ui,affine-transform,sorting-2d,particle,particle-2d,physics-framework,physics-cannon,physics-physx,physics-ammo,physics-builtin,physics-2d-framework,physics-2d-box2d-jsb,physics-2d-box2d,physics-2d-builtin,physics-2d-box2d-wasm,intersection-2d,primitive,profiler,occlusion-query,geometry-renderer,debug-renderer,audio,video,xr,light-probe,terrain,webview,tween,tiled-map,vendor-google,spine-3.8,spine-4.2,dragon-bones,marionette,procedural-animation,custom-pipeline,custom-pipeline-builtin-scripts,custom-pipeline-post-process,legacy-pipeline,websocket,websocket-server,meshopt
16:54:56.203 debug: Our import map(foo:/bar): {
  "imports": {
    "cc": "cce:/internal/x/cc"
  }
}
16:54:56.203 debug: Initializing target [Preview]
16:54:56.203 debug: Loading cache
16:54:56.248 debug: Loading cache costs 44.88670000000002ms.
16:54:56.249 debug: Our import map(foo:/bar): {
  "imports": {
    "cc": "cce:/internal/x/cc"
  }
}
16:54:56.277 debug: Sync engine features: 2d,3d,affine-transform,animation,audio,base,custom-pipeline,gfx-webgl,gfx-webgl2,graphics,light-probe,marionette,mask,occlusion-query,particle,particle-2d,primitive,procedural-animation,profiler,rich-text,skeletal-animation,tween,ui,websocket
16:54:56.279 debug: Reset databases. Enumerated domains: [
  {
    "root": "db://internal/",
    "physical": "C:\\ProgramData\\cocos\\editors\\Creator\\3.8.8\\resources\\resources\\3d\\engine\\editor\\assets"
  },
  {
    "root": "db://assets/",
    "physical": "D:\\Works\\Github\\BattleGame\\assets"
  }
]
16:54:56.279 debug: Our import map(foo:/bar): {
  "imports": {
    "cc": "cce:/internal/x/cc",
    "db://internal/": "file:///C:/ProgramData/cocos/editors/Creator/3.8.8/resources/resources/3d/engine/editor/assets/",
    "db://assets/": "file:///D:/Works/Github/BattleGame/assets/"
  }
}
16:54:56.280 debug: Our import map(foo:/bar): {
  "imports": {
    "cc": "cce:/internal/x/cc",
    "db://internal/": "file:///C:/ProgramData/cocos/editors/Creator/3.8.8/resources/resources/3d/engine/editor/assets/",
    "db://assets/": "file:///D:/Works/Github/BattleGame/assets/"
  }
}
16:54:56.281 debug: Pulling asset-db.
16:54:56.285 debug: Fetch asset-db cost: 4.5207000000000335ms.
16:54:56.286 debug: Build iteration starts.
Number of accumulated asset changes: 43
Feature changed: false
16:54:56.287 debug: Target(editor) build started.
16:54:56.290 debug: Detected change: cce:/internal/x/cc. Last mtime: Thu Jan 01 1970 07:00:07 GMT+0700 (Indochina Time), Current mtime: Thu Jan 01 1970 07:00:06 GMT+0700 (Indochina Time)
16:54:56.290 debug: Inspect cce:/internal/x/cc
16:54:56.351 debug: transform url: 'cce:/internal/x/cc' costs: 60.90 ms
16:54:56.352 debug: Resolve cce:/internal/x/cc-fu/base from cce:/internal/x/cc as external dependency cce:/internal/x/cc-fu/base.
16:54:56.352 debug: Resolve cce:/internal/x/cc-fu/gfx-webgl from cce:/internal/x/cc as external dependency cce:/internal/x/cc-fu/gfx-webgl.
16:54:56.352 debug: Resolve cce:/internal/x/cc-fu/gfx-webgl2 from cce:/internal/x/cc as external dependency cce:/internal/x/cc-fu/gfx-webgl2.
16:54:56.352 debug: Resolve cce:/internal/x/cc-fu/gfx-empty from cce:/internal/x/cc as external dependency cce:/internal/x/cc-fu/gfx-empty.
16:54:56.352 debug: Resolve cce:/internal/x/cc-fu/gfx-webgpu from cce:/internal/x/cc as external dependency cce:/internal/x/cc-fu/gfx-webgpu.
16:54:56.352 debug: Resolve cce:/internal/x/cc-fu/3d from cce:/internal/x/cc as external dependency cce:/internal/x/cc-fu/3d.
16:54:56.352 debug: Resolve cce:/internal/x/cc-fu/animation from cce:/internal/x/cc as external dependency cce:/internal/x/cc-fu/animation.
16:54:56.352 debug: Resolve cce:/internal/x/cc-fu/skeletal-animation from cce:/internal/x/cc as external dependency cce:/internal/x/cc-fu/skeletal-animation.
16:54:56.352 debug: Resolve cce:/internal/x/cc-fu/2d from cce:/internal/x/cc as external dependency cce:/internal/x/cc-fu/2d.
16:54:56.352 debug: Resolve cce:/internal/x/cc-fu/sorting from cce:/internal/x/cc as external dependency cce:/internal/x/cc-fu/sorting.
16:54:56.352 debug: Resolve cce:/internal/x/cc-fu/rich-text from cce:/internal/x/cc as external dependency cce:/internal/x/cc-fu/rich-text.
16:54:56.353 debug: Resolve cce:/internal/x/cc-fu/mask from cce:/internal/x/cc as external dependency cce:/internal/x/cc-fu/mask.
16:54:56.353 debug: Resolve cce:/internal/x/cc-fu/graphics from cce:/internal/x/cc as external dependency cce:/internal/x/cc-fu/graphics.
16:54:56.353 debug: Resolve cce:/internal/x/cc-fu/ui-skew from cce:/internal/x/cc as external dependency cce:/internal/x/cc-fu/ui-skew.
16:54:56.353 debug: Resolve cce:/internal/x/cc-fu/ui from cce:/internal/x/cc as external dependency cce:/internal/x/cc-fu/ui.
16:54:56.353 debug: Resolve cce:/internal/x/cc-fu/affine-transform from cce:/internal/x/cc as external dependency cce:/internal/x/cc-fu/affine-transform.
16:54:56.353 debug: Resolve cce:/internal/x/cc-fu/sorting-2d from cce:/internal/x/cc as external dependency cce:/internal/x/cc-fu/sorting-2d.
16:54:56.353 debug: Resolve cce:/internal/x/cc-fu/particle from cce:/internal/x/cc as external dependency cce:/internal/x/cc-fu/particle.
16:54:56.353 debug: Resolve cce:/internal/x/cc-fu/particle-2d from cce:/internal/x/cc as external dependency cce:/internal/x/cc-fu/particle-2d.
16:54:56.353 debug: Resolve cce:/internal/x/cc-fu/physics-framework from cce:/internal/x/cc as external dependency cce:/internal/x/cc-fu/physics-framework.
16:54:56.353 debug: Resolve cce:/internal/x/cc-fu/physics-cannon from cce:/internal/x/cc as external dependency cce:/internal/x/cc-fu/physics-cannon.
16:54:56.353 debug: Resolve cce:/internal/x/cc-fu/physics-physx from cce:/internal/x/cc as external dependency cce:/internal/x/cc-fu/physics-physx.
16:54:56.353 debug: Resolve cce:/internal/x/cc-fu/physics-ammo from cce:/internal/x/cc as external dependency cce:/internal/x/cc-fu/physics-ammo.
16:54:56.353 debug: Resolve cce:/internal/x/cc-fu/physics-builtin from cce:/internal/x/cc as external dependency cce:/internal/x/cc-fu/physics-builtin.
16:54:56.353 debug: Resolve cce:/internal/x/cc-fu/physics-2d-framework from cce:/internal/x/cc as external dependency cce:/internal/x/cc-fu/physics-2d-framework.
16:54:56.353 debug: Resolve cce:/internal/x/cc-fu/physics-2d-box2d-jsb from cce:/internal/x/cc as external dependency cce:/internal/x/cc-fu/physics-2d-box2d-jsb.
16:54:56.353 debug: Resolve cce:/internal/x/cc-fu/physics-2d-box2d from cce:/internal/x/cc as external dependency cce:/internal/x/cc-fu/physics-2d-box2d.
16:54:56.353 debug: Resolve cce:/internal/x/cc-fu/physics-2d-builtin from cce:/internal/x/cc as external dependency cce:/internal/x/cc-fu/physics-2d-builtin.
16:54:56.353 debug: Resolve cce:/internal/x/cc-fu/physics-2d-box2d-wasm from cce:/internal/x/cc as external dependency cce:/internal/x/cc-fu/physics-2d-box2d-wasm.
16:54:56.353 debug: Resolve cce:/internal/x/cc-fu/intersection-2d from cce:/internal/x/cc as external dependency cce:/internal/x/cc-fu/intersection-2d.
16:54:56.353 debug: Resolve cce:/internal/x/cc-fu/primitive from cce:/internal/x/cc as external dependency cce:/internal/x/cc-fu/primitive.
16:54:56.353 debug: Resolve cce:/internal/x/cc-fu/profiler from cce:/internal/x/cc as external dependency cce:/internal/x/cc-fu/profiler.
16:54:56.353 debug: Resolve cce:/internal/x/cc-fu/geometry-renderer from cce:/internal/x/cc as external dependency cce:/internal/x/cc-fu/geometry-renderer.
16:54:56.353 debug: Resolve cce:/internal/x/cc-fu/audio from cce:/internal/x/cc as external dependency cce:/internal/x/cc-fu/audio.
16:54:56.353 debug: Resolve cce:/internal/x/cc-fu/video from cce:/internal/x/cc as external dependency cce:/internal/x/cc-fu/video.
16:54:56.353 debug: Resolve cce:/internal/x/cc-fu/xr from cce:/internal/x/cc as external dependency cce:/internal/x/cc-fu/xr.
16:54:56.353 debug: Resolve cce:/internal/x/cc-fu/light-probe from cce:/internal/x/cc as external dependency cce:/internal/x/cc-fu/light-probe.
16:54:56.354 debug: Resolve cce:/internal/x/cc-fu/terrain from cce:/internal/x/cc as external dependency cce:/internal/x/cc-fu/terrain.
16:54:56.354 debug: Resolve cce:/internal/x/cc-fu/webview from cce:/internal/x/cc as external dependency cce:/internal/x/cc-fu/webview.
16:54:56.354 debug: Resolve cce:/internal/x/cc-fu/tween from cce:/internal/x/cc as external dependency cce:/internal/x/cc-fu/tween.
16:54:56.354 debug: Resolve cce:/internal/x/cc-fu/tiled-map from cce:/internal/x/cc as external dependency cce:/internal/x/cc-fu/tiled-map.
16:54:56.354 debug: Resolve cce:/internal/x/cc-fu/vendor-google from cce:/internal/x/cc as external dependency cce:/internal/x/cc-fu/vendor-google.
16:54:56.354 debug: Resolve cce:/internal/x/cc-fu/spine from cce:/internal/x/cc as external dependency cce:/internal/x/cc-fu/spine.
16:54:56.354 debug: Resolve cce:/internal/x/cc-fu/dragon-bones from cce:/internal/x/cc as external dependency cce:/internal/x/cc-fu/dragon-bones.
16:54:56.354 debug: Resolve cce:/internal/x/cc-fu/custom-pipeline from cce:/internal/x/cc as external dependency cce:/internal/x/cc-fu/custom-pipeline.
16:54:56.354 debug: Resolve cce:/internal/x/cc-fu/custom-pipeline-post-process from cce:/internal/x/cc as external dependency cce:/internal/x/cc-fu/custom-pipeline-post-process.
16:54:56.354 debug: Resolve cce:/internal/x/cc-fu/legacy-pipeline from cce:/internal/x/cc as external dependency cce:/internal/x/cc-fu/legacy-pipeline.
16:54:56.354 debug: Detected change: cce:/internal/x/prerequisite-imports. Last mtime: Thu Jan 01 1970 13:37:28 GMT+0700 (Indochina Time), Current mtime: Thu Jan 01 1970 07:00:06 GMT+0700 (Indochina Time)
16:54:56.354 debug: Inspect cce:/internal/x/prerequisite-imports
16:54:56.382 debug: transform url: 'cce:/internal/x/prerequisite-imports' costs: 27.60 ms
16:54:56.384 debug: Resolve file:///C:/ProgramData/cocos/editors/Creator/3.8.8/resources/resources/3d/engine/editor/assets/default_renderpipeline/builtin-dof-pass.ts from cce:/internal/x/prerequisite-imports as file:///C:/ProgramData/cocos/editors/Creator/3.8.8/resources/resources/3d/engine/editor/assets/default_renderpipeline/builtin-dof-pass.ts.
16:54:56.384 debug: Resolve file:///C:/ProgramData/cocos/editors/Creator/3.8.8/resources/resources/3d/engine/editor/assets/default_renderpipeline/builtin-pipeline-pass.ts from cce:/internal/x/prerequisite-imports as file:///C:/ProgramData/cocos/editors/Creator/3.8.8/resources/resources/3d/engine/editor/assets/default_renderpipeline/builtin-pipeline-pass.ts.
16:54:56.385 debug: Resolve file:///C:/ProgramData/cocos/editors/Creator/3.8.8/resources/resources/3d/engine/editor/assets/default_renderpipeline/builtin-pipeline-settings.ts from cce:/internal/x/prerequisite-imports as file:///C:/ProgramData/cocos/editors/Creator/3.8.8/resources/resources/3d/engine/editor/assets/default_renderpipeline/builtin-pipeline-settings.ts.
16:54:56.386 debug: Resolve file:///C:/ProgramData/cocos/editors/Creator/3.8.8/resources/resources/3d/engine/editor/assets/default_renderpipeline/builtin-pipeline-types.ts from cce:/internal/x/prerequisite-imports as file:///C:/ProgramData/cocos/editors/Creator/3.8.8/resources/resources/3d/engine/editor/assets/default_renderpipeline/builtin-pipeline-types.ts.
16:54:56.387 debug: Resolve file:///C:/ProgramData/cocos/editors/Creator/3.8.8/resources/resources/3d/engine/editor/assets/default_renderpipeline/builtin-pipeline.ts from cce:/internal/x/prerequisite-imports as file:///C:/ProgramData/cocos/editors/Creator/3.8.8/resources/resources/3d/engine/editor/assets/default_renderpipeline/builtin-pipeline.ts.
16:54:56.387 debug: Resolve file:///C:/ProgramData/cocos/editors/Creator/3.8.8/resources/resources/3d/engine/editor/assets/tools/debug-view-runtime-control.ts from cce:/internal/x/prerequisite-imports as file:///C:/ProgramData/cocos/editors/Creator/3.8.8/resources/resources/3d/engine/editor/assets/tools/debug-view-runtime-control.ts.
16:54:56.388 debug: Resolve file:///D:/Works/Github/BattleGame/assets/3D/Fighter/EventTest.ts from cce:/internal/x/prerequisite-imports as file:///D:/Works/Github/BattleGame/assets/3D/Fighter/EventTest.ts.
16:54:56.388 debug: Resolve file:///D:/Works/Github/BattleGame/assets/scripts/BattleArmyBrain.ts from cce:/internal/x/prerequisite-imports as file:///D:/Works/Github/BattleGame/assets/scripts/BattleArmyBrain.ts.
16:54:56.388 debug: Resolve file:///D:/Works/Github/BattleGame/assets/scripts/BattleCardDatabase.ts from cce:/internal/x/prerequisite-imports as file:///D:/Works/Github/BattleGame/assets/scripts/BattleCardDatabase.ts.
16:54:56.389 debug: Resolve file:///D:/Works/Github/BattleGame/assets/scripts/BattleCardRuntime.ts from cce:/internal/x/prerequisite-imports as file:///D:/Works/Github/BattleGame/assets/scripts/BattleCardRuntime.ts.
16:54:56.389 debug: Resolve file:///D:/Works/Github/BattleGame/assets/scripts/BattleCinematicCameraController.ts from cce:/internal/x/prerequisite-imports as file:///D:/Works/Github/BattleGame/assets/scripts/BattleCinematicCameraController.ts.
16:54:56.389 debug: Resolve file:///D:/Works/Github/BattleGame/assets/scripts/BattleInformationIconItem.ts from cce:/internal/x/prerequisite-imports as file:///D:/Works/Github/BattleGame/assets/scripts/BattleInformationIconItem.ts.
16:54:56.390 debug: Resolve file:///D:/Works/Github/BattleGame/assets/scripts/BattleSpatialGrid.ts from cce:/internal/x/prerequisite-imports as file:///D:/Works/Github/BattleGame/assets/scripts/BattleSpatialGrid.ts.
16:54:56.390 debug: Resolve file:///D:/Works/Github/BattleGame/assets/scripts/BattleTelemetry.ts from cce:/internal/x/prerequisite-imports as file:///D:/Works/Github/BattleGame/assets/scripts/BattleTelemetry.ts.
16:54:56.390 debug: Resolve file:///D:/Works/Github/BattleGame/assets/scripts/BattleTypes.ts from cce:/internal/x/prerequisite-imports as file:///D:/Works/Github/BattleGame/assets/scripts/BattleTypes.ts.
16:54:56.390 debug: Resolve file:///D:/Works/Github/BattleGame/assets/scripts/BattleUnitDatabase.ts from cce:/internal/x/prerequisite-imports as file:///D:/Works/Github/BattleGame/assets/scripts/BattleUnitDatabase.ts.
16:54:56.391 debug: Resolve file:///D:/Works/Github/BattleGame/assets/scripts/BattleWave.ts from cce:/internal/x/prerequisite-imports as file:///D:/Works/Github/BattleGame/assets/scripts/BattleWave.ts.
16:54:56.391 debug: Detected change: file:///D:/Works/Github/BattleGame/assets/scripts/BattleWave.ts. Last mtime: Wed Sep 16 2026 17:50:17 GMT+0700 (Indochina Time)@2d08db82-1fa4-4c47-8a8f-1426426be8b7, Current mtime: Wed Sep 16 2026 18:10:32 GMT+0700 (Indochina Time)@2d08db82-1fa4-4c47-8a8f-1426426be8b7
16:54:56.391 debug: Inspect file:///D:/Works/Github/BattleGame/assets/scripts/BattleWave.ts
16:54:56.629 debug: transform url: 'file:///D:/Works/Github/BattleGame/assets/scripts/BattleWave.ts' costs: 237.60 ms
16:54:56.631 debug: Resolve file:///D:/Works/Github/BattleGame/assets/scripts/BattlefieldEvaluator.ts from cce:/internal/x/prerequisite-imports as file:///D:/Works/Github/BattleGame/assets/scripts/BattlefieldEvaluator.ts.
16:54:56.631 debug: Resolve file:///D:/Works/Github/BattleGame/assets/scripts/CinematicOrbitRig.ts from cce:/internal/x/prerequisite-imports as file:///D:/Works/Github/BattleGame/assets/scripts/CinematicOrbitRig.ts.
16:54:56.631 debug: Resolve file:///D:/Works/Github/BattleGame/assets/scripts/CounterSettings.ts from cce:/internal/x/prerequisite-imports as file:///D:/Works/Github/BattleGame/assets/scripts/CounterSettings.ts.
16:54:56.632 debug: Resolve file:///D:/Works/Github/BattleGame/assets/scripts/DebugStats.ts from cce:/internal/x/prerequisite-imports as file:///D:/Works/Github/BattleGame/assets/scripts/DebugStats.ts.
16:54:56.632 debug: Resolve file:///D:/Works/Github/BattleGame/assets/scripts/GameManager.ts from cce:/internal/x/prerequisite-imports as file:///D:/Works/Github/BattleGame/assets/scripts/GameManager.ts.
16:54:56.632 debug: Detected change: file:///D:/Works/Github/BattleGame/assets/scripts/GameManager.ts. Last mtime: Wed Sep 16 2026 17:51:23 GMT+0700 (Indochina Time)@1e335392-7464-462e-b0f4-f1a62cb2f2ab, Current mtime: Wed Sep 16 2026 18:10:32 GMT+0700 (Indochina Time)@1e335392-7464-462e-b0f4-f1a62cb2f2ab
16:54:56.632 debug: Inspect file:///D:/Works/Github/BattleGame/assets/scripts/GameManager.ts
16:54:57.591 debug: transform url: 'file:///D:/Works/Github/BattleGame/assets/scripts/GameManager.ts' costs: 958.70 ms
16:54:57.596 debug: Resolve file:///D:/Works/Github/BattleGame/assets/scripts/HealthBar3D.ts from cce:/internal/x/prerequisite-imports as file:///D:/Works/Github/BattleGame/assets/scripts/HealthBar3D.ts.
16:54:57.596 debug: Resolve file:///D:/Works/Github/BattleGame/assets/scripts/LevelSettings.ts from cce:/internal/x/prerequisite-imports as file:///D:/Works/Github/BattleGame/assets/scripts/LevelSettings.ts.
16:54:57.596 debug: Resolve file:///D:/Works/Github/BattleGame/assets/scripts/MainGameFlow.ts from cce:/internal/x/prerequisite-imports as file:///D:/Works/Github/BattleGame/assets/scripts/MainGameFlow.ts.
16:54:57.597 debug: Resolve file:///D:/Works/Github/BattleGame/assets/scripts/Obstacle.ts from cce:/internal/x/prerequisite-imports as file:///D:/Works/Github/BattleGame/assets/scripts/Obstacle.ts.
16:54:57.597 debug: Resolve file:///D:/Works/Github/BattleGame/assets/scripts/ObstacleCircle.ts from cce:/internal/x/prerequisite-imports as file:///D:/Works/Github/BattleGame/assets/scripts/ObstacleCircle.ts.
16:54:57.597 debug: Resolve file:///D:/Works/Github/BattleGame/assets/scripts/ObstacleRect.ts from cce:/internal/x/prerequisite-imports as file:///D:/Works/Github/BattleGame/assets/scripts/ObstacleRect.ts.
16:54:57.597 debug: Resolve file:///D:/Works/Github/BattleGame/assets/scripts/PlayerArmyController.ts from cce:/internal/x/prerequisite-imports as file:///D:/Works/Github/BattleGame/assets/scripts/PlayerArmyController.ts.
16:54:57.598 debug: Resolve file:///D:/Works/Github/BattleGame/assets/scripts/RandomAnimcationOffset.ts from cce:/internal/x/prerequisite-imports as file:///D:/Works/Github/BattleGame/assets/scripts/RandomAnimcationOffset.ts.
16:54:57.598 debug: Resolve file:///D:/Works/Github/BattleGame/assets/scripts/SmartArmyBrain.ts from cce:/internal/x/prerequisite-imports as file:///D:/Works/Github/BattleGame/assets/scripts/SmartArmyBrain.ts.
16:54:57.599 debug: Resolve file:///D:/Works/Github/BattleGame/assets/scripts/SpawnBackPressureGate.ts from cce:/internal/x/prerequisite-imports as file:///D:/Works/Github/BattleGame/assets/scripts/SpawnBackPressureGate.ts.
16:54:57.599 debug: Resolve file:///D:/Works/Github/BattleGame/assets/scripts/SpectorDebugger.ts from cce:/internal/x/prerequisite-imports as file:///D:/Works/Github/BattleGame/assets/scripts/SpectorDebugger.ts.
16:54:57.599 debug: Resolve file:///D:/Works/Github/BattleGame/assets/scripts/TopDownCameraDrag.ts from cce:/internal/x/prerequisite-imports as file:///D:/Works/Github/BattleGame/assets/scripts/TopDownCameraDrag.ts.
16:54:57.600 debug: Resolve file:///D:/Works/Github/BattleGame/assets/scripts/TrueMiniMapPanel.ts from cce:/internal/x/prerequisite-imports as file:///D:/Works/Github/BattleGame/assets/scripts/TrueMiniMapPanel.ts.
16:54:57.600 debug: Resolve file:///D:/Works/Github/BattleGame/assets/scripts/Unit.ts from cce:/internal/x/prerequisite-imports as file:///D:/Works/Github/BattleGame/assets/scripts/Unit.ts.
16:54:57.600 debug: Resolve file:///D:/Works/Github/BattleGame/assets/scripts/UnitBehavior.ts from cce:/internal/x/prerequisite-imports as file:///D:/Works/Github/BattleGame/assets/scripts/UnitBehavior.ts.
16:54:57.601 debug: Resolve file:///D:/Works/Github/BattleGame/assets/scripts/UnitProps.ts from cce:/internal/x/prerequisite-imports as file:///D:/Works/Github/BattleGame/assets/scripts/UnitProps.ts.
16:54:57.601 debug: Resolve file:///D:/Works/Github/BattleGame/assets/scripts/UnitSpawner.ts from cce:/internal/x/prerequisite-imports as file:///D:/Works/Github/BattleGame/assets/scripts/UnitSpawner.ts.
16:54:57.601 debug: Resolve file:///D:/Works/Github/BattleGame/assets/scripts/VATCharacterPlayer.ts from cce:/internal/x/prerequisite-imports as file:///D:/Works/Github/BattleGame/assets/scripts/VATCharacterPlayer.ts.
16:54:57.602 debug: Resolve file:///D:/Works/Github/BattleGame/assets/scripts/rvo/RVO.ts from cce:/internal/x/prerequisite-imports as file:///D:/Works/Github/BattleGame/assets/scripts/rvo/RVO.ts.
16:54:57.602 debug: Resolve file:///D:/Works/Github/BattleGame/assets/scripts/rvo/RVOWorkerSimulator.ts from cce:/internal/x/prerequisite-imports as file:///D:/Works/Github/BattleGame/assets/scripts/rvo/RVOWorkerSimulator.ts.
16:54:57.602 debug: Resolve cce:/internal/code-quality/cr.mjs from file:///C:/ProgramData/cocos/editors/Creator/3.8.8/resources/resources/3d/engine/editor/assets/default_renderpipeline/builtin-dof-pass.ts as cce:/internal/code-quality/cr.mjs.
16:54:57.602 debug: Detected change: cce:/internal/code-quality/cr.mjs. Last mtime: Wed Sep 16 2026 11:26:50 GMT+0700 (Indochina Time), Current mtime: Thu Sep 17 2026 16:54:49 GMT+0700 (Indochina Time)
16:54:57.603 debug: Inspect cce:/internal/code-quality/cr.mjs
16:54:57.615 debug: transform url: 'cce:/internal/code-quality/cr.mjs' costs: 12.90 ms
16:54:57.616 debug: Resolve cc from file:///C:/ProgramData/cocos/editors/Creator/3.8.8/resources/resources/3d/engine/editor/assets/default_renderpipeline/builtin-dof-pass.ts as cce:/internal/x/cc.
16:54:57.616 debug: Resolve cc from file:///C:/ProgramData/cocos/editors/Creator/3.8.8/resources/resources/3d/engine/editor/assets/default_renderpipeline/builtin-dof-pass.ts as cce:/internal/x/cc.
16:54:57.617 debug: Resolve cc from file:///C:/ProgramData/cocos/editors/Creator/3.8.8/resources/resources/3d/engine/editor/assets/default_renderpipeline/builtin-dof-pass.ts as cce:/internal/x/cc.
16:54:57.617 debug: Resolve cc/env from file:///C:/ProgramData/cocos/editors/Creator/3.8.8/resources/resources/3d/engine/editor/assets/default_renderpipeline/builtin-dof-pass.ts as external dependency cc/env.
16:54:57.617 debug: Resolve ./builtin-pipeline-settings from file:///C:/ProgramData/cocos/editors/Creator/3.8.8/resources/resources/3d/engine/editor/assets/default_renderpipeline/builtin-dof-pass.ts as file:///C:/ProgramData/cocos/editors/Creator/3.8.8/resources/resources/3d/engine/editor/assets/default_renderpipeline/builtin-pipeline-settings.ts.
16:54:57.618 debug: Resolve ./builtin-pipeline-pass from file:///C:/ProgramData/cocos/editors/Creator/3.8.8/resources/resources/3d/engine/editor/assets/default_renderpipeline/builtin-dof-pass.ts as file:///C:/ProgramData/cocos/editors/Creator/3.8.8/resources/resources/3d/engine/editor/assets/default_renderpipeline/builtin-pipeline-pass.ts.
16:54:57.619 debug: Resolve ./builtin-pipeline from file:///C:/ProgramData/cocos/editors/Creator/3.8.8/resources/resources/3d/engine/editor/assets/default_renderpipeline/builtin-dof-pass.ts as file:///C:/ProgramData/cocos/editors/Creator/3.8.8/resources/resources/3d/engine/editor/assets/default_renderpipeline/builtin-pipeline.ts.
16:54:57.619 debug: Resolve cce:/internal/code-quality/cr.mjs from file:///C:/ProgramData/cocos/editors/Creator/3.8.8/resources/resources/3d/engine/editor/assets/default_renderpipeline/builtin-pipeline-settings.ts as cce:/internal/code-quality/cr.mjs.
16:54:57.619 debug: Resolve cc from file:///C:/ProgramData/cocos/editors/Creator/3.8.8/resources/resources/3d/engine/editor/assets/default_renderpipeline/builtin-pipeline-settings.ts as cce:/internal/x/cc.
16:54:57.619 debug: Resolve cc from file:///C:/ProgramData/cocos/editors/Creator/3.8.8/resources/resources/3d/engine/editor/assets/default_renderpipeline/builtin-pipeline-settings.ts as cce:/internal/x/cc.
16:54:57.619 debug: Resolve cc from file:///C:/ProgramData/cocos/editors/Creator/3.8.8/resources/resources/3d/engine/editor/assets/default_renderpipeline/builtin-pipeline-settings.ts as cce:/internal/x/cc.
16:54:57.619 debug: Resolve cc/env from file:///C:/ProgramData/cocos/editors/Creator/3.8.8/resources/resources/3d/engine/editor/assets/default_renderpipeline/builtin-pipeline-settings.ts as external dependency cc/env.
16:54:57.620 debug: Resolve ./builtin-pipeline-types from file:///C:/ProgramData/cocos/editors/Creator/3.8.8/resources/resources/3d/engine/editor/assets/default_renderpipeline/builtin-pipeline-settings.ts as file:///C:/ProgramData/cocos/editors/Creator/3.8.8/resources/resources/3d/engine/editor/assets/default_renderpipeline/builtin-pipeline-types.ts.
16:54:57.620 debug: Resolve cc from file:///C:/ProgramData/cocos/editors/Creator/3.8.8/resources/resources/3d/engine/editor/assets/default_renderpipeline/builtin-pipeline-types.ts as cce:/internal/x/cc.
16:54:57.620 debug: Resolve cc from file:///C:/ProgramData/cocos/editors/Creator/3.8.8/resources/resources/3d/engine/editor/assets/default_renderpipeline/builtin-pipeline-types.ts as cce:/internal/x/cc.
16:54:57.620 debug: Resolve cc from file:///C:/ProgramData/cocos/editors/Creator/3.8.8/resources/resources/3d/engine/editor/assets/default_renderpipeline/builtin-pipeline-types.ts as cce:/internal/x/cc.
16:54:57.620 debug: Resolve cce:/internal/code-quality/cr.mjs from file:///C:/ProgramData/cocos/editors/Creator/3.8.8/resources/resources/3d/engine/editor/assets/default_renderpipeline/builtin-pipeline-pass.ts as cce:/internal/code-quality/cr.mjs.
16:54:57.620 debug: Resolve cc from file:///C:/ProgramData/cocos/editors/Creator/3.8.8/resources/resources/3d/engine/editor/assets/default_renderpipeline/builtin-pipeline-pass.ts as cce:/internal/x/cc.
16:54:57.620 debug: Resolve cc from file:///C:/ProgramData/cocos/editors/Creator/3.8.8/resources/resources/3d/engine/editor/assets/default_renderpipeline/builtin-pipeline-pass.ts as cce:/internal/x/cc.
16:54:57.620 debug: Resolve cc from file:///C:/ProgramData/cocos/editors/Creator/3.8.8/resources/resources/3d/engine/editor/assets/default_renderpipeline/builtin-pipeline-pass.ts as cce:/internal/x/cc.
16:54:57.621 debug: Resolve ./builtin-pipeline-settings from file:///C:/ProgramData/cocos/editors/Creator/3.8.8/resources/resources/3d/engine/editor/assets/default_renderpipeline/builtin-pipeline-pass.ts as file:///C:/ProgramData/cocos/editors/Creator/3.8.8/resources/resources/3d/engine/editor/assets/default_renderpipeline/builtin-pipeline-settings.ts.
16:54:57.621 debug: Resolve cc/env from file:///C:/ProgramData/cocos/editors/Creator/3.8.8/resources/resources/3d/engine/editor/assets/default_renderpipeline/builtin-pipeline-pass.ts as external dependency cc/env.
16:54:57.621 debug: Resolve cce:/internal/code-quality/cr.mjs from file:///C:/ProgramData/cocos/editors/Creator/3.8.8/resources/resources/3d/engine/editor/assets/default_renderpipeline/builtin-pipeline.ts as cce:/internal/code-quality/cr.mjs.
16:54:57.621 debug: Resolve cc from file:///C:/ProgramData/cocos/editors/Creator/3.8.8/resources/resources/3d/engine/editor/assets/default_renderpipeline/builtin-pipeline.ts as cce:/internal/x/cc.
16:54:57.621 debug: Resolve cc from file:///C:/ProgramData/cocos/editors/Creator/3.8.8/resources/resources/3d/engine/editor/assets/default_renderpipeline/builtin-pipeline.ts as cce:/internal/x/cc.
16:54:57.621 debug: Resolve cc from file:///C:/ProgramData/cocos/editors/Creator/3.8.8/resources/resources/3d/engine/editor/assets/default_renderpipeline/builtin-pipeline.ts as cce:/internal/x/cc.
16:54:57.621 debug: Resolve cc/env from file:///C:/ProgramData/cocos/editors/Creator/3.8.8/resources/resources/3d/engine/editor/assets/default_renderpipeline/builtin-pipeline.ts as external dependency cc/env.
16:54:57.622 debug: Resolve ./builtin-pipeline-types from file:///C:/ProgramData/cocos/editors/Creator/3.8.8/resources/resources/3d/engine/editor/assets/default_renderpipeline/builtin-pipeline.ts as file:///C:/ProgramData/cocos/editors/Creator/3.8.8/resources/resources/3d/engine/editor/assets/default_renderpipeline/builtin-pipeline-types.ts.
16:54:57.622 debug: Resolve cc from file:///C:/ProgramData/cocos/editors/Creator/3.8.8/resources/resources/3d/engine/editor/assets/tools/debug-view-runtime-control.ts as cce:/internal/x/cc.
16:54:57.622 debug: Resolve cc from file:///C:/ProgramData/cocos/editors/Creator/3.8.8/resources/resources/3d/engine/editor/assets/tools/debug-view-runtime-control.ts as cce:/internal/x/cc.
16:54:57.622 debug: Resolve cc from file:///C:/ProgramData/cocos/editors/Creator/3.8.8/resources/resources/3d/engine/editor/assets/tools/debug-view-runtime-control.ts as cce:/internal/x/cc.
16:54:57.622 debug: Resolve cc from file:///D:/Works/Github/BattleGame/assets/3D/Fighter/EventTest.ts as cce:/internal/x/cc.
16:54:57.622 debug: Resolve cc from file:///D:/Works/Github/BattleGame/assets/3D/Fighter/EventTest.ts as cce:/internal/x/cc.
16:54:57.622 debug: Resolve cc from file:///D:/Works/Github/BattleGame/assets/3D/Fighter/EventTest.ts as cce:/internal/x/cc.
16:54:57.622 debug: Resolve cce:/internal/code-quality/cr.mjs from file:///D:/Works/Github/BattleGame/assets/scripts/BattleArmyBrain.ts as cce:/internal/code-quality/cr.mjs.
16:54:57.622 debug: Resolve cc from file:///D:/Works/Github/BattleGame/assets/scripts/BattleArmyBrain.ts as cce:/internal/x/cc.
16:54:57.622 debug: Resolve cc from file:///D:/Works/Github/BattleGame/assets/scripts/BattleArmyBrain.ts as cce:/internal/x/cc.
16:54:57.622 debug: Resolve cc from file:///D:/Works/Github/BattleGame/assets/scripts/BattleArmyBrain.ts as cce:/internal/x/cc.
16:54:57.622 debug: Resolve ./GameManager from file:///D:/Works/Github/BattleGame/assets/scripts/BattleArmyBrain.ts as file:///D:/Works/Github/BattleGame/assets/scripts/GameManager.ts.
16:54:57.623 debug: Resolve ./BattlefieldEvaluator from file:///D:/Works/Github/BattleGame/assets/scripts/BattleArmyBrain.ts as file:///D:/Works/Github/BattleGame/assets/scripts/BattlefieldEvaluator.ts.
16:54:57.623 debug: Resolve ./BattleTypes from file:///D:/Works/Github/BattleGame/assets/scripts/BattleArmyBrain.ts as file:///D:/Works/Github/BattleGame/assets/scripts/BattleTypes.ts.
16:54:57.623 debug: Resolve cce:/internal/code-quality/cr.mjs from file:///D:/Works/Github/BattleGame/assets/scripts/GameManager.ts as cce:/internal/code-quality/cr.mjs.
16:54:57.623 debug: Resolve cc from file:///D:/Works/Github/BattleGame/assets/scripts/GameManager.ts as cce:/internal/x/cc.
16:54:57.623 debug: Resolve cc from file:///D:/Works/Github/BattleGame/assets/scripts/GameManager.ts as cce:/internal/x/cc.
16:54:57.623 debug: Resolve cc from file:///D:/Works/Github/BattleGame/assets/scripts/GameManager.ts as cce:/internal/x/cc.
16:54:57.624 debug: Resolve ./Unit from file:///D:/Works/Github/BattleGame/assets/scripts/GameManager.ts as file:///D:/Works/Github/BattleGame/assets/scripts/Unit.ts.
16:54:57.624 debug: Resolve ./UnitProps from file:///D:/Works/Github/BattleGame/assets/scripts/GameManager.ts as file:///D:/Works/Github/BattleGame/assets/scripts/UnitProps.ts.
16:54:57.625 debug: Resolve ./rvo/RVO from file:///D:/Works/Github/BattleGame/assets/scripts/GameManager.ts as file:///D:/Works/Github/BattleGame/assets/scripts/rvo/RVO.ts.
16:54:57.625 debug: Resolve ./rvo/RVOWorkerSimulator from file:///D:/Works/Github/BattleGame/assets/scripts/GameManager.ts as file:///D:/Works/Github/BattleGame/assets/scripts/rvo/RVOWorkerSimulator.ts.
16:54:57.625 debug: Resolve ./ObstacleCircle from file:///D:/Works/Github/BattleGame/assets/scripts/GameManager.ts as file:///D:/Works/Github/BattleGame/assets/scripts/ObstacleCircle.ts.
16:54:57.626 debug: Resolve ./ObstacleRect from file:///D:/Works/Github/BattleGame/assets/scripts/GameManager.ts as file:///D:/Works/Github/BattleGame/assets/scripts/ObstacleRect.ts.
16:54:57.627 debug: Resolve ./UnitSpawner from file:///D:/Works/Github/BattleGame/assets/scripts/GameManager.ts as file:///D:/Works/Github/BattleGame/assets/scripts/UnitSpawner.ts.
16:54:57.627 debug: Resolve ./UnitBehavior from file:///D:/Works/Github/BattleGame/assets/scripts/GameManager.ts as file:///D:/Works/Github/BattleGame/assets/scripts/UnitBehavior.ts.
16:54:57.627 debug: Resolve ./BattleSpatialGrid from file:///D:/Works/Github/BattleGame/assets/scripts/GameManager.ts as file:///D:/Works/Github/BattleGame/assets/scripts/BattleSpatialGrid.ts.
16:54:57.627 debug: Resolve ./BattleWave from file:///D:/Works/Github/BattleGame/assets/scripts/GameManager.ts as file:///D:/Works/Github/BattleGame/assets/scripts/BattleWave.ts.
16:54:57.628 debug: Resolve ./CounterSettings from file:///D:/Works/Github/BattleGame/assets/scripts/GameManager.ts as file:///D:/Works/Github/BattleGame/assets/scripts/CounterSettings.ts.
16:54:57.628 debug: Resolve ./BattleTypes from file:///D:/Works/Github/BattleGame/assets/scripts/GameManager.ts as file:///D:/Works/Github/BattleGame/assets/scripts/BattleTypes.ts.
16:54:57.629 debug: Resolve ./BattleTelemetry from file:///D:/Works/Github/BattleGame/assets/scripts/GameManager.ts as file:///D:/Works/Github/BattleGame/assets/scripts/BattleTelemetry.ts.
16:54:57.629 debug: Resolve ./BattleUnitDatabase from file:///D:/Works/Github/BattleGame/assets/scripts/GameManager.ts as file:///D:/Works/Github/BattleGame/assets/scripts/BattleUnitDatabase.ts.
16:54:57.629 debug: Resolve ./BattleCardDatabase from file:///D:/Works/Github/BattleGame/assets/scripts/GameManager.ts as file:///D:/Works/Github/BattleGame/assets/scripts/BattleCardDatabase.ts.
16:54:57.630 debug: Resolve ./BattleCardRuntime from file:///D:/Works/Github/BattleGame/assets/scripts/GameManager.ts as file:///D:/Works/Github/BattleGame/assets/scripts/BattleCardRuntime.ts.
16:54:57.630 debug: Resolve ./HealthBar3D from file:///D:/Works/Github/BattleGame/assets/scripts/GameManager.ts as file:///D:/Works/Github/BattleGame/assets/scripts/HealthBar3D.ts.
16:54:57.630 debug: Resolve ./BattleUnitDatabase from file:///D:/Works/Github/BattleGame/assets/scripts/GameManager.ts as file:///D:/Works/Github/BattleGame/assets/scripts/BattleUnitDatabase.ts.
16:54:57.630 debug: Resolve cce:/internal/code-quality/cr.mjs from file:///D:/Works/Github/BattleGame/assets/scripts/Unit.ts as cce:/internal/code-quality/cr.mjs.
16:54:57.630 debug: Resolve cc from file:///D:/Works/Github/BattleGame/assets/scripts/Unit.ts as cce:/internal/x/cc.
16:54:57.630 debug: Resolve cc from file:///D:/Works/Github/BattleGame/assets/scripts/Unit.ts as cce:/internal/x/cc.
16:54:57.631 debug: Resolve cc from file:///D:/Works/Github/BattleGame/assets/scripts/Unit.ts as cce:/internal/x/cc.
16:54:57.631 debug: Resolve ./UnitProps from file:///D:/Works/Github/BattleGame/assets/scripts/Unit.ts as file:///D:/Works/Github/BattleGame/assets/scripts/UnitProps.ts.
16:54:57.631 debug: Resolve ./GameManager from file:///D:/Works/Github/BattleGame/assets/scripts/Unit.ts as file:///D:/Works/Github/BattleGame/assets/scripts/GameManager.ts.
16:54:57.631 debug: Resolve cce:/internal/code-quality/cr.mjs from file:///D:/Works/Github/BattleGame/assets/scripts/UnitProps.ts as cce:/internal/code-quality/cr.mjs.
16:54:57.631 debug: Resolve cc from file:///D:/Works/Github/BattleGame/assets/scripts/UnitProps.ts as cce:/internal/x/cc.
16:54:57.631 debug: Resolve cc from file:///D:/Works/Github/BattleGame/assets/scripts/UnitProps.ts as cce:/internal/x/cc.
16:54:57.631 debug: Resolve cc from file:///D:/Works/Github/BattleGame/assets/scripts/UnitProps.ts as cce:/internal/x/cc.
16:54:57.632 debug: Resolve ./BattleTypes from file:///D:/Works/Github/BattleGame/assets/scripts/UnitProps.ts as file:///D:/Works/Github/BattleGame/assets/scripts/BattleTypes.ts.
16:54:57.632 debug: Resolve ./HealthBar3D from file:///D:/Works/Github/BattleGame/assets/scripts/UnitProps.ts as file:///D:/Works/Github/BattleGame/assets/scripts/HealthBar3D.ts.
16:54:57.632 debug: Resolve cc from file:///D:/Works/Github/BattleGame/assets/scripts/BattleTypes.ts as cce:/internal/x/cc.
16:54:57.632 debug: Resolve cc from file:///D:/Works/Github/BattleGame/assets/scripts/BattleTypes.ts as cce:/internal/x/cc.
16:54:57.632 debug: Resolve cc from file:///D:/Works/Github/BattleGame/assets/scripts/BattleTypes.ts as cce:/internal/x/cc.
16:54:57.632 debug: Resolve cc from file:///D:/Works/Github/BattleGame/assets/scripts/HealthBar3D.ts as cce:/internal/x/cc.
16:54:57.632 debug: Resolve cc from file:///D:/Works/Github/BattleGame/assets/scripts/HealthBar3D.ts as cce:/internal/x/cc.
16:54:57.632 debug: Resolve cc from file:///D:/Works/Github/BattleGame/assets/scripts/HealthBar3D.ts as cce:/internal/x/cc.
16:54:57.632 debug: Resolve cc from file:///D:/Works/Github/BattleGame/assets/scripts/rvo/RVO.ts as cce:/internal/x/cc.
16:54:57.632 debug: Resolve cce:/internal/code-quality/cr.mjs from file:///D:/Works/Github/BattleGame/assets/scripts/rvo/RVOWorkerSimulator.ts as cce:/internal/code-quality/cr.mjs.
16:54:57.632 debug: Resolve cc from file:///D:/Works/Github/BattleGame/assets/scripts/rvo/RVOWorkerSimulator.ts as cce:/internal/x/cc.
16:54:57.633 debug: Resolve ./RVO from file:///D:/Works/Github/BattleGame/assets/scripts/rvo/RVOWorkerSimulator.ts as file:///D:/Works/Github/BattleGame/assets/scripts/rvo/RVO.ts.
16:54:57.633 debug: Resolve cc from file:///D:/Works/Github/BattleGame/assets/scripts/ObstacleCircle.ts as cce:/internal/x/cc.
16:54:57.633 debug: Resolve cc from file:///D:/Works/Github/BattleGame/assets/scripts/ObstacleCircle.ts as cce:/internal/x/cc.
16:54:57.633 debug: Resolve cc from file:///D:/Works/Github/BattleGame/assets/scripts/ObstacleCircle.ts as cce:/internal/x/cc.
16:54:57.633 debug: Resolve cc from file:///D:/Works/Github/BattleGame/assets/scripts/ObstacleRect.ts as cce:/internal/x/cc.
16:54:57.633 debug: Resolve cc from file:///D:/Works/Github/BattleGame/assets/scripts/ObstacleRect.ts as cce:/internal/x/cc.
16:54:57.633 debug: Resolve cc from file:///D:/Works/Github/BattleGame/assets/scripts/ObstacleRect.ts as cce:/internal/x/cc.
16:54:57.633 debug: Resolve cce:/internal/code-quality/cr.mjs from file:///D:/Works/Github/BattleGame/assets/scripts/UnitSpawner.ts as cce:/internal/code-quality/cr.mjs.
16:54:57.633 debug: Resolve cc from file:///D:/Works/Github/BattleGame/assets/scripts/UnitSpawner.ts as cce:/internal/x/cc.
16:54:57.633 debug: Resolve cc from file:///D:/Works/Github/BattleGame/assets/scripts/UnitSpawner.ts as cce:/internal/x/cc.
16:54:57.633 debug: Resolve cc from file:///D:/Works/Github/BattleGame/assets/scripts/UnitSpawner.ts as cce:/internal/x/cc.
16:54:57.633 debug: Resolve ./Unit from file:///D:/Works/Github/BattleGame/assets/scripts/UnitSpawner.ts as file:///D:/Works/Github/BattleGame/assets/scripts/Unit.ts.
16:54:57.634 debug: Resolve ./UnitProps from file:///D:/Works/Github/BattleGame/assets/scripts/UnitSpawner.ts as file:///D:/Works/Github/BattleGame/assets/scripts/UnitProps.ts.
16:54:57.634 debug: Resolve ./UnitBehavior from file:///D:/Works/Github/BattleGame/assets/scripts/UnitSpawner.ts as file:///D:/Works/Github/BattleGame/assets/scripts/UnitBehavior.ts.
16:54:57.634 debug: Resolve cce:/internal/code-quality/cr.mjs from file:///D:/Works/Github/BattleGame/assets/scripts/UnitBehavior.ts as cce:/internal/code-quality/cr.mjs.
16:54:57.634 debug: Resolve cc from file:///D:/Works/Github/BattleGame/assets/scripts/UnitBehavior.ts as cce:/internal/x/cc.
16:54:57.634 debug: Resolve cc from file:///D:/Works/Github/BattleGame/assets/scripts/UnitBehavior.ts as cce:/internal/x/cc.
16:54:57.634 debug: Resolve cc from file:///D:/Works/Github/BattleGame/assets/scripts/UnitBehavior.ts as cce:/internal/x/cc.
16:54:57.635 debug: Resolve ./Unit from file:///D:/Works/Github/BattleGame/assets/scripts/UnitBehavior.ts as file:///D:/Works/Github/BattleGame/assets/scripts/Unit.ts.
16:54:57.635 debug: Resolve ./UnitProps from file:///D:/Works/Github/BattleGame/assets/scripts/UnitBehavior.ts as file:///D:/Works/Github/BattleGame/assets/scripts/UnitProps.ts.
16:54:57.635 debug: Resolve ./CounterSettings from file:///D:/Works/Github/BattleGame/assets/scripts/UnitBehavior.ts as file:///D:/Works/Github/BattleGame/assets/scripts/CounterSettings.ts.
16:54:57.635 debug: Resolve ./BattleCardDatabase from file:///D:/Works/Github/BattleGame/assets/scripts/UnitBehavior.ts as file:///D:/Works/Github/BattleGame/assets/scripts/BattleCardDatabase.ts.
16:54:57.635 debug: Resolve cce:/internal/code-quality/cr.mjs from file:///D:/Works/Github/BattleGame/assets/scripts/CounterSettings.ts as cce:/internal/code-quality/cr.mjs.
16:54:57.636 debug: Resolve cc from file:///D:/Works/Github/BattleGame/assets/scripts/CounterSettings.ts as cce:/internal/x/cc.
16:54:57.636 debug: Resolve cc from file:///D:/Works/Github/BattleGame/assets/scripts/CounterSettings.ts as cce:/internal/x/cc.
16:54:57.636 debug: Resolve cc from file:///D:/Works/Github/BattleGame/assets/scripts/CounterSettings.ts as cce:/internal/x/cc.
16:54:57.636 debug: Resolve ./BattleTypes from file:///D:/Works/Github/BattleGame/assets/scripts/CounterSettings.ts as file:///D:/Works/Github/BattleGame/assets/scripts/BattleTypes.ts.
16:54:57.636 debug: Resolve cce:/internal/code-quality/cr.mjs from file:///D:/Works/Github/BattleGame/assets/scripts/BattleCardDatabase.ts as cce:/internal/code-quality/cr.mjs.
16:54:57.636 debug: Resolve cc from file:///D:/Works/Github/BattleGame/assets/scripts/BattleCardDatabase.ts as cce:/internal/x/cc.
16:54:57.636 debug: Resolve cc from file:///D:/Works/Github/BattleGame/assets/scripts/BattleCardDatabase.ts as cce:/internal/x/cc.
16:54:57.636 debug: Resolve cc from file:///D:/Works/Github/BattleGame/assets/scripts/BattleCardDatabase.ts as cce:/internal/x/cc.
16:54:57.637 debug: Resolve ./BattleTypes from file:///D:/Works/Github/BattleGame/assets/scripts/BattleCardDatabase.ts as file:///D:/Works/Github/BattleGame/assets/scripts/BattleTypes.ts.
16:54:57.637 debug: Resolve cce:/internal/code-quality/cr.mjs from file:///D:/Works/Github/BattleGame/assets/scripts/BattleSpatialGrid.ts as cce:/internal/code-quality/cr.mjs.
16:54:57.637 debug: Resolve cc from file:///D:/Works/Github/BattleGame/assets/scripts/BattleSpatialGrid.ts as cce:/internal/x/cc.
16:54:57.637 debug: Resolve cce:/internal/code-quality/cr.mjs from file:///D:/Works/Github/BattleGame/assets/scripts/BattleWave.ts as cce:/internal/code-quality/cr.mjs.
16:54:57.637 debug: Resolve cc from file:///D:/Works/Github/BattleGame/assets/scripts/BattleWave.ts as cce:/internal/x/cc.
16:54:57.637 debug: Resolve cc from file:///D:/Works/Github/BattleGame/assets/scripts/BattleWave.ts as cce:/internal/x/cc.
16:54:57.637 debug: Resolve cc from file:///D:/Works/Github/BattleGame/assets/scripts/BattleWave.ts as cce:/internal/x/cc.
16:54:57.637 debug: Resolve ./BattleTypes from file:///D:/Works/Github/BattleGame/assets/scripts/BattleWave.ts as file:///D:/Works/Github/BattleGame/assets/scripts/BattleTypes.ts.
16:54:57.637 debug: Resolve cce:/internal/code-quality/cr.mjs from file:///D:/Works/Github/BattleGame/assets/scripts/BattleTelemetry.ts as cce:/internal/code-quality/cr.mjs.
16:54:57.637 debug: Resolve cc from file:///D:/Works/Github/BattleGame/assets/scripts/BattleTelemetry.ts as cce:/internal/x/cc.
16:54:57.637 debug: Resolve ./BattleTypes from file:///D:/Works/Github/BattleGame/assets/scripts/BattleTelemetry.ts as file:///D:/Works/Github/BattleGame/assets/scripts/BattleTypes.ts.
16:54:57.638 debug: Resolve cce:/internal/code-quality/cr.mjs from file:///D:/Works/Github/BattleGame/assets/scripts/BattleUnitDatabase.ts as cce:/internal/code-quality/cr.mjs.
16:54:57.638 debug: Resolve cc from file:///D:/Works/Github/BattleGame/assets/scripts/BattleUnitDatabase.ts as cce:/internal/x/cc.
16:54:57.638 debug: Resolve cc from file:///D:/Works/Github/BattleGame/assets/scripts/BattleUnitDatabase.ts as cce:/internal/x/cc.
16:54:57.638 debug: Resolve cc from file:///D:/Works/Github/BattleGame/assets/scripts/BattleUnitDatabase.ts as cce:/internal/x/cc.
16:54:57.638 debug: Resolve ./BattleTypes from file:///D:/Works/Github/BattleGame/assets/scripts/BattleUnitDatabase.ts as file:///D:/Works/Github/BattleGame/assets/scripts/BattleTypes.ts.
16:54:57.638 debug: Resolve cce:/internal/code-quality/cr.mjs from file:///D:/Works/Github/BattleGame/assets/scripts/BattleCardRuntime.ts as cce:/internal/code-quality/cr.mjs.
16:54:57.638 debug: Resolve cc from file:///D:/Works/Github/BattleGame/assets/scripts/BattleCardRuntime.ts as cce:/internal/x/cc.
16:54:57.639 debug: Resolve ./BattleCardDatabase from file:///D:/Works/Github/BattleGame/assets/scripts/BattleCardRuntime.ts as file:///D:/Works/Github/BattleGame/assets/scripts/BattleCardDatabase.ts.
16:54:57.639 debug: Resolve ./BattleTypes from file:///D:/Works/Github/BattleGame/assets/scripts/BattleCardRuntime.ts as file:///D:/Works/Github/BattleGame/assets/scripts/BattleTypes.ts.
16:54:57.639 debug: Resolve cce:/internal/code-quality/cr.mjs from file:///D:/Works/Github/BattleGame/assets/scripts/BattlefieldEvaluator.ts as cce:/internal/code-quality/cr.mjs.
16:54:57.639 debug: Resolve cc from file:///D:/Works/Github/BattleGame/assets/scripts/BattlefieldEvaluator.ts as cce:/internal/x/cc.
16:54:57.639 debug: Resolve ./BattleTypes from file:///D:/Works/Github/BattleGame/assets/scripts/BattlefieldEvaluator.ts as file:///D:/Works/Github/BattleGame/assets/scripts/BattleTypes.ts.
16:54:57.640 debug: Resolve ./CounterSettings from file:///D:/Works/Github/BattleGame/assets/scripts/BattlefieldEvaluator.ts as file:///D:/Works/Github/BattleGame/assets/scripts/CounterSettings.ts.
16:54:57.640 debug: Resolve cce:/internal/code-quality/cr.mjs from file:///D:/Works/Github/BattleGame/assets/scripts/BattleCinematicCameraController.ts as cce:/internal/code-quality/cr.mjs.
16:54:57.640 debug: Resolve cc from file:///D:/Works/Github/BattleGame/assets/scripts/BattleCinematicCameraController.ts as cce:/internal/x/cc.
16:54:57.640 debug: Resolve cc from file:///D:/Works/Github/BattleGame/assets/scripts/BattleCinematicCameraController.ts as cce:/internal/x/cc.
16:54:57.640 debug: Resolve cc from file:///D:/Works/Github/BattleGame/assets/scripts/BattleCinematicCameraController.ts as cce:/internal/x/cc.
16:54:57.641 debug: Resolve ./BattleWave from file:///D:/Works/Github/BattleGame/assets/scripts/BattleCinematicCameraController.ts as file:///D:/Works/Github/BattleGame/assets/scripts/BattleWave.ts.
16:54:57.641 debug: Resolve ./CinematicOrbitRig from file:///D:/Works/Github/BattleGame/assets/scripts/BattleCinematicCameraController.ts as file:///D:/Works/Github/BattleGame/assets/scripts/CinematicOrbitRig.ts.
16:54:57.641 debug: Resolve ./TopDownCameraDrag from file:///D:/Works/Github/BattleGame/assets/scripts/BattleCinematicCameraController.ts as file:///D:/Works/Github/BattleGame/assets/scripts/TopDownCameraDrag.ts.
16:54:57.642 debug: Resolve ./GameManager from file:///D:/Works/Github/BattleGame/assets/scripts/BattleCinematicCameraController.ts as file:///D:/Works/Github/BattleGame/assets/scripts/GameManager.ts.
16:54:57.642 debug: Resolve cce:/internal/code-quality/cr.mjs from file:///D:/Works/Github/BattleGame/assets/scripts/CinematicOrbitRig.ts as cce:/internal/code-quality/cr.mjs.
16:54:57.642 debug: Resolve cc from file:///D:/Works/Github/BattleGame/assets/scripts/CinematicOrbitRig.ts as cce:/internal/x/cc.
16:54:57.642 debug: Resolve cc from file:///D:/Works/Github/BattleGame/assets/scripts/CinematicOrbitRig.ts as cce:/internal/x/cc.
16:54:57.642 debug: Resolve cc from file:///D:/Works/Github/BattleGame/assets/scripts/CinematicOrbitRig.ts as cce:/internal/x/cc.
16:54:57.642 debug: Resolve cc from file:///D:/Works/Github/BattleGame/assets/scripts/TopDownCameraDrag.ts as cce:/internal/x/cc.
16:54:57.642 debug: Resolve cc from file:///D:/Works/Github/BattleGame/assets/scripts/TopDownCameraDrag.ts as cce:/internal/x/cc.
16:54:57.642 debug: Resolve cc from file:///D:/Works/Github/BattleGame/assets/scripts/TopDownCameraDrag.ts as cce:/internal/x/cc.
16:54:57.642 debug: Resolve cc from file:///D:/Works/Github/BattleGame/assets/scripts/BattleInformationIconItem.ts as cce:/internal/x/cc.
16:54:57.642 debug: Resolve cc from file:///D:/Works/Github/BattleGame/assets/scripts/BattleInformationIconItem.ts as cce:/internal/x/cc.
16:54:57.642 debug: Resolve cc from file:///D:/Works/Github/BattleGame/assets/scripts/BattleInformationIconItem.ts as cce:/internal/x/cc.
16:54:57.642 debug: Resolve cce:/internal/code-quality/cr.mjs from file:///D:/Works/Github/BattleGame/assets/scripts/DebugStats.ts as cce:/internal/code-quality/cr.mjs.
16:54:57.642 debug: Resolve cc from file:///D:/Works/Github/BattleGame/assets/scripts/DebugStats.ts as cce:/internal/x/cc.
16:54:57.642 debug: Resolve cc from file:///D:/Works/Github/BattleGame/assets/scripts/DebugStats.ts as cce:/internal/x/cc.
16:54:57.642 debug: Resolve cc from file:///D:/Works/Github/BattleGame/assets/scripts/DebugStats.ts as cce:/internal/x/cc.
16:54:57.653 debug: Create cjs interop url for 'file:///D:/Works/Github/BattleGame/node_modules/stats.js/build/stats.min.js'
16:54:57.660 debug: Resolve stats.js from file:///D:/Works/Github/BattleGame/assets/scripts/DebugStats.ts as file:///D:/Works/Github/BattleGame/node_modules/stats.js/build/stats.min.mjs?cjs=&original=.js.
16:54:57.661 debug: Resolve ./stats.min.js from file:///D:/Works/Github/BattleGame/node_modules/stats.js/build/stats.min.mjs?cjs=&original=.js as file:///D:/Works/Github/BattleGame/node_modules/stats.js/build/stats.min.js.
16:54:57.661 debug: Resolve cce:/internal/ml/cjs-loader.mjs from file:///D:/Works/Github/BattleGame/node_modules/stats.js/build/stats.min.mjs?cjs=&original=.js as cce:/internal/ml/cjs-loader.mjs.
16:54:57.661 debug: Detected change: cce:/internal/ml/cjs-loader.mjs. Last mtime: Wed Sep 16 2026 11:26:50 GMT+0700 (Indochina Time), Current mtime: Thu Sep 17 2026 16:54:49 GMT+0700 (Indochina Time)
16:54:57.661 debug: Inspect cce:/internal/ml/cjs-loader.mjs
16:54:57.707 debug: transform url: 'cce:/internal/ml/cjs-loader.mjs' costs: 45.50 ms
16:54:57.708 debug: Resolve ./stats.min.js from file:///D:/Works/Github/BattleGame/node_modules/stats.js/build/stats.min.mjs?cjs=&original=.js as file:///D:/Works/Github/BattleGame/node_modules/stats.js/build/stats.min.js.
16:54:57.709 debug: Resolve ./stats.min.js from file:///D:/Works/Github/BattleGame/node_modules/stats.js/build/stats.min.mjs?cjs=&original=.js as file:///D:/Works/Github/BattleGame/node_modules/stats.js/build/stats.min.js.
16:54:57.709 debug: Resolve cce:/internal/ml/cjs-loader.mjs from file:///D:/Works/Github/BattleGame/node_modules/stats.js/build/stats.min.js as cce:/internal/ml/cjs-loader.mjs.
16:54:57.709 debug: Resolve cce:/internal/code-quality/cr.mjs from file:///D:/Works/Github/BattleGame/assets/scripts/LevelSettings.ts as cce:/internal/code-quality/cr.mjs.
16:54:57.709 debug: Resolve cc from file:///D:/Works/Github/BattleGame/assets/scripts/LevelSettings.ts as cce:/internal/x/cc.
16:54:57.709 debug: Resolve cc from file:///D:/Works/Github/BattleGame/assets/scripts/LevelSettings.ts as cce:/internal/x/cc.
16:54:57.709 debug: Resolve cc from file:///D:/Works/Github/BattleGame/assets/scripts/LevelSettings.ts as cce:/internal/x/cc.
16:54:57.709 debug: Resolve ./GameManager from file:///D:/Works/Github/BattleGame/assets/scripts/LevelSettings.ts as file:///D:/Works/Github/BattleGame/assets/scripts/GameManager.ts.
16:54:57.710 debug: Resolve ./BattleArmyBrain from file:///D:/Works/Github/BattleGame/assets/scripts/LevelSettings.ts as file:///D:/Works/Github/BattleGame/assets/scripts/BattleArmyBrain.ts.
16:54:57.710 debug: Resolve ./BattleCardDatabase from file:///D:/Works/Github/BattleGame/assets/scripts/LevelSettings.ts as file:///D:/Works/Github/BattleGame/assets/scripts/BattleCardDatabase.ts.
16:54:57.740 debug: Resolve ./CounterSettings from file:///D:/Works/Github/BattleGame/assets/scripts/LevelSettings.ts as file:///D:/Works/Github/BattleGame/assets/scripts/CounterSettings.ts.
16:54:57.740 debug: Resolve ./BattleTypes from file:///D:/Works/Github/BattleGame/assets/scripts/LevelSettings.ts as file:///D:/Works/Github/BattleGame/assets/scripts/BattleTypes.ts.
16:54:57.740 debug: Resolve cc from file:///D:/Works/Github/BattleGame/assets/scripts/MainGameFlow.ts as cce:/internal/x/cc.
16:54:57.740 debug: Resolve cc from file:///D:/Works/Github/BattleGame/assets/scripts/MainGameFlow.ts as cce:/internal/x/cc.
16:54:57.740 debug: Resolve cc from file:///D:/Works/Github/BattleGame/assets/scripts/MainGameFlow.ts as cce:/internal/x/cc.
16:54:57.740 debug: Resolve cc from file:///D:/Works/Github/BattleGame/assets/scripts/Obstacle.ts as cce:/internal/x/cc.
16:54:57.740 debug: Resolve cc from file:///D:/Works/Github/BattleGame/assets/scripts/Obstacle.ts as cce:/internal/x/cc.
16:54:57.740 debug: Resolve cc from file:///D:/Works/Github/BattleGame/assets/scripts/Obstacle.ts as cce:/internal/x/cc.
16:54:57.740 debug: Resolve cce:/internal/code-quality/cr.mjs from file:///D:/Works/Github/BattleGame/assets/scripts/PlayerArmyController.ts as cce:/internal/code-quality/cr.mjs.
16:54:57.740 debug: Resolve cc from file:///D:/Works/Github/BattleGame/assets/scripts/PlayerArmyController.ts as cce:/internal/x/cc.
16:54:57.740 debug: Resolve cc from file:///D:/Works/Github/BattleGame/assets/scripts/PlayerArmyController.ts as cce:/internal/x/cc.
16:54:57.740 debug: Resolve cc from file:///D:/Works/Github/BattleGame/assets/scripts/PlayerArmyController.ts as cce:/internal/x/cc.
16:54:57.740 debug: Resolve ./GameManager from file:///D:/Works/Github/BattleGame/assets/scripts/PlayerArmyController.ts as file:///D:/Works/Github/BattleGame/assets/scripts/GameManager.ts.
16:54:57.740 debug: Resolve cc from file:///D:/Works/Github/BattleGame/assets/scripts/RandomAnimcationOffset.ts as cce:/internal/x/cc.
16:54:57.740 debug: Resolve cc from file:///D:/Works/Github/BattleGame/assets/scripts/RandomAnimcationOffset.ts as cce:/internal/x/cc.
16:54:57.740 debug: Resolve cc from file:///D:/Works/Github/BattleGame/assets/scripts/RandomAnimcationOffset.ts as cce:/internal/x/cc.
16:54:57.740 debug: Resolve cce:/internal/code-quality/cr.mjs from file:///D:/Works/Github/BattleGame/assets/scripts/SmartArmyBrain.ts as cce:/internal/code-quality/cr.mjs.
16:54:57.740 debug: Resolve cc from file:///D:/Works/Github/BattleGame/assets/scripts/SmartArmyBrain.ts as cce:/internal/x/cc.
16:54:57.740 debug: Resolve cc from file:///D:/Works/Github/BattleGame/assets/scripts/SmartArmyBrain.ts as cce:/internal/x/cc.
16:54:57.741 debug: Resolve cc from file:///D:/Works/Github/BattleGame/assets/scripts/SmartArmyBrain.ts as cce:/internal/x/cc.
16:54:57.741 debug: Resolve ./GameManager from file:///D:/Works/Github/BattleGame/assets/scripts/SmartArmyBrain.ts as file:///D:/Works/Github/BattleGame/assets/scripts/GameManager.ts.
16:54:57.741 debug: Resolve ./BattleWave from file:///D:/Works/Github/BattleGame/assets/scripts/SmartArmyBrain.ts as file:///D:/Works/Github/BattleGame/assets/scripts/BattleWave.ts.
16:54:57.741 debug: Resolve ./CounterSettings from file:///D:/Works/Github/BattleGame/assets/scripts/SmartArmyBrain.ts as file:///D:/Works/Github/BattleGame/assets/scripts/CounterSettings.ts.
16:54:57.741 debug: Resolve ./BattleTypes from file:///D:/Works/Github/BattleGame/assets/scripts/SmartArmyBrain.ts as file:///D:/Works/Github/BattleGame/assets/scripts/BattleTypes.ts.
16:54:57.741 debug: Resolve cce:/internal/code-quality/cr.mjs from file:///D:/Works/Github/BattleGame/assets/scripts/SpawnBackPressureGate.ts as cce:/internal/code-quality/cr.mjs.
16:54:57.741 debug: Resolve cc from file:///D:/Works/Github/BattleGame/assets/scripts/SpawnBackPressureGate.ts as cce:/internal/x/cc.
16:54:57.741 debug: Resolve cc from file:///D:/Works/Github/BattleGame/assets/scripts/SpawnBackPressureGate.ts as cce:/internal/x/cc.
16:54:57.741 debug: Resolve cc from file:///D:/Works/Github/BattleGame/assets/scripts/SpawnBackPressureGate.ts as cce:/internal/x/cc.
16:54:57.741 debug: Resolve ./GameManager from file:///D:/Works/Github/BattleGame/assets/scripts/SpawnBackPressureGate.ts as file:///D:/Works/Github/BattleGame/assets/scripts/GameManager.ts.
16:54:57.741 debug: Resolve cc from file:///D:/Works/Github/BattleGame/assets/scripts/SpectorDebugger.ts as cce:/internal/x/cc.
16:54:57.741 debug: Resolve cc from file:///D:/Works/Github/BattleGame/assets/scripts/SpectorDebugger.ts as cce:/internal/x/cc.
16:54:57.741 debug: Resolve cc from file:///D:/Works/Github/BattleGame/assets/scripts/SpectorDebugger.ts as cce:/internal/x/cc.
16:54:57.741 debug: Create cjs interop url for 'file:///D:/Works/Github/BattleGame/node_modules/spectorjs/dist/spector.bundle.js'
16:54:57.741 debug: Resolve spectorjs from file:///D:/Works/Github/BattleGame/assets/scripts/SpectorDebugger.ts as file:///D:/Works/Github/BattleGame/node_modules/spectorjs/dist/spector.bundle.mjs?cjs=&original=.js.
16:54:57.741 debug: Resolve ./spector.bundle.js from file:///D:/Works/Github/BattleGame/node_modules/spectorjs/dist/spector.bundle.mjs?cjs=&original=.js as file:///D:/Works/Github/BattleGame/node_modules/spectorjs/dist/spector.bundle.js.
16:54:57.741 debug: Resolve cce:/internal/ml/cjs-loader.mjs from file:///D:/Works/Github/BattleGame/node_modules/spectorjs/dist/spector.bundle.mjs?cjs=&original=.js as cce:/internal/ml/cjs-loader.mjs.
16:54:57.741 debug: Resolve ./spector.bundle.js from file:///D:/Works/Github/BattleGame/node_modules/spectorjs/dist/spector.bundle.mjs?cjs=&original=.js as file:///D:/Works/Github/BattleGame/node_modules/spectorjs/dist/spector.bundle.js.
16:54:57.741 debug: Resolve ./spector.bundle.js from file:///D:/Works/Github/BattleGame/node_modules/spectorjs/dist/spector.bundle.mjs?cjs=&original=.js as file:///D:/Works/Github/BattleGame/node_modules/spectorjs/dist/spector.bundle.js.
16:54:57.741 debug: Resolve cce:/internal/ml/cjs-loader.mjs from file:///D:/Works/Github/BattleGame/node_modules/spectorjs/dist/spector.bundle.js as cce:/internal/ml/cjs-loader.mjs.
16:54:57.741 debug: Resolve cce:/internal/code-quality/cr.mjs from file:///D:/Works/Github/BattleGame/assets/scripts/TrueMiniMapPanel.ts as cce:/internal/code-quality/cr.mjs.
16:54:57.741 debug: Resolve cc from file:///D:/Works/Github/BattleGame/assets/scripts/TrueMiniMapPanel.ts as cce:/internal/x/cc.
16:54:57.741 debug: Resolve cc from file:///D:/Works/Github/BattleGame/assets/scripts/TrueMiniMapPanel.ts as cce:/internal/x/cc.
16:54:57.741 debug: Resolve cc from file:///D:/Works/Github/BattleGame/assets/scripts/TrueMiniMapPanel.ts as cce:/internal/x/cc.
16:54:57.741 debug: Resolve ./GameManager from file:///D:/Works/Github/BattleGame/assets/scripts/TrueMiniMapPanel.ts as file:///D:/Works/Github/BattleGame/assets/scripts/GameManager.ts.
16:54:57.741 debug: Resolve ./BattleWave from file:///D:/Works/Github/BattleGame/assets/scripts/TrueMiniMapPanel.ts as file:///D:/Works/Github/BattleGame/assets/scripts/BattleWave.ts.
16:54:57.741 debug: Resolve ./BattleTypes from file:///D:/Works/Github/BattleGame/assets/scripts/TrueMiniMapPanel.ts as file:///D:/Works/Github/BattleGame/assets/scripts/BattleTypes.ts.
16:54:57.741 debug: Resolve ./BattleInformationIconItem from file:///D:/Works/Github/BattleGame/assets/scripts/TrueMiniMapPanel.ts as file:///D:/Works/Github/BattleGame/assets/scripts/BattleInformationIconItem.ts.
16:54:57.741 debug: Resolve ./BattleCinematicCameraController from file:///D:/Works/Github/BattleGame/assets/scripts/TrueMiniMapPanel.ts as file:///D:/Works/Github/BattleGame/assets/scripts/BattleCinematicCameraController.ts.
16:54:57.741 debug: Resolve cc from file:///D:/Works/Github/BattleGame/assets/scripts/VATCharacterPlayer.ts as cce:/internal/x/cc.
16:54:57.741 debug: Resolve cc from file:///D:/Works/Github/BattleGame/assets/scripts/VATCharacterPlayer.ts as cce:/internal/x/cc.
16:54:57.741 debug: Resolve cc from file:///D:/Works/Github/BattleGame/assets/scripts/VATCharacterPlayer.ts as cce:/internal/x/cc.
16:54:57.747 debug: Target(editor) ends with cost 1459.9830999999995ms.
16:54:57.747 debug: Target(preview) build started.
16:54:57.749 debug: Detected change: cce:/internal/x/cc. Last mtime: Thu Jan 01 1970 07:00:07 GMT+0700 (Indochina Time), Current mtime: Thu Jan 01 1970 07:00:06 GMT+0700 (Indochina Time)
16:54:57.749 debug: Inspect cce:/internal/x/cc
16:54:57.775 debug: transform url: 'cce:/internal/x/cc' costs: 25.20 ms
16:54:57.776 debug: Resolve cce:/internal/x/cc-fu/2d from cce:/internal/x/cc as external dependency cce:/internal/x/cc-fu/2d.
16:54:57.776 debug: Resolve cce:/internal/x/cc-fu/sorting from cce:/internal/x/cc as external dependency cce:/internal/x/cc-fu/sorting.
16:54:57.776 debug: Resolve cce:/internal/x/cc-fu/3d from cce:/internal/x/cc as external dependency cce:/internal/x/cc-fu/3d.
16:54:57.776 debug: Resolve cce:/internal/x/cc-fu/affine-transform from cce:/internal/x/cc as external dependency cce:/internal/x/cc-fu/affine-transform.
16:54:57.776 debug: Resolve cce:/internal/x/cc-fu/animation from cce:/internal/x/cc as external dependency cce:/internal/x/cc-fu/animation.
16:54:57.776 debug: Resolve cce:/internal/x/cc-fu/audio from cce:/internal/x/cc as external dependency cce:/internal/x/cc-fu/audio.
16:54:57.776 debug: Resolve cce:/internal/x/cc-fu/base from cce:/internal/x/cc as external dependency cce:/internal/x/cc-fu/base.
16:54:57.776 debug: Resolve cce:/internal/x/cc-fu/custom-pipeline from cce:/internal/x/cc as external dependency cce:/internal/x/cc-fu/custom-pipeline.
16:54:57.776 debug: Resolve cce:/internal/x/cc-fu/gfx-webgl from cce:/internal/x/cc as external dependency cce:/internal/x/cc-fu/gfx-webgl.
16:54:57.776 debug: Resolve cce:/internal/x/cc-fu/gfx-webgl2 from cce:/internal/x/cc as external dependency cce:/internal/x/cc-fu/gfx-webgl2.
16:54:57.776 debug: Resolve cce:/internal/x/cc-fu/graphics from cce:/internal/x/cc as external dependency cce:/internal/x/cc-fu/graphics.
16:54:57.776 debug: Resolve cce:/internal/x/cc-fu/light-probe from cce:/internal/x/cc as external dependency cce:/internal/x/cc-fu/light-probe.
16:54:57.776 debug: Resolve cce:/internal/x/cc-fu/mask from cce:/internal/x/cc as external dependency cce:/internal/x/cc-fu/mask.
16:54:57.776 debug: Resolve cce:/internal/x/cc-fu/particle from cce:/internal/x/cc as external dependency cce:/internal/x/cc-fu/particle.
16:54:57.776 debug: Resolve cce:/internal/x/cc-fu/particle-2d from cce:/internal/x/cc as external dependency cce:/internal/x/cc-fu/particle-2d.
16:54:57.776 debug: Resolve cce:/internal/x/cc-fu/primitive from cce:/internal/x/cc as external dependency cce:/internal/x/cc-fu/primitive.
16:54:57.776 debug: Resolve cce:/internal/x/cc-fu/profiler from cce:/internal/x/cc as external dependency cce:/internal/x/cc-fu/profiler.
16:54:57.776 debug: Resolve cce:/internal/x/cc-fu/rich-text from cce:/internal/x/cc as external dependency cce:/internal/x/cc-fu/rich-text.
16:54:57.776 debug: Resolve cce:/internal/x/cc-fu/skeletal-animation from cce:/internal/x/cc as external dependency cce:/internal/x/cc-fu/skeletal-animation.
16:54:57.777 debug: Resolve cce:/internal/x/cc-fu/tween from cce:/internal/x/cc as external dependency cce:/internal/x/cc-fu/tween.
16:54:57.777 debug: Resolve cce:/internal/x/cc-fu/ui from cce:/internal/x/cc as external dependency cce:/internal/x/cc-fu/ui.
16:54:57.777 debug: Detected change: cce:/internal/x/prerequisite-imports. Last mtime: Thu Jan 01 1970 13:37:30 GMT+0700 (Indochina Time), Current mtime: Thu Jan 01 1970 07:00:08 GMT+0700 (Indochina Time)
16:54:57.777 debug: Inspect cce:/internal/x/prerequisite-imports
16:54:57.791 debug: transform url: 'cce:/internal/x/prerequisite-imports' costs: 14.30 ms
16:54:57.792 debug: Resolve file:///C:/ProgramData/cocos/editors/Creator/3.8.8/resources/resources/3d/engine/editor/assets/default_renderpipeline/builtin-dof-pass.ts from cce:/internal/x/prerequisite-imports as file:///C:/ProgramData/cocos/editors/Creator/3.8.8/resources/resources/3d/engine/editor/assets/default_renderpipeline/builtin-dof-pass.ts.
16:54:57.793 debug: Resolve file:///C:/ProgramData/cocos/editors/Creator/3.8.8/resources/resources/3d/engine/editor/assets/default_renderpipeline/builtin-pipeline-pass.ts from cce:/internal/x/prerequisite-imports as file:///C:/ProgramData/cocos/editors/Creator/3.8.8/resources/resources/3d/engine/editor/assets/default_renderpipeline/builtin-pipeline-pass.ts.
16:54:57.793 debug: Resolve file:///C:/ProgramData/cocos/editors/Creator/3.8.8/resources/resources/3d/engine/editor/assets/default_renderpipeline/builtin-pipeline-settings.ts from cce:/internal/x/prerequisite-imports as file:///C:/ProgramData/cocos/editors/Creator/3.8.8/resources/resources/3d/engine/editor/assets/default_renderpipeline/builtin-pipeline-settings.ts.
16:54:57.794 debug: Resolve file:///C:/ProgramData/cocos/editors/Creator/3.8.8/resources/resources/3d/engine/editor/assets/default_renderpipeline/builtin-pipeline-types.ts from cce:/internal/x/prerequisite-imports as file:///C:/ProgramData/cocos/editors/Creator/3.8.8/resources/resources/3d/engine/editor/assets/default_renderpipeline/builtin-pipeline-types.ts.
16:54:57.795 debug: Resolve file:///C:/ProgramData/cocos/editors/Creator/3.8.8/resources/resources/3d/engine/editor/assets/default_renderpipeline/builtin-pipeline.ts from cce:/internal/x/prerequisite-imports as file:///C:/ProgramData/cocos/editors/Creator/3.8.8/resources/resources/3d/engine/editor/assets/default_renderpipeline/builtin-pipeline.ts.
16:54:57.795 debug: Resolve file:///C:/ProgramData/cocos/editors/Creator/3.8.8/resources/resources/3d/engine/editor/assets/tools/debug-view-runtime-control.ts from cce:/internal/x/prerequisite-imports as file:///C:/ProgramData/cocos/editors/Creator/3.8.8/resources/resources/3d/engine/editor/assets/tools/debug-view-runtime-control.ts.
16:54:57.796 debug: Resolve file:///D:/Works/Github/BattleGame/assets/3D/Fighter/EventTest.ts from cce:/internal/x/prerequisite-imports as file:///D:/Works/Github/BattleGame/assets/3D/Fighter/EventTest.ts.
16:54:57.796 debug: Resolve file:///D:/Works/Github/BattleGame/assets/scripts/BattleArmyBrain.ts from cce:/internal/x/prerequisite-imports as file:///D:/Works/Github/BattleGame/assets/scripts/BattleArmyBrain.ts.
16:54:57.796 debug: Resolve file:///D:/Works/Github/BattleGame/assets/scripts/BattleCardDatabase.ts from cce:/internal/x/prerequisite-imports as file:///D:/Works/Github/BattleGame/assets/scripts/BattleCardDatabase.ts.
16:54:57.796 debug: Resolve file:///D:/Works/Github/BattleGame/assets/scripts/BattleCardRuntime.ts from cce:/internal/x/prerequisite-imports as file:///D:/Works/Github/BattleGame/assets/scripts/BattleCardRuntime.ts.
16:54:57.797 debug: Resolve file:///D:/Works/Github/BattleGame/assets/scripts/BattleCinematicCameraController.ts from cce:/internal/x/prerequisite-imports as file:///D:/Works/Github/BattleGame/assets/scripts/BattleCinematicCameraController.ts.
16:54:57.797 debug: Resolve file:///D:/Works/Github/BattleGame/assets/scripts/BattleInformationIconItem.ts from cce:/internal/x/prerequisite-imports as file:///D:/Works/Github/BattleGame/assets/scripts/BattleInformationIconItem.ts.
16:54:57.797 debug: Resolve file:///D:/Works/Github/BattleGame/assets/scripts/BattleSpatialGrid.ts from cce:/internal/x/prerequisite-imports as file:///D:/Works/Github/BattleGame/assets/scripts/BattleSpatialGrid.ts.
16:54:57.798 debug: Resolve file:///D:/Works/Github/BattleGame/assets/scripts/BattleTelemetry.ts from cce:/internal/x/prerequisite-imports as file:///D:/Works/Github/BattleGame/assets/scripts/BattleTelemetry.ts.
16:54:57.798 debug: Resolve file:///D:/Works/Github/BattleGame/assets/scripts/BattleTypes.ts from cce:/internal/x/prerequisite-imports as file:///D:/Works/Github/BattleGame/assets/scripts/BattleTypes.ts.
16:54:57.798 debug: Resolve file:///D:/Works/Github/BattleGame/assets/scripts/BattleUnitDatabase.ts from cce:/internal/x/prerequisite-imports as file:///D:/Works/Github/BattleGame/assets/scripts/BattleUnitDatabase.ts.
16:54:57.798 debug: Resolve file:///D:/Works/Github/BattleGame/assets/scripts/BattleWave.ts from cce:/internal/x/prerequisite-imports as file:///D:/Works/Github/BattleGame/assets/scripts/BattleWave.ts.
16:54:57.799 debug: Detected change: file:///D:/Works/Github/BattleGame/assets/scripts/BattleWave.ts. Last mtime: Wed Sep 16 2026 17:50:17 GMT+0700 (Indochina Time)@2d08db82-1fa4-4c47-8a8f-1426426be8b7, Current mtime: Wed Sep 16 2026 18:10:32 GMT+0700 (Indochina Time)@2d08db82-1fa4-4c47-8a8f-1426426be8b7
16:54:57.799 debug: Inspect file:///D:/Works/Github/BattleGame/assets/scripts/BattleWave.ts
16:54:58.003 debug: transform url: 'file:///D:/Works/Github/BattleGame/assets/scripts/BattleWave.ts' costs: 203.80 ms
16:54:58.005 debug: Resolve file:///D:/Works/Github/BattleGame/assets/scripts/BattlefieldEvaluator.ts from cce:/internal/x/prerequisite-imports as file:///D:/Works/Github/BattleGame/assets/scripts/BattlefieldEvaluator.ts.
16:54:58.005 debug: Resolve file:///D:/Works/Github/BattleGame/assets/scripts/CinematicOrbitRig.ts from cce:/internal/x/prerequisite-imports as file:///D:/Works/Github/BattleGame/assets/scripts/CinematicOrbitRig.ts.
16:54:58.005 debug: Resolve file:///D:/Works/Github/BattleGame/assets/scripts/CounterSettings.ts from cce:/internal/x/prerequisite-imports as file:///D:/Works/Github/BattleGame/assets/scripts/CounterSettings.ts.
16:54:58.006 debug: Resolve file:///D:/Works/Github/BattleGame/assets/scripts/DebugStats.ts from cce:/internal/x/prerequisite-imports as file:///D:/Works/Github/BattleGame/assets/scripts/DebugStats.ts.
16:54:58.006 debug: Resolve file:///D:/Works/Github/BattleGame/assets/scripts/GameManager.ts from cce:/internal/x/prerequisite-imports as file:///D:/Works/Github/BattleGame/assets/scripts/GameManager.ts.
16:54:58.007 debug: Detected change: file:///D:/Works/Github/BattleGame/assets/scripts/GameManager.ts. Last mtime: Wed Sep 16 2026 17:51:23 GMT+0700 (Indochina Time)@1e335392-7464-462e-b0f4-f1a62cb2f2ab, Current mtime: Wed Sep 16 2026 18:10:32 GMT+0700 (Indochina Time)@1e335392-7464-462e-b0f4-f1a62cb2f2ab
16:54:58.007 debug: Inspect file:///D:/Works/Github/BattleGame/assets/scripts/GameManager.ts
16:54:59.076 debug: transform url: 'file:///D:/Works/Github/BattleGame/assets/scripts/GameManager.ts' costs: 1068.70 ms
16:54:59.080 debug: Resolve file:///D:/Works/Github/BattleGame/assets/scripts/HealthBar3D.ts from cce:/internal/x/prerequisite-imports as file:///D:/Works/Github/BattleGame/assets/scripts/HealthBar3D.ts.
16:54:59.081 debug: Resolve file:///D:/Works/Github/BattleGame/assets/scripts/LevelSettings.ts from cce:/internal/x/prerequisite-imports as file:///D:/Works/Github/BattleGame/assets/scripts/LevelSettings.ts.
16:54:59.081 debug: Resolve file:///D:/Works/Github/BattleGame/assets/scripts/MainGameFlow.ts from cce:/internal/x/prerequisite-imports as file:///D:/Works/Github/BattleGame/assets/scripts/MainGameFlow.ts.
16:54:59.082 debug: Resolve file:///D:/Works/Github/BattleGame/assets/scripts/Obstacle.ts from cce:/internal/x/prerequisite-imports as file:///D:/Works/Github/BattleGame/assets/scripts/Obstacle.ts.
16:54:59.082 debug: Resolve file:///D:/Works/Github/BattleGame/assets/scripts/ObstacleCircle.ts from cce:/internal/x/prerequisite-imports as file:///D:/Works/Github/BattleGame/assets/scripts/ObstacleCircle.ts.
16:54:59.082 debug: Resolve file:///D:/Works/Github/BattleGame/assets/scripts/ObstacleRect.ts from cce:/internal/x/prerequisite-imports as file:///D:/Works/Github/BattleGame/assets/scripts/ObstacleRect.ts.
16:54:59.083 debug: Resolve file:///D:/Works/Github/BattleGame/assets/scripts/PlayerArmyController.ts from cce:/internal/x/prerequisite-imports as file:///D:/Works/Github/BattleGame/assets/scripts/PlayerArmyController.ts.
16:54:59.083 debug: Resolve file:///D:/Works/Github/BattleGame/assets/scripts/RandomAnimcationOffset.ts from cce:/internal/x/prerequisite-imports as file:///D:/Works/Github/BattleGame/assets/scripts/RandomAnimcationOffset.ts.
16:54:59.083 debug: Resolve file:///D:/Works/Github/BattleGame/assets/scripts/SmartArmyBrain.ts from cce:/internal/x/prerequisite-imports as file:///D:/Works/Github/BattleGame/assets/scripts/SmartArmyBrain.ts.
16:54:59.083 debug: Resolve file:///D:/Works/Github/BattleGame/assets/scripts/SpawnBackPressureGate.ts from cce:/internal/x/prerequisite-imports as file:///D:/Works/Github/BattleGame/assets/scripts/SpawnBackPressureGate.ts.
16:54:59.084 debug: Resolve file:///D:/Works/Github/BattleGame/assets/scripts/SpectorDebugger.ts from cce:/internal/x/prerequisite-imports as file:///D:/Works/Github/BattleGame/assets/scripts/SpectorDebugger.ts.
16:54:59.084 debug: Resolve file:///D:/Works/Github/BattleGame/assets/scripts/TopDownCameraDrag.ts from cce:/internal/x/prerequisite-imports as file:///D:/Works/Github/BattleGame/assets/scripts/TopDownCameraDrag.ts.
16:54:59.084 debug: Resolve file:///D:/Works/Github/BattleGame/assets/scripts/TrueMiniMapPanel.ts from cce:/internal/x/prerequisite-imports as file:///D:/Works/Github/BattleGame/assets/scripts/TrueMiniMapPanel.ts.
16:54:59.085 debug: Resolve file:///D:/Works/Github/BattleGame/assets/scripts/Unit.ts from cce:/internal/x/prerequisite-imports as file:///D:/Works/Github/BattleGame/assets/scripts/Unit.ts.
16:54:59.085 debug: Resolve file:///D:/Works/Github/BattleGame/assets/scripts/UnitBehavior.ts from cce:/internal/x/prerequisite-imports as file:///D:/Works/Github/BattleGame/assets/scripts/UnitBehavior.ts.
16:54:59.085 debug: Resolve file:///D:/Works/Github/BattleGame/assets/scripts/UnitProps.ts from cce:/internal/x/prerequisite-imports as file:///D:/Works/Github/BattleGame/assets/scripts/UnitProps.ts.
16:54:59.086 debug: Resolve file:///D:/Works/Github/BattleGame/assets/scripts/UnitSpawner.ts from cce:/internal/x/prerequisite-imports as file:///D:/Works/Github/BattleGame/assets/scripts/UnitSpawner.ts.
16:54:59.086 debug: Resolve file:///D:/Works/Github/BattleGame/assets/scripts/VATCharacterPlayer.ts from cce:/internal/x/prerequisite-imports as file:///D:/Works/Github/BattleGame/assets/scripts/VATCharacterPlayer.ts.
16:54:59.086 debug: Resolve file:///D:/Works/Github/BattleGame/assets/scripts/rvo/RVO.ts from cce:/internal/x/prerequisite-imports as file:///D:/Works/Github/BattleGame/assets/scripts/rvo/RVO.ts.
16:54:59.086 debug: Resolve file:///D:/Works/Github/BattleGame/assets/scripts/rvo/RVOWorkerSimulator.ts from cce:/internal/x/prerequisite-imports as file:///D:/Works/Github/BattleGame/assets/scripts/rvo/RVOWorkerSimulator.ts.
16:54:59.087 debug: Resolve cce:/internal/code-quality/cr.mjs from file:///C:/ProgramData/cocos/editors/Creator/3.8.8/resources/resources/3d/engine/editor/assets/default_renderpipeline/builtin-dof-pass.ts as cce:/internal/code-quality/cr.mjs.
16:54:59.087 debug: Detected change: cce:/internal/code-quality/cr.mjs. Last mtime: Wed Sep 16 2026 11:26:50 GMT+0700 (Indochina Time), Current mtime: Thu Sep 17 2026 16:54:49 GMT+0700 (Indochina Time)
16:54:59.087 debug: Inspect cce:/internal/code-quality/cr.mjs
16:54:59.101 debug: transform url: 'cce:/internal/code-quality/cr.mjs' costs: 14.20 ms
16:54:59.106 debug: Resolve cc from file:///C:/ProgramData/cocos/editors/Creator/3.8.8/resources/resources/3d/engine/editor/assets/default_renderpipeline/builtin-dof-pass.ts as cce:/internal/x/cc.
16:54:59.106 debug: Resolve cc from file:///C:/ProgramData/cocos/editors/Creator/3.8.8/resources/resources/3d/engine/editor/assets/default_renderpipeline/builtin-dof-pass.ts as cce:/internal/x/cc.
16:54:59.106 debug: Resolve cc from file:///C:/ProgramData/cocos/editors/Creator/3.8.8/resources/resources/3d/engine/editor/assets/default_renderpipeline/builtin-dof-pass.ts as cce:/internal/x/cc.
16:54:59.106 debug: Resolve cc/env from file:///C:/ProgramData/cocos/editors/Creator/3.8.8/resources/resources/3d/engine/editor/assets/default_renderpipeline/builtin-dof-pass.ts as external dependency cc/env.
16:54:59.107 debug: Resolve ./builtin-pipeline-settings from file:///C:/ProgramData/cocos/editors/Creator/3.8.8/resources/resources/3d/engine/editor/assets/default_renderpipeline/builtin-dof-pass.ts as file:///C:/ProgramData/cocos/editors/Creator/3.8.8/resources/resources/3d/engine/editor/assets/default_renderpipeline/builtin-pipeline-settings.ts.
16:54:59.108 debug: Resolve ./builtin-pipeline-pass from file:///C:/ProgramData/cocos/editors/Creator/3.8.8/resources/resources/3d/engine/editor/assets/default_renderpipeline/builtin-dof-pass.ts as file:///C:/ProgramData/cocos/editors/Creator/3.8.8/resources/resources/3d/engine/editor/assets/default_renderpipeline/builtin-pipeline-pass.ts.
16:54:59.108 debug: Resolve ./builtin-pipeline from file:///C:/ProgramData/cocos/editors/Creator/3.8.8/resources/resources/3d/engine/editor/assets/default_renderpipeline/builtin-dof-pass.ts as file:///C:/ProgramData/cocos/editors/Creator/3.8.8/resources/resources/3d/engine/editor/assets/default_renderpipeline/builtin-pipeline.ts.
16:54:59.108 debug: Resolve cce:/internal/code-quality/cr.mjs from file:///C:/ProgramData/cocos/editors/Creator/3.8.8/resources/resources/3d/engine/editor/assets/default_renderpipeline/builtin-pipeline-settings.ts as cce:/internal/code-quality/cr.mjs.
16:54:59.108 debug: Resolve cc from file:///C:/ProgramData/cocos/editors/Creator/3.8.8/resources/resources/3d/engine/editor/assets/default_renderpipeline/builtin-pipeline-settings.ts as cce:/internal/x/cc.
16:54:59.108 debug: Resolve cc from file:///C:/ProgramData/cocos/editors/Creator/3.8.8/resources/resources/3d/engine/editor/assets/default_renderpipeline/builtin-pipeline-settings.ts as cce:/internal/x/cc.
16:54:59.108 debug: Resolve cc from file:///C:/ProgramData/cocos/editors/Creator/3.8.8/resources/resources/3d/engine/editor/assets/default_renderpipeline/builtin-pipeline-settings.ts as cce:/internal/x/cc.
16:54:59.108 debug: Resolve cc/env from file:///C:/ProgramData/cocos/editors/Creator/3.8.8/resources/resources/3d/engine/editor/assets/default_renderpipeline/builtin-pipeline-settings.ts as external dependency cc/env.
16:54:59.109 debug: Resolve ./builtin-pipeline-types from file:///C:/ProgramData/cocos/editors/Creator/3.8.8/resources/resources/3d/engine/editor/assets/default_renderpipeline/builtin-pipeline-settings.ts as file:///C:/ProgramData/cocos/editors/Creator/3.8.8/resources/resources/3d/engine/editor/assets/default_renderpipeline/builtin-pipeline-types.ts.
16:54:59.109 debug: Resolve cc from file:///C:/ProgramData/cocos/editors/Creator/3.8.8/resources/resources/3d/engine/editor/assets/default_renderpipeline/builtin-pipeline-types.ts as cce:/internal/x/cc.
16:54:59.109 debug: Resolve cc from file:///C:/ProgramData/cocos/editors/Creator/3.8.8/resources/resources/3d/engine/editor/assets/default_renderpipeline/builtin-pipeline-types.ts as cce:/internal/x/cc.
16:54:59.109 debug: Resolve cc from file:///C:/ProgramData/cocos/editors/Creator/3.8.8/resources/resources/3d/engine/editor/assets/default_renderpipeline/builtin-pipeline-types.ts as cce:/internal/x/cc.
16:54:59.109 debug: Resolve cce:/internal/code-quality/cr.mjs from file:///C:/ProgramData/cocos/editors/Creator/3.8.8/resources/resources/3d/engine/editor/assets/default_renderpipeline/builtin-pipeline-pass.ts as cce:/internal/code-quality/cr.mjs.
16:54:59.109 debug: Resolve cc from file:///C:/ProgramData/cocos/editors/Creator/3.8.8/resources/resources/3d/engine/editor/assets/default_renderpipeline/builtin-pipeline-pass.ts as cce:/internal/x/cc.
16:54:59.109 debug: Resolve cc from file:///C:/ProgramData/cocos/editors/Creator/3.8.8/resources/resources/3d/engine/editor/assets/default_renderpipeline/builtin-pipeline-pass.ts as cce:/internal/x/cc.
16:54:59.109 debug: Resolve cc from file:///C:/ProgramData/cocos/editors/Creator/3.8.8/resources/resources/3d/engine/editor/assets/default_renderpipeline/builtin-pipeline-pass.ts as cce:/internal/x/cc.
16:54:59.110 debug: Resolve ./builtin-pipeline-settings from file:///C:/ProgramData/cocos/editors/Creator/3.8.8/resources/resources/3d/engine/editor/assets/default_renderpipeline/builtin-pipeline-pass.ts as file:///C:/ProgramData/cocos/editors/Creator/3.8.8/resources/resources/3d/engine/editor/assets/default_renderpipeline/builtin-pipeline-settings.ts.
16:54:59.110 debug: Resolve cc/env from file:///C:/ProgramData/cocos/editors/Creator/3.8.8/resources/resources/3d/engine/editor/assets/default_renderpipeline/builtin-pipeline-pass.ts as external dependency cc/env.
16:54:59.110 debug: Resolve cce:/internal/code-quality/cr.mjs from file:///C:/ProgramData/cocos/editors/Creator/3.8.8/resources/resources/3d/engine/editor/assets/default_renderpipeline/builtin-pipeline.ts as cce:/internal/code-quality/cr.mjs.
16:54:59.110 debug: Resolve cc from file:///C:/ProgramData/cocos/editors/Creator/3.8.8/resources/resources/3d/engine/editor/assets/default_renderpipeline/builtin-pipeline.ts as cce:/internal/x/cc.
16:54:59.110 debug: Resolve cc from file:///C:/ProgramData/cocos/editors/Creator/3.8.8/resources/resources/3d/engine/editor/assets/default_renderpipeline/builtin-pipeline.ts as cce:/internal/x/cc.
16:54:59.110 debug: Resolve cc from file:///C:/ProgramData/cocos/editors/Creator/3.8.8/resources/resources/3d/engine/editor/assets/default_renderpipeline/builtin-pipeline.ts as cce:/internal/x/cc.
16:54:59.110 debug: Resolve cc/env from file:///C:/ProgramData/cocos/editors/Creator/3.8.8/resources/resources/3d/engine/editor/assets/default_renderpipeline/builtin-pipeline.ts as external dependency cc/env.
16:54:59.111 debug: Resolve ./builtin-pipeline-types from file:///C:/ProgramData/cocos/editors/Creator/3.8.8/resources/resources/3d/engine/editor/assets/default_renderpipeline/builtin-pipeline.ts as file:///C:/ProgramData/cocos/editors/Creator/3.8.8/resources/resources/3d/engine/editor/assets/default_renderpipeline/builtin-pipeline-types.ts.
16:54:59.111 debug: Resolve cc from file:///C:/ProgramData/cocos/editors/Creator/3.8.8/resources/resources/3d/engine/editor/assets/tools/debug-view-runtime-control.ts as cce:/internal/x/cc.
16:54:59.111 debug: Resolve cc from file:///C:/ProgramData/cocos/editors/Creator/3.8.8/resources/resources/3d/engine/editor/assets/tools/debug-view-runtime-control.ts as cce:/internal/x/cc.
16:54:59.111 debug: Resolve cc from file:///C:/ProgramData/cocos/editors/Creator/3.8.8/resources/resources/3d/engine/editor/assets/tools/debug-view-runtime-control.ts as cce:/internal/x/cc.
16:54:59.111 debug: Resolve cc from file:///D:/Works/Github/BattleGame/assets/3D/Fighter/EventTest.ts as cce:/internal/x/cc.
16:54:59.111 debug: Resolve cc from file:///D:/Works/Github/BattleGame/assets/3D/Fighter/EventTest.ts as cce:/internal/x/cc.
16:54:59.111 debug: Resolve cc from file:///D:/Works/Github/BattleGame/assets/3D/Fighter/EventTest.ts as cce:/internal/x/cc.
16:54:59.111 debug: Resolve cce:/internal/code-quality/cr.mjs from file:///D:/Works/Github/BattleGame/assets/scripts/BattleArmyBrain.ts as cce:/internal/code-quality/cr.mjs.
16:54:59.111 debug: Resolve cc from file:///D:/Works/Github/BattleGame/assets/scripts/BattleArmyBrain.ts as cce:/internal/x/cc.
16:54:59.111 debug: Resolve cc from file:///D:/Works/Github/BattleGame/assets/scripts/BattleArmyBrain.ts as cce:/internal/x/cc.
16:54:59.112 debug: Resolve cc from file:///D:/Works/Github/BattleGame/assets/scripts/BattleArmyBrain.ts as cce:/internal/x/cc.
16:54:59.112 debug: Resolve ./GameManager from file:///D:/Works/Github/BattleGame/assets/scripts/BattleArmyBrain.ts as file:///D:/Works/Github/BattleGame/assets/scripts/GameManager.ts.
16:54:59.112 debug: Resolve ./BattlefieldEvaluator from file:///D:/Works/Github/BattleGame/assets/scripts/BattleArmyBrain.ts as file:///D:/Works/Github/BattleGame/assets/scripts/BattlefieldEvaluator.ts.
16:54:59.113 debug: Resolve ./BattleTypes from file:///D:/Works/Github/BattleGame/assets/scripts/BattleArmyBrain.ts as file:///D:/Works/Github/BattleGame/assets/scripts/BattleTypes.ts.
16:54:59.113 debug: Resolve cce:/internal/code-quality/cr.mjs from file:///D:/Works/Github/BattleGame/assets/scripts/GameManager.ts as cce:/internal/code-quality/cr.mjs.
16:54:59.113 debug: Resolve cc from file:///D:/Works/Github/BattleGame/assets/scripts/GameManager.ts as cce:/internal/x/cc.
16:54:59.113 debug: Resolve cc from file:///D:/Works/Github/BattleGame/assets/scripts/GameManager.ts as cce:/internal/x/cc.
16:54:59.113 debug: Resolve cc from file:///D:/Works/Github/BattleGame/assets/scripts/GameManager.ts as cce:/internal/x/cc.
16:54:59.113 debug: Resolve ./Unit from file:///D:/Works/Github/BattleGame/assets/scripts/GameManager.ts as file:///D:/Works/Github/BattleGame/assets/scripts/Unit.ts.
16:54:59.114 debug: Resolve ./UnitProps from file:///D:/Works/Github/BattleGame/assets/scripts/GameManager.ts as file:///D:/Works/Github/BattleGame/assets/scripts/UnitProps.ts.
16:54:59.114 debug: Resolve ./rvo/RVO from file:///D:/Works/Github/BattleGame/assets/scripts/GameManager.ts as file:///D:/Works/Github/BattleGame/assets/scripts/rvo/RVO.ts.
16:54:59.114 debug: Resolve ./rvo/RVOWorkerSimulator from file:///D:/Works/Github/BattleGame/assets/scripts/GameManager.ts as file:///D:/Works/Github/BattleGame/assets/scripts/rvo/RVOWorkerSimulator.ts.
16:54:59.115 debug: Resolve ./ObstacleCircle from file:///D:/Works/Github/BattleGame/assets/scripts/GameManager.ts as file:///D:/Works/Github/BattleGame/assets/scripts/ObstacleCircle.ts.
16:54:59.115 debug: Resolve ./ObstacleRect from file:///D:/Works/Github/BattleGame/assets/scripts/GameManager.ts as file:///D:/Works/Github/BattleGame/assets/scripts/ObstacleRect.ts.
16:54:59.115 debug: Resolve ./UnitSpawner from file:///D:/Works/Github/BattleGame/assets/scripts/GameManager.ts as file:///D:/Works/Github/BattleGame/assets/scripts/UnitSpawner.ts.
16:54:59.116 debug: Resolve ./UnitBehavior from file:///D:/Works/Github/BattleGame/assets/scripts/GameManager.ts as file:///D:/Works/Github/BattleGame/assets/scripts/UnitBehavior.ts.
16:54:59.116 debug: Resolve ./BattleSpatialGrid from file:///D:/Works/Github/BattleGame/assets/scripts/GameManager.ts as file:///D:/Works/Github/BattleGame/assets/scripts/BattleSpatialGrid.ts.
16:54:59.117 debug: Resolve ./BattleWave from file:///D:/Works/Github/BattleGame/assets/scripts/GameManager.ts as file:///D:/Works/Github/BattleGame/assets/scripts/BattleWave.ts.
16:54:59.117 debug: Resolve ./CounterSettings from file:///D:/Works/Github/BattleGame/assets/scripts/GameManager.ts as file:///D:/Works/Github/BattleGame/assets/scripts/CounterSettings.ts.
16:54:59.117 debug: Resolve ./BattleTypes from file:///D:/Works/Github/BattleGame/assets/scripts/GameManager.ts as file:///D:/Works/Github/BattleGame/assets/scripts/BattleTypes.ts.
16:54:59.118 debug: Resolve ./BattleTelemetry from file:///D:/Works/Github/BattleGame/assets/scripts/GameManager.ts as file:///D:/Works/Github/BattleGame/assets/scripts/BattleTelemetry.ts.
16:54:59.118 debug: Resolve ./BattleUnitDatabase from file:///D:/Works/Github/BattleGame/assets/scripts/GameManager.ts as file:///D:/Works/Github/BattleGame/assets/scripts/BattleUnitDatabase.ts.
16:54:59.118 debug: Resolve ./BattleCardDatabase from file:///D:/Works/Github/BattleGame/assets/scripts/GameManager.ts as file:///D:/Works/Github/BattleGame/assets/scripts/BattleCardDatabase.ts.
16:54:59.119 debug: Resolve ./BattleCardRuntime from file:///D:/Works/Github/BattleGame/assets/scripts/GameManager.ts as file:///D:/Works/Github/BattleGame/assets/scripts/BattleCardRuntime.ts.
16:54:59.119 debug: Resolve ./HealthBar3D from file:///D:/Works/Github/BattleGame/assets/scripts/GameManager.ts as file:///D:/Works/Github/BattleGame/assets/scripts/HealthBar3D.ts.
16:54:59.119 debug: Resolve ./BattleUnitDatabase from file:///D:/Works/Github/BattleGame/assets/scripts/GameManager.ts as file:///D:/Works/Github/BattleGame/assets/scripts/BattleUnitDatabase.ts.
16:54:59.119 debug: Resolve cce:/internal/code-quality/cr.mjs from file:///D:/Works/Github/BattleGame/assets/scripts/Unit.ts as cce:/internal/code-quality/cr.mjs.
16:54:59.119 debug: Resolve cc from file:///D:/Works/Github/BattleGame/assets/scripts/Unit.ts as cce:/internal/x/cc.
16:54:59.119 debug: Resolve cc from file:///D:/Works/Github/BattleGame/assets/scripts/Unit.ts as cce:/internal/x/cc.
16:54:59.120 debug: Resolve cc from file:///D:/Works/Github/BattleGame/assets/scripts/Unit.ts as cce:/internal/x/cc.
16:54:59.120 debug: Resolve ./UnitProps from file:///D:/Works/Github/BattleGame/assets/scripts/Unit.ts as file:///D:/Works/Github/BattleGame/assets/scripts/UnitProps.ts.
16:54:59.120 debug: Resolve ./GameManager from file:///D:/Works/Github/BattleGame/assets/scripts/Unit.ts as file:///D:/Works/Github/BattleGame/assets/scripts/GameManager.ts.
16:54:59.120 debug: Resolve cce:/internal/code-quality/cr.mjs from file:///D:/Works/Github/BattleGame/assets/scripts/UnitProps.ts as cce:/internal/code-quality/cr.mjs.
16:54:59.120 debug: Resolve cc from file:///D:/Works/Github/BattleGame/assets/scripts/UnitProps.ts as cce:/internal/x/cc.
16:54:59.120 debug: Resolve cc from file:///D:/Works/Github/BattleGame/assets/scripts/UnitProps.ts as cce:/internal/x/cc.
16:54:59.120 debug: Resolve cc from file:///D:/Works/Github/BattleGame/assets/scripts/UnitProps.ts as cce:/internal/x/cc.
16:54:59.121 debug: Resolve ./BattleTypes from file:///D:/Works/Github/BattleGame/assets/scripts/UnitProps.ts as file:///D:/Works/Github/BattleGame/assets/scripts/BattleTypes.ts.
16:54:59.123 debug: Resolve ./HealthBar3D from file:///D:/Works/Github/BattleGame/assets/scripts/UnitProps.ts as file:///D:/Works/Github/BattleGame/assets/scripts/HealthBar3D.ts.
16:54:59.123 debug: Resolve cc from file:///D:/Works/Github/BattleGame/assets/scripts/BattleTypes.ts as cce:/internal/x/cc.
16:54:59.123 debug: Resolve cc from file:///D:/Works/Github/BattleGame/assets/scripts/BattleTypes.ts as cce:/internal/x/cc.
16:54:59.123 debug: Resolve cc from file:///D:/Works/Github/BattleGame/assets/scripts/BattleTypes.ts as cce:/internal/x/cc.
16:54:59.123 debug: Resolve cc from file:///D:/Works/Github/BattleGame/assets/scripts/HealthBar3D.ts as cce:/internal/x/cc.
16:54:59.123 debug: Resolve cc from file:///D:/Works/Github/BattleGame/assets/scripts/HealthBar3D.ts as cce:/internal/x/cc.
16:54:59.123 debug: Resolve cc from file:///D:/Works/Github/BattleGame/assets/scripts/HealthBar3D.ts as cce:/internal/x/cc.
16:54:59.123 debug: Resolve cc from file:///D:/Works/Github/BattleGame/assets/scripts/rvo/RVO.ts as cce:/internal/x/cc.
16:54:59.123 debug: Resolve cce:/internal/code-quality/cr.mjs from file:///D:/Works/Github/BattleGame/assets/scripts/rvo/RVOWorkerSimulator.ts as cce:/internal/code-quality/cr.mjs.
16:54:59.123 debug: Resolve cc from file:///D:/Works/Github/BattleGame/assets/scripts/rvo/RVOWorkerSimulator.ts as cce:/internal/x/cc.
16:54:59.124 debug: Resolve ./RVO from file:///D:/Works/Github/BattleGame/assets/scripts/rvo/RVOWorkerSimulator.ts as file:///D:/Works/Github/BattleGame/assets/scripts/rvo/RVO.ts.
16:54:59.124 debug: Resolve cc from file:///D:/Works/Github/BattleGame/assets/scripts/ObstacleCircle.ts as cce:/internal/x/cc.
16:54:59.124 debug: Resolve cc from file:///D:/Works/Github/BattleGame/assets/scripts/ObstacleCircle.ts as cce:/internal/x/cc.
16:54:59.124 debug: Resolve cc from file:///D:/Works/Github/BattleGame/assets/scripts/ObstacleCircle.ts as cce:/internal/x/cc.
16:54:59.124 debug: Resolve cc from file:///D:/Works/Github/BattleGame/assets/scripts/ObstacleRect.ts as cce:/internal/x/cc.
16:54:59.124 debug: Resolve cc from file:///D:/Works/Github/BattleGame/assets/scripts/ObstacleRect.ts as cce:/internal/x/cc.
16:54:59.124 debug: Resolve cc from file:///D:/Works/Github/BattleGame/assets/scripts/ObstacleRect.ts as cce:/internal/x/cc.
16:54:59.124 debug: Resolve cce:/internal/code-quality/cr.mjs from file:///D:/Works/Github/BattleGame/assets/scripts/UnitSpawner.ts as cce:/internal/code-quality/cr.mjs.
16:54:59.124 debug: Resolve cc from file:///D:/Works/Github/BattleGame/assets/scripts/UnitSpawner.ts as cce:/internal/x/cc.
16:54:59.124 debug: Resolve cc from file:///D:/Works/Github/BattleGame/assets/scripts/UnitSpawner.ts as cce:/internal/x/cc.
16:54:59.124 debug: Resolve cc from file:///D:/Works/Github/BattleGame/assets/scripts/UnitSpawner.ts as cce:/internal/x/cc.
16:54:59.125 debug: Resolve ./Unit from file:///D:/Works/Github/BattleGame/assets/scripts/UnitSpawner.ts as file:///D:/Works/Github/BattleGame/assets/scripts/Unit.ts.
16:54:59.125 debug: Resolve ./UnitProps from file:///D:/Works/Github/BattleGame/assets/scripts/UnitSpawner.ts as file:///D:/Works/Github/BattleGame/assets/scripts/UnitProps.ts.
16:54:59.125 debug: Resolve ./UnitBehavior from file:///D:/Works/Github/BattleGame/assets/scripts/UnitSpawner.ts as file:///D:/Works/Github/BattleGame/assets/scripts/UnitBehavior.ts.
16:54:59.125 debug: Resolve cce:/internal/code-quality/cr.mjs from file:///D:/Works/Github/BattleGame/assets/scripts/UnitBehavior.ts as cce:/internal/code-quality/cr.mjs.
16:54:59.125 debug: Resolve cc from file:///D:/Works/Github/BattleGame/assets/scripts/UnitBehavior.ts as cce:/internal/x/cc.
16:54:59.125 debug: Resolve cc from file:///D:/Works/Github/BattleGame/assets/scripts/UnitBehavior.ts as cce:/internal/x/cc.
16:54:59.125 debug: Resolve cc from file:///D:/Works/Github/BattleGame/assets/scripts/UnitBehavior.ts as cce:/internal/x/cc.
16:54:59.126 debug: Resolve ./Unit from file:///D:/Works/Github/BattleGame/assets/scripts/UnitBehavior.ts as file:///D:/Works/Github/BattleGame/assets/scripts/Unit.ts.
16:54:59.126 debug: Resolve ./UnitProps from file:///D:/Works/Github/BattleGame/assets/scripts/UnitBehavior.ts as file:///D:/Works/Github/BattleGame/assets/scripts/UnitProps.ts.
16:54:59.126 debug: Resolve ./CounterSettings from file:///D:/Works/Github/BattleGame/assets/scripts/UnitBehavior.ts as file:///D:/Works/Github/BattleGame/assets/scripts/CounterSettings.ts.
16:54:59.127 debug: Resolve ./BattleCardDatabase from file:///D:/Works/Github/BattleGame/assets/scripts/UnitBehavior.ts as file:///D:/Works/Github/BattleGame/assets/scripts/BattleCardDatabase.ts.
16:54:59.127 debug: Resolve cce:/internal/code-quality/cr.mjs from file:///D:/Works/Github/BattleGame/assets/scripts/CounterSettings.ts as cce:/internal/code-quality/cr.mjs.
16:54:59.127 debug: Resolve cc from file:///D:/Works/Github/BattleGame/assets/scripts/CounterSettings.ts as cce:/internal/x/cc.
16:54:59.127 debug: Resolve cc from file:///D:/Works/Github/BattleGame/assets/scripts/CounterSettings.ts as cce:/internal/x/cc.
16:54:59.127 debug: Resolve cc from file:///D:/Works/Github/BattleGame/assets/scripts/CounterSettings.ts as cce:/internal/x/cc.
16:54:59.128 debug: Resolve ./BattleTypes from file:///D:/Works/Github/BattleGame/assets/scripts/CounterSettings.ts as file:///D:/Works/Github/BattleGame/assets/scripts/BattleTypes.ts.
16:54:59.128 debug: Resolve cce:/internal/code-quality/cr.mjs from file:///D:/Works/Github/BattleGame/assets/scripts/BattleCardDatabase.ts as cce:/internal/code-quality/cr.mjs.
16:54:59.128 debug: Resolve cc from file:///D:/Works/Github/BattleGame/assets/scripts/BattleCardDatabase.ts as cce:/internal/x/cc.
16:54:59.128 debug: Resolve cc from file:///D:/Works/Github/BattleGame/assets/scripts/BattleCardDatabase.ts as cce:/internal/x/cc.
16:54:59.128 debug: Resolve cc from file:///D:/Works/Github/BattleGame/assets/scripts/BattleCardDatabase.ts as cce:/internal/x/cc.
16:54:59.129 debug: Resolve ./BattleTypes from file:///D:/Works/Github/BattleGame/assets/scripts/BattleCardDatabase.ts as file:///D:/Works/Github/BattleGame/assets/scripts/BattleTypes.ts.
16:54:59.129 debug: Resolve cce:/internal/code-quality/cr.mjs from file:///D:/Works/Github/BattleGame/assets/scripts/BattleSpatialGrid.ts as cce:/internal/code-quality/cr.mjs.
16:54:59.129 debug: Resolve cc from file:///D:/Works/Github/BattleGame/assets/scripts/BattleSpatialGrid.ts as cce:/internal/x/cc.
16:54:59.129 debug: Resolve cce:/internal/code-quality/cr.mjs from file:///D:/Works/Github/BattleGame/assets/scripts/BattleWave.ts as cce:/internal/code-quality/cr.mjs.
16:54:59.129 debug: Resolve cc from file:///D:/Works/Github/BattleGame/assets/scripts/BattleWave.ts as cce:/internal/x/cc.
16:54:59.129 debug: Resolve cc from file:///D:/Works/Github/BattleGame/assets/scripts/BattleWave.ts as cce:/internal/x/cc.
16:54:59.129 debug: Resolve cc from file:///D:/Works/Github/BattleGame/assets/scripts/BattleWave.ts as cce:/internal/x/cc.
16:54:59.129 debug: Resolve ./BattleTypes from file:///D:/Works/Github/BattleGame/assets/scripts/BattleWave.ts as file:///D:/Works/Github/BattleGame/assets/scripts/BattleTypes.ts.
16:54:59.129 debug: Resolve cce:/internal/code-quality/cr.mjs from file:///D:/Works/Github/BattleGame/assets/scripts/BattleTelemetry.ts as cce:/internal/code-quality/cr.mjs.
16:54:59.129 debug: Resolve cc from file:///D:/Works/Github/BattleGame/assets/scripts/BattleTelemetry.ts as cce:/internal/x/cc.
16:54:59.130 debug: Resolve ./BattleTypes from file:///D:/Works/Github/BattleGame/assets/scripts/BattleTelemetry.ts as file:///D:/Works/Github/BattleGame/assets/scripts/BattleTypes.ts.
16:54:59.130 debug: Resolve cce:/internal/code-quality/cr.mjs from file:///D:/Works/Github/BattleGame/assets/scripts/BattleUnitDatabase.ts as cce:/internal/code-quality/cr.mjs.
16:54:59.130 debug: Resolve cc from file:///D:/Works/Github/BattleGame/assets/scripts/BattleUnitDatabase.ts as cce:/internal/x/cc.
16:54:59.130 debug: Resolve cc from file:///D:/Works/Github/BattleGame/assets/scripts/BattleUnitDatabase.ts as cce:/internal/x/cc.
16:54:59.130 debug: Resolve cc from file:///D:/Works/Github/BattleGame/assets/scripts/BattleUnitDatabase.ts as cce:/internal/x/cc.
16:54:59.130 debug: Resolve ./BattleTypes from file:///D:/Works/Github/BattleGame/assets/scripts/BattleUnitDatabase.ts as file:///D:/Works/Github/BattleGame/assets/scripts/BattleTypes.ts.
16:54:59.130 debug: Resolve cce:/internal/code-quality/cr.mjs from file:///D:/Works/Github/BattleGame/assets/scripts/BattleCardRuntime.ts as cce:/internal/code-quality/cr.mjs.
16:54:59.130 debug: Resolve cc from file:///D:/Works/Github/BattleGame/assets/scripts/BattleCardRuntime.ts as cce:/internal/x/cc.
16:54:59.131 debug: Resolve ./BattleCardDatabase from file:///D:/Works/Github/BattleGame/assets/scripts/BattleCardRuntime.ts as file:///D:/Works/Github/BattleGame/assets/scripts/BattleCardDatabase.ts.
16:54:59.131 debug: Resolve ./BattleTypes from file:///D:/Works/Github/BattleGame/assets/scripts/BattleCardRuntime.ts as file:///D:/Works/Github/BattleGame/assets/scripts/BattleTypes.ts.
16:54:59.131 debug: Resolve cce:/internal/code-quality/cr.mjs from file:///D:/Works/Github/BattleGame/assets/scripts/BattlefieldEvaluator.ts as cce:/internal/code-quality/cr.mjs.
16:54:59.131 debug: Resolve cc from file:///D:/Works/Github/BattleGame/assets/scripts/BattlefieldEvaluator.ts as cce:/internal/x/cc.
16:54:59.131 debug: Resolve ./BattleTypes from file:///D:/Works/Github/BattleGame/assets/scripts/BattlefieldEvaluator.ts as file:///D:/Works/Github/BattleGame/assets/scripts/BattleTypes.ts.
16:54:59.132 debug: Resolve ./CounterSettings from file:///D:/Works/Github/BattleGame/assets/scripts/BattlefieldEvaluator.ts as file:///D:/Works/Github/BattleGame/assets/scripts/CounterSettings.ts.
16:54:59.132 debug: Resolve cce:/internal/code-quality/cr.mjs from file:///D:/Works/Github/BattleGame/assets/scripts/BattleCinematicCameraController.ts as cce:/internal/code-quality/cr.mjs.
16:54:59.132 debug: Resolve cc from file:///D:/Works/Github/BattleGame/assets/scripts/BattleCinematicCameraController.ts as cce:/internal/x/cc.
16:54:59.132 debug: Resolve cc from file:///D:/Works/Github/BattleGame/assets/scripts/BattleCinematicCameraController.ts as cce:/internal/x/cc.
16:54:59.132 debug: Resolve cc from file:///D:/Works/Github/BattleGame/assets/scripts/BattleCinematicCameraController.ts as cce:/internal/x/cc.
16:54:59.132 debug: Resolve ./BattleWave from file:///D:/Works/Github/BattleGame/assets/scripts/BattleCinematicCameraController.ts as file:///D:/Works/Github/BattleGame/assets/scripts/BattleWave.ts.
16:54:59.132 debug: Resolve ./CinematicOrbitRig from file:///D:/Works/Github/BattleGame/assets/scripts/BattleCinematicCameraController.ts as file:///D:/Works/Github/BattleGame/assets/scripts/CinematicOrbitRig.ts.
16:54:59.133 debug: Resolve ./TopDownCameraDrag from file:///D:/Works/Github/BattleGame/assets/scripts/BattleCinematicCameraController.ts as file:///D:/Works/Github/BattleGame/assets/scripts/TopDownCameraDrag.ts.
16:54:59.133 debug: Resolve ./GameManager from file:///D:/Works/Github/BattleGame/assets/scripts/BattleCinematicCameraController.ts as file:///D:/Works/Github/BattleGame/assets/scripts/GameManager.ts.
16:54:59.133 debug: Resolve cce:/internal/code-quality/cr.mjs from file:///D:/Works/Github/BattleGame/assets/scripts/CinematicOrbitRig.ts as cce:/internal/code-quality/cr.mjs.
16:54:59.133 debug: Resolve cc from file:///D:/Works/Github/BattleGame/assets/scripts/CinematicOrbitRig.ts as cce:/internal/x/cc.
16:54:59.133 debug: Resolve cc from file:///D:/Works/Github/BattleGame/assets/scripts/CinematicOrbitRig.ts as cce:/internal/x/cc.
16:54:59.133 debug: Resolve cc from file:///D:/Works/Github/BattleGame/assets/scripts/CinematicOrbitRig.ts as cce:/internal/x/cc.
16:54:59.133 debug: Resolve cc from file:///D:/Works/Github/BattleGame/assets/scripts/TopDownCameraDrag.ts as cce:/internal/x/cc.
16:54:59.133 debug: Resolve cc from file:///D:/Works/Github/BattleGame/assets/scripts/TopDownCameraDrag.ts as cce:/internal/x/cc.
16:54:59.133 debug: Resolve cc from file:///D:/Works/Github/BattleGame/assets/scripts/TopDownCameraDrag.ts as cce:/internal/x/cc.
16:54:59.133 debug: Resolve cc from file:///D:/Works/Github/BattleGame/assets/scripts/BattleInformationIconItem.ts as cce:/internal/x/cc.
16:54:59.133 debug: Resolve cc from file:///D:/Works/Github/BattleGame/assets/scripts/BattleInformationIconItem.ts as cce:/internal/x/cc.
16:54:59.133 debug: Resolve cc from file:///D:/Works/Github/BattleGame/assets/scripts/BattleInformationIconItem.ts as cce:/internal/x/cc.
16:54:59.133 debug: Resolve cce:/internal/code-quality/cr.mjs from file:///D:/Works/Github/BattleGame/assets/scripts/DebugStats.ts as cce:/internal/code-quality/cr.mjs.
16:54:59.133 debug: Resolve cc from file:///D:/Works/Github/BattleGame/assets/scripts/DebugStats.ts as cce:/internal/x/cc.
16:54:59.134 debug: Resolve cc from file:///D:/Works/Github/BattleGame/assets/scripts/DebugStats.ts as cce:/internal/x/cc.
16:54:59.134 debug: Resolve cc from file:///D:/Works/Github/BattleGame/assets/scripts/DebugStats.ts as cce:/internal/x/cc.
16:54:59.134 debug: Create cjs interop url for 'file:///D:/Works/Github/BattleGame/node_modules/stats.js/build/stats.min.js'
16:54:59.135 debug: Resolve stats.js from file:///D:/Works/Github/BattleGame/assets/scripts/DebugStats.ts as file:///D:/Works/Github/BattleGame/node_modules/stats.js/build/stats.min.mjs?cjs=&original=.js.
16:54:59.135 debug: Resolve ./stats.min.js from file:///D:/Works/Github/BattleGame/node_modules/stats.js/build/stats.min.mjs?cjs=&original=.js as file:///D:/Works/Github/BattleGame/node_modules/stats.js/build/stats.min.js.
16:54:59.135 debug: Resolve cce:/internal/ml/cjs-loader.mjs from file:///D:/Works/Github/BattleGame/node_modules/stats.js/build/stats.min.mjs?cjs=&original=.js as cce:/internal/ml/cjs-loader.mjs.
16:54:59.135 debug: Detected change: cce:/internal/ml/cjs-loader.mjs. Last mtime: Wed Sep 16 2026 11:26:50 GMT+0700 (Indochina Time), Current mtime: Thu Sep 17 2026 16:54:49 GMT+0700 (Indochina Time)
16:54:59.135 debug: Inspect cce:/internal/ml/cjs-loader.mjs
16:54:59.161 debug: transform url: 'cce:/internal/ml/cjs-loader.mjs' costs: 25.60 ms
16:54:59.163 debug: Resolve ./stats.min.js from file:///D:/Works/Github/BattleGame/node_modules/stats.js/build/stats.min.mjs?cjs=&original=.js as file:///D:/Works/Github/BattleGame/node_modules/stats.js/build/stats.min.js.
16:54:59.163 debug: Resolve ./stats.min.js from file:///D:/Works/Github/BattleGame/node_modules/stats.js/build/stats.min.mjs?cjs=&original=.js as file:///D:/Works/Github/BattleGame/node_modules/stats.js/build/stats.min.js.
16:54:59.163 debug: Resolve cce:/internal/ml/cjs-loader.mjs from file:///D:/Works/Github/BattleGame/node_modules/stats.js/build/stats.min.js as cce:/internal/ml/cjs-loader.mjs.
16:54:59.163 debug: Resolve cce:/internal/code-quality/cr.mjs from file:///D:/Works/Github/BattleGame/assets/scripts/LevelSettings.ts as cce:/internal/code-quality/cr.mjs.
16:54:59.164 debug: Resolve cc from file:///D:/Works/Github/BattleGame/assets/scripts/LevelSettings.ts as cce:/internal/x/cc.
16:54:59.164 debug: Resolve cc from file:///D:/Works/Github/BattleGame/assets/scripts/LevelSettings.ts as cce:/internal/x/cc.
16:54:59.164 debug: Resolve cc from file:///D:/Works/Github/BattleGame/assets/scripts/LevelSettings.ts as cce:/internal/x/cc.
16:54:59.164 debug: Resolve ./GameManager from file:///D:/Works/Github/BattleGame/assets/scripts/LevelSettings.ts as file:///D:/Works/Github/BattleGame/assets/scripts/GameManager.ts.
16:54:59.165 debug: Resolve ./BattleArmyBrain from file:///D:/Works/Github/BattleGame/assets/scripts/LevelSettings.ts as file:///D:/Works/Github/BattleGame/assets/scripts/BattleArmyBrain.ts.
16:54:59.165 debug: Resolve ./BattleCardDatabase from file:///D:/Works/Github/BattleGame/assets/scripts/LevelSettings.ts as file:///D:/Works/Github/BattleGame/assets/scripts/BattleCardDatabase.ts.
16:54:59.165 debug: Resolve ./CounterSettings from file:///D:/Works/Github/BattleGame/assets/scripts/LevelSettings.ts as file:///D:/Works/Github/BattleGame/assets/scripts/CounterSettings.ts.
16:54:59.166 debug: Resolve ./BattleTypes from file:///D:/Works/Github/BattleGame/assets/scripts/LevelSettings.ts as file:///D:/Works/Github/BattleGame/assets/scripts/BattleTypes.ts.
16:54:59.166 debug: Resolve cc from file:///D:/Works/Github/BattleGame/assets/scripts/MainGameFlow.ts as cce:/internal/x/cc.
16:54:59.166 debug: Resolve cc from file:///D:/Works/Github/BattleGame/assets/scripts/MainGameFlow.ts as cce:/internal/x/cc.
16:54:59.166 debug: Resolve cc from file:///D:/Works/Github/BattleGame/assets/scripts/MainGameFlow.ts as cce:/internal/x/cc.
16:54:59.166 debug: Resolve cc from file:///D:/Works/Github/BattleGame/assets/scripts/Obstacle.ts as cce:/internal/x/cc.
16:54:59.166 debug: Resolve cc from file:///D:/Works/Github/BattleGame/assets/scripts/Obstacle.ts as cce:/internal/x/cc.
16:54:59.166 debug: Resolve cc from file:///D:/Works/Github/BattleGame/assets/scripts/Obstacle.ts as cce:/internal/x/cc.
16:54:59.166 debug: Resolve cce:/internal/code-quality/cr.mjs from file:///D:/Works/Github/BattleGame/assets/scripts/PlayerArmyController.ts as cce:/internal/code-quality/cr.mjs.
16:54:59.166 debug: Resolve cc from file:///D:/Works/Github/BattleGame/assets/scripts/PlayerArmyController.ts as cce:/internal/x/cc.
16:54:59.166 debug: Resolve cc from file:///D:/Works/Github/BattleGame/assets/scripts/PlayerArmyController.ts as cce:/internal/x/cc.
16:54:59.166 debug: Resolve cc from file:///D:/Works/Github/BattleGame/assets/scripts/PlayerArmyController.ts as cce:/internal/x/cc.
16:54:59.167 debug: Resolve ./GameManager from file:///D:/Works/Github/BattleGame/assets/scripts/PlayerArmyController.ts as file:///D:/Works/Github/BattleGame/assets/scripts/GameManager.ts.
16:54:59.167 debug: Resolve cc from file:///D:/Works/Github/BattleGame/assets/scripts/RandomAnimcationOffset.ts as cce:/internal/x/cc.
16:54:59.167 debug: Resolve cc from file:///D:/Works/Github/BattleGame/assets/scripts/RandomAnimcationOffset.ts as cce:/internal/x/cc.
16:54:59.167 debug: Resolve cc from file:///D:/Works/Github/BattleGame/assets/scripts/RandomAnimcationOffset.ts as cce:/internal/x/cc.
16:54:59.167 debug: Resolve cce:/internal/code-quality/cr.mjs from file:///D:/Works/Github/BattleGame/assets/scripts/SmartArmyBrain.ts as cce:/internal/code-quality/cr.mjs.
16:54:59.167 debug: Resolve cc from file:///D:/Works/Github/BattleGame/assets/scripts/SmartArmyBrain.ts as cce:/internal/x/cc.
16:54:59.167 debug: Resolve cc from file:///D:/Works/Github/BattleGame/assets/scripts/SmartArmyBrain.ts as cce:/internal/x/cc.
16:54:59.167 debug: Resolve cc from file:///D:/Works/Github/BattleGame/assets/scripts/SmartArmyBrain.ts as cce:/internal/x/cc.
16:54:59.167 debug: Resolve ./GameManager from file:///D:/Works/Github/BattleGame/assets/scripts/SmartArmyBrain.ts as file:///D:/Works/Github/BattleGame/assets/scripts/GameManager.ts.
16:54:59.168 debug: Resolve ./BattleWave from file:///D:/Works/Github/BattleGame/assets/scripts/SmartArmyBrain.ts as file:///D:/Works/Github/BattleGame/assets/scripts/BattleWave.ts.
16:54:59.168 debug: Resolve ./CounterSettings from file:///D:/Works/Github/BattleGame/assets/scripts/SmartArmyBrain.ts as file:///D:/Works/Github/BattleGame/assets/scripts/CounterSettings.ts.
16:54:59.168 debug: Resolve ./BattleTypes from file:///D:/Works/Github/BattleGame/assets/scripts/SmartArmyBrain.ts as file:///D:/Works/Github/BattleGame/assets/scripts/BattleTypes.ts.
16:54:59.168 debug: Resolve cce:/internal/code-quality/cr.mjs from file:///D:/Works/Github/BattleGame/assets/scripts/SpawnBackPressureGate.ts as cce:/internal/code-quality/cr.mjs.
16:54:59.168 debug: Resolve cc from file:///D:/Works/Github/BattleGame/assets/scripts/SpawnBackPressureGate.ts as cce:/internal/x/cc.
16:54:59.168 debug: Resolve cc from file:///D:/Works/Github/BattleGame/assets/scripts/SpawnBackPressureGate.ts as cce:/internal/x/cc.
16:54:59.189 debug: Resolve cc from file:///D:/Works/Github/BattleGame/assets/scripts/SpawnBackPressureGate.ts as cce:/internal/x/cc.
16:54:59.189 debug: Resolve ./GameManager from file:///D:/Works/Github/BattleGame/assets/scripts/SpawnBackPressureGate.ts as file:///D:/Works/Github/BattleGame/assets/scripts/GameManager.ts.
16:54:59.189 debug: Resolve cc from file:///D:/Works/Github/BattleGame/assets/scripts/SpectorDebugger.ts as cce:/internal/x/cc.
16:54:59.189 debug: Resolve cc from file:///D:/Works/Github/BattleGame/assets/scripts/SpectorDebugger.ts as cce:/internal/x/cc.
16:54:59.189 debug: Resolve cc from file:///D:/Works/Github/BattleGame/assets/scripts/SpectorDebugger.ts as cce:/internal/x/cc.
16:54:59.189 debug: Create cjs interop url for 'file:///D:/Works/Github/BattleGame/node_modules/spectorjs/dist/spector.bundle.js'
16:54:59.189 debug: Resolve spectorjs from file:///D:/Works/Github/BattleGame/assets/scripts/SpectorDebugger.ts as file:///D:/Works/Github/BattleGame/node_modules/spectorjs/dist/spector.bundle.mjs?cjs=&original=.js.
16:54:59.189 debug: Resolve ./spector.bundle.js from file:///D:/Works/Github/BattleGame/node_modules/spectorjs/dist/spector.bundle.mjs?cjs=&original=.js as file:///D:/Works/Github/BattleGame/node_modules/spectorjs/dist/spector.bundle.js.
16:54:59.189 debug: Resolve cce:/internal/ml/cjs-loader.mjs from file:///D:/Works/Github/BattleGame/node_modules/spectorjs/dist/spector.bundle.mjs?cjs=&original=.js as cce:/internal/ml/cjs-loader.mjs.
16:54:59.189 debug: Resolve ./spector.bundle.js from file:///D:/Works/Github/BattleGame/node_modules/spectorjs/dist/spector.bundle.mjs?cjs=&original=.js as file:///D:/Works/Github/BattleGame/node_modules/spectorjs/dist/spector.bundle.js.
16:54:59.189 debug: Resolve ./spector.bundle.js from file:///D:/Works/Github/BattleGame/node_modules/spectorjs/dist/spector.bundle.mjs?cjs=&original=.js as file:///D:/Works/Github/BattleGame/node_modules/spectorjs/dist/spector.bundle.js.
16:54:59.189 debug: Resolve cce:/internal/ml/cjs-loader.mjs from file:///D:/Works/Github/BattleGame/node_modules/spectorjs/dist/spector.bundle.js as cce:/internal/ml/cjs-loader.mjs.
16:54:59.189 debug: Resolve cce:/internal/code-quality/cr.mjs from file:///D:/Works/Github/BattleGame/assets/scripts/TrueMiniMapPanel.ts as cce:/internal/code-quality/cr.mjs.
16:54:59.189 debug: Resolve cc from file:///D:/Works/Github/BattleGame/assets/scripts/TrueMiniMapPanel.ts as cce:/internal/x/cc.
16:54:59.189 debug: Resolve cc from file:///D:/Works/Github/BattleGame/assets/scripts/TrueMiniMapPanel.ts as cce:/internal/x/cc.
16:54:59.189 debug: Resolve cc from file:///D:/Works/Github/BattleGame/assets/scripts/TrueMiniMapPanel.ts as cce:/internal/x/cc.
16:54:59.189 debug: Resolve ./GameManager from file:///D:/Works/Github/BattleGame/assets/scripts/TrueMiniMapPanel.ts as file:///D:/Works/Github/BattleGame/assets/scripts/GameManager.ts.
16:54:59.189 debug: Resolve ./BattleWave from file:///D:/Works/Github/BattleGame/assets/scripts/TrueMiniMapPanel.ts as file:///D:/Works/Github/BattleGame/assets/scripts/BattleWave.ts.
16:54:59.189 debug: Resolve ./BattleTypes from file:///D:/Works/Github/BattleGame/assets/scripts/TrueMiniMapPanel.ts as file:///D:/Works/Github/BattleGame/assets/scripts/BattleTypes.ts.
16:54:59.189 debug: Resolve ./BattleInformationIconItem from file:///D:/Works/Github/BattleGame/assets/scripts/TrueMiniMapPanel.ts as file:///D:/Works/Github/BattleGame/assets/scripts/BattleInformationIconItem.ts.
16:54:59.189 debug: Resolve ./BattleCinematicCameraController from file:///D:/Works/Github/BattleGame/assets/scripts/TrueMiniMapPanel.ts as file:///D:/Works/Github/BattleGame/assets/scripts/BattleCinematicCameraController.ts.
16:54:59.189 debug: Resolve cc from file:///D:/Works/Github/BattleGame/assets/scripts/VATCharacterPlayer.ts as cce:/internal/x/cc.
16:54:59.189 debug: Resolve cc from file:///D:/Works/Github/BattleGame/assets/scripts/VATCharacterPlayer.ts as cce:/internal/x/cc.
16:54:59.189 debug: Resolve cc from file:///D:/Works/Github/BattleGame/assets/scripts/VATCharacterPlayer.ts as cce:/internal/x/cc.
16:54:59.191 debug: Target(preview) ends with cost 1444.0851000000002ms.
16:55:00.945 debug: Pulling asset-db.
16:55:01.169 debug: Fetch asset-db cost: 223.21379999999954ms.
16:55:01.172 debug: Build iteration starts.
Number of accumulated asset changes: 43
Feature changed: false
16:55:01.172 debug: Target(editor) build started.
16:55:01.174 debug: Detected change: cce:/internal/x/prerequisite-imports. Last mtime: Thu Jan 01 1970 07:00:06 GMT+0700 (Indochina Time), Current mtime: Thu Jan 01 1970 07:00:11 GMT+0700 (Indochina Time)
16:55:01.174 debug: Inspect cce:/internal/x/prerequisite-imports
16:55:01.191 debug: transform url: 'cce:/internal/x/prerequisite-imports' costs: 17.60 ms
16:55:01.193 debug: Resolve file:///C:/ProgramData/cocos/editors/Creator/3.8.8/resources/resources/3d/engine/editor/assets/default_renderpipeline/builtin-dof-pass.ts from cce:/internal/x/prerequisite-imports as file:///C:/ProgramData/cocos/editors/Creator/3.8.8/resources/resources/3d/engine/editor/assets/default_renderpipeline/builtin-dof-pass.ts.
16:55:01.194 debug: Resolve file:///C:/ProgramData/cocos/editors/Creator/3.8.8/resources/resources/3d/engine/editor/assets/default_renderpipeline/builtin-pipeline-pass.ts from cce:/internal/x/prerequisite-imports as file:///C:/ProgramData/cocos/editors/Creator/3.8.8/resources/resources/3d/engine/editor/assets/default_renderpipeline/builtin-pipeline-pass.ts.
16:55:01.195 debug: Resolve file:///C:/ProgramData/cocos/editors/Creator/3.8.8/resources/resources/3d/engine/editor/assets/default_renderpipeline/builtin-pipeline-settings.ts from cce:/internal/x/prerequisite-imports as file:///C:/ProgramData/cocos/editors/Creator/3.8.8/resources/resources/3d/engine/editor/assets/default_renderpipeline/builtin-pipeline-settings.ts.
16:55:01.195 debug: Resolve file:///C:/ProgramData/cocos/editors/Creator/3.8.8/resources/resources/3d/engine/editor/assets/default_renderpipeline/builtin-pipeline-types.ts from cce:/internal/x/prerequisite-imports as file:///C:/ProgramData/cocos/editors/Creator/3.8.8/resources/resources/3d/engine/editor/assets/default_renderpipeline/builtin-pipeline-types.ts.
16:55:01.196 debug: Resolve file:///C:/ProgramData/cocos/editors/Creator/3.8.8/resources/resources/3d/engine/editor/assets/default_renderpipeline/builtin-pipeline.ts from cce:/internal/x/prerequisite-imports as file:///C:/ProgramData/cocos/editors/Creator/3.8.8/resources/resources/3d/engine/editor/assets/default_renderpipeline/builtin-pipeline.ts.
16:55:01.197 debug: Resolve file:///C:/ProgramData/cocos/editors/Creator/3.8.8/resources/resources/3d/engine/editor/assets/tools/debug-view-runtime-control.ts from cce:/internal/x/prerequisite-imports as file:///C:/ProgramData/cocos/editors/Creator/3.8.8/resources/resources/3d/engine/editor/assets/tools/debug-view-runtime-control.ts.
16:55:01.197 debug: Resolve file:///D:/Works/Github/BattleGame/assets/3D/Fighter/EventTest.ts from cce:/internal/x/prerequisite-imports as file:///D:/Works/Github/BattleGame/assets/3D/Fighter/EventTest.ts.
16:55:01.197 debug: Resolve file:///D:/Works/Github/BattleGame/assets/scripts/BattleArmyBrain.ts from cce:/internal/x/prerequisite-imports as file:///D:/Works/Github/BattleGame/assets/scripts/BattleArmyBrain.ts.
16:55:01.197 debug: Resolve file:///D:/Works/Github/BattleGame/assets/scripts/BattleCardDatabase.ts from cce:/internal/x/prerequisite-imports as file:///D:/Works/Github/BattleGame/assets/scripts/BattleCardDatabase.ts.
16:55:01.198 debug: Resolve file:///D:/Works/Github/BattleGame/assets/scripts/BattleCardRuntime.ts from cce:/internal/x/prerequisite-imports as file:///D:/Works/Github/BattleGame/assets/scripts/BattleCardRuntime.ts.
16:55:01.198 debug: Resolve file:///D:/Works/Github/BattleGame/assets/scripts/BattleCinematicCameraController.ts from cce:/internal/x/prerequisite-imports as file:///D:/Works/Github/BattleGame/assets/scripts/BattleCinematicCameraController.ts.
16:55:01.200 debug: Resolve file:///D:/Works/Github/BattleGame/assets/scripts/BattleInformationIconItem.ts from cce:/internal/x/prerequisite-imports as file:///D:/Works/Github/BattleGame/assets/scripts/BattleInformationIconItem.ts.
16:55:01.200 debug: Resolve file:///D:/Works/Github/BattleGame/assets/scripts/BattleSpatialGrid.ts from cce:/internal/x/prerequisite-imports as file:///D:/Works/Github/BattleGame/assets/scripts/BattleSpatialGrid.ts.
16:55:01.200 debug: Resolve file:///D:/Works/Github/BattleGame/assets/scripts/BattleTelemetry.ts from cce:/internal/x/prerequisite-imports as file:///D:/Works/Github/BattleGame/assets/scripts/BattleTelemetry.ts.
16:55:01.201 debug: Resolve file:///D:/Works/Github/BattleGame/assets/scripts/BattleTypes.ts from cce:/internal/x/prerequisite-imports as file:///D:/Works/Github/BattleGame/assets/scripts/BattleTypes.ts.
16:55:01.201 debug: Resolve file:///D:/Works/Github/BattleGame/assets/scripts/BattleUnitDatabase.ts from cce:/internal/x/prerequisite-imports as file:///D:/Works/Github/BattleGame/assets/scripts/BattleUnitDatabase.ts.
16:55:01.201 debug: Resolve file:///D:/Works/Github/BattleGame/assets/scripts/BattleWave.ts from cce:/internal/x/prerequisite-imports as file:///D:/Works/Github/BattleGame/assets/scripts/BattleWave.ts.
16:55:01.201 debug: Resolve file:///D:/Works/Github/BattleGame/assets/scripts/BattlefieldEvaluator.ts from cce:/internal/x/prerequisite-imports as file:///D:/Works/Github/BattleGame/assets/scripts/BattlefieldEvaluator.ts.
16:55:01.202 debug: Resolve file:///D:/Works/Github/BattleGame/assets/scripts/CinematicOrbitRig.ts from cce:/internal/x/prerequisite-imports as file:///D:/Works/Github/BattleGame/assets/scripts/CinematicOrbitRig.ts.
16:55:01.202 debug: Resolve file:///D:/Works/Github/BattleGame/assets/scripts/CounterSettings.ts from cce:/internal/x/prerequisite-imports as file:///D:/Works/Github/BattleGame/assets/scripts/CounterSettings.ts.
16:55:01.202 debug: Resolve file:///D:/Works/Github/BattleGame/assets/scripts/DebugStats.ts from cce:/internal/x/prerequisite-imports as file:///D:/Works/Github/BattleGame/assets/scripts/DebugStats.ts.
16:55:01.203 debug: Resolve file:///D:/Works/Github/BattleGame/assets/scripts/GameManager.ts from cce:/internal/x/prerequisite-imports as file:///D:/Works/Github/BattleGame/assets/scripts/GameManager.ts.
16:55:01.203 debug: Resolve file:///D:/Works/Github/BattleGame/assets/scripts/HealthBar3D.ts from cce:/internal/x/prerequisite-imports as file:///D:/Works/Github/BattleGame/assets/scripts/HealthBar3D.ts.
16:55:01.203 debug: Resolve file:///D:/Works/Github/BattleGame/assets/scripts/LevelSettings.ts from cce:/internal/x/prerequisite-imports as file:///D:/Works/Github/BattleGame/assets/scripts/LevelSettings.ts.
16:55:01.203 debug: Resolve file:///D:/Works/Github/BattleGame/assets/scripts/MainGameFlow.ts from cce:/internal/x/prerequisite-imports as file:///D:/Works/Github/BattleGame/assets/scripts/MainGameFlow.ts.
16:55:01.204 debug: Resolve file:///D:/Works/Github/BattleGame/assets/scripts/Obstacle.ts from cce:/internal/x/prerequisite-imports as file:///D:/Works/Github/BattleGame/assets/scripts/Obstacle.ts.
16:55:01.204 debug: Resolve file:///D:/Works/Github/BattleGame/assets/scripts/ObstacleCircle.ts from cce:/internal/x/prerequisite-imports as file:///D:/Works/Github/BattleGame/assets/scripts/ObstacleCircle.ts.
16:55:01.204 debug: Resolve file:///D:/Works/Github/BattleGame/assets/scripts/ObstacleRect.ts from cce:/internal/x/prerequisite-imports as file:///D:/Works/Github/BattleGame/assets/scripts/ObstacleRect.ts.
16:55:01.204 debug: Resolve file:///D:/Works/Github/BattleGame/assets/scripts/PlayerArmyController.ts from cce:/internal/x/prerequisite-imports as file:///D:/Works/Github/BattleGame/assets/scripts/PlayerArmyController.ts.
16:55:01.205 debug: Resolve file:///D:/Works/Github/BattleGame/assets/scripts/RandomAnimcationOffset.ts from cce:/internal/x/prerequisite-imports as file:///D:/Works/Github/BattleGame/assets/scripts/RandomAnimcationOffset.ts.
16:55:01.205 debug: Resolve file:///D:/Works/Github/BattleGame/assets/scripts/SmartArmyBrain.ts from cce:/internal/x/prerequisite-imports as file:///D:/Works/Github/BattleGame/assets/scripts/SmartArmyBrain.ts.
16:55:01.205 debug: Resolve file:///D:/Works/Github/BattleGame/assets/scripts/SpawnBackPressureGate.ts from cce:/internal/x/prerequisite-imports as file:///D:/Works/Github/BattleGame/assets/scripts/SpawnBackPressureGate.ts.
16:55:01.206 debug: Resolve file:///D:/Works/Github/BattleGame/assets/scripts/SpectorDebugger.ts from cce:/internal/x/prerequisite-imports as file:///D:/Works/Github/BattleGame/assets/scripts/SpectorDebugger.ts.
16:55:01.206 debug: Resolve file:///D:/Works/Github/BattleGame/assets/scripts/TopDownCameraDrag.ts from cce:/internal/x/prerequisite-imports as file:///D:/Works/Github/BattleGame/assets/scripts/TopDownCameraDrag.ts.
16:55:01.206 debug: Resolve file:///D:/Works/Github/BattleGame/assets/scripts/TrueMiniMapPanel.ts from cce:/internal/x/prerequisite-imports as file:///D:/Works/Github/BattleGame/assets/scripts/TrueMiniMapPanel.ts.
16:55:01.206 debug: Resolve file:///D:/Works/Github/BattleGame/assets/scripts/Unit.ts from cce:/internal/x/prerequisite-imports as file:///D:/Works/Github/BattleGame/assets/scripts/Unit.ts.
16:55:01.207 debug: Resolve file:///D:/Works/Github/BattleGame/assets/scripts/UnitBehavior.ts from cce:/internal/x/prerequisite-imports as file:///D:/Works/Github/BattleGame/assets/scripts/UnitBehavior.ts.
16:55:01.207 debug: Resolve file:///D:/Works/Github/BattleGame/assets/scripts/UnitProps.ts from cce:/internal/x/prerequisite-imports as file:///D:/Works/Github/BattleGame/assets/scripts/UnitProps.ts.
16:55:01.207 debug: Resolve file:///D:/Works/Github/BattleGame/assets/scripts/UnitSpawner.ts from cce:/internal/x/prerequisite-imports as file:///D:/Works/Github/BattleGame/assets/scripts/UnitSpawner.ts.
16:55:01.207 debug: Resolve file:///D:/Works/Github/BattleGame/assets/scripts/VATCharacterPlayer.ts from cce:/internal/x/prerequisite-imports as file:///D:/Works/Github/BattleGame/assets/scripts/VATCharacterPlayer.ts.
16:55:01.208 debug: Resolve file:///D:/Works/Github/BattleGame/assets/scripts/rvo/RVO.ts from cce:/internal/x/prerequisite-imports as file:///D:/Works/Github/BattleGame/assets/scripts/rvo/RVO.ts.
16:55:01.208 debug: Resolve file:///D:/Works/Github/BattleGame/assets/scripts/rvo/RVOWorkerSimulator.ts from cce:/internal/x/prerequisite-imports as file:///D:/Works/Github/BattleGame/assets/scripts/rvo/RVOWorkerSimulator.ts.
16:55:01.225 debug: Target(editor) ends with cost 53.100399999999354ms.
16:55:01.226 debug: Target(preview) build started.
16:55:01.227 debug: Detected change: cce:/internal/x/prerequisite-imports. Last mtime: Thu Jan 01 1970 07:00:08 GMT+0700 (Indochina Time), Current mtime: Thu Jan 01 1970 07:00:11 GMT+0700 (Indochina Time)
16:55:01.228 debug: Inspect cce:/internal/x/prerequisite-imports
16:55:01.245 debug: transform url: 'cce:/internal/x/prerequisite-imports' costs: 17.30 ms
16:55:01.247 debug: Resolve file:///C:/ProgramData/cocos/editors/Creator/3.8.8/resources/resources/3d/engine/editor/assets/default_renderpipeline/builtin-dof-pass.ts from cce:/internal/x/prerequisite-imports as file:///C:/ProgramData/cocos/editors/Creator/3.8.8/resources/resources/3d/engine/editor/assets/default_renderpipeline/builtin-dof-pass.ts.
16:55:01.248 debug: Resolve file:///C:/ProgramData/cocos/editors/Creator/3.8.8/resources/resources/3d/engine/editor/assets/default_renderpipeline/builtin-pipeline-pass.ts from cce:/internal/x/prerequisite-imports as file:///C:/ProgramData/cocos/editors/Creator/3.8.8/resources/resources/3d/engine/editor/assets/default_renderpipeline/builtin-pipeline-pass.ts.
16:55:01.249 debug: Resolve file:///C:/ProgramData/cocos/editors/Creator/3.8.8/resources/resources/3d/engine/editor/assets/default_renderpipeline/builtin-pipeline-settings.ts from cce:/internal/x/prerequisite-imports as file:///C:/ProgramData/cocos/editors/Creator/3.8.8/resources/resources/3d/engine/editor/assets/default_renderpipeline/builtin-pipeline-settings.ts.
16:55:01.249 debug: Resolve file:///C:/ProgramData/cocos/editors/Creator/3.8.8/resources/resources/3d/engine/editor/assets/default_renderpipeline/builtin-pipeline-types.ts from cce:/internal/x/prerequisite-imports as file:///C:/ProgramData/cocos/editors/Creator/3.8.8/resources/resources/3d/engine/editor/assets/default_renderpipeline/builtin-pipeline-types.ts.
16:55:01.256 debug: Resolve file:///C:/ProgramData/cocos/editors/Creator/3.8.8/resources/resources/3d/engine/editor/assets/default_renderpipeline/builtin-pipeline.ts from cce:/internal/x/prerequisite-imports as file:///C:/ProgramData/cocos/editors/Creator/3.8.8/resources/resources/3d/engine/editor/assets/default_renderpipeline/builtin-pipeline.ts.
16:55:01.257 debug: Resolve file:///C:/ProgramData/cocos/editors/Creator/3.8.8/resources/resources/3d/engine/editor/assets/tools/debug-view-runtime-control.ts from cce:/internal/x/prerequisite-imports as file:///C:/ProgramData/cocos/editors/Creator/3.8.8/resources/resources/3d/engine/editor/assets/tools/debug-view-runtime-control.ts.
16:55:01.258 debug: Resolve file:///D:/Works/Github/BattleGame/assets/3D/Fighter/EventTest.ts from cce:/internal/x/prerequisite-imports as file:///D:/Works/Github/BattleGame/assets/3D/Fighter/EventTest.ts.
16:55:01.258 debug: Resolve file:///D:/Works/Github/BattleGame/assets/scripts/BattleArmyBrain.ts from cce:/internal/x/prerequisite-imports as file:///D:/Works/Github/BattleGame/assets/scripts/BattleArmyBrain.ts.
16:55:01.258 debug: Resolve file:///D:/Works/Github/BattleGame/assets/scripts/BattleCardDatabase.ts from cce:/internal/x/prerequisite-imports as file:///D:/Works/Github/BattleGame/assets/scripts/BattleCardDatabase.ts.
16:55:01.259 debug: Resolve file:///D:/Works/Github/BattleGame/assets/scripts/BattleCardRuntime.ts from cce:/internal/x/prerequisite-imports as file:///D:/Works/Github/BattleGame/assets/scripts/BattleCardRuntime.ts.
16:55:01.259 debug: Resolve file:///D:/Works/Github/BattleGame/assets/scripts/BattleCinematicCameraController.ts from cce:/internal/x/prerequisite-imports as file:///D:/Works/Github/BattleGame/assets/scripts/BattleCinematicCameraController.ts.
16:55:01.259 debug: Resolve file:///D:/Works/Github/BattleGame/assets/scripts/BattleInformationIconItem.ts from cce:/internal/x/prerequisite-imports as file:///D:/Works/Github/BattleGame/assets/scripts/BattleInformationIconItem.ts.
16:55:01.259 debug: Resolve file:///D:/Works/Github/BattleGame/assets/scripts/BattleSpatialGrid.ts from cce:/internal/x/prerequisite-imports as file:///D:/Works/Github/BattleGame/assets/scripts/BattleSpatialGrid.ts.
16:55:01.260 debug: Resolve file:///D:/Works/Github/BattleGame/assets/scripts/BattleTelemetry.ts from cce:/internal/x/prerequisite-imports as file:///D:/Works/Github/BattleGame/assets/scripts/BattleTelemetry.ts.
16:55:01.260 debug: Resolve file:///D:/Works/Github/BattleGame/assets/scripts/BattleTypes.ts from cce:/internal/x/prerequisite-imports as file:///D:/Works/Github/BattleGame/assets/scripts/BattleTypes.ts.
16:55:01.260 debug: Resolve file:///D:/Works/Github/BattleGame/assets/scripts/BattleUnitDatabase.ts from cce:/internal/x/prerequisite-imports as file:///D:/Works/Github/BattleGame/assets/scripts/BattleUnitDatabase.ts.
16:55:01.261 debug: Resolve file:///D:/Works/Github/BattleGame/assets/scripts/BattleWave.ts from cce:/internal/x/prerequisite-imports as file:///D:/Works/Github/BattleGame/assets/scripts/BattleWave.ts.
16:55:01.261 debug: Resolve file:///D:/Works/Github/BattleGame/assets/scripts/BattlefieldEvaluator.ts from cce:/internal/x/prerequisite-imports as file:///D:/Works/Github/BattleGame/assets/scripts/BattlefieldEvaluator.ts.
16:55:01.261 debug: Resolve file:///D:/Works/Github/BattleGame/assets/scripts/CinematicOrbitRig.ts from cce:/internal/x/prerequisite-imports as file:///D:/Works/Github/BattleGame/assets/scripts/CinematicOrbitRig.ts.
16:55:01.262 debug: Resolve file:///D:/Works/Github/BattleGame/assets/scripts/CounterSettings.ts from cce:/internal/x/prerequisite-imports as file:///D:/Works/Github/BattleGame/assets/scripts/CounterSettings.ts.
16:55:01.262 debug: Resolve file:///D:/Works/Github/BattleGame/assets/scripts/DebugStats.ts from cce:/internal/x/prerequisite-imports as file:///D:/Works/Github/BattleGame/assets/scripts/DebugStats.ts.
16:55:01.262 debug: Resolve file:///D:/Works/Github/BattleGame/assets/scripts/GameManager.ts from cce:/internal/x/prerequisite-imports as file:///D:/Works/Github/BattleGame/assets/scripts/GameManager.ts.
16:55:01.263 debug: Resolve file:///D:/Works/Github/BattleGame/assets/scripts/HealthBar3D.ts from cce:/internal/x/prerequisite-imports as file:///D:/Works/Github/BattleGame/assets/scripts/HealthBar3D.ts.
16:55:01.263 debug: Resolve file:///D:/Works/Github/BattleGame/assets/scripts/LevelSettings.ts from cce:/internal/x/prerequisite-imports as file:///D:/Works/Github/BattleGame/assets/scripts/LevelSettings.ts.
16:55:01.263 debug: Resolve file:///D:/Works/Github/BattleGame/assets/scripts/MainGameFlow.ts from cce:/internal/x/prerequisite-imports as file:///D:/Works/Github/BattleGame/assets/scripts/MainGameFlow.ts.
16:55:01.264 debug: Resolve file:///D:/Works/Github/BattleGame/assets/scripts/Obstacle.ts from cce:/internal/x/prerequisite-imports as file:///D:/Works/Github/BattleGame/assets/scripts/Obstacle.ts.
16:55:01.264 debug: Resolve file:///D:/Works/Github/BattleGame/assets/scripts/ObstacleCircle.ts from cce:/internal/x/prerequisite-imports as file:///D:/Works/Github/BattleGame/assets/scripts/ObstacleCircle.ts.
16:55:01.264 debug: Resolve file:///D:/Works/Github/BattleGame/assets/scripts/ObstacleRect.ts from cce:/internal/x/prerequisite-imports as file:///D:/Works/Github/BattleGame/assets/scripts/ObstacleRect.ts.
16:55:01.265 debug: Resolve file:///D:/Works/Github/BattleGame/assets/scripts/PlayerArmyController.ts from cce:/internal/x/prerequisite-imports as file:///D:/Works/Github/BattleGame/assets/scripts/PlayerArmyController.ts.
16:55:01.265 debug: Resolve file:///D:/Works/Github/BattleGame/assets/scripts/RandomAnimcationOffset.ts from cce:/internal/x/prerequisite-imports as file:///D:/Works/Github/BattleGame/assets/scripts/RandomAnimcationOffset.ts.
16:55:01.265 debug: Resolve file:///D:/Works/Github/BattleGame/assets/scripts/SmartArmyBrain.ts from cce:/internal/x/prerequisite-imports as file:///D:/Works/Github/BattleGame/assets/scripts/SmartArmyBrain.ts.
16:55:01.266 debug: Resolve file:///D:/Works/Github/BattleGame/assets/scripts/SpawnBackPressureGate.ts from cce:/internal/x/prerequisite-imports as file:///D:/Works/Github/BattleGame/assets/scripts/SpawnBackPressureGate.ts.
16:55:01.266 debug: Resolve file:///D:/Works/Github/BattleGame/assets/scripts/SpectorDebugger.ts from cce:/internal/x/prerequisite-imports as file:///D:/Works/Github/BattleGame/assets/scripts/SpectorDebugger.ts.
16:55:01.266 debug: Resolve file:///D:/Works/Github/BattleGame/assets/scripts/TopDownCameraDrag.ts from cce:/internal/x/prerequisite-imports as file:///D:/Works/Github/BattleGame/assets/scripts/TopDownCameraDrag.ts.
16:55:01.266 debug: Resolve file:///D:/Works/Github/BattleGame/assets/scripts/TrueMiniMapPanel.ts from cce:/internal/x/prerequisite-imports as file:///D:/Works/Github/BattleGame/assets/scripts/TrueMiniMapPanel.ts.
16:55:01.267 debug: Resolve file:///D:/Works/Github/BattleGame/assets/scripts/Unit.ts from cce:/internal/x/prerequisite-imports as file:///D:/Works/Github/BattleGame/assets/scripts/Unit.ts.
16:55:01.268 debug: Resolve file:///D:/Works/Github/BattleGame/assets/scripts/UnitBehavior.ts from cce:/internal/x/prerequisite-imports as file:///D:/Works/Github/BattleGame/assets/scripts/UnitBehavior.ts.
16:55:01.268 debug: Resolve file:///D:/Works/Github/BattleGame/assets/scripts/UnitProps.ts from cce:/internal/x/prerequisite-imports as file:///D:/Works/Github/BattleGame/assets/scripts/UnitProps.ts.
16:55:01.268 debug: Resolve file:///D:/Works/Github/BattleGame/assets/scripts/UnitSpawner.ts from cce:/internal/x/prerequisite-imports as file:///D:/Works/Github/BattleGame/assets/scripts/UnitSpawner.ts.
16:55:01.268 debug: Resolve file:///D:/Works/Github/BattleGame/assets/scripts/VATCharacterPlayer.ts from cce:/internal/x/prerequisite-imports as file:///D:/Works/Github/BattleGame/assets/scripts/VATCharacterPlayer.ts.
16:55:01.269 debug: Resolve file:///D:/Works/Github/BattleGame/assets/scripts/rvo/RVO.ts from cce:/internal/x/prerequisite-imports as file:///D:/Works/Github/BattleGame/assets/scripts/rvo/RVO.ts.
16:55:01.269 debug: Resolve file:///D:/Works/Github/BattleGame/assets/scripts/rvo/RVOWorkerSimulator.ts from cce:/internal/x/prerequisite-imports as file:///D:/Works/Github/BattleGame/assets/scripts/rvo/RVOWorkerSimulator.ts.
16:55:01.286 debug: Target(preview) ends with cost 60.46850000000086ms.
17:10:12.796 debug: Dispatch build request for time accumulated 1 asset changes.
17:10:12.798 debug: Build iteration starts.
Number of accumulated asset changes: 1
Feature changed: false
17:10:12.798 debug: Target(editor) build started.
17:10:12.800 debug: Detected change: cce:/internal/x/prerequisite-imports. Last mtime: Thu Jan 01 1970 07:00:11 GMT+0700 (Indochina Time), Current mtime: Thu Jan 01 1970 07:15:23 GMT+0700 (Indochina Time)
17:10:12.800 debug: Inspect cce:/internal/x/prerequisite-imports
17:10:12.827 debug: transform url: 'cce:/internal/x/prerequisite-imports' costs: 27.00 ms
17:10:12.829 debug: Resolve file:///C:/ProgramData/cocos/editors/Creator/3.8.8/resources/resources/3d/engine/editor/assets/default_renderpipeline/builtin-dof-pass.ts from cce:/internal/x/prerequisite-imports as file:///C:/ProgramData/cocos/editors/Creator/3.8.8/resources/resources/3d/engine/editor/assets/default_renderpipeline/builtin-dof-pass.ts.
17:10:12.829 debug: Resolve file:///C:/ProgramData/cocos/editors/Creator/3.8.8/resources/resources/3d/engine/editor/assets/default_renderpipeline/builtin-pipeline-pass.ts from cce:/internal/x/prerequisite-imports as file:///C:/ProgramData/cocos/editors/Creator/3.8.8/resources/resources/3d/engine/editor/assets/default_renderpipeline/builtin-pipeline-pass.ts.
17:10:12.830 debug: Resolve file:///C:/ProgramData/cocos/editors/Creator/3.8.8/resources/resources/3d/engine/editor/assets/default_renderpipeline/builtin-pipeline-settings.ts from cce:/internal/x/prerequisite-imports as file:///C:/ProgramData/cocos/editors/Creator/3.8.8/resources/resources/3d/engine/editor/assets/default_renderpipeline/builtin-pipeline-settings.ts.
17:10:12.831 debug: Resolve file:///C:/ProgramData/cocos/editors/Creator/3.8.8/resources/resources/3d/engine/editor/assets/default_renderpipeline/builtin-pipeline-types.ts from cce:/internal/x/prerequisite-imports as file:///C:/ProgramData/cocos/editors/Creator/3.8.8/resources/resources/3d/engine/editor/assets/default_renderpipeline/builtin-pipeline-types.ts.
17:10:12.831 debug: Resolve file:///C:/ProgramData/cocos/editors/Creator/3.8.8/resources/resources/3d/engine/editor/assets/default_renderpipeline/builtin-pipeline.ts from cce:/internal/x/prerequisite-imports as file:///C:/ProgramData/cocos/editors/Creator/3.8.8/resources/resources/3d/engine/editor/assets/default_renderpipeline/builtin-pipeline.ts.
17:10:12.832 debug: Resolve file:///C:/ProgramData/cocos/editors/Creator/3.8.8/resources/resources/3d/engine/editor/assets/tools/debug-view-runtime-control.ts from cce:/internal/x/prerequisite-imports as file:///C:/ProgramData/cocos/editors/Creator/3.8.8/resources/resources/3d/engine/editor/assets/tools/debug-view-runtime-control.ts.
17:10:12.832 debug: Resolve file:///D:/Works/Github/BattleGame/assets/3D/Fighter/EventTest.ts from cce:/internal/x/prerequisite-imports as file:///D:/Works/Github/BattleGame/assets/3D/Fighter/EventTest.ts.
17:10:12.832 debug: Resolve file:///D:/Works/Github/BattleGame/assets/scripts/BattleArmyBrain.ts from cce:/internal/x/prerequisite-imports as file:///D:/Works/Github/BattleGame/assets/scripts/BattleArmyBrain.ts.
17:10:12.833 debug: Resolve file:///D:/Works/Github/BattleGame/assets/scripts/BattleCardDatabase.ts from cce:/internal/x/prerequisite-imports as file:///D:/Works/Github/BattleGame/assets/scripts/BattleCardDatabase.ts.
17:10:12.833 debug: Resolve file:///D:/Works/Github/BattleGame/assets/scripts/BattleCardRuntime.ts from cce:/internal/x/prerequisite-imports as file:///D:/Works/Github/BattleGame/assets/scripts/BattleCardRuntime.ts.
17:10:12.833 debug: Resolve file:///D:/Works/Github/BattleGame/assets/scripts/BattleCinematicCameraController.ts from cce:/internal/x/prerequisite-imports as file:///D:/Works/Github/BattleGame/assets/scripts/BattleCinematicCameraController.ts.
17:10:12.834 debug: Resolve file:///D:/Works/Github/BattleGame/assets/scripts/BattleInformationIconItem.ts from cce:/internal/x/prerequisite-imports as file:///D:/Works/Github/BattleGame/assets/scripts/BattleInformationIconItem.ts.
17:10:12.834 debug: Resolve file:///D:/Works/Github/BattleGame/assets/scripts/BattleSpatialGrid.ts from cce:/internal/x/prerequisite-imports as file:///D:/Works/Github/BattleGame/assets/scripts/BattleSpatialGrid.ts.
17:10:12.834 debug: Resolve file:///D:/Works/Github/BattleGame/assets/scripts/BattleTelemetry.ts from cce:/internal/x/prerequisite-imports as file:///D:/Works/Github/BattleGame/assets/scripts/BattleTelemetry.ts.
17:10:12.834 debug: Resolve file:///D:/Works/Github/BattleGame/assets/scripts/BattleTypes.ts from cce:/internal/x/prerequisite-imports as file:///D:/Works/Github/BattleGame/assets/scripts/BattleTypes.ts.
17:10:12.835 debug: Resolve file:///D:/Works/Github/BattleGame/assets/scripts/BattleUnitDatabase.ts from cce:/internal/x/prerequisite-imports as file:///D:/Works/Github/BattleGame/assets/scripts/BattleUnitDatabase.ts.
17:10:12.835 debug: Resolve file:///D:/Works/Github/BattleGame/assets/scripts/BattleWave.ts from cce:/internal/x/prerequisite-imports as file:///D:/Works/Github/BattleGame/assets/scripts/BattleWave.ts.
17:10:12.835 debug: Resolve file:///D:/Works/Github/BattleGame/assets/scripts/BattlefieldEvaluator.ts from cce:/internal/x/prerequisite-imports as file:///D:/Works/Github/BattleGame/assets/scripts/BattlefieldEvaluator.ts.
17:10:12.836 debug: Resolve file:///D:/Works/Github/BattleGame/assets/scripts/CinematicOrbitRig.ts from cce:/internal/x/prerequisite-imports as file:///D:/Works/Github/BattleGame/assets/scripts/CinematicOrbitRig.ts.
17:10:12.836 debug: Resolve file:///D:/Works/Github/BattleGame/assets/scripts/CounterSettings.ts from cce:/internal/x/prerequisite-imports as file:///D:/Works/Github/BattleGame/assets/scripts/CounterSettings.ts.
17:10:12.836 debug: Resolve file:///D:/Works/Github/BattleGame/assets/scripts/DebugStats.ts from cce:/internal/x/prerequisite-imports as file:///D:/Works/Github/BattleGame/assets/scripts/DebugStats.ts.
17:10:12.837 debug: Resolve file:///D:/Works/Github/BattleGame/assets/scripts/GameManager.ts from cce:/internal/x/prerequisite-imports as file:///D:/Works/Github/BattleGame/assets/scripts/GameManager.ts.
17:10:12.837 debug: Detected change: file:///D:/Works/Github/BattleGame/assets/scripts/GameManager.ts. Last mtime: Wed Sep 16 2026 18:10:32 GMT+0700 (Indochina Time)@1e335392-7464-462e-b0f4-f1a62cb2f2ab, Current mtime: Thu Sep 17 2026 17:08:35 GMT+0700 (Indochina Time)@1e335392-7464-462e-b0f4-f1a62cb2f2ab
17:10:12.837 debug: Inspect file:///D:/Works/Github/BattleGame/assets/scripts/GameManager.ts
17:10:13.742 debug: transform url: 'file:///D:/Works/Github/BattleGame/assets/scripts/GameManager.ts' costs: 904.70 ms
17:10:13.746 debug: Resolve file:///D:/Works/Github/BattleGame/assets/scripts/HealthBar3D.ts from cce:/internal/x/prerequisite-imports as file:///D:/Works/Github/BattleGame/assets/scripts/HealthBar3D.ts.
17:10:13.746 debug: Resolve file:///D:/Works/Github/BattleGame/assets/scripts/LevelSettings.ts from cce:/internal/x/prerequisite-imports as file:///D:/Works/Github/BattleGame/assets/scripts/LevelSettings.ts.
17:10:13.746 debug: Resolve file:///D:/Works/Github/BattleGame/assets/scripts/MainGameFlow.ts from cce:/internal/x/prerequisite-imports as file:///D:/Works/Github/BattleGame/assets/scripts/MainGameFlow.ts.
17:10:13.747 debug: Resolve file:///D:/Works/Github/BattleGame/assets/scripts/Obstacle.ts from cce:/internal/x/prerequisite-imports as file:///D:/Works/Github/BattleGame/assets/scripts/Obstacle.ts.
17:10:13.747 debug: Resolve file:///D:/Works/Github/BattleGame/assets/scripts/ObstacleCircle.ts from cce:/internal/x/prerequisite-imports as file:///D:/Works/Github/BattleGame/assets/scripts/ObstacleCircle.ts.
17:10:13.748 debug: Resolve file:///D:/Works/Github/BattleGame/assets/scripts/ObstacleRect.ts from cce:/internal/x/prerequisite-imports as file:///D:/Works/Github/BattleGame/assets/scripts/ObstacleRect.ts.
17:10:13.748 debug: Resolve file:///D:/Works/Github/BattleGame/assets/scripts/PlayerArmyController.ts from cce:/internal/x/prerequisite-imports as file:///D:/Works/Github/BattleGame/assets/scripts/PlayerArmyController.ts.
17:10:13.748 debug: Resolve file:///D:/Works/Github/BattleGame/assets/scripts/RandomAnimcationOffset.ts from cce:/internal/x/prerequisite-imports as file:///D:/Works/Github/BattleGame/assets/scripts/RandomAnimcationOffset.ts.
17:10:13.748 debug: Resolve file:///D:/Works/Github/BattleGame/assets/scripts/SmartArmyBrain.ts from cce:/internal/x/prerequisite-imports as file:///D:/Works/Github/BattleGame/assets/scripts/SmartArmyBrain.ts.
17:10:13.749 debug: Resolve file:///D:/Works/Github/BattleGame/assets/scripts/SpawnBackPressureGate.ts from cce:/internal/x/prerequisite-imports as file:///D:/Works/Github/BattleGame/assets/scripts/SpawnBackPressureGate.ts.
17:10:13.750 debug: Resolve file:///D:/Works/Github/BattleGame/assets/scripts/SpectorDebugger.ts from cce:/internal/x/prerequisite-imports as file:///D:/Works/Github/BattleGame/assets/scripts/SpectorDebugger.ts.
17:10:13.750 debug: Resolve file:///D:/Works/Github/BattleGame/assets/scripts/TopDownCameraDrag.ts from cce:/internal/x/prerequisite-imports as file:///D:/Works/Github/BattleGame/assets/scripts/TopDownCameraDrag.ts.
17:10:13.750 debug: Resolve file:///D:/Works/Github/BattleGame/assets/scripts/TrueMiniMapPanel.ts from cce:/internal/x/prerequisite-imports as file:///D:/Works/Github/BattleGame/assets/scripts/TrueMiniMapPanel.ts.
17:10:13.750 debug: Resolve file:///D:/Works/Github/BattleGame/assets/scripts/Unit.ts from cce:/internal/x/prerequisite-imports as file:///D:/Works/Github/BattleGame/assets/scripts/Unit.ts.
17:10:13.751 debug: Resolve file:///D:/Works/Github/BattleGame/assets/scripts/UnitBehavior.ts from cce:/internal/x/prerequisite-imports as file:///D:/Works/Github/BattleGame/assets/scripts/UnitBehavior.ts.
17:10:13.751 debug: Resolve file:///D:/Works/Github/BattleGame/assets/scripts/UnitProps.ts from cce:/internal/x/prerequisite-imports as file:///D:/Works/Github/BattleGame/assets/scripts/UnitProps.ts.
17:10:13.751 debug: Resolve file:///D:/Works/Github/BattleGame/assets/scripts/UnitSpawner.ts from cce:/internal/x/prerequisite-imports as file:///D:/Works/Github/BattleGame/assets/scripts/UnitSpawner.ts.
17:10:13.751 debug: Resolve file:///D:/Works/Github/BattleGame/assets/scripts/VATCharacterPlayer.ts from cce:/internal/x/prerequisite-imports as file:///D:/Works/Github/BattleGame/assets/scripts/VATCharacterPlayer.ts.
17:10:13.752 debug: Resolve file:///D:/Works/Github/BattleGame/assets/scripts/rvo/RVO.ts from cce:/internal/x/prerequisite-imports as file:///D:/Works/Github/BattleGame/assets/scripts/rvo/RVO.ts.
17:10:13.752 debug: Resolve file:///D:/Works/Github/BattleGame/assets/scripts/rvo/RVOWorkerSimulator.ts from cce:/internal/x/prerequisite-imports as file:///D:/Works/Github/BattleGame/assets/scripts/rvo/RVOWorkerSimulator.ts.
17:10:13.753 debug: Resolve cce:/internal/code-quality/cr.mjs from file:///D:/Works/Github/BattleGame/assets/scripts/GameManager.ts as cce:/internal/code-quality/cr.mjs.
17:10:13.753 debug: Resolve cc from file:///D:/Works/Github/BattleGame/assets/scripts/GameManager.ts as cce:/internal/x/cc.
17:10:13.753 debug: Resolve cc from file:///D:/Works/Github/BattleGame/assets/scripts/GameManager.ts as cce:/internal/x/cc.
17:10:13.753 debug: Resolve cc from file:///D:/Works/Github/BattleGame/assets/scripts/GameManager.ts as cce:/internal/x/cc.
17:10:13.753 debug: Resolve ./Unit from file:///D:/Works/Github/BattleGame/assets/scripts/GameManager.ts as file:///D:/Works/Github/BattleGame/assets/scripts/Unit.ts.
17:10:13.754 debug: Resolve ./UnitProps from file:///D:/Works/Github/BattleGame/assets/scripts/GameManager.ts as file:///D:/Works/Github/BattleGame/assets/scripts/UnitProps.ts.
17:10:13.754 debug: Resolve ./rvo/RVO from file:///D:/Works/Github/BattleGame/assets/scripts/GameManager.ts as file:///D:/Works/Github/BattleGame/assets/scripts/rvo/RVO.ts.
17:10:13.755 debug: Resolve ./rvo/RVOWorkerSimulator from file:///D:/Works/Github/BattleGame/assets/scripts/GameManager.ts as file:///D:/Works/Github/BattleGame/assets/scripts/rvo/RVOWorkerSimulator.ts.
17:10:13.755 debug: Resolve ./ObstacleCircle from file:///D:/Works/Github/BattleGame/assets/scripts/GameManager.ts as file:///D:/Works/Github/BattleGame/assets/scripts/ObstacleCircle.ts.
17:10:13.755 debug: Resolve ./ObstacleRect from file:///D:/Works/Github/BattleGame/assets/scripts/GameManager.ts as file:///D:/Works/Github/BattleGame/assets/scripts/ObstacleRect.ts.
17:10:13.756 debug: Resolve ./UnitSpawner from file:///D:/Works/Github/BattleGame/assets/scripts/GameManager.ts as file:///D:/Works/Github/BattleGame/assets/scripts/UnitSpawner.ts.
17:10:13.756 debug: Resolve ./UnitBehavior from file:///D:/Works/Github/BattleGame/assets/scripts/GameManager.ts as file:///D:/Works/Github/BattleGame/assets/scripts/UnitBehavior.ts.
17:10:13.756 debug: Resolve ./BattleSpatialGrid from file:///D:/Works/Github/BattleGame/assets/scripts/GameManager.ts as file:///D:/Works/Github/BattleGame/assets/scripts/BattleSpatialGrid.ts.
17:10:13.756 debug: Resolve ./BattleWave from file:///D:/Works/Github/BattleGame/assets/scripts/GameManager.ts as file:///D:/Works/Github/BattleGame/assets/scripts/BattleWave.ts.
17:10:13.757 debug: Resolve ./CounterSettings from file:///D:/Works/Github/BattleGame/assets/scripts/GameManager.ts as file:///D:/Works/Github/BattleGame/assets/scripts/CounterSettings.ts.
17:10:13.757 debug: Resolve ./BattleTypes from file:///D:/Works/Github/BattleGame/assets/scripts/GameManager.ts as file:///D:/Works/Github/BattleGame/assets/scripts/BattleTypes.ts.
17:10:13.758 debug: Resolve ./BattleTelemetry from file:///D:/Works/Github/BattleGame/assets/scripts/GameManager.ts as file:///D:/Works/Github/BattleGame/assets/scripts/BattleTelemetry.ts.
17:10:13.758 debug: Resolve ./BattleUnitDatabase from file:///D:/Works/Github/BattleGame/assets/scripts/GameManager.ts as file:///D:/Works/Github/BattleGame/assets/scripts/BattleUnitDatabase.ts.
17:10:13.758 debug: Resolve ./BattleCardDatabase from file:///D:/Works/Github/BattleGame/assets/scripts/GameManager.ts as file:///D:/Works/Github/BattleGame/assets/scripts/BattleCardDatabase.ts.
17:10:13.759 debug: Resolve ./BattleCardRuntime from file:///D:/Works/Github/BattleGame/assets/scripts/GameManager.ts as file:///D:/Works/Github/BattleGame/assets/scripts/BattleCardRuntime.ts.
17:10:13.759 debug: Resolve ./HealthBar3D from file:///D:/Works/Github/BattleGame/assets/scripts/GameManager.ts as file:///D:/Works/Github/BattleGame/assets/scripts/HealthBar3D.ts.
17:10:13.759 debug: Resolve ./BattleUnitDatabase from file:///D:/Works/Github/BattleGame/assets/scripts/GameManager.ts as file:///D:/Works/Github/BattleGame/assets/scripts/BattleUnitDatabase.ts.
17:10:13.775 debug: Target(editor) ends with cost 976.4813000001013ms.
17:10:13.775 debug: Target(preview) build started.
17:10:13.777 debug: Detected change: cce:/internal/x/prerequisite-imports. Last mtime: Thu Jan 01 1970 07:00:11 GMT+0700 (Indochina Time), Current mtime: Thu Jan 01 1970 07:15:24 GMT+0700 (Indochina Time)
17:10:13.777 debug: Inspect cce:/internal/x/prerequisite-imports
17:10:13.798 debug: transform url: 'cce:/internal/x/prerequisite-imports' costs: 21.30 ms
17:10:13.800 debug: Resolve file:///C:/ProgramData/cocos/editors/Creator/3.8.8/resources/resources/3d/engine/editor/assets/default_renderpipeline/builtin-dof-pass.ts from cce:/internal/x/prerequisite-imports as file:///C:/ProgramData/cocos/editors/Creator/3.8.8/resources/resources/3d/engine/editor/assets/default_renderpipeline/builtin-dof-pass.ts.
17:10:13.801 debug: Resolve file:///C:/ProgramData/cocos/editors/Creator/3.8.8/resources/resources/3d/engine/editor/assets/default_renderpipeline/builtin-pipeline-pass.ts from cce:/internal/x/prerequisite-imports as file:///C:/ProgramData/cocos/editors/Creator/3.8.8/resources/resources/3d/engine/editor/assets/default_renderpipeline/builtin-pipeline-pass.ts.
17:10:13.801 debug: Resolve file:///C:/ProgramData/cocos/editors/Creator/3.8.8/resources/resources/3d/engine/editor/assets/default_renderpipeline/builtin-pipeline-settings.ts from cce:/internal/x/prerequisite-imports as file:///C:/ProgramData/cocos/editors/Creator/3.8.8/resources/resources/3d/engine/editor/assets/default_renderpipeline/builtin-pipeline-settings.ts.
17:10:13.802 debug: Resolve file:///C:/ProgramData/cocos/editors/Creator/3.8.8/resources/resources/3d/engine/editor/assets/default_renderpipeline/builtin-pipeline-types.ts from cce:/internal/x/prerequisite-imports as file:///C:/ProgramData/cocos/editors/Creator/3.8.8/resources/resources/3d/engine/editor/assets/default_renderpipeline/builtin-pipeline-types.ts.
17:10:13.802 debug: Resolve file:///C:/ProgramData/cocos/editors/Creator/3.8.8/resources/resources/3d/engine/editor/assets/default_renderpipeline/builtin-pipeline.ts from cce:/internal/x/prerequisite-imports as file:///C:/ProgramData/cocos/editors/Creator/3.8.8/resources/resources/3d/engine/editor/assets/default_renderpipeline/builtin-pipeline.ts.
17:10:13.803 debug: Resolve file:///C:/ProgramData/cocos/editors/Creator/3.8.8/resources/resources/3d/engine/editor/assets/tools/debug-view-runtime-control.ts from cce:/internal/x/prerequisite-imports as file:///C:/ProgramData/cocos/editors/Creator/3.8.8/resources/resources/3d/engine/editor/assets/tools/debug-view-runtime-control.ts.
17:10:13.803 debug: Resolve file:///D:/Works/Github/BattleGame/assets/3D/Fighter/EventTest.ts from cce:/internal/x/prerequisite-imports as file:///D:/Works/Github/BattleGame/assets/3D/Fighter/EventTest.ts.
17:10:13.804 debug: Resolve file:///D:/Works/Github/BattleGame/assets/scripts/BattleArmyBrain.ts from cce:/internal/x/prerequisite-imports as file:///D:/Works/Github/BattleGame/assets/scripts/BattleArmyBrain.ts.
17:10:13.804 debug: Resolve file:///D:/Works/Github/BattleGame/assets/scripts/BattleCardDatabase.ts from cce:/internal/x/prerequisite-imports as file:///D:/Works/Github/BattleGame/assets/scripts/BattleCardDatabase.ts.
17:10:13.804 debug: Resolve file:///D:/Works/Github/BattleGame/assets/scripts/BattleCardRuntime.ts from cce:/internal/x/prerequisite-imports as file:///D:/Works/Github/BattleGame/assets/scripts/BattleCardRuntime.ts.
17:10:13.805 debug: Resolve file:///D:/Works/Github/BattleGame/assets/scripts/BattleCinematicCameraController.ts from cce:/internal/x/prerequisite-imports as file:///D:/Works/Github/BattleGame/assets/scripts/BattleCinematicCameraController.ts.
17:10:13.805 debug: Resolve file:///D:/Works/Github/BattleGame/assets/scripts/BattleInformationIconItem.ts from cce:/internal/x/prerequisite-imports as file:///D:/Works/Github/BattleGame/assets/scripts/BattleInformationIconItem.ts.
17:10:13.805 debug: Resolve file:///D:/Works/Github/BattleGame/assets/scripts/BattleSpatialGrid.ts from cce:/internal/x/prerequisite-imports as file:///D:/Works/Github/BattleGame/assets/scripts/BattleSpatialGrid.ts.
17:10:13.806 debug: Resolve file:///D:/Works/Github/BattleGame/assets/scripts/BattleTelemetry.ts from cce:/internal/x/prerequisite-imports as file:///D:/Works/Github/BattleGame/assets/scripts/BattleTelemetry.ts.
17:10:13.806 debug: Resolve file:///D:/Works/Github/BattleGame/assets/scripts/BattleTypes.ts from cce:/internal/x/prerequisite-imports as file:///D:/Works/Github/BattleGame/assets/scripts/BattleTypes.ts.
17:10:13.806 debug: Resolve file:///D:/Works/Github/BattleGame/assets/scripts/BattleUnitDatabase.ts from cce:/internal/x/prerequisite-imports as file:///D:/Works/Github/BattleGame/assets/scripts/BattleUnitDatabase.ts.
17:10:13.807 debug: Resolve file:///D:/Works/Github/BattleGame/assets/scripts/BattleWave.ts from cce:/internal/x/prerequisite-imports as file:///D:/Works/Github/BattleGame/assets/scripts/BattleWave.ts.
17:10:13.807 debug: Resolve file:///D:/Works/Github/BattleGame/assets/scripts/BattlefieldEvaluator.ts from cce:/internal/x/prerequisite-imports as file:///D:/Works/Github/BattleGame/assets/scripts/BattlefieldEvaluator.ts.
17:10:13.807 debug: Resolve file:///D:/Works/Github/BattleGame/assets/scripts/CinematicOrbitRig.ts from cce:/internal/x/prerequisite-imports as file:///D:/Works/Github/BattleGame/assets/scripts/CinematicOrbitRig.ts.
17:10:13.808 debug: Resolve file:///D:/Works/Github/BattleGame/assets/scripts/CounterSettings.ts from cce:/internal/x/prerequisite-imports as file:///D:/Works/Github/BattleGame/assets/scripts/CounterSettings.ts.
17:10:13.808 debug: Resolve file:///D:/Works/Github/BattleGame/assets/scripts/DebugStats.ts from cce:/internal/x/prerequisite-imports as file:///D:/Works/Github/BattleGame/assets/scripts/DebugStats.ts.
17:10:13.808 debug: Resolve file:///D:/Works/Github/BattleGame/assets/scripts/GameManager.ts from cce:/internal/x/prerequisite-imports as file:///D:/Works/Github/BattleGame/assets/scripts/GameManager.ts.
17:10:13.808 debug: Detected change: file:///D:/Works/Github/BattleGame/assets/scripts/GameManager.ts. Last mtime: Wed Sep 16 2026 18:10:32 GMT+0700 (Indochina Time)@1e335392-7464-462e-b0f4-f1a62cb2f2ab, Current mtime: Thu Sep 17 2026 17:08:35 GMT+0700 (Indochina Time)@1e335392-7464-462e-b0f4-f1a62cb2f2ab
17:10:13.808 debug: Inspect file:///D:/Works/Github/BattleGame/assets/scripts/GameManager.ts
17:10:14.857 debug: transform url: 'file:///D:/Works/Github/BattleGame/assets/scripts/GameManager.ts' costs: 1048.30 ms
17:10:14.861 debug: Resolve file:///D:/Works/Github/BattleGame/assets/scripts/HealthBar3D.ts from cce:/internal/x/prerequisite-imports as file:///D:/Works/Github/BattleGame/assets/scripts/HealthBar3D.ts.
17:10:14.861 debug: Resolve file:///D:/Works/Github/BattleGame/assets/scripts/LevelSettings.ts from cce:/internal/x/prerequisite-imports as file:///D:/Works/Github/BattleGame/assets/scripts/LevelSettings.ts.
17:10:14.861 debug: Resolve file:///D:/Works/Github/BattleGame/assets/scripts/MainGameFlow.ts from cce:/internal/x/prerequisite-imports as file:///D:/Works/Github/BattleGame/assets/scripts/MainGameFlow.ts.
17:10:14.862 debug: Resolve file:///D:/Works/Github/BattleGame/assets/scripts/Obstacle.ts from cce:/internal/x/prerequisite-imports as file:///D:/Works/Github/BattleGame/assets/scripts/Obstacle.ts.
17:10:14.862 debug: Resolve file:///D:/Works/Github/BattleGame/assets/scripts/ObstacleCircle.ts from cce:/internal/x/prerequisite-imports as file:///D:/Works/Github/BattleGame/assets/scripts/ObstacleCircle.ts.
17:10:14.862 debug: Resolve file:///D:/Works/Github/BattleGame/assets/scripts/ObstacleRect.ts from cce:/internal/x/prerequisite-imports as file:///D:/Works/Github/BattleGame/assets/scripts/ObstacleRect.ts.
17:10:14.863 debug: Resolve file:///D:/Works/Github/BattleGame/assets/scripts/PlayerArmyController.ts from cce:/internal/x/prerequisite-imports as file:///D:/Works/Github/BattleGame/assets/scripts/PlayerArmyController.ts.
17:10:14.863 debug: Resolve file:///D:/Works/Github/BattleGame/assets/scripts/RandomAnimcationOffset.ts from cce:/internal/x/prerequisite-imports as file:///D:/Works/Github/BattleGame/assets/scripts/RandomAnimcationOffset.ts.
17:10:14.863 debug: Resolve file:///D:/Works/Github/BattleGame/assets/scripts/SmartArmyBrain.ts from cce:/internal/x/prerequisite-imports as file:///D:/Works/Github/BattleGame/assets/scripts/SmartArmyBrain.ts.
17:10:14.863 debug: Resolve file:///D:/Works/Github/BattleGame/assets/scripts/SpawnBackPressureGate.ts from cce:/internal/x/prerequisite-imports as file:///D:/Works/Github/BattleGame/assets/scripts/SpawnBackPressureGate.ts.
17:10:14.864 debug: Resolve file:///D:/Works/Github/BattleGame/assets/scripts/SpectorDebugger.ts from cce:/internal/x/prerequisite-imports as file:///D:/Works/Github/BattleGame/assets/scripts/SpectorDebugger.ts.
17:10:14.864 debug: Resolve file:///D:/Works/Github/BattleGame/assets/scripts/TopDownCameraDrag.ts from cce:/internal/x/prerequisite-imports as file:///D:/Works/Github/BattleGame/assets/scripts/TopDownCameraDrag.ts.
17:10:14.864 debug: Resolve file:///D:/Works/Github/BattleGame/assets/scripts/TrueMiniMapPanel.ts from cce:/internal/x/prerequisite-imports as file:///D:/Works/Github/BattleGame/assets/scripts/TrueMiniMapPanel.ts.
17:10:14.864 debug: Resolve file:///D:/Works/Github/BattleGame/assets/scripts/Unit.ts from cce:/internal/x/prerequisite-imports as file:///D:/Works/Github/BattleGame/assets/scripts/Unit.ts.
17:10:14.865 debug: Resolve file:///D:/Works/Github/BattleGame/assets/scripts/UnitBehavior.ts from cce:/internal/x/prerequisite-imports as file:///D:/Works/Github/BattleGame/assets/scripts/UnitBehavior.ts.
17:10:14.865 debug: Resolve file:///D:/Works/Github/BattleGame/assets/scripts/UnitProps.ts from cce:/internal/x/prerequisite-imports as file:///D:/Works/Github/BattleGame/assets/scripts/UnitProps.ts.
17:10:14.865 debug: Resolve file:///D:/Works/Github/BattleGame/assets/scripts/UnitSpawner.ts from cce:/internal/x/prerequisite-imports as file:///D:/Works/Github/BattleGame/assets/scripts/UnitSpawner.ts.
17:10:14.866 debug: Resolve file:///D:/Works/Github/BattleGame/assets/scripts/VATCharacterPlayer.ts from cce:/internal/x/prerequisite-imports as file:///D:/Works/Github/BattleGame/assets/scripts/VATCharacterPlayer.ts.
17:10:14.866 debug: Resolve file:///D:/Works/Github/BattleGame/assets/scripts/rvo/RVO.ts from cce:/internal/x/prerequisite-imports as file:///D:/Works/Github/BattleGame/assets/scripts/rvo/RVO.ts.
17:10:14.867 debug: Resolve file:///D:/Works/Github/BattleGame/assets/scripts/rvo/RVOWorkerSimulator.ts from cce:/internal/x/prerequisite-imports as file:///D:/Works/Github/BattleGame/assets/scripts/rvo/RVOWorkerSimulator.ts.
17:10:14.867 debug: Resolve cce:/internal/code-quality/cr.mjs from file:///D:/Works/Github/BattleGame/assets/scripts/GameManager.ts as cce:/internal/code-quality/cr.mjs.
17:10:14.867 debug: Resolve cc from file:///D:/Works/Github/BattleGame/assets/scripts/GameManager.ts as cce:/internal/x/cc.
17:10:14.867 debug: Resolve cc from file:///D:/Works/Github/BattleGame/assets/scripts/GameManager.ts as cce:/internal/x/cc.
17:10:14.867 debug: Resolve cc from file:///D:/Works/Github/BattleGame/assets/scripts/GameManager.ts as cce:/internal/x/cc.
17:10:14.868 debug: Resolve ./Unit from file:///D:/Works/Github/BattleGame/assets/scripts/GameManager.ts as file:///D:/Works/Github/BattleGame/assets/scripts/Unit.ts.
17:10:14.868 debug: Resolve ./UnitProps from file:///D:/Works/Github/BattleGame/assets/scripts/GameManager.ts as file:///D:/Works/Github/BattleGame/assets/scripts/UnitProps.ts.
17:10:14.868 debug: Resolve ./rvo/RVO from file:///D:/Works/Github/BattleGame/assets/scripts/GameManager.ts as file:///D:/Works/Github/BattleGame/assets/scripts/rvo/RVO.ts.
17:10:14.869 debug: Resolve ./rvo/RVOWorkerSimulator from file:///D:/Works/Github/BattleGame/assets/scripts/GameManager.ts as file:///D:/Works/Github/BattleGame/assets/scripts/rvo/RVOWorkerSimulator.ts.
17:10:14.869 debug: Resolve ./ObstacleCircle from file:///D:/Works/Github/BattleGame/assets/scripts/GameManager.ts as file:///D:/Works/Github/BattleGame/assets/scripts/ObstacleCircle.ts.
17:10:14.869 debug: Resolve ./ObstacleRect from file:///D:/Works/Github/BattleGame/assets/scripts/GameManager.ts as file:///D:/Works/Github/BattleGame/assets/scripts/ObstacleRect.ts.
17:10:14.870 debug: Resolve ./UnitSpawner from file:///D:/Works/Github/BattleGame/assets/scripts/GameManager.ts as file:///D:/Works/Github/BattleGame/assets/scripts/UnitSpawner.ts.
17:10:14.870 debug: Resolve ./UnitBehavior from file:///D:/Works/Github/BattleGame/assets/scripts/GameManager.ts as file:///D:/Works/Github/BattleGame/assets/scripts/UnitBehavior.ts.
17:10:14.870 debug: Resolve ./BattleSpatialGrid from file:///D:/Works/Github/BattleGame/assets/scripts/GameManager.ts as file:///D:/Works/Github/BattleGame/assets/scripts/BattleSpatialGrid.ts.
17:10:14.871 debug: Resolve ./BattleWave from file:///D:/Works/Github/BattleGame/assets/scripts/GameManager.ts as file:///D:/Works/Github/BattleGame/assets/scripts/BattleWave.ts.
17:10:14.871 debug: Resolve ./CounterSettings from file:///D:/Works/Github/BattleGame/assets/scripts/GameManager.ts as file:///D:/Works/Github/BattleGame/assets/scripts/CounterSettings.ts.
17:10:14.871 debug: Resolve ./BattleTypes from file:///D:/Works/Github/BattleGame/assets/scripts/GameManager.ts as file:///D:/Works/Github/BattleGame/assets/scripts/BattleTypes.ts.
17:10:14.871 debug: Resolve ./BattleTelemetry from file:///D:/Works/Github/BattleGame/assets/scripts/GameManager.ts as file:///D:/Works/Github/BattleGame/assets/scripts/BattleTelemetry.ts.
17:10:14.872 debug: Resolve ./BattleUnitDatabase from file:///D:/Works/Github/BattleGame/assets/scripts/GameManager.ts as file:///D:/Works/Github/BattleGame/assets/scripts/BattleUnitDatabase.ts.
17:10:14.872 debug: Resolve ./BattleCardDatabase from file:///D:/Works/Github/BattleGame/assets/scripts/GameManager.ts as file:///D:/Works/Github/BattleGame/assets/scripts/BattleCardDatabase.ts.
17:10:14.873 debug: Resolve ./BattleCardRuntime from file:///D:/Works/Github/BattleGame/assets/scripts/GameManager.ts as file:///D:/Works/Github/BattleGame/assets/scripts/BattleCardRuntime.ts.
17:10:14.873 debug: Resolve ./HealthBar3D from file:///D:/Works/Github/BattleGame/assets/scripts/GameManager.ts as file:///D:/Works/Github/BattleGame/assets/scripts/HealthBar3D.ts.
17:10:14.873 debug: Resolve ./BattleUnitDatabase from file:///D:/Works/Github/BattleGame/assets/scripts/GameManager.ts as file:///D:/Works/Github/BattleGame/assets/scripts/BattleUnitDatabase.ts.
17:10:14.889 debug: Target(preview) ends with cost 1113.8024000000441ms.
