{
  "__version__": "1.0.3",
  "builder": {
    "taskOptionsMap": {},
    "__version__": "1.3.9"
  },
  "gizmos-infos": {
    "is2D": false,
    "is3DIcon": false,
    "iconSize": 2,
    "gridVisible": true,
    "originAxis2D": {
      "x_visible": true,
      "y_visible": true,
      "z_visible": false
    },
    "originAxis3D": {
      "x_visible": true,
      "y_visible": false,
      "z_visible": true
    },
    "gridColor": [
      85,
      85,
      85,
      255
    ],
    "transformToolName": "position",
    "pivot": "pivot",
    "coordinate": "local",
    "toolsVisibility3d": true
  },
  "snap-configs": {
    "position": {
      "x": 1,
      "y": 1,
      "z": 1
    },
    "rotation": 1,
    "scale": 1,
    "isPositionSnapEnabled": false,
    "isRotationSnapEnabled": false,
    "isScaleSnapEnabled": false
  },
  "rect-snap-configs": {
    "enableSnapping": true,
    "snapThreshold": 4
  },
  "camera-infos": {
    "837662e8-92db-4dea-820d-eafbe218fe17": {
      "position": {
        "x": 13.412586740119757,
        "y": 16.16700762819732,
        "z": 7.312780849088599
      },
      "rotation": {
        "x": -0.27984814233312133,
        "y": 0.3647051996310009,
        "z": 0.11591689595929512,
        "w": 0.8804762392171493
      },
      "viewCenter": {
        "x": 1.1151283343178644,
        "y": 3.869549222395431,
        "z": -4.984677556713288
      },
      "contentRect": {
        "x": 0,
        "y": 0,
        "width": 802,
        "height": 538
      },
      "scale": 1
    },
    "6c300e94-8411-4239-9a1b-d9233a104486": {
      "position": {
        "x": 26.44936166599786,
        "y": 26.449361665997856,
        "z": 26.449361665997852
      },
      "rotation": {
        "x": -0.27984814233312133,
        "y": 0.3647051996310009,
        "z": 0.11591689595929512,
        "w": 0.8804762392171493
      },
      "viewCenter": {
        "x": 0,
        "y": 0,
        "z": 0
      },
      "contentRect": {
        "x": 0,
        "y": 0,
        "width": 802,
        "height": 542
      },
      "scale": 1
    },
    "2173379c-a1e6-4698-9ffb-f40008ef3248": {
      "position": {
        "x": 2.4342580919591903,
        "y": 2.3713926966431567,
        "z": 1.2720925279967656
      },
      "rotation": {
        "x": -0.22312859480362027,
        "y": 0.4278771150700513,
        "z": 0.10987088885247077,
        "w": 0.8689437222055097
      },
      "viewCenter": {
        "x": -8.17222940797598,
        "y": -4.985877933417573,
        "z": -6.88649615715525
      },
      "contentRect": {
        "x": 0,
        "y": 0,
        "width": 802,
        "height": 542
      },
      "scale": 1
    },
    "b0077834-1d22-4e70-8b38-27145890c68f": {
      "position": {
        "x": 41.847414316147635,
        "y": 29.02777684939185,
        "z": 32.189340805743925
      },
      "rotation": {
        "x": -0.2231285948033651,
        "y": 0.42787711506966497,
        "z": 0.10987088885228224,
        "w": 0.8689437222072904
      },
      "viewCenter": {
        "x": 0,
        "y": 0,
        "z": 0
      },
      "contentRect": {
        "x": 0,
        "y": 0,
        "width": 790,
        "height": 523
      },
      "scale": 1
    },
    "457b075c-eb05-4e22-811c-cd4ee4ffe04a": {
      "position": {
        "x": 34.78491807232611,
        "y": 34.7849180723261,
        "z": 34.78491807232609
      },
      "rotation": {
        "x": -0.27984814233312133,
        "y": 0.3647051996310009,
        "z": 0.11591689595929512,
        "w": 0.8804762392171493
      },
      "viewCenter": {
        "x": 0,
        "y": 0,
        "z": 0
      },
      "contentRect": {
        "x": 0,
        "y": 0,
        "width": 802,
        "height": 412
      },
      "scale": 1
    },
    "1ceead52-982a-4718-9c97-d118a0176a93": {
      "position": {
        "x": 34.78491807232611,
        "y": 34.7849180723261,
        "z": 34.78491807232609
      },
      "rotation": {
        "x": -0.27984814233312133,
        "y": 0.3647051996310009,
        "z": 0.11591689595929512,
        "w": 0.8804762392171493
      },
      "viewCenter": {
        "x": 0,
        "y": 0,
        "z": 0
      },
      "contentRect": {
        "x": 0,
        "y": 0,
        "width": 802,
        "height": 412
      },
      "scale": 1
    },
    "2b09b34d-918d-40ca-8bff-cd34093b218b": {
      "position": {
        "x": 23.05024691374111,
        "y": 23.050246913741102,
        "z": 23.0502469137411
      },
      "rotation": {
        "x": -0.27984814233312133,
        "y": 0.3647051996310009,
        "z": 0.11591689595929512,
        "w": 0.8804762392171493
      },
      "viewCenter": {
        "x": 0,
        "y": 0,
        "z": 0
      },
      "contentRect": {
        "x": 0,
        "y": 0,
        "width": 1047,
        "height": 622
      },
      "scale": 1
    },
    "3304a109-20b1-44b9-873b-4e145fab3bf8": {
      "position": {
        "x": 21.336473910534604,
        "y": 21.3364739105346,
        "z": 21.336473910534597
      },
      "rotation": {
        "x": -0.27984814233312133,
        "y": 0.3647051996310009,
        "z": 0.11591689595929512,
        "w": 0.8804762392171493
      },
      "viewCenter": {
        "x": 0,
        "y": 0,
        "z": 0
      },
      "contentRect": {
        "x": 0,
        "y": 0,
        "width": 1047,
        "height": 672
      },
      "scale": 1
    },
    "e6c2666e-8932-4017-ae33-0f614d9a8836": {
      "position": {
        "x": 21.2889891748162,
        "y": 21.288989174816194,
        "z": 21.28898917481619
      },
      "rotation": {
        "x": -0.27984814233312133,
        "y": 0.3647051996310009,
        "z": 0.11591689595929512,
        "w": 0.8804762392171493
      },
      "viewCenter": {
        "x": 0,
        "y": 0,
        "z": 0
      },
      "contentRect": {
        "x": 0,
        "y": 0,
        "width": 1159,
        "height": 674
      },
      "scale": 1
    },
    "3bd30fee-5f97-486c-b64a-f66dec4dd796": {
      "position": {
        "x": 19.628972237830453,
        "y": 19.62897223783045,
        "z": 19.628972237830446
      },
      "rotation": {
        "x": -0.27984814233312133,
        "y": 0.3647051996310009,
        "z": 0.11591689595929512,
        "w": 0.8804762392171493
      },
      "viewCenter": {
        "x": 0,
        "y": 0,
        "z": 0
      },
      "contentRect": {
        "x": 0,
        "y": 0,
        "width": 1159,
        "height": 731
      },
      "scale": 1
    },
    "4d13ca4e-cd59-4cf8-894b-d07658e5f095": {
      "position": {
        "x": 22.350122594788257,
        "y": 22.35012259478825,
        "z": 22.350122594788246
      },
      "rotation": {
        "x": -0.27984814233312133,
        "y": 0.3647051996310009,
        "z": 0.11591689595929512,
        "w": 0.8804762392171493
      },
      "viewCenter": {
        "x": 0,
        "y": 0,
        "z": 0
      },
      "contentRect": {
        "x": 0,
        "y": 0,
        "width": 1159,
        "height": 642
      },
      "scale": 1
    },
    "8536d1cf-db64-4478-ad58-beae6420476b": {
      "position": {
        "x": 21.336473910534604,
        "y": 21.3364739105346,
        "z": 21.336473910534597
      },
      "rotation": {
        "x": -0.27984814233312133,
        "y": 0.3647051996310009,
        "z": 0.11591689595929512,
        "w": 0.8804762392171493
      },
      "viewCenter": {
        "x": 0,
        "y": 0,
        "z": 0
      },
      "contentRect": {
        "x": 0,
        "y": 0,
        "width": 1047,
        "height": 672
      },
      "scale": 1
    },
    "d7eea617-a14f-47a4-8622-b92a3617ffd8": {
      "position": {
        "x": 21.336473910534604,
        "y": 21.3364739105346,
        "z": 21.336473910534597
      },
      "rotation": {
        "x": -0.27984814233312133,
        "y": 0.3647051996310009,
        "z": 0.11591689595929512,
        "w": 0.8804762392171493
      },
      "viewCenter": {
        "x": 0,
        "y": 0,
        "z": 0
      },