{
  "__version__": "1.0.3",
  "builder": {},
  "gizmos-infos": {
    "is2D": false,
    "is3DIcon": false,
    "iconSize": 2,
    "gridVisible": true,
    "originAxis2D": {
      "x_visible": true,
      "y_visible": true,
      "z_visible": false
    },
    "originAxis3D": {
      "x_visible": true,
      "y_visible": false,
      "z_visible": true
    },
    "gridColor": [
      166,
      166,
      166,
      255
    ],
    "transformToolName": "position",
    "pivot": "pivot",
    "coordinate": "local",
    "toolsVisibility3d": true
  },
  "snap-configs": {
    "position": {
      "x": 1,
      "y": 1,
      "z": 1
    },
    "rotation": 1,
    "scale": 1,
    "isPositionSnapEnabled": false,
    "isRotationSnapEnabled": false,
    "isScaleSnapEnabled": false
  },
  "rect-snap-configs": {
    "enableSnapping": true,
    "snapThreshold": 4
  },
  "camera-infos": {
    "837662e8-92db-4dea-820d-eafbe218fe17": {
      "position": {
        "x": 13.412586740119757,
        "y": 16.16700762819732,
        "z": 7.312780849088599
      },
      "rotation": {
        "x": -0.27984814233312133,
        "y": 0.3647051996310009,
        "z": 0.11591689595929512,
        "w": 0.8804762392171493
      },
      "viewCenter": {
        "x": 1.1151283343178644,
        "y": 3.869549222395431,
        "z": -4.984677556713288
      },
      "contentRect": {
        "x": 0,
        "y": 0,
        "width": 802,
        "height": 538
      },
      "scale": 1
    },
    "6c300e94-8411-4239-9a1b-d9233a104486": {
      "position": {
        "x": 26.44936166599786,
        "y": 26.449361665997856,
        "z": 26.449361665997852
      },
      "rotation": {
        "x": -0.27984814233312133,
        "y": 0.3647051996310009,
        "z": 0.11591689595929512,
        "w": 0.8804762392171493
      },
      "viewCenter": {
        "x": 0,
        "y": 0,
        "z": 0
      },
      "contentRect": {
        "x": 0,
        "y": 0,
        "width": 802,
        "height": 542
      },
      "scale": 1
    },
    "2173379c-a1e6-4698-9ffb-f40008ef3248": {
      "position": {
        "x": 2.4342580919591903,
        "y": 2.3713926966431567,
        "z": 1.2720925279967656
      },
      "rotation": {
        "x": -0.22312859480362027,
        "y": 0.4278771150700513,
        "z": 0.10987088885247077,
        "w": 0.8689437222055097
      },
      "viewCenter": {
        "x": -8.17222940797598,
        "y": -4.985877933417573,
        "z": -6.88649615715525
      },
      "contentRect": {
        "x": 0,
        "y": 0,
        "width": 802,
        "height": 542
      },
      "scale": 1
    },
    "b0077834-1d22-4e70-8b38-27145890c68f": {
      "position": {
        "x": 41.847414316147635,
        "y": 29.02777684939185,
        "z": 32.189340805743925
      },
      "rotation": {
        "x": -0.2231285948033651,
        "y": 0.42787711506966497,
        "z": 0.10987088885228224,
        "w": 0.8689437222072904
      },
      "viewCenter": {
        "x": 0,
        "y": 0,
        "z": 0
      },
      "contentRect": {
        "x": 0,
        "y": 0,
        "width": 790,
        "height": 523
      },
      "scale": 1
    },
    "457b075c-eb05-4e22-811c-cd4ee4ffe04a": {
      "position": {
        "x": 34.78491807232611,
        "y": 34.7849180723261,
        "z": 34.78491807232609
      },
      "rotation": {
        "x": -0.27984814233312133,
        "y": 0.3647051996310009,
        "z": 0.11591689595929512,
        "w": 0.8804762392171493
      },
      "viewCenter": {
        "x": 0,
        "y": 0,
        "z": 0
      },
      "contentRect": {
        "x": 0,
        "y": 0,
        "width": 802,
        "height": 412
      },
      "scale": 1
    },
    "1ceead52-982a-4718-9c97-d118a0176a93": {
      "position": {
        "x": 34.78491807232611,
        "y": 34.7849180723261,
        "z": 34.78491807232609
      },
      "rotation": {
        "x": -0.27984814233312133,
        "y": 0.3647051996310009,
        "z": 0.11591689595929512,
        "w": 0.8804762392171493
      },
      "viewCenter": {
        "x": 0,
        "y": 0,
        "z": 0
      },
      "contentRect": {
        "x": 0,
        "y": 0,
        "width": 802,
        "height": 412
      },
      "scale": 1
    },
    "1effe86e-a401-4769-9dbc-62218c68834d": {
      "position": {
        "x": 0.8570807080096373,
        "y": 8.553458566568867,
        "z": -4.113783737753136
      },
      "rotation": {
        "x": -0.22340110907891125,
        "y": 0.038635391153003205,
        "z": 0.008861838641677505,
        "w": 0.9739202836108588
      },
      "viewCenter": {
        "x": -1.7772470355652699,
        "y": -7.550241887207639,
        "z": -37.264476911108204
      },
      "contentRect": {
        "x": 0,
        "y": 0,
        "width": 790,
        "height": 523
      },
      "scale": 1
    }
  },
  "camera-uuids": [
    "837662e8-92db-4dea-820d-eafbe218fe17",
    "6c300e94-8411-4239-9a1b-d9233a104486",
    "2173379c-a1e6-4698-9ffb-f40008ef3248",
    "b0077834-1d22-4e70-8b38-27145890c68f",
    "457b075c-eb05-4e22-811c-cd4ee4ffe04a",
    "1ceead52-982a-4718-9c97-d118a0176a93",
    "1effe86e-a401-4769-9dbc-62218c68834d"
  ],
  "camera": {
    "color": [
      48,
      48,
      48,
      255
    ],
    "fov": 45,
    "far": 10000,
    "near": 0.01,
    "wheelSpeed": 0.01,
    "wanderSpeed": 10,
    "enableAcceleration": true,
    "size": "__default_design__",
    "far2D": 10000,
    "near2D": 1,
    "wheelSpeed2D": 6,
    "iso": 0,
    "aperture": 19,
    "shutter": 7
  },
  "scene_view": {
    "isSceneLightOn": true,
    "output_device": "__default_design__"
  },
  "game-view": {
    "scaleValue": 71,
    "sliderValue": 34,
    "rotate": false
  },
  "float-window": {
    "position": {
      "cc": {
        "Camera": {
          "dock": false,
          "top": null,
          "bottom": 10,
          "left": null,
          "right": 10
        }
      }
    }
  }
}
