{
  "__version__": "1.0.3",
  "builder": {},
  "gizmos-infos": {
    "is2D": false,
    "is3DIcon": false,
    "iconSize": 2,
    "gridVisible": true,
    "originAxis2D": {
      "x_visible": true,
      "y_visible": true,
      "z_visible": false
    },
    "originAxis3D": {
      "x_visible": true,
      "y_visible": false,
      "z_visible": true
    },
    "gridColor": [
      166,
      166,
      166,
      255
    ],
    "transformToolName": "position",
    "pivot": "pivot",
    "coordinate": "local",
    "toolsVisibility3d": true
  },
  "snap-configs": {
    "position": {
      "x": 1,
      "y": 1,
      "z": 1
    },
    "rotation": 1,
    "scale": 1,
    "isPositionSnapEnabled": false,
    "isRotationSnapEnabled": false,
    "isScaleSnapEnabled": false
  },
  "rect-snap-configs": {
    "enableSnapping": true,
    "snapThreshold": 4
  },
  "camera-infos": {
    "837662e8-92db-4dea-820d-eafbe218fe17": {
      "position": {
        "x": 13.412586740119757,
        "y": 16.16700762819732,
        "z": 7.312780849088599
      },
      "rotation": {
        "x": -0.27984814233312133,
        "y": 0.3647051996310009,
        "z": 0.11591689595929512,
        "w": 0.8804762392171493
      },
      "viewCenter": {
        "x": 1.1151283343178644,
        "y": 3.869549222395431,
        "z": -4.984677556713288
      },
      "contentRect": {
        "x": 0,
        "y": 0,
        "width": 802,
        "height": 538
      },
      "scale": 1
    },
    "6c300e94-8411-4239-9a1b-d9233a104486": {
      "position": {
        "x": 26.44936166599786,
        "y": 26.449361665997856,
        "z": 26.449361665997852
      },
      "rotation": {
        "x": -0.27984814233312133,
        "y": 0.3647051996310009,
        "z": 0.11591689595929512,
        "w": 0.8804762392171493
      },
      "viewCenter": {
        "x": 0,
        "y": 0,
        "z": 0
      },
      "contentRect": {
        "x": 0,
        "y": 0,
        "width": 802,
        "height": 542
      },
      "scale": 1
    },
    "1effe86e-a401-4769-9dbc-62218c68834d": {
      "position": {
        "x": -6.422570411682056,
        "y": 17.410000793637707,
        "z": 19.436224987105724
      },
      "rotation": {
        "x": -0.4063553728219663,
        "y": -0.14677761950925147,
        "z": -0.06631378812868044,
        "w": 0.8994076511204153
      },
      "viewCenter": {
        "x": -1.8724720394061602,
        "y": 1.1606465665078112,
        "z": 5.866749883077903
      },
      "contentRect": {
        "x": 0,
        "y": 0,
        "width": 802,
        "height": 542
      },
      "scale": 1
    }
  },
  "camera-uuids": [
    "837662e8-92db-4dea-820d-eafbe218fe17",
    "6c300e94-8411-4239-9a1b-d9233a104486",
    "1effe86e-a401-4769-9dbc-62218c68834d"
  ],
  "camera": {
    "color": [
      48,
      48,
      48,
      255
    ],
    "fov": 45,
    "far": 10000,
    "near": 0.01,
    "wheelSpeed": 0.01,
    "wanderSpeed": 10,
    "enableAcceleration": true,
    "size": "__default_design__",
    "far2D": 10000,
    "near2D": 1,
    "wheelSpeed2D": 6,
    "iso": 0,
    "aperture": 19,
    "shutter": 7
  },
  "scene_view": {
    "isSceneLightOn": true,
    "output_device": "__default_design__"
  },
  "game-view": {
    "scaleValue": 55,
    "sliderValue": 25
  },
  "float-window": {
    "position": {
      "cc": {
        "Camera": {
          "dock": false,
          "top": null,
          "bottom": 10,
          "left": null,
          "right": 10
        }
      }
    }
  }
}
