8-10-2026 18:35:31-log: Cannot access game frame or container.
8-10-2026 18:35:32-debug: asset-db:require-engine-code (431ms)
8-10-2026 18:35:32-log: meshopt wasm decoder initialized
8-10-2026 18:35:32-log: [box2d]:box2d wasm lib loaded.
8-10-2026 18:35:32-log: [bullet]:bullet wasm lib loaded.
8-10-2026 18:35:32-log: Cocos Creator v3.8.8
8-10-2026 18:35:32-log: Using legacy pipeline
8-10-2026 18:35:32-debug: [Assets Memory track]: asset-db:worker-init: initEngine start:27.84MB, end 79.12MB, increase: 51.28MB
8-10-2026 18:35:32-log: Forward render pipeline initialized.
8-10-2026 18:35:33-debug: [Assets Memory track]: asset-db:worker-init: initPlugin start:79.17MB, end 340.78MB, increase: 261.61MB
8-10-2026 18:35:33-debug: run package(fb-instant-games) handler(enable) start
8-10-2026 18:35:33-debug: run package(fb-instant-games) handler(enable) success!
8-10-2026 18:35:33-debug: run package(google-play) handler(enable) start
8-10-2026 18:35:33-debug: run package(google-play) handler(enable) success!
8-10-2026 18:35:33-debug: run package(harmonyos-next) handler(enable) start
8-10-2026 18:35:33-debug: run package(harmonyos-next) handler(enable) success!
8-10-2026 18:35:33-debug: run package(huawei-agc) handler(enable) start
8-10-2026 18:35:33-debug: run package(honor-mini-game) handler(enable) start
8-10-2026 18:35:33-debug: run package(honor-mini-game) handler(enable) success!
8-10-2026 18:35:33-debug: run package(huawei-quick-game) handler(enable) start
8-10-2026 18:35:33-debug: run package(huawei-quick-game) handler(enable) success!
8-10-2026 18:35:33-debug: run package(huawei-agc) handler(enable) success!
8-10-2026 18:35:33-debug: run package(linux) handler(enable) start
8-10-2026 18:35:33-debug: run package(ios) handler(enable) success!
8-10-2026 18:35:33-debug: run package(mac) handler(enable) start
8-10-2026 18:35:33-debug: run package(linux) handler(enable) success!
8-10-2026 18:35:33-debug: run package(migu-mini-game) handler(enable) start
8-10-2026 18:35:33-debug: run package(ios) handler(enable) start
8-10-2026 18:35:33-debug: run package(mac) handler(enable) success!
8-10-2026 18:35:33-debug: run package(migu-mini-game) handler(enable) success!
8-10-2026 18:35:33-debug: run package(ohos) handler(enable) start
8-10-2026 18:35:33-debug: run package(native) handler(enable) start
8-10-2026 18:35:33-debug: run package(native) handler(enable) success!
8-10-2026 18:35:33-debug: run package(oppo-mini-game) handler(enable) start
8-10-2026 18:35:33-debug: run package(oppo-mini-game) handler(enable) success!
8-10-2026 18:35:33-debug: run package(runtime-dev-tools) handler(enable) success!
8-10-2026 18:35:33-debug: run package(runtime-dev-tools) handler(enable) start
8-10-2026 18:35:33-debug: run package(taobao-mini-game) handler(enable) success!
8-10-2026 18:35:33-debug: run package(ohos) handler(enable) success!
8-10-2026 18:35:33-debug: run package(taobao-mini-game) handler(enable) start
8-10-2026 18:35:33-debug: run package(vivo-mini-game) handler(enable) success!
8-10-2026 18:35:33-debug: run package(web-desktop) handler(enable) success!
8-10-2026 18:35:33-debug: run package(web-desktop) handler(enable) start
8-10-2026 18:35:33-debug: run package(vivo-mini-game) handler(enable) start
8-10-2026 18:35:33-debug: run package(web-mobile) handler(enable) start
8-10-2026 18:35:33-debug: run package(web-mobile) handler(enable) success!
8-10-2026 18:35:33-debug: run package(wechatgame) handler(enable) success!
8-10-2026 18:35:33-debug: run package(wechatprogram) handler(enable) success!
8-10-2026 18:35:33-debug: run package(wechatgame) handler(enable) start
8-10-2026 18:35:33-debug: run package(wechatprogram) handler(enable) start
8-10-2026 18:35:33-debug: run package(windows) handler(enable) start
8-10-2026 18:35:33-debug: run package(windows) handler(enable) success!
8-10-2026 18:35:33-debug: run package(xiaomi-quick-game) handler(enable) success!
8-10-2026 18:35:33-debug: run package(xiaomi-quick-game) handler(enable) start
8-10-2026 18:35:33-debug: run package(cocos-service) handler(enable) success!
8-10-2026 18:35:33-debug: run package(cocos-service) handler(enable) start
8-10-2026 18:35:33-debug: run package(placeholder) handler(enable) start
8-10-2026 18:35:33-debug: run package(im-plugin) handler(enable) success!
8-10-2026 18:35:33-debug: run package(placeholder) handler(enable) success!
8-10-2026 18:35:33-debug: asset-db:worker-init: initPlugin (1302ms)
8-10-2026 18:35:33-debug: run package(im-plugin) handler(enable) start
8-10-2026 18:35:33-debug: [Assets Memory track]: asset-db:worker-init start:27.83MB, end 343.38MB, increase: 315.54MB
8-10-2026 18:35:33-debug: Run asset db hook programming:beforePreStart ...
8-10-2026 18:35:33-debug: Run asset db hook programming:beforePreStart success!
8-10-2026 18:35:33-debug: Run asset db hook engine-extends:beforePreStart success!
8-10-2026 18:35:33-debug: Run asset db hook engine-extends:beforePreStart ...
8-10-2026 18:35:33-debug: asset-db:worker-init (1858ms)
8-10-2026 18:35:33-debug: asset-db-hook-programming-beforePreStart (50ms)
8-10-2026 18:35:33-debug: asset-db-hook-engine-extends-beforePreStart (49ms)
8-10-2026 18:35:33-debug: Preimport db internal success
8-10-2026 18:35:33-debug: Preimport db assets success
8-10-2026 18:35:33-debug: Run asset db hook programming:afterPreStart ...
8-10-2026 18:35:33-debug: starting packer-driver...
8-10-2026 18:35:53-debug: initialize scripting environment...
8-10-2026 18:35:53-debug: [[Executor]] prepare before lock
8-10-2026 18:35:53-debug: Set detail map pack:///resolution-detail-map.json: {}
8-10-2026 18:35:53-debug: [[Executor]] prepare after unlock
8-10-2026 18:35:53-debug: Run asset db hook programming:afterPreStart success!
8-10-2026 18:35:53-debug: Run asset db hook engine-extends:afterPreStart success!
8-10-2026 18:35:53-debug: Run asset db hook engine-extends:afterPreStart ...
8-10-2026 18:35:53-debug: Start up the 'internal' database...
8-10-2026 18:35:53-debug: asset-db-hook-programming-afterPreStart (19859ms)
8-10-2026 18:35:53-debug: asset-db:worker-effect-data-processing (236ms)
8-10-2026 18:35:53-debug: asset-db-hook-engine-extends-afterPreStart (237ms)
8-10-2026 18:35:53-debug: Run asset db hook engine-extends:afterStartDB ...
8-10-2026 18:35:53-debug: recompile effect.bin success
8-10-2026 18:35:53-debug: Run asset db hook engine-extends:afterStartDB success!
8-10-2026 18:35:53-debug: Start up the 'assets' database...
8-10-2026 18:35:53-debug: asset-db:worker-effect-data-processing (219ms)
8-10-2026 18:35:53-debug: asset-db-hook-engine-extends-afterStartDB (219ms)
8-10-2026 18:35:53-debug: Run asset db hook engine-extends:afterStartDB ...
8-10-2026 18:35:53-debug: recompile effect.bin success
8-10-2026 18:35:53-debug: lazy register asset handler *
8-10-2026 18:35:53-debug: lazy register asset handler directory
8-10-2026 18:35:53-debug: lazy register asset handler json
8-10-2026 18:35:53-debug: lazy register asset handler spine-data
8-10-2026 18:35:53-debug: lazy register asset handler dragonbones
8-10-2026 18:35:53-debug: lazy register asset handler dragonbones-atlas
8-10-2026 18:35:53-debug: lazy register asset handler terrain
8-10-2026 18:35:53-debug: lazy register asset handler javascript
8-10-2026 18:35:53-debug: Run asset db hook engine-extends:afterStartDB success!
8-10-2026 18:35:53-debug: [Assets Memory track]: asset-db:worker-init: startup start:199.43MB, end 233.19MB, increase: 33.76MB
8-10-2026 18:35:53-debug: lazy register asset handler typescript
8-10-2026 18:35:53-debug: lazy register asset handler text
8-10-2026 18:35:53-debug: lazy register asset handler scene
8-10-2026 18:35:53-debug: lazy register asset handler tiled-map
8-10-2026 18:35:53-debug: lazy register asset handler sprite-frame
8-10-2026 18:35:53-debug: lazy register asset handler prefab
8-10-2026 18:35:53-debug: lazy register asset handler sign-image
8-10-2026 18:35:53-debug: lazy register asset handler alpha-image
8-10-2026 18:35:53-debug: lazy register asset handler image
8-10-2026 18:35:53-debug: lazy register asset handler buffer
8-10-2026 18:35:53-debug: lazy register asset handler erp-texture-cube
8-10-2026 18:35:53-debug: lazy register asset handler texture
8-10-2026 18:35:53-debug: lazy register asset handler texture-cube
8-10-2026 18:35:53-debug: lazy register asset handler rt-sprite-frame
8-10-2026 18:35:53-debug: lazy register asset handler gltf
8-10-2026 18:35:53-debug: lazy register asset handler render-texture
8-10-2026 18:35:53-debug: lazy register asset handler texture-cube-face
8-10-2026 18:35:53-debug: lazy register asset handler gltf-skeleton
8-10-2026 18:35:53-debug: lazy register asset handler gltf-material
8-10-2026 18:35:53-debug: lazy register asset handler gltf-animation
8-10-2026 18:35:53-debug: lazy register asset handler gltf-embeded-image
8-10-2026 18:35:53-debug: lazy register asset handler fbx
8-10-2026 18:35:53-debug: lazy register asset handler material
8-10-2026 18:35:53-debug: lazy register asset handler gltf-mesh
8-10-2026 18:35:53-debug: lazy register asset handler physics-material
8-10-2026 18:35:53-debug: lazy register asset handler effect-header
8-10-2026 18:35:53-debug: lazy register asset handler effect
8-10-2026 18:35:53-debug: lazy register asset handler animation-clip
8-10-2026 18:35:53-debug: lazy register asset handler gltf-scene
8-10-2026 18:35:53-debug: lazy register asset handler animation-graph
8-10-2026 18:35:53-debug: lazy register asset handler animation-graph-variant
8-10-2026 18:35:53-debug: lazy register asset handler ttf-font
8-10-2026 18:35:53-debug: lazy register asset handler audio-clip
8-10-2026 18:35:53-debug: lazy register asset handler animation-mask
8-10-2026 18:35:53-debug: lazy register asset handler sprite-atlas
8-10-2026 18:35:53-debug: lazy register asset handler auto-atlas
8-10-2026 18:35:53-debug: lazy register asset handler particle
8-10-2026 18:35:53-debug: lazy register asset handler bitmap-font
8-10-2026 18:35:53-debug: lazy register asset handler render-stage
8-10-2026 18:35:53-debug: lazy register asset handler render-pipeline
8-10-2026 18:35:53-debug: lazy register asset handler render-flow
8-10-2026 18:35:53-debug: lazy register asset handler label-atlas
8-10-2026 18:35:53-debug: lazy register asset handler instantiation-material
8-10-2026 18:35:53-debug: lazy register asset handler instantiation-animation
8-10-2026 18:35:53-debug: lazy register asset handler instantiation-mesh
8-10-2026 18:35:53-debug: lazy register asset handler instantiation-skeleton
8-10-2026 18:35:53-debug: lazy register asset handler video-clip
8-10-2026 18:35:53-debug: asset-db:worker-effect-data-processing (199ms)
8-10-2026 18:35:53-debug: asset-db-hook-engine-extends-afterStartDB (199ms)
8-10-2026 18:35:53-debug: asset-db:start-database (20437ms)
8-10-2026 18:35:53-debug: asset-db:ready (23844ms)
8-10-2026 18:35:53-debug: init worker message success
8-10-2026 18:35:53-debug: programming:execute-script (3ms)
8-10-2026 18:35:54-debug: [Build Memory track]: builder:worker-init start:224.95MB, end 234.11MB, increase: 9.17MB
8-10-2026 18:35:54-debug: builder:worker-init (216ms)
8-10-2026 18:35:59-debug: refresh db internal success
8-10-2026 18:35:59-debug: refresh db assets success
8-10-2026 18:35:59-debug: Run asset db hook engine-extends:afterRefresh ...
8-10-2026 18:35:59-debug: Run asset db hook engine-extends:afterRefresh success!
8-10-2026 18:35:59-debug: asset-db:refresh-all-database (73ms)
8-10-2026 18:35:59-debug: asset-db:worker-effect-data-processing (1ms)
8-10-2026 18:35:59-debug: asset-db-hook-engine-extends-afterRefresh (1ms)
8-10-2026 18:36:00-debug: Query all assets info in project
8-10-2026 18:36:00-debug: init custom config: keepNodeUuid: false, useCache: true
8-10-2026 18:36:00-debug: Skip compress image, progress: 0%
8-10-2026 18:36:00-debug: Init all bundles start..., progress: 0%
8-10-2026 18:36:00-debug: Query asset bundle start, progress: 0%
8-10-2026 18:36:00-debug: // ---- build task Query asset bundle ----
8-10-2026 18:36:00-debug: Init bundle root assets start..., progress: 0%
8-10-2026 18:36:00-debug: Num of bundles: 2..., progress: 0%
8-10-2026 18:36:00-debug: Query preload assets/scripts from cc.config.json: 60f7195c-ec2a-45eb-ba94-8955f60e81d0,1c02ae6f-4492-4915-b8f8-7492a3b1e4cd,810e96e4-e456-4468-9b59-f4e8f39732c0,efe8e2a3-eace-427b-b4f1-cb8a937ec77d,e9aa9a3e-5b2b-4ac7-a2c7-073de2b2b24f,8bbdbcdd-5cd4-4100-b6d5-b7c9625b6107,50f4348b-c883-4e2f-8f11-ce233b859fa1,fda095cb-831d-4601-ad94-846013963de8,f92806d7-1768-443f-afe8-12bcde84d0f0,dd3a144d-ab7f-41f0-82b8-2e43a090d496,f0416e68-0200-4b77-a926-4f9d16e494da,511d2633-09a7-4bdd-ac42-f778032124b3,5d45aa00-e064-4938-b314-4265f0c2258c,9361fd90-ba52-4f84-aa93-6e878fd576ca,970b0598-bcb0-4714-91fb-2e81440dccd8,bcd64cc6-2dd9-43f6-abbe-66318d332032,d930590d-bb92-4cc8-8bd1-23cd027f9edf,a3cd009f-0ab0-420d-9278-b9fdab939bbc,6a2d0734-bd9e-4ddf-946e-caa52498cb75,d9937e59-61fe-4ec6-92ab-7ac5a19c89b0,d1346436-ac96-4271-b863-1f4fdead95b0,971bdb23-3ff6-43eb-b422-1c30165a3663,17debcc3-0a6b-4b8a-b00b-dc58b885581e,711ebe11-f673-4cd9-9a83-63c60ba54c5b,c0143906-9aed-447e-9436-2ae8512d1b6e,14da1725-c4c2-42b4-ab08-ee0aeb6898b3,081cab31-dccd-428e-8652-f2404cc81c47,78e0584a-4343-4727-8f37-e14e65c2a2db,871c3b6c-7379-419d-bda3-794b239ab90d,ff9b0199-ce04-4cfe-86cc-6c719f08d6e4,de1c2107-70c8-4021-8459-6399f24d01c6,cbf30902-517f-40dc-af90-a550bac27cf1,5c601d96-e4c7-4698-991b-7ee674b11079
8-10-2026 18:36:00-debug:   Number of all scripts: 41
8-10-2026 18:36:00-debug:   Number of other assets: 486
8-10-2026 18:36:00-debug:   Number of all scenes: 3
8-10-2026 18:36:00-debug: Init bundle root assets success..., progress: 0%
8-10-2026 18:36:00-debug: // ---- build task Query asset bundle ---- (10ms)
8-10-2026 18:36:00-log: run build task Query asset bundle success in 10 ms√, progress: 5%
8-10-2026 18:36:00-debug: [Build Memory track]: Query asset bundle start:235.42MB, end 236.31MB, increase: 907.94KB
8-10-2026 18:36:00-debug: Query asset bundle start, progress: 5%
8-10-2026 18:36:00-debug: // ---- build task Query asset bundle ----
8-10-2026 18:36:00-debug: // ---- build task Query asset bundle ---- (1ms)
8-10-2026 18:36:00-log: run build task Query asset bundle success in 1 ms√, progress: 10%
8-10-2026 18:36:00-debug: [Build Memory track]: Query asset bundle start:236.35MB, end 236.50MB, increase: 155.86KB
8-10-2026 18:36:00-debug: Sort some build options to settings.json start, progress: 10%
8-10-2026 18:36:00-debug: // ---- build task Sort some build options to settings.json ----
8-10-2026 18:36:00-debug: // ---- build task Sort some build options to settings.json ---- (1ms)
8-10-2026 18:36:00-log: run build task Sort some build options to settings.json success in 1 ms√, progress: 12%
8-10-2026 18:36:00-debug: [Build Memory track]: Sort some build options to settings.json start:236.56MB, end 236.60MB, increase: 38.63KB
8-10-2026 18:36:00-debug: // ---- build task Fill script data to settings ----
8-10-2026 18:36:00-debug: Fill script data to settings start, progress: 12%
8-10-2026 18:36:00-debug: // ---- build task Fill script data to settings ---- (1ms)
8-10-2026 18:36:00-log: run build task Fill script data to settings success in 1 ms√, progress: 13%
8-10-2026 18:36:00-debug: [Build Memory track]: Fill script data to settings start:236.64MB, end 236.68MB, increase: 33.20KB
8-10-2026 18:36:00-debug: // ---- build task Sort some build options to settings.json ----
8-10-2026 18:36:00-debug: Sort some build options to settings.json start, progress: 13%
8-10-2026 18:36:00-debug: // ---- build task Sort some build options to settings.json ---- (2ms)
8-10-2026 18:36:00-log: run build task Sort some build options to settings.json success in 2 ms√, progress: 15%
8-10-2026 18:36:00-debug: [Build Memory track]: Sort some build options to settings.json start:236.72MB, end 236.87MB, increase: 149.18KB
8-10-2026 18:36:20-debug: Query all assets info in project
8-10-2026 18:36:20-debug: init custom config: keepNodeUuid: false, useCache: true
8-10-2026 18:36:20-debug: Skip compress image, progress: 0%
8-10-2026 18:36:20-debug: Init all bundles start..., progress: 0%
8-10-2026 18:36:20-debug: Num of bundles: 2..., progress: 0%
8-10-2026 18:36:20-debug: // ---- build task Query asset bundle ----
8-10-2026 18:36:20-debug: Query asset bundle start, progress: 0%
8-10-2026 18:36:20-debug: Init bundle root assets start..., progress: 0%
8-10-2026 18:36:20-debug: Query preload assets/scripts from cc.config.json: 60f7195c-ec2a-45eb-ba94-8955f60e81d0,1c02ae6f-4492-4915-b8f8-7492a3b1e4cd,810e96e4-e456-4468-9b59-f4e8f39732c0,efe8e2a3-eace-427b-b4f1-cb8a937ec77d,e9aa9a3e-5b2b-4ac7-a2c7-073de2b2b24f,8bbdbcdd-5cd4-4100-b6d5-b7c9625b6107,50f4348b-c883-4e2f-8f11-ce233b859fa1,fda095cb-831d-4601-ad94-846013963de8,f92806d7-1768-443f-afe8-12bcde84d0f0,dd3a144d-ab7f-41f0-82b8-2e43a090d496,f0416e68-0200-4b77-a926-4f9d16e494da,511d2633-09a7-4bdd-ac42-f778032124b3,5d45aa00-e064-4938-b314-4265f0c2258c,9361fd90-ba52-4f84-aa93-6e878fd576ca,970b0598-bcb0-4714-91fb-2e81440dccd8,bcd64cc6-2dd9-43f6-abbe-66318d332032,d930590d-bb92-4cc8-8bd1-23cd027f9edf,a3cd009f-0ab0-420d-9278-b9fdab939bbc,6a2d0734-bd9e-4ddf-946e-caa52498cb75,d9937e59-61fe-4ec6-92ab-7ac5a19c89b0,d1346436-ac96-4271-b863-1f4fdead95b0,971bdb23-3ff6-43eb-b422-1c30165a3663,17debcc3-0a6b-4b8a-b00b-dc58b885581e,711ebe11-f673-4cd9-9a83-63c60ba54c5b,c0143906-9aed-447e-9436-2ae8512d1b6e,14da1725-c4c2-42b4-ab08-ee0aeb6898b3,081cab31-dccd-428e-8652-f2404cc81c47,78e0584a-4343-4727-8f37-e14e65c2a2db,871c3b6c-7379-419d-bda3-794b239ab90d,ff9b0199-ce04-4cfe-86cc-6c719f08d6e4,de1c2107-70c8-4021-8459-6399f24d01c6,cbf30902-517f-40dc-af90-a550bac27cf1,5c601d96-e4c7-4698-991b-7ee674b11079
8-10-2026 18:36:20-debug:   Number of all scenes: 3
8-10-2026 18:36:20-debug:   Number of all scripts: 41
8-10-2026 18:36:20-debug: Init bundle root assets success..., progress: 0%
8-10-2026 18:36:20-debug:   Number of other assets: 486
8-10-2026 18:36:20-debug: // ---- build task Query asset bundle ---- (5ms)
8-10-2026 18:36:20-log: run build task Query asset bundle success in 5 ms√, progress: 5%
8-10-2026 18:36:20-debug: [Build Memory track]: Query asset bundle start:221.82MB, end 221.68MB, increase: -140.70KB
8-10-2026 18:36:20-debug: // ---- build task Query asset bundle ----
8-10-2026 18:36:20-debug: Query asset bundle start, progress: 5%
8-10-2026 18:36:20-debug: // ---- build task Query asset bundle ---- (4ms)
8-10-2026 18:36:20-debug: [Build Memory track]: Query asset bundle start:221.72MB, end 221.86MB, increase: 148.11KB
8-10-2026 18:36:20-debug: Sort some build options to settings.json start, progress: 10%
8-10-2026 18:36:20-log: run build task Query asset bundle success in 4 ms√, progress: 10%
8-10-2026 18:36:20-debug: // ---- build task Sort some build options to settings.json ----
8-10-2026 18:36:20-debug: // ---- build task Sort some build options to settings.json ---- (1ms)
8-10-2026 18:36:20-log: run build task Sort some build options to settings.json success in 1 ms√, progress: 12%
8-10-2026 18:36:20-debug: [Build Memory track]: Sort some build options to settings.json start:221.91MB, end 221.95MB, increase: 38.89KB
8-10-2026 18:36:20-debug: Fill script data to settings start, progress: 12%
8-10-2026 18:36:20-debug: // ---- build task Fill script data to settings ----
8-10-2026 18:36:20-debug: // ---- build task Fill script data to settings ---- (2ms)
8-10-2026 18:36:20-log: run build task Fill script data to settings success in 2 ms√, progress: 13%
8-10-2026 18:36:20-debug: [Build Memory track]: Fill script data to settings start:221.99MB, end 222.02MB, increase: 37.50KB
8-10-2026 18:36:20-debug: Sort some build options to settings.json start, progress: 13%
8-10-2026 18:36:20-debug: // ---- build task Sort some build options to settings.json ----
8-10-2026 18:36:20-debug: // ---- build task Sort some build options to settings.json ---- (6ms)
8-10-2026 18:36:20-log: run build task Sort some build options to settings.json success in 6 ms√, progress: 15%
8-10-2026 18:36:20-debug: [Build Memory track]: Sort some build options to settings.json start:222.06MB, end 222.21MB, increase: 153.26KB
8-10-2026 18:36:39-debug: Query all assets info in project
8-10-2026 18:36:39-debug: init custom config: keepNodeUuid: false, useCache: true
8-10-2026 18:36:39-debug: Skip compress image, progress: 0%
8-10-2026 18:36:39-debug: Init all bundles start..., progress: 0%
8-10-2026 18:36:39-debug: Num of bundles: 2..., progress: 0%
8-10-2026 18:36:39-debug: Query asset bundle start, progress: 0%
8-10-2026 18:36:39-debug: Init bundle root assets start..., progress: 0%
8-10-2026 18:36:39-debug: // ---- build task Query asset bundle ----
8-10-2026 18:36:39-debug: Query preload assets/scripts from cc.config.json: 60f7195c-ec2a-45eb-ba94-8955f60e81d0,1c02ae6f-4492-4915-b8f8-7492a3b1e4cd,810e96e4-e456-4468-9b59-f4e8f39732c0,efe8e2a3-eace-427b-b4f1-cb8a937ec77d,e9aa9a3e-5b2b-4ac7-a2c7-073de2b2b24f,8bbdbcdd-5cd4-4100-b6d5-b7c9625b6107,50f4348b-c883-4e2f-8f11-ce233b859fa1,fda095cb-831d-4601-ad94-846013963de8,f92806d7-1768-443f-afe8-12bcde84d0f0,dd3a144d-ab7f-41f0-82b8-2e43a090d496,f0416e68-0200-4b77-a926-4f9d16e494da,511d2633-09a7-4bdd-ac42-f778032124b3,5d45aa00-e064-4938-b314-4265f0c2258c,9361fd90-ba52-4f84-aa93-6e878fd576ca,970b0598-bcb0-4714-91fb-2e81440dccd8,bcd64cc6-2dd9-43f6-abbe-66318d332032,d930590d-bb92-4cc8-8bd1-23cd027f9edf,a3cd009f-0ab0-420d-9278-b9fdab939bbc,6a2d0734-bd9e-4ddf-946e-caa52498cb75,d9937e59-61fe-4ec6-92ab-7ac5a19c89b0,d1346436-ac96-4271-b863-1f4fdead95b0,971bdb23-3ff6-43eb-b422-1c30165a3663,17debcc3-0a6b-4b8a-b00b-dc58b885581e,711ebe11-f673-4cd9-9a83-63c60ba54c5b,c0143906-9aed-447e-9436-2ae8512d1b6e,14da1725-c4c2-42b4-ab08-ee0aeb6898b3,081cab31-dccd-428e-8652-f2404cc81c47,78e0584a-4343-4727-8f37-e14e65c2a2db,871c3b6c-7379-419d-bda3-794b239ab90d,ff9b0199-ce04-4cfe-86cc-6c719f08d6e4,de1c2107-70c8-4021-8459-6399f24d01c6,cbf30902-517f-40dc-af90-a550bac27cf1,5c601d96-e4c7-4698-991b-7ee674b11079
8-10-2026 18:36:39-debug:   Number of all scripts: 41
8-10-2026 18:36:39-debug:   Number of other assets: 486
8-10-2026 18:36:39-debug: Init bundle root assets success..., progress: 0%
8-10-2026 18:36:39-debug:   Number of all scenes: 3
8-10-2026 18:36:39-debug: // ---- build task Query asset bundle ---- (5ms)
8-10-2026 18:36:39-debug: [Build Memory track]: Query asset bundle start:222.11MB, end 222.02MB, increase: -90.97KB
8-10-2026 18:36:39-debug: // ---- build task Query asset bundle ----
8-10-2026 18:36:39-debug: Query asset bundle start, progress: 5%
8-10-2026 18:36:39-log: run build task Query asset bundle success in 5 ms√, progress: 5%
8-10-2026 18:36:39-debug: // ---- build task Query asset bundle ---- (2ms)
8-10-2026 18:36:39-log: run build task Query asset bundle success in 2 ms√, progress: 10%
8-10-2026 18:36:39-debug: Sort some build options to settings.json start, progress: 10%
8-10-2026 18:36:39-debug: // ---- build task Sort some build options to settings.json ----
8-10-2026 18:36:39-debug: [Build Memory track]: Query asset bundle start:222.07MB, end 222.21MB, increase: 147.50KB
8-10-2026 18:36:39-log: run build task Sort some build options to settings.json success in √, progress: 12%
8-10-2026 18:36:39-debug: [Build Memory track]: Sort some build options to settings.json start:222.25MB, end 222.27MB, increase: 19.70KB
8-10-2026 18:36:39-debug: Fill script data to settings start, progress: 12%
8-10-2026 18:36:39-debug: // ---- build task Fill script data to settings ----
8-10-2026 18:36:39-log: run build task Fill script data to settings success in √, progress: 13%
8-10-2026 18:36:39-debug: [Build Memory track]: Fill script data to settings start:222.31MB, end 222.33MB, increase: 20.66KB
8-10-2026 18:36:39-debug: Sort some build options to settings.json start, progress: 13%
8-10-2026 18:36:39-debug: // ---- build task Sort some build options to settings.json ----
8-10-2026 18:36:39-debug: // ---- build task Sort some build options to settings.json ---- (4ms)
8-10-2026 18:36:39-log: run build task Sort some build options to settings.json success in 4 ms√, progress: 15%
8-10-2026 18:36:39-debug: [Build Memory track]: Sort some build options to settings.json start:222.37MB, end 221.84MB, increase: -540.29KB
8-10-2026 18:36:58-debug: Query all assets info in project
8-10-2026 18:36:58-debug: init custom config: keepNodeUuid: false, useCache: true
8-10-2026 18:36:58-debug: Skip compress image, progress: 0%
8-10-2026 18:36:58-debug: Init all bundles start..., progress: 0%
8-10-2026 18:36:58-debug: Num of bundles: 2..., progress: 0%
8-10-2026 18:36:58-debug: Query asset bundle start, progress: 0%
8-10-2026 18:36:58-debug: // ---- build task Query asset bundle ----
8-10-2026 18:36:58-debug: Init bundle root assets start..., progress: 0%
8-10-2026 18:36:58-debug: Query preload assets/scripts from cc.config.json: 60f7195c-ec2a-45eb-ba94-8955f60e81d0,1c02ae6f-4492-4915-b8f8-7492a3b1e4cd,810e96e4-e456-4468-9b59-f4e8f39732c0,efe8e2a3-eace-427b-b4f1-cb8a937ec77d,e9aa9a3e-5b2b-4ac7-a2c7-073de2b2b24f,8bbdbcdd-5cd4-4100-b6d5-b7c9625b6107,50f4348b-c883-4e2f-8f11-ce233b859fa1,fda095cb-831d-4601-ad94-846013963de8,f92806d7-1768-443f-afe8-12bcde84d0f0,dd3a144d-ab7f-41f0-82b8-2e43a090d496,f0416e68-0200-4b77-a926-4f9d16e494da,511d2633-09a7-4bdd-ac42-f778032124b3,5d45aa00-e064-4938-b314-4265f0c2258c,9361fd90-ba52-4f84-aa93-6e878fd576ca,970b0598-bcb0-4714-91fb-2e81440dccd8,bcd64cc6-2dd9-43f6-abbe-66318d332032,d930590d-bb92-4cc8-8bd1-23cd027f9edf,a3cd009f-0ab0-420d-9278-b9fdab939bbc,6a2d0734-bd9e-4ddf-946e-caa52498cb75,d9937e59-61fe-4ec6-92ab-7ac5a19c89b0,d1346436-ac96-4271-b863-1f4fdead95b0,971bdb23-3ff6-43eb-b422-1c30165a3663,17debcc3-0a6b-4b8a-b00b-dc58b885581e,711ebe11-f673-4cd9-9a83-63c60ba54c5b,c0143906-9aed-447e-9436-2ae8512d1b6e,14da1725-c4c2-42b4-ab08-ee0aeb6898b3,081cab31-dccd-428e-8652-f2404cc81c47,78e0584a-4343-4727-8f37-e14e65c2a2db,871c3b6c-7379-419d-bda3-794b239ab90d,ff9b0199-ce04-4cfe-86cc-6c719f08d6e4,de1c2107-70c8-4021-8459-6399f24d01c6,cbf30902-517f-40dc-af90-a550bac27cf1,5c601d96-e4c7-4698-991b-7ee674b11079
8-10-2026 18:36:58-debug:   Number of all scenes: 3
8-10-2026 18:36:58-debug:   Number of all scripts: 41
8-10-2026 18:36:58-debug: Init bundle root assets success..., progress: 0%
8-10-2026 18:36:58-debug:   Number of other assets: 486
8-10-2026 18:36:58-debug: // ---- build task Query asset bundle ---- (4ms)
8-10-2026 18:36:58-log: run build task Query asset bundle success in 4 ms√, progress: 5%
8-10-2026 18:36:58-debug: [Build Memory track]: Query asset bundle start:222.50MB, end 222.36MB, increase: -146.13KB
8-10-2026 18:36:58-debug: // ---- build task Query asset bundle ----
8-10-2026 18:36:58-debug: Query asset bundle start, progress: 5%
8-10-2026 18:36:58-debug: // ---- build task Query asset bundle ---- (3ms)
8-10-2026 18:36:58-log: run build task Query asset bundle success in 3 ms√, progress: 10%
8-10-2026 18:36:58-debug: [Build Memory track]: Query asset bundle start:222.40MB, end 222.54MB, increase: 146.90KB
8-10-2026 18:36:58-debug: Sort some build options to settings.json start, progress: 10%
8-10-2026 18:36:58-debug: // ---- build task Sort some build options to settings.json ----
8-10-2026 18:36:58-debug: // ---- build task Sort some build options to settings.json ---- (1ms)
8-10-2026 18:36:58-log: run build task Sort some build options to settings.json success in 1 ms√, progress: 12%
8-10-2026 18:36:58-debug: [Build Memory track]: Sort some build options to settings.json start:222.58MB, end 222.61MB, increase: 36.30KB
8-10-2026 18:36:58-debug: Fill script data to settings start, progress: 12%
8-10-2026 18:36:58-debug: // ---- build task Fill script data to settings ----
8-10-2026 18:36:58-log: run build task Fill script data to settings success in √, progress: 13%
8-10-2026 18:36:58-debug: [Build Memory track]: Fill script data to settings start:222.65MB, end 221.91MB, increase: -758.36KB
8-10-2026 18:36:58-debug: // ---- build task Sort some build options to settings.json ----
8-10-2026 18:36:58-debug: Sort some build options to settings.json start, progress: 13%
8-10-2026 18:36:58-debug: // ---- build task Sort some build options to settings.json ---- (4ms)
8-10-2026 18:36:58-log: run build task Sort some build options to settings.json success in 4 ms√, progress: 15%
8-10-2026 18:36:58-debug: [Build Memory track]: Sort some build options to settings.json start:221.95MB, end 222.08MB, increase: 133.25KB
8-10-2026 18:37:11-debug: Query all assets info in project
8-10-2026 18:37:11-debug: init custom config: keepNodeUuid: false, useCache: true
8-10-2026 18:37:11-debug: Skip compress image, progress: 0%
8-10-2026 18:37:11-debug: Init all bundles start..., progress: 0%
8-10-2026 18:37:11-debug: Query asset bundle start, progress: 0%
8-10-2026 18:37:11-debug: Num of bundles: 2..., progress: 0%
8-10-2026 18:37:11-debug: // ---- build task Query asset bundle ----
8-10-2026 18:37:11-debug: Init bundle root assets start..., progress: 0%
8-10-2026 18:37:11-debug: Query preload assets/scripts from cc.config.json: 60f7195c-ec2a-45eb-ba94-8955f60e81d0,1c02ae6f-4492-4915-b8f8-7492a3b1e4cd,810e96e4-e456-4468-9b59-f4e8f39732c0,efe8e2a3-eace-427b-b4f1-cb8a937ec77d,e9aa9a3e-5b2b-4ac7-a2c7-073de2b2b24f,8bbdbcdd-5cd4-4100-b6d5-b7c9625b6107,50f4348b-c883-4e2f-8f11-ce233b859fa1,fda095cb-831d-4601-ad94-846013963de8,f92806d7-1768-443f-afe8-12bcde84d0f0,dd3a144d-ab7f-41f0-82b8-2e43a090d496,f0416e68-0200-4b77-a926-4f9d16e494da,511d2633-09a7-4bdd-ac42-f778032124b3,5d45aa00-e064-4938-b314-4265f0c2258c,9361fd90-ba52-4f84-aa93-6e878fd576ca,970b0598-bcb0-4714-91fb-2e81440dccd8,bcd64cc6-2dd9-43f6-abbe-66318d332032,d930590d-bb92-4cc8-8bd1-23cd027f9edf,a3cd009f-0ab0-420d-9278-b9fdab939bbc,6a2d0734-bd9e-4ddf-946e-caa52498cb75,d9937e59-61fe-4ec6-92ab-7ac5a19c89b0,d1346436-ac96-4271-b863-1f4fdead95b0,971bdb23-3ff6-43eb-b422-1c30165a3663,17debcc3-0a6b-4b8a-b00b-dc58b885581e,711ebe11-f673-4cd9-9a83-63c60ba54c5b,c0143906-9aed-447e-9436-2ae8512d1b6e,14da1725-c4c2-42b4-ab08-ee0aeb6898b3,081cab31-dccd-428e-8652-f2404cc81c47,78e0584a-4343-4727-8f37-e14e65c2a2db,871c3b6c-7379-419d-bda3-794b239ab90d,ff9b0199-ce04-4cfe-86cc-6c719f08d6e4,de1c2107-70c8-4021-8459-6399f24d01c6,cbf30902-517f-40dc-af90-a550bac27cf1,5c601d96-e4c7-4698-991b-7ee674b11079
8-10-2026 18:37:11-debug:   Number of all scenes: 3
8-10-2026 18:37:11-debug:   Number of all scripts: 41
8-10-2026 18:37:11-debug: Init bundle root assets success..., progress: 0%
8-10-2026 18:37:11-debug:   Number of other assets: 486
8-10-2026 18:37:11-debug: // ---- build task Query asset bundle ---- (3ms)
8-10-2026 18:37:11-log: run build task Query asset bundle success in 3 ms√, progress: 5%
8-10-2026 18:37:11-debug: [Build Memory track]: Query asset bundle start:222.80MB, end 222.79MB, increase: -16.45KB
8-10-2026 18:37:11-debug: Query asset bundle start, progress: 5%
8-10-2026 18:37:11-debug: // ---- build task Query asset bundle ----
8-10-2026 18:37:11-debug: [Build Memory track]: Query asset bundle start:222.82MB, end 222.24MB, increase: -594.77KB
8-10-2026 18:37:11-debug: Sort some build options to settings.json start, progress: 10%
8-10-2026 18:37:11-log: run build task Query asset bundle success in 1 ms√, progress: 10%
8-10-2026 18:37:11-debug: // ---- build task Query asset bundle ---- (1ms)
8-10-2026 18:37:11-debug: // ---- build task Sort some build options to settings.json ----
8-10-2026 18:37:11-debug: // ---- build task Sort some build options to settings.json ---- (1ms)
8-10-2026 18:37:11-debug: [Build Memory track]: Sort some build options to settings.json start:222.28MB, end 222.32MB, increase: 42.39KB
8-10-2026 18:37:11-log: run build task Sort some build options to settings.json success in 1 ms√, progress: 12%
8-10-2026 18:37:11-debug: Fill script data to settings start, progress: 12%
8-10-2026 18:37:11-debug: // ---- build task Fill script data to settings ----
8-10-2026 18:37:11-log: run build task Fill script data to settings success in √, progress: 13%
8-10-2026 18:37:11-debug: [Build Memory track]: Fill script data to settings start:222.36MB, end 222.38MB, increase: 20.33KB
8-10-2026 18:37:11-debug: Sort some build options to settings.json start, progress: 13%
8-10-2026 18:37:11-debug: // ---- build task Sort some build options to settings.json ----
8-10-2026 18:37:11-debug: // ---- build task Sort some build options to settings.json ---- (4ms)
8-10-2026 18:37:11-log: run build task Sort some build options to settings.json success in 4 ms√, progress: 15%
8-10-2026 18:37:11-debug: [Build Memory track]: Sort some build options to settings.json start:222.42MB, end 222.55MB, increase: 133.28KB
8-10-2026 18:37:28-debug: Query all assets info in project
8-10-2026 18:37:28-debug: init custom config: keepNodeUuid: false, useCache: true
8-10-2026 18:37:28-debug: Skip compress image, progress: 0%
8-10-2026 18:37:28-debug: Init all bundles start..., progress: 0%
8-10-2026 18:37:28-debug: Num of bundles: 2..., progress: 0%
8-10-2026 18:37:28-debug: Init bundle root assets start..., progress: 0%
8-10-2026 18:37:28-debug: // ---- build task Query asset bundle ----
8-10-2026 18:37:28-debug: Query asset bundle start, progress: 0%
8-10-2026 18:37:28-debug: Query preload assets/scripts from cc.config.json: 60f7195c-ec2a-45eb-ba94-8955f60e81d0,1c02ae6f-4492-4915-b8f8-7492a3b1e4cd,810e96e4-e456-4468-9b59-f4e8f39732c0,efe8e2a3-eace-427b-b4f1-cb8a937ec77d,e9aa9a3e-5b2b-4ac7-a2c7-073de2b2b24f,8bbdbcdd-5cd4-4100-b6d5-b7c9625b6107,50f4348b-c883-4e2f-8f11-ce233b859fa1,fda095cb-831d-4601-ad94-846013963de8,f92806d7-1768-443f-afe8-12bcde84d0f0,dd3a144d-ab7f-41f0-82b8-2e43a090d496,f0416e68-0200-4b77-a926-4f9d16e494da,511d2633-09a7-4bdd-ac42-f778032124b3,5d45aa00-e064-4938-b314-4265f0c2258c,9361fd90-ba52-4f84-aa93-6e878fd576ca,970b0598-bcb0-4714-91fb-2e81440dccd8,bcd64cc6-2dd9-43f6-abbe-66318d332032,d930590d-bb92-4cc8-8bd1-23cd027f9edf,a3cd009f-0ab0-420d-9278-b9fdab939bbc,6a2d0734-bd9e-4ddf-946e-caa52498cb75,d9937e59-61fe-4ec6-92ab-7ac5a19c89b0,d1346436-ac96-4271-b863-1f4fdead95b0,971bdb23-3ff6-43eb-b422-1c30165a3663,17debcc3-0a6b-4b8a-b00b-dc58b885581e,711ebe11-f673-4cd9-9a83-63c60ba54c5b,c0143906-9aed-447e-9436-2ae8512d1b6e,14da1725-c4c2-42b4-ab08-ee0aeb6898b3,081cab31-dccd-428e-8652-f2404cc81c47,78e0584a-4343-4727-8f37-e14e65c2a2db,871c3b6c-7379-419d-bda3-794b239ab90d,ff9b0199-ce04-4cfe-86cc-6c719f08d6e4,de1c2107-70c8-4021-8459-6399f24d01c6,cbf30902-517f-40dc-af90-a550bac27cf1,5c601d96-e4c7-4698-991b-7ee674b11079
8-10-2026 18:37:28-debug:   Number of all scenes: 3
8-10-2026 18:37:28-debug: Init bundle root assets success..., progress: 0%
8-10-2026 18:37:28-debug:   Number of all scripts: 41
8-10-2026 18:37:28-debug:   Number of other assets: 486
8-10-2026 18:37:28-debug: // ---- build task Query asset bundle ---- (5ms)
8-10-2026 18:37:28-log: run build task Query asset bundle success in 5 ms√, progress: 5%
8-10-2026 18:37:28-debug: [Build Memory track]: Query asset bundle start:222.43MB, end 222.33MB, increase: -110.79KB
8-10-2026 18:37:28-debug: // ---- build task Query asset bundle ----
8-10-2026 18:37:28-debug: Query asset bundle start, progress: 5%
8-10-2026 18:37:28-debug: // ---- build task Query asset bundle ---- (3ms)
8-10-2026 18:37:28-log: run build task Query asset bundle success in 3 ms√, progress: 10%
8-10-2026 18:37:28-debug: // ---- build task Sort some build options to settings.json ----
8-10-2026 18:37:28-debug: [Build Memory track]: Query asset bundle start:222.37MB, end 222.51MB, increase: 146.91KB
8-10-2026 18:37:28-debug: Sort some build options to settings.json start, progress: 10%
8-10-2026 18:37:28-debug: // ---- build task Sort some build options to settings.json ---- (1ms)
8-10-2026 18:37:28-log: run build task Sort some build options to settings.json success in 1 ms√, progress: 12%
8-10-2026 18:37:28-debug: [Build Memory track]: Sort some build options to settings.json start:222.55MB, end 222.58MB, increase: 33.66KB
8-10-2026 18:37:28-debug: // ---- build task Fill script data to settings ----
8-10-2026 18:37:28-debug: Fill script data to settings start, progress: 12%
8-10-2026 18:37:28-debug: // ---- build task Fill script data to settings ---- (1ms)
8-10-2026 18:37:28-log: run build task Fill script data to settings success in 1 ms√, progress: 13%
8-10-2026 18:37:28-debug: [Build Memory track]: Fill script data to settings start:222.62MB, end 222.67MB, increase: 46.39KB
8-10-2026 18:37:28-debug: // ---- build task Sort some build options to settings.json ----
8-10-2026 18:37:28-debug: Sort some build options to settings.json start, progress: 13%
8-10-2026 18:37:28-debug: // ---- build task Sort some build options to settings.json ---- (6ms)
8-10-2026 18:37:28-log: run build task Sort some build options to settings.json success in 6 ms√, progress: 15%
8-10-2026 18:37:28-debug: [Build Memory track]: Sort some build options to settings.json start:222.71MB, end 222.85MB, increase: 144.40KB
8-10-2026 18:37:43-debug: refresh db internal success
8-10-2026 18:37:43-debug: refresh db assets success
8-10-2026 18:37:43-debug: Run asset db hook engine-extends:afterRefresh ...
8-10-2026 18:37:43-debug: Run asset db hook engine-extends:afterRefresh success!
8-10-2026 18:37:43-debug: asset-db:refresh-all-database (67ms)
8-10-2026 18:37:43-debug: asset-db:worker-effect-data-processing (1ms)
8-10-2026 18:37:43-debug: asset-db-hook-engine-extends-afterRefresh (1ms)
8-10-2026 18:37:51-debug: Query all assets info in project
8-10-2026 18:37:51-debug: init custom config: keepNodeUuid: false, useCache: true
8-10-2026 18:37:51-debug: Skip compress image, progress: 0%
8-10-2026 18:37:51-debug: Init all bundles start..., progress: 0%
8-10-2026 18:37:51-debug: Query asset bundle start, progress: 0%
8-10-2026 18:37:51-debug: Init bundle root assets start..., progress: 0%
8-10-2026 18:37:51-debug: // ---- build task Query asset bundle ----
8-10-2026 18:37:51-debug: Num of bundles: 2..., progress: 0%
8-10-2026 18:37:51-debug: Query preload assets/scripts from cc.config.json: 60f7195c-ec2a-45eb-ba94-8955f60e81d0,1c02ae6f-4492-4915-b8f8-7492a3b1e4cd,810e96e4-e456-4468-9b59-f4e8f39732c0,efe8e2a3-eace-427b-b4f1-cb8a937ec77d,e9aa9a3e-5b2b-4ac7-a2c7-073de2b2b24f,8bbdbcdd-5cd4-4100-b6d5-b7c9625b6107,50f4348b-c883-4e2f-8f11-ce233b859fa1,fda095cb-831d-4601-ad94-846013963de8,f92806d7-1768-443f-afe8-12bcde84d0f0,dd3a144d-ab7f-41f0-82b8-2e43a090d496,f0416e68-0200-4b77-a926-4f9d16e494da,511d2633-09a7-4bdd-ac42-f778032124b3,5d45aa00-e064-4938-b314-4265f0c2258c,9361fd90-ba52-4f84-aa93-6e878fd576ca,970b0598-bcb0-4714-91fb-2e81440dccd8,bcd64cc6-2dd9-43f6-abbe-66318d332032,d930590d-bb92-4cc8-8bd1-23cd027f9edf,a3cd009f-0ab0-420d-9278-b9fdab939bbc,6a2d0734-bd9e-4ddf-946e-caa52498cb75,d9937e59-61fe-4ec6-92ab-7ac5a19c89b0,d1346436-ac96-4271-b863-1f4fdead95b0,971bdb23-3ff6-43eb-b422-1c30165a3663,17debcc3-0a6b-4b8a-b00b-dc58b885581e,711ebe11-f673-4cd9-9a83-63c60ba54c5b,c0143906-9aed-447e-9436-2ae8512d1b6e,14da1725-c4c2-42b4-ab08-ee0aeb6898b3,081cab31-dccd-428e-8652-f2404cc81c47,78e0584a-4343-4727-8f37-e14e65c2a2db,871c3b6c-7379-419d-bda3-794b239ab90d,ff9b0199-ce04-4cfe-86cc-6c719f08d6e4,de1c2107-70c8-4021-8459-6399f24d01c6,cbf30902-517f-40dc-af90-a550bac27cf1,5c601d96-e4c7-4698-991b-7ee674b11079
8-10-2026 18:37:51-debug:   Number of all scenes: 3
8-10-2026 18:37:51-debug:   Number of all scripts: 41
8-10-2026 18:37:51-debug:   Number of other assets: 486
8-10-2026 18:37:51-debug: Init bundle root assets success..., progress: 0%
8-10-2026 18:37:51-log: run build task Query asset bundle success in 4 ms√, progress: 5%
8-10-2026 18:37:51-debug: [Build Memory track]: Query asset bundle start:224.15MB, end 224.00MB, increase: -146.74KB
8-10-2026 18:37:51-debug: // ---- build task Query asset bundle ----
8-10-2026 18:37:51-debug: // ---- build task Query asset bundle ---- (4ms)
8-10-2026 18:37:51-debug: Query asset bundle start, progress: 5%
8-10-2026 18:37:51-debug: // ---- build task Query asset bundle ---- (3ms)
8-10-2026 18:37:51-log: run build task Query asset bundle success in 3 ms√, progress: 10%
8-10-2026 18:37:51-debug: [Build Memory track]: Query asset bundle start:224.03MB, end 224.17MB, increase: 142.70KB
8-10-2026 18:37:51-debug: Sort some build options to settings.json start, progress: 10%
8-10-2026 18:37:51-debug: // ---- build task Sort some build options to settings.json ----
8-10-2026 18:37:51-debug: // ---- build task Sort some build options to settings.json ---- (1ms)
8-10-2026 18:37:51-log: run build task Sort some build options to settings.json success in 1 ms√, progress: 12%
8-10-2026 18:37:51-debug: [Build Memory track]: Sort some build options to settings.json start:224.20MB, end 224.23MB, increase: 30.88KB
8-10-2026 18:37:51-debug: Fill script data to settings start, progress: 12%
8-10-2026 18:37:51-debug: // ---- build task Fill script data to settings ----
8-10-2026 18:37:51-debug: // ---- build task Fill script data to settings ---- (1ms)
8-10-2026 18:37:51-log: run build task Fill script data to settings success in 1 ms√, progress: 13%
8-10-2026 18:37:51-debug: [Build Memory track]: Fill script data to settings start:224.26MB, end 224.29MB, increase: 30.84KB
8-10-2026 18:37:51-debug: // ---- build task Sort some build options to settings.json ----
8-10-2026 18:37:51-debug: Sort some build options to settings.json start, progress: 13%
8-10-2026 18:37:51-debug: // ---- build task Sort some build options to settings.json ---- (6ms)
8-10-2026 18:37:51-debug: [Build Memory track]: Sort some build options to settings.json start:224.32MB, end 224.44MB, increase: 126.46KB
8-10-2026 18:37:51-log: run build task Sort some build options to settings.json success in 6 ms√, progress: 15%
8-10-2026 18:38:06-debug: Query all assets info in project
8-10-2026 18:38:06-debug: init custom config: keepNodeUuid: false, useCache: true
8-10-2026 18:38:06-debug: Skip compress image, progress: 0%
8-10-2026 18:38:06-debug: Init all bundles start..., progress: 0%
8-10-2026 18:38:06-debug: Num of bundles: 2..., progress: 0%
8-10-2026 18:38:06-debug: Query asset bundle start, progress: 0%
8-10-2026 18:38:06-debug: // ---- build task Query asset bundle ----
8-10-2026 18:38:06-debug: Init bundle root assets start..., progress: 0%
8-10-2026 18:38:06-debug: Query preload assets/scripts from cc.config.json: 60f7195c-ec2a-45eb-ba94-8955f60e81d0,1c02ae6f-4492-4915-b8f8-7492a3b1e4cd,810e96e4-e456-4468-9b59-f4e8f39732c0,efe8e2a3-eace-427b-b4f1-cb8a937ec77d,e9aa9a3e-5b2b-4ac7-a2c7-073de2b2b24f,8bbdbcdd-5cd4-4100-b6d5-b7c9625b6107,50f4348b-c883-4e2f-8f11-ce233b859fa1,fda095cb-831d-4601-ad94-846013963de8,f92806d7-1768-443f-afe8-12bcde84d0f0,dd3a144d-ab7f-41f0-82b8-2e43a090d496,f0416e68-0200-4b77-a926-4f9d16e494da,511d2633-09a7-4bdd-ac42-f778032124b3,5d45aa00-e064-4938-b314-4265f0c2258c,9361fd90-ba52-4f84-aa93-6e878fd576ca,970b0598-bcb0-4714-91fb-2e81440dccd8,bcd64cc6-2dd9-43f6-abbe-66318d332032,d930590d-bb92-4cc8-8bd1-23cd027f9edf,a3cd009f-0ab0-420d-9278-b9fdab939bbc,6a2d0734-bd9e-4ddf-946e-caa52498cb75,d9937e59-61fe-4ec6-92ab-7ac5a19c89b0,d1346436-ac96-4271-b863-1f4fdead95b0,971bdb23-3ff6-43eb-b422-1c30165a3663,17debcc3-0a6b-4b8a-b00b-dc58b885581e,711ebe11-f673-4cd9-9a83-63c60ba54c5b,c0143906-9aed-447e-9436-2ae8512d1b6e,14da1725-c4c2-42b4-ab08-ee0aeb6898b3,081cab31-dccd-428e-8652-f2404cc81c47,78e0584a-4343-4727-8f37-e14e65c2a2db,871c3b6c-7379-419d-bda3-794b239ab90d,ff9b0199-ce04-4cfe-86cc-6c719f08d6e4,de1c2107-70c8-4021-8459-6399f24d01c6,cbf30902-517f-40dc-af90-a550bac27cf1,5c601d96-e4c7-4698-991b-7ee674b11079
8-10-2026 18:38:06-debug:   Number of all scenes: 3
8-10-2026 18:38:06-debug:   Number of all scripts: 41
8-10-2026 18:38:06-debug:   Number of other assets: 486
8-10-2026 18:38:06-debug: Init bundle root assets success..., progress: 0%
8-10-2026 18:38:06-debug: // ---- build task Query asset bundle ---- (7ms)
8-10-2026 18:38:06-log: run build task Query asset bundle success in 7 ms√, progress: 5%
8-10-2026 18:38:06-debug: [Build Memory track]: Query asset bundle start:224.27MB, end 224.16MB, increase: -112.30KB
8-10-2026 18:38:06-debug: // ---- build task Query asset bundle ----
8-10-2026 18:38:06-debug: Query asset bundle start, progress: 5%
8-10-2026 18:38:06-debug: // ---- build task Query asset bundle ---- (3ms)
8-10-2026 18:38:06-log: run build task Query asset bundle success in 3 ms√, progress: 10%
8-10-2026 18:38:06-debug: [Build Memory track]: Query asset bundle start:224.19MB, end 224.32MB, increase: 139.82KB
8-10-2026 18:38:06-debug: Sort some build options to settings.json start, progress: 10%
8-10-2026 18:38:06-debug: // ---- build task Sort some build options to settings.json ----
8-10-2026 18:38:07-debug: // ---- build task Sort some build options to settings.json ---- (1ms)
8-10-2026 18:38:07-log: run build task Sort some build options to settings.json success in 1 ms√, progress: 12%
8-10-2026 18:38:07-debug: [Build Memory track]: Sort some build options to settings.json start:224.35MB, end 224.38MB, increase: 25.48KB
8-10-2026 18:38:07-debug: Fill script data to settings start, progress: 12%
8-10-2026 18:38:07-debug: // ---- build task Fill script data to settings ----
8-10-2026 18:38:07-debug: // ---- build task Fill script data to settings ---- (1ms)
8-10-2026 18:38:07-log: run build task Fill script data to settings success in 1 ms√, progress: 13%
8-10-2026 18:38:07-debug: [Build Memory track]: Fill script data to settings start:224.41MB, end 224.80MB, increase: 393.58KB
8-10-2026 18:38:07-debug: Sort some build options to settings.json start, progress: 13%
8-10-2026 18:38:07-debug: // ---- build task Sort some build options to settings.json ----
8-10-2026 18:38:07-log: run build task Sort some build options to settings.json success in 5 ms√, progress: 15%
8-10-2026 18:38:07-debug: [Build Memory track]: Sort some build options to settings.json start:224.47MB, end 224.59MB, increase: 126.36KB
8-10-2026 18:38:07-debug: // ---- build task Sort some build options to settings.json ---- (5ms)
8-10-2026 18:38:21-debug: Query all assets info in project
8-10-2026 18:38:21-debug: init custom config: keepNodeUuid: false, useCache: true
8-10-2026 18:38:21-debug: Skip compress image, progress: 0%
8-10-2026 18:38:21-debug: Init all bundles start..., progress: 0%
8-10-2026 18:38:21-debug: Num of bundles: 2..., progress: 0%
8-10-2026 18:38:21-debug: Query asset bundle start, progress: 0%
8-10-2026 18:38:21-debug: // ---- build task Query asset bundle ----
8-10-2026 18:38:21-debug: Init bundle root assets start..., progress: 0%
8-10-2026 18:38:21-debug: Query preload assets/scripts from cc.config.json: 60f7195c-ec2a-45eb-ba94-8955f60e81d0,1c02ae6f-4492-4915-b8f8-7492a3b1e4cd,810e96e4-e456-4468-9b59-f4e8f39732c0,efe8e2a3-eace-427b-b4f1-cb8a937ec77d,e9aa9a3e-5b2b-4ac7-a2c7-073de2b2b24f,8bbdbcdd-5cd4-4100-b6d5-b7c9625b6107,50f4348b-c883-4e2f-8f11-ce233b859fa1,fda095cb-831d-4601-ad94-846013963de8,f92806d7-1768-443f-afe8-12bcde84d0f0,dd3a144d-ab7f-41f0-82b8-2e43a090d496,f0416e68-0200-4b77-a926-4f9d16e494da,511d2633-09a7-4bdd-ac42-f778032124b3,5d45aa00-e064-4938-b314-4265f0c2258c,9361fd90-ba52-4f84-aa93-6e878fd576ca,970b0598-bcb0-4714-91fb-2e81440dccd8,bcd64cc6-2dd9-43f6-abbe-66318d332032,d930590d-bb92-4cc8-8bd1-23cd027f9edf,a3cd009f-0ab0-420d-9278-b9fdab939bbc,6a2d0734-bd9e-4ddf-946e-caa52498cb75,d9937e59-61fe-4ec6-92ab-7ac5a19c89b0,d1346436-ac96-4271-b863-1f4fdead95b0,971bdb23-3ff6-43eb-b422-1c30165a3663,17debcc3-0a6b-4b8a-b00b-dc58b885581e,711ebe11-f673-4cd9-9a83-63c60ba54c5b,c0143906-9aed-447e-9436-2ae8512d1b6e,14da1725-c4c2-42b4-ab08-ee0aeb6898b3,081cab31-dccd-428e-8652-f2404cc81c47,78e0584a-4343-4727-8f37-e14e65c2a2db,871c3b6c-7379-419d-bda3-794b239ab90d,ff9b0199-ce04-4cfe-86cc-6c719f08d6e4,de1c2107-70c8-4021-8459-6399f24d01c6,cbf30902-517f-40dc-af90-a550bac27cf1,5c601d96-e4c7-4698-991b-7ee674b11079
8-10-2026 18:38:21-debug:   Number of all scripts: 41
8-10-2026 18:38:21-debug:   Number of other assets: 486
8-10-2026 18:38:21-debug: Init bundle root assets success..., progress: 0%
8-10-2026 18:38:21-debug:   Number of all scenes: 3
8-10-2026 18:38:21-debug: // ---- build task Query asset bundle ---- (6ms)
8-10-2026 18:38:21-debug: [Build Memory track]: Query asset bundle start:224.51MB, end 224.39MB, increase: -118.43KB
8-10-2026 18:38:21-log: run build task Query asset bundle success in 6 ms√, progress: 5%
8-10-2026 18:38:21-debug: Query asset bundle start, progress: 5%
8-10-2026 18:38:21-debug: // ---- build task Query asset bundle ----
8-10-2026 18:38:21-debug: // ---- build task Query asset bundle ---- (2ms)
8-10-2026 18:38:21-debug: // ---- build task Sort some build options to settings.json ----
8-10-2026 18:38:21-debug: [Build Memory track]: Query asset bundle start:224.42MB, end 224.57MB, increase: 153.20KB
8-10-2026 18:38:21-log: run build task Query asset bundle success in 2 ms√, progress: 10%
8-10-2026 18:38:21-debug: Sort some build options to settings.json start, progress: 10%
8-10-2026 18:38:21-debug: // ---- build task Sort some build options to settings.json ---- (1ms)
8-10-2026 18:38:21-log: run build task Sort some build options to settings.json success in 1 ms√, progress: 12%
8-10-2026 18:38:21-debug: Fill script data to settings start, progress: 12%
8-10-2026 18:38:21-debug: [Build Memory track]: Sort some build options to settings.json start:224.60MB, end 224.63MB, increase: 26.59KB
8-10-2026 18:38:21-debug: // ---- build task Fill script data to settings ----
8-10-2026 18:38:21-debug: // ---- build task Fill script data to settings ---- (2ms)
8-10-2026 18:38:21-log: run build task Fill script data to settings success in 2 ms√, progress: 13%
8-10-2026 18:38:21-debug: [Build Memory track]: Fill script data to settings start:224.66MB, end 224.68MB, increase: 26.06KB
8-10-2026 18:38:21-debug: Sort some build options to settings.json start, progress: 13%
8-10-2026 18:38:21-debug: // ---- build task Sort some build options to settings.json ----
8-10-2026 18:38:21-debug: // ---- build task Sort some build options to settings.json ---- (6ms)
8-10-2026 18:38:21-log: run build task Sort some build options to settings.json success in 6 ms√, progress: 15%
8-10-2026 18:38:21-debug: [Build Memory track]: Sort some build options to settings.json start:224.71MB, end 224.86MB, increase: 153.39KB
8-10-2026 18:38:40-debug: Query all assets info in project
8-10-2026 18:38:40-debug: init custom config: keepNodeUuid: false, useCache: true
8-10-2026 18:38:40-debug: Skip compress image, progress: 0%
8-10-2026 18:38:40-debug: Init all bundles start..., progress: 0%
8-10-2026 18:38:40-debug: Num of bundles: 2..., progress: 0%
8-10-2026 18:38:40-debug: Query asset bundle start, progress: 0%
8-10-2026 18:38:40-debug: // ---- build task Query asset bundle ----
8-10-2026 18:38:40-debug: Init bundle root assets start..., progress: 0%
8-10-2026 18:38:40-debug: Query preload assets/scripts from cc.config.json: 60f7195c-ec2a-45eb-ba94-8955f60e81d0,1c02ae6f-4492-4915-b8f8-7492a3b1e4cd,810e96e4-e456-4468-9b59-f4e8f39732c0,efe8e2a3-eace-427b-b4f1-cb8a937ec77d,e9aa9a3e-5b2b-4ac7-a2c7-073de2b2b24f,8bbdbcdd-5cd4-4100-b6d5-b7c9625b6107,50f4348b-c883-4e2f-8f11-ce233b859fa1,fda095cb-831d-4601-ad94-846013963de8,f92806d7-1768-443f-afe8-12bcde84d0f0,dd3a144d-ab7f-41f0-82b8-2e43a090d496,f0416e68-0200-4b77-a926-4f9d16e494da,511d2633-09a7-4bdd-ac42-f778032124b3,5d45aa00-e064-4938-b314-4265f0c2258c,9361fd90-ba52-4f84-aa93-6e878fd576ca,970b0598-bcb0-4714-91fb-2e81440dccd8,bcd64cc6-2dd9-43f6-abbe-66318d332032,d930590d-bb92-4cc8-8bd1-23cd027f9edf,a3cd009f-0ab0-420d-9278-b9fdab939bbc,6a2d0734-bd9e-4ddf-946e-caa52498cb75,d9937e59-61fe-4ec6-92ab-7ac5a19c89b0,d1346436-ac96-4271-b863-1f4fdead95b0,971bdb23-3ff6-43eb-b422-1c30165a3663,17debcc3-0a6b-4b8a-b00b-dc58b885581e,711ebe11-f673-4cd9-9a83-63c60ba54c5b,c0143906-9aed-447e-9436-2ae8512d1b6e,14da1725-c4c2-42b4-ab08-ee0aeb6898b3,081cab31-dccd-428e-8652-f2404cc81c47,78e0584a-4343-4727-8f37-e14e65c2a2db,871c3b6c-7379-419d-bda3-794b239ab90d,ff9b0199-ce04-4cfe-86cc-6c719f08d6e4,de1c2107-70c8-4021-8459-6399f24d01c6,cbf30902-517f-40dc-af90-a550bac27cf1,5c601d96-e4c7-4698-991b-7ee674b11079
8-10-2026 18:38:40-debug:   Number of all scenes: 3
8-10-2026 18:38:40-debug:   Number of all scripts: 41
8-10-2026 18:38:40-debug:   Number of other assets: 486
8-10-2026 18:38:40-debug: Init bundle root assets success..., progress: 0%
8-10-2026 18:38:40-debug: // ---- build task Query asset bundle ---- (5ms)
8-10-2026 18:38:40-log: run build task Query asset bundle success in 5 ms√, progress: 5%
8-10-2026 18:38:40-debug: [Build Memory track]: Query asset bundle start:224.65MB, end 224.57MB, increase: -86.96KB
8-10-2026 18:38:40-debug: // ---- build task Query asset bundle ----
8-10-2026 18:38:40-debug: Query asset bundle start, progress: 5%
8-10-2026 18:38:40-debug: // ---- build task Query asset bundle ---- (2ms)
8-10-2026 18:38:40-debug: [Build Memory track]: Query asset bundle start:224.60MB, end 224.75MB, increase: 160.43KB
8-10-2026 18:38:40-log: run build task Query asset bundle success in 2 ms√, progress: 10%
8-10-2026 18:38:40-debug: // ---- build task Sort some build options to settings.json ----
8-10-2026 18:38:40-debug: Sort some build options to settings.json start, progress: 10%
8-10-2026 18:38:40-debug: // ---- build task Sort some build options to settings.json ---- (1ms)
8-10-2026 18:38:40-log: run build task Sort some build options to settings.json success in 1 ms√, progress: 12%
8-10-2026 18:38:40-debug: [Build Memory track]: Sort some build options to settings.json start:224.96MB, end 224.81MB, increase: -145.38KB
8-10-2026 18:38:40-debug: Fill script data to settings start, progress: 12%
8-10-2026 18:38:40-debug: // ---- build task Fill script data to settings ----
8-10-2026 18:38:40-debug: // ---- build task Fill script data to settings ---- (2ms)
8-10-2026 18:38:40-log: run build task Fill script data to settings success in 2 ms√, progress: 13%
8-10-2026 18:38:40-debug: [Build Memory track]: Fill script data to settings start:224.84MB, end 224.87MB, increase: 26.12KB
8-10-2026 18:38:40-debug: // ---- build task Sort some build options to settings.json ----
8-10-2026 18:38:40-debug: Sort some build options to settings.json start, progress: 13%
8-10-2026 18:38:40-debug: // ---- build task Sort some build options to settings.json ---- (4ms)
8-10-2026 18:38:40-log: run build task Sort some build options to settings.json success in 4 ms√, progress: 15%
8-10-2026 18:38:40-debug: [Build Memory track]: Sort some build options to settings.json start:224.90MB, end 225.02MB, increase: 126.68KB
8-10-2026 18:38:57-debug: Query all assets info in project
8-10-2026 18:38:57-debug: init custom config: keepNodeUuid: false, useCache: true
8-10-2026 18:38:57-debug: Skip compress image, progress: 0%
8-10-2026 18:38:57-debug: Init all bundles start..., progress: 0%
8-10-2026 18:38:57-debug: Query asset bundle start, progress: 0%
8-10-2026 18:38:57-debug: // ---- build task Query asset bundle ----
8-10-2026 18:38:57-debug: Init bundle root assets start..., progress: 0%
8-10-2026 18:38:57-debug: Num of bundles: 2..., progress: 0%
8-10-2026 18:38:57-debug: Query preload assets/scripts from cc.config.json: 60f7195c-ec2a-45eb-ba94-8955f60e81d0,1c02ae6f-4492-4915-b8f8-7492a3b1e4cd,810e96e4-e456-4468-9b59-f4e8f39732c0,efe8e2a3-eace-427b-b4f1-cb8a937ec77d,e9aa9a3e-5b2b-4ac7-a2c7-073de2b2b24f,8bbdbcdd-5cd4-4100-b6d5-b7c9625b6107,50f4348b-c883-4e2f-8f11-ce233b859fa1,fda095cb-831d-4601-ad94-846013963de8,f92806d7-1768-443f-afe8-12bcde84d0f0,dd3a144d-ab7f-41f0-82b8-2e43a090d496,f0416e68-0200-4b77-a926-4f9d16e494da,511d2633-09a7-4bdd-ac42-f778032124b3,5d45aa00-e064-4938-b314-4265f0c2258c,9361fd90-ba52-4f84-aa93-6e878fd576ca,970b0598-bcb0-4714-91fb-2e81440dccd8,bcd64cc6-2dd9-43f6-abbe-66318d332032,d930590d-bb92-4cc8-8bd1-23cd027f9edf,a3cd009f-0ab0-420d-9278-b9fdab939bbc,6a2d0734-bd9e-4ddf-946e-caa52498cb75,d9937e59-61fe-4ec6-92ab-7ac5a19c89b0,d1346436-ac96-4271-b863-1f4fdead95b0,971bdb23-3ff6-43eb-b422-1c30165a3663,17debcc3-0a6b-4b8a-b00b-dc58b885581e,711ebe11-f673-4cd9-9a83-63c60ba54c5b,c0143906-9aed-447e-9436-2ae8512d1b6e,14da1725-c4c2-42b4-ab08-ee0aeb6898b3,081cab31-dccd-428e-8652-f2404cc81c47,78e0584a-4343-4727-8f37-e14e65c2a2db,871c3b6c-7379-419d-bda3-794b239ab90d,ff9b0199-ce04-4cfe-86cc-6c719f08d6e4,de1c2107-70c8-4021-8459-6399f24d01c6,cbf30902-517f-40dc-af90-a550bac27cf1,5c601d96-e4c7-4698-991b-7ee674b11079
8-10-2026 18:38:57-debug:   Number of all scenes: 3
8-10-2026 18:38:57-debug:   Number of all scripts: 41
8-10-2026 18:38:57-debug:   Number of other assets: 486
8-10-2026 18:38:57-debug: Init bundle root assets success..., progress: 0%
8-10-2026 18:38:57-debug: // ---- build task Query asset bundle ---- (4ms)
8-10-2026 18:38:57-log: run build task Query asset bundle success in 4 ms√, progress: 5%
8-10-2026 18:38:57-debug: [Build Memory track]: Query asset bundle start:224.84MB, end 224.74MB, increase: -107.00KB
8-10-2026 18:38:57-debug: Query asset bundle start, progress: 5%
8-10-2026 18:38:57-debug: // ---- build task Query asset bundle ----
8-10-2026 18:38:57-debug: // ---- build task Query asset bundle ---- (3ms)
8-10-2026 18:38:57-log: run build task Query asset bundle success in 3 ms√, progress: 10%
8-10-2026 18:38:57-debug: [Build Memory track]: Query asset bundle start:224.76MB, end 224.90MB, increase: 140.45KB
8-10-2026 18:38:57-debug: // ---- build task Sort some build options to settings.json ----
8-10-2026 18:38:57-debug: Sort some build options to settings.json start, progress: 10%
8-10-2026 18:38:57-debug: // ---- build task Sort some build options to settings.json ---- (1ms)
8-10-2026 18:38:57-log: run build task Sort some build options to settings.json success in 1 ms√, progress: 12%
8-10-2026 18:38:57-debug: Fill script data to settings start, progress: 12%
8-10-2026 18:38:57-debug: [Build Memory track]: Sort some build options to settings.json start:224.93MB, end 224.96MB, increase: 27.92KB
8-10-2026 18:38:57-debug: // ---- build task Fill script data to settings ----
8-10-2026 18:38:57-log: run build task Fill script data to settings success in √, progress: 13%
8-10-2026 18:38:57-debug: [Build Memory track]: Fill script data to settings start:224.99MB, end 225.00MB, increase: 16.15KB
8-10-2026 18:38:57-debug: Sort some build options to settings.json start, progress: 13%
8-10-2026 18:38:57-debug: // ---- build task Sort some build options to settings.json ----
8-10-2026 18:38:57-debug: // ---- build task Sort some build options to settings.json ---- (4ms)
8-10-2026 18:38:57-debug: [Build Memory track]: Sort some build options to settings.json start:225.03MB, end 225.16MB, increase: 131.99KB
8-10-2026 18:38:57-log: run build task Sort some build options to settings.json success in 4 ms√, progress: 15%
8-10-2026 18:39:12-debug: Query all assets info in project
8-10-2026 18:39:12-debug: init custom config: keepNodeUuid: false, useCache: true
8-10-2026 18:39:12-debug: Skip compress image, progress: 0%
8-10-2026 18:39:12-debug: Init all bundles start..., progress: 0%
8-10-2026 18:39:12-debug: Num of bundles: 2..., progress: 0%
8-10-2026 18:39:12-debug: // ---- build task Query asset bundle ----
8-10-2026 18:39:12-debug: Init bundle root assets start..., progress: 0%
8-10-2026 18:39:12-debug: Query asset bundle start, progress: 0%
8-10-2026 18:39:12-debug:   Number of all scenes: 3
8-10-2026 18:39:12-debug:   Number of all scripts: 41
8-10-2026 18:39:12-debug: Query preload assets/scripts from cc.config.json: 60f7195c-ec2a-45eb-ba94-8955f60e81d0,1c02ae6f-4492-4915-b8f8-7492a3b1e4cd,810e96e4-e456-4468-9b59-f4e8f39732c0,efe8e2a3-eace-427b-b4f1-cb8a937ec77d,e9aa9a3e-5b2b-4ac7-a2c7-073de2b2b24f,8bbdbcdd-5cd4-4100-b6d5-b7c9625b6107,50f4348b-c883-4e2f-8f11-ce233b859fa1,fda095cb-831d-4601-ad94-846013963de8,f92806d7-1768-443f-afe8-12bcde84d0f0,dd3a144d-ab7f-41f0-82b8-2e43a090d496,f0416e68-0200-4b77-a926-4f9d16e494da,511d2633-09a7-4bdd-ac42-f778032124b3,5d45aa00-e064-4938-b314-4265f0c2258c,9361fd90-ba52-4f84-aa93-6e878fd576ca,970b0598-bcb0-4714-91fb-2e81440dccd8,bcd64cc6-2dd9-43f6-abbe-66318d332032,d930590d-bb92-4cc8-8bd1-23cd027f9edf,a3cd009f-0ab0-420d-9278-b9fdab939bbc,6a2d0734-bd9e-4ddf-946e-caa52498cb75,d9937e59-61fe-4ec6-92ab-7ac5a19c89b0,d1346436-ac96-4271-b863-1f4fdead95b0,971bdb23-3ff6-43eb-b422-1c30165a3663,17debcc3-0a6b-4b8a-b00b-dc58b885581e,711ebe11-f673-4cd9-9a83-63c60ba54c5b,c0143906-9aed-447e-9436-2ae8512d1b6e,14da1725-c4c2-42b4-ab08-ee0aeb6898b3,081cab31-dccd-428e-8652-f2404cc81c47,78e0584a-4343-4727-8f37-e14e65c2a2db,871c3b6c-7379-419d-bda3-794b239ab90d,ff9b0199-ce04-4cfe-86cc-6c719f08d6e4,de1c2107-70c8-4021-8459-6399f24d01c6,cbf30902-517f-40dc-af90-a550bac27cf1,5c601d96-e4c7-4698-991b-7ee674b11079
8-10-2026 18:39:12-debug:   Number of other assets: 486
8-10-2026 18:39:12-debug: Init bundle root assets success..., progress: 0%
8-10-2026 18:39:12-debug: // ---- build task Query asset bundle ---- (6ms)
8-10-2026 18:39:12-log: run build task Query asset bundle success in 6 ms√, progress: 5%
8-10-2026 18:39:12-debug: [Build Memory track]: Query asset bundle start:225.01MB, end 224.90MB, increase: -113.28KB
8-10-2026 18:39:12-debug: Query asset bundle start, progress: 5%
8-10-2026 18:39:12-debug: // ---- build task Query asset bundle ----
8-10-2026 18:39:12-debug: // ---- build task Query asset bundle ---- (2ms)
8-10-2026 18:39:12-log: run build task Query asset bundle success in 2 ms√, progress: 10%
8-10-2026 18:39:12-debug: Sort some build options to settings.json start, progress: 10%
8-10-2026 18:39:12-debug: [Build Memory track]: Query asset bundle start:224.93MB, end 225.07MB, increase: 142.75KB
8-10-2026 18:39:12-debug: // ---- build task Sort some build options to settings.json ----
8-10-2026 18:39:12-log: run build task Sort some build options to settings.json success in √, progress: 12%
8-10-2026 18:39:12-debug: [Build Memory track]: Sort some build options to settings.json start:225.10MB, end 225.11MB, increase: 17.20KB
8-10-2026 18:39:12-debug: Fill script data to settings start, progress: 12%
8-10-2026 18:39:12-debug: // ---- build task Fill script data to settings ----
8-10-2026 18:39:12-debug: // ---- build task Fill script data to settings ---- (1ms)
8-10-2026 18:39:12-log: run build task Fill script data to settings success in 1 ms√, progress: 13%
8-10-2026 18:39:12-debug: [Build Memory track]: Fill script data to settings start:225.14MB, end 225.17MB, increase: 27.13KB
8-10-2026 18:39:12-debug: Sort some build options to settings.json start, progress: 13%
8-10-2026 18:39:12-debug: // ---- build task Sort some build options to settings.json ----
8-10-2026 18:39:12-debug: // ---- build task Sort some build options to settings.json ---- (4ms)
8-10-2026 18:39:12-log: run build task Sort some build options to settings.json success in 4 ms√, progress: 15%
8-10-2026 18:39:12-debug: [Build Memory track]: Sort some build options to settings.json start:225.20MB, end 225.32MB, increase: 126.50KB
8-10-2026 18:39:30-debug: Query all assets info in project
8-10-2026 18:39:30-debug: init custom config: keepNodeUuid: false, useCache: true
8-10-2026 18:39:30-debug: Skip compress image, progress: 0%
8-10-2026 18:39:30-debug: Init all bundles start..., progress: 0%
8-10-2026 18:39:30-debug: Num of bundles: 2..., progress: 0%
8-10-2026 18:39:30-debug: // ---- build task Query asset bundle ----
8-10-2026 18:39:30-debug: Query asset bundle start, progress: 0%
8-10-2026 18:39:30-debug: Init bundle root assets start..., progress: 0%
8-10-2026 18:39:30-debug: Query preload assets/scripts from cc.config.json: 60f7195c-ec2a-45eb-ba94-8955f60e81d0,1c02ae6f-4492-4915-b8f8-7492a3b1e4cd,810e96e4-e456-4468-9b59-f4e8f39732c0,efe8e2a3-eace-427b-b4f1-cb8a937ec77d,e9aa9a3e-5b2b-4ac7-a2c7-073de2b2b24f,8bbdbcdd-5cd4-4100-b6d5-b7c9625b6107,50f4348b-c883-4e2f-8f11-ce233b859fa1,fda095cb-831d-4601-ad94-846013963de8,f92806d7-1768-443f-afe8-12bcde84d0f0,dd3a144d-ab7f-41f0-82b8-2e43a090d496,f0416e68-0200-4b77-a926-4f9d16e494da,511d2633-09a7-4bdd-ac42-f778032124b3,5d45aa00-e064-4938-b314-4265f0c2258c,9361fd90-ba52-4f84-aa93-6e878fd576ca,970b0598-bcb0-4714-91fb-2e81440dccd8,bcd64cc6-2dd9-43f6-abbe-66318d332032,d930590d-bb92-4cc8-8bd1-23cd027f9edf,a3cd009f-0ab0-420d-9278-b9fdab939bbc,6a2d0734-bd9e-4ddf-946e-caa52498cb75,d9937e59-61fe-4ec6-92ab-7ac5a19c89b0,d1346436-ac96-4271-b863-1f4fdead95b0,971bdb23-3ff6-43eb-b422-1c30165a3663,17debcc3-0a6b-4b8a-b00b-dc58b885581e,711ebe11-f673-4cd9-9a83-63c60ba54c5b,c0143906-9aed-447e-9436-2ae8512d1b6e,14da1725-c4c2-42b4-ab08-ee0aeb6898b3,081cab31-dccd-428e-8652-f2404cc81c47,78e0584a-4343-4727-8f37-e14e65c2a2db,871c3b6c-7379-419d-bda3-794b239ab90d,ff9b0199-ce04-4cfe-86cc-6c719f08d6e4,de1c2107-70c8-4021-8459-6399f24d01c6,cbf30902-517f-40dc-af90-a550bac27cf1,5c601d96-e4c7-4698-991b-7ee674b11079
8-10-2026 18:39:30-debug:   Number of other assets: 486
8-10-2026 18:39:30-debug: Init bundle root assets success..., progress: 0%
8-10-2026 18:39:30-debug:   Number of all scripts: 41
8-10-2026 18:39:30-debug:   Number of all scenes: 3
8-10-2026 18:39:30-debug: // ---- build task Query asset bundle ---- (4ms)
8-10-2026 18:39:30-log: run build task Query asset bundle success in 4 ms√, progress: 5%
8-10-2026 18:39:30-debug: [Build Memory track]: Query asset bundle start:225.19MB, end 225.05MB, increase: -143.16KB
8-10-2026 18:39:30-debug: // ---- build task Query asset bundle ----
8-10-2026 18:39:30-debug: Query asset bundle start, progress: 5%
8-10-2026 18:39:30-log: run build task Query asset bundle success in 3 ms√, progress: 10%
8-10-2026 18:39:30-debug: [Build Memory track]: Query asset bundle start:225.08MB, end 225.22MB, increase: 141.94KB
8-10-2026 18:39:30-debug: // ---- build task Sort some build options to settings.json ----
8-10-2026 18:39:30-debug: // ---- build task Query asset bundle ---- (3ms)
8-10-2026 18:39:30-debug: Sort some build options to settings.json start, progress: 10%
8-10-2026 18:39:30-debug: // ---- build task Sort some build options to settings.json ---- (1ms)
8-10-2026 18:39:30-log: run build task Sort some build options to settings.json success in 1 ms√, progress: 12%
8-10-2026 18:39:30-debug: [Build Memory track]: Sort some build options to settings.json start:225.25MB, end 225.27MB, increase: 26.48KB
8-10-2026 18:39:30-debug: // ---- build task Fill script data to settings ----
8-10-2026 18:39:30-debug: Fill script data to settings start, progress: 12%
8-10-2026 18:39:30-log: run build task Fill script data to settings success in √, progress: 13%
8-10-2026 18:39:30-debug: [Build Memory track]: Fill script data to settings start:225.30MB, end 225.32MB, increase: 15.85KB
8-10-2026 18:39:30-debug: Sort some build options to settings.json start, progress: 13%
8-10-2026 18:39:30-debug: // ---- build task Sort some build options to settings.json ----
8-10-2026 18:39:30-debug: // ---- build task Sort some build options to settings.json ---- (4ms)
8-10-2026 18:39:30-log: run build task Sort some build options to settings.json success in 4 ms√, progress: 15%
8-10-2026 18:39:30-debug: [Build Memory track]: Sort some build options to settings.json start:225.35MB, end 225.52MB, increase: 177.90KB
8-10-2026 18:39:50-debug: Query all assets info in project
8-10-2026 18:39:50-debug: Skip compress image, progress: 0%
8-10-2026 18:39:50-debug: init custom config: keepNodeUuid: false, useCache: true
8-10-2026 18:39:50-debug: Init all bundles start..., progress: 0%
8-10-2026 18:39:50-debug: Num of bundles: 2..., progress: 0%
8-10-2026 18:39:50-debug: // ---- build task Query asset bundle ----
8-10-2026 18:39:50-debug: Query asset bundle start, progress: 0%
8-10-2026 18:39:50-debug: Init bundle root assets start..., progress: 0%
8-10-2026 18:39:50-debug: Query preload assets/scripts from cc.config.json: 60f7195c-ec2a-45eb-ba94-8955f60e81d0,1c02ae6f-4492-4915-b8f8-7492a3b1e4cd,810e96e4-e456-4468-9b59-f4e8f39732c0,efe8e2a3-eace-427b-b4f1-cb8a937ec77d,e9aa9a3e-5b2b-4ac7-a2c7-073de2b2b24f,8bbdbcdd-5cd4-4100-b6d5-b7c9625b6107,50f4348b-c883-4e2f-8f11-ce233b859fa1,fda095cb-831d-4601-ad94-846013963de8,f92806d7-1768-443f-afe8-12bcde84d0f0,dd3a144d-ab7f-41f0-82b8-2e43a090d496,f0416e68-0200-4b77-a926-4f9d16e494da,511d2633-09a7-4bdd-ac42-f778032124b3,5d45aa00-e064-4938-b314-4265f0c2258c,9361fd90-ba52-4f84-aa93-6e878fd576ca,970b0598-bcb0-4714-91fb-2e81440dccd8,bcd64cc6-2dd9-43f6-abbe-66318d332032,d930590d-bb92-4cc8-8bd1-23cd027f9edf,a3cd009f-0ab0-420d-9278-b9fdab939bbc,6a2d0734-bd9e-4ddf-946e-caa52498cb75,d9937e59-61fe-4ec6-92ab-7ac5a19c89b0,d1346436-ac96-4271-b863-1f4fdead95b0,971bdb23-3ff6-43eb-b422-1c30165a3663,17debcc3-0a6b-4b8a-b00b-dc58b885581e,711ebe11-f673-4cd9-9a83-63c60ba54c5b,c0143906-9aed-447e-9436-2ae8512d1b6e,14da1725-c4c2-42b4-ab08-ee0aeb6898b3,081cab31-dccd-428e-8652-f2404cc81c47,78e0584a-4343-4727-8f37-e14e65c2a2db,871c3b6c-7379-419d-bda3-794b239ab90d,ff9b0199-ce04-4cfe-86cc-6c719f08d6e4,de1c2107-70c8-4021-8459-6399f24d01c6,cbf30902-517f-40dc-af90-a550bac27cf1,5c601d96-e4c7-4698-991b-7ee674b11079
8-10-2026 18:39:50-debug:   Number of all scenes: 3
8-10-2026 18:39:50-debug:   Number of all scripts: 41
8-10-2026 18:39:50-debug:   Number of other assets: 486
8-10-2026 18:39:50-debug: Init bundle root assets success..., progress: 0%
8-10-2026 18:39:50-debug: // ---- build task Query asset bundle ---- (6ms)
8-10-2026 18:39:50-log: run build task Query asset bundle success in 6 ms√, progress: 5%
8-10-2026 18:39:50-debug: [Build Memory track]: Query asset bundle start:225.36MB, end 225.26MB, increase: -105.42KB
8-10-2026 18:39:50-debug: Query asset bundle start, progress: 5%
8-10-2026 18:39:50-debug: // ---- build task Query asset bundle ----
8-10-2026 18:39:50-log: run build task Query asset bundle success in 3 ms√, progress: 10%
8-10-2026 18:39:50-debug: [Build Memory track]: Query asset bundle start:225.29MB, end 225.46MB, increase: 176.58KB
8-10-2026 18:39:50-debug: Sort some build options to settings.json start, progress: 10%
8-10-2026 18:39:50-debug: // ---- build task Sort some build options to settings.json ----
8-10-2026 18:39:50-debug: // ---- build task Query asset bundle ---- (3ms)
8-10-2026 18:39:50-debug: // ---- build task Sort some build options to settings.json ---- (1ms)
8-10-2026 18:39:50-debug: [Build Memory track]: Sort some build options to settings.json start:225.49MB, end 225.51MB, increase: 24.77KB
8-10-2026 18:39:50-log: run build task Sort some build options to settings.json success in 1 ms√, progress: 12%
8-10-2026 18:39:50-debug: Fill script data to settings start, progress: 12%
8-10-2026 18:39:50-debug: // ---- build task Fill script data to settings ----
8-10-2026 18:39:50-debug: // ---- build task Fill script data to settings ---- (1ms)
8-10-2026 18:39:50-debug: [Build Memory track]: Fill script data to settings start:225.54MB, end 225.57MB, increase: 34.34KB
8-10-2026 18:39:50-log: run build task Fill script data to settings success in 1 ms√, progress: 13%
8-10-2026 18:39:50-debug: // ---- build task Sort some build options to settings.json ----
8-10-2026 18:39:50-debug: Sort some build options to settings.json start, progress: 13%
8-10-2026 18:39:50-debug: // ---- build task Sort some build options to settings.json ---- (3ms)
8-10-2026 18:39:50-log: run build task Sort some build options to settings.json success in 3 ms√, progress: 15%
8-10-2026 18:39:50-debug: [Build Memory track]: Sort some build options to settings.json start:225.60MB, end 225.73MB, increase: 126.21KB
8-10-2026 18:40:09-debug: Query all assets info in project
8-10-2026 18:40:09-debug: init custom config: keepNodeUuid: false, useCache: true
8-10-2026 18:40:09-debug: Skip compress image, progress: 0%
8-10-2026 18:40:09-debug: Init all bundles start..., progress: 0%
8-10-2026 18:40:09-debug: Num of bundles: 2..., progress: 0%
8-10-2026 18:40:09-debug: Query asset bundle start, progress: 0%
8-10-2026 18:40:09-debug: // ---- build task Query asset bundle ----
8-10-2026 18:40:09-debug: Init bundle root assets start..., progress: 0%
8-10-2026 18:40:09-debug: Query preload assets/scripts from cc.config.json: 60f7195c-ec2a-45eb-ba94-8955f60e81d0,1c02ae6f-4492-4915-b8f8-7492a3b1e4cd,810e96e4-e456-4468-9b59-f4e8f39732c0,efe8e2a3-eace-427b-b4f1-cb8a937ec77d,e9aa9a3e-5b2b-4ac7-a2c7-073de2b2b24f,8bbdbcdd-5cd4-4100-b6d5-b7c9625b6107,50f4348b-c883-4e2f-8f11-ce233b859fa1,fda095cb-831d-4601-ad94-846013963de8,f92806d7-1768-443f-afe8-12bcde84d0f0,dd3a144d-ab7f-41f0-82b8-2e43a090d496,f0416e68-0200-4b77-a926-4f9d16e494da,511d2633-09a7-4bdd-ac42-f778032124b3,5d45aa00-e064-4938-b314-4265f0c2258c,9361fd90-ba52-4f84-aa93-6e878fd576ca,970b0598-bcb0-4714-91fb-2e81440dccd8,bcd64cc6-2dd9-43f6-abbe-66318d332032,d930590d-bb92-4cc8-8bd1-23cd027f9edf,a3cd009f-0ab0-420d-9278-b9fdab939bbc,6a2d0734-bd9e-4ddf-946e-caa52498cb75,d9937e59-61fe-4ec6-92ab-7ac5a19c89b0,d1346436-ac96-4271-b863-1f4fdead95b0,971bdb23-3ff6-43eb-b422-1c30165a3663,17debcc3-0a6b-4b8a-b00b-dc58b885581e,711ebe11-f673-4cd9-9a83-63c60ba54c5b,c0143906-9aed-447e-9436-2ae8512d1b6e,14da1725-c4c2-42b4-ab08-ee0aeb6898b3,081cab31-dccd-428e-8652-f2404cc81c47,78e0584a-4343-4727-8f37-e14e65c2a2db,871c3b6c-7379-419d-bda3-794b239ab90d,ff9b0199-ce04-4cfe-86cc-6c719f08d6e4,de1c2107-70c8-4021-8459-6399f24d01c6,cbf30902-517f-40dc-af90-a550bac27cf1,5c601d96-e4c7-4698-991b-7ee674b11079
8-10-2026 18:40:09-debug:   Number of all scenes: 3
8-10-2026 18:40:09-debug:   Number of all scripts: 41
8-10-2026 18:40:09-debug: Init bundle root assets success..., progress: 0%
8-10-2026 18:40:09-debug:   Number of other assets: 486
8-10-2026 18:40:09-debug: // ---- build task Query asset bundle ---- (7ms)
8-10-2026 18:40:09-log: run build task Query asset bundle success in 7 ms√, progress: 5%
8-10-2026 18:40:09-debug: Query asset bundle start, progress: 5%
8-10-2026 18:40:09-debug: [Build Memory track]: Query asset bundle start:225.57MB, end 225.49MB, increase: -81.45KB
8-10-2026 18:40:09-debug: // ---- build task Query asset bundle ----
8-10-2026 18:40:09-debug: // ---- build task Query asset bundle ---- (3ms)
8-10-2026 18:40:09-log: run build task Query asset bundle success in 3 ms√, progress: 10%
8-10-2026 18:40:09-debug: [Build Memory track]: Query asset bundle start:225.52MB, end 225.66MB, increase: 139.71KB
8-10-2026 18:40:09-debug: // ---- build task Sort some build options to settings.json ----
8-10-2026 18:40:09-debug: Sort some build options to settings.json start, progress: 10%
8-10-2026 18:40:09-debug: // ---- build task Sort some build options to settings.json ---- (1ms)
8-10-2026 18:40:09-log: run build task Sort some build options to settings.json success in 1 ms√, progress: 12%
8-10-2026 18:40:09-debug: [Build Memory track]: Sort some build options to settings.json start:225.69MB, end 225.71MB, increase: 25.99KB
8-10-2026 18:40:09-debug: Fill script data to settings start, progress: 12%
8-10-2026 18:40:09-debug: // ---- build task Fill script data to settings ----
8-10-2026 18:40:09-debug: // ---- build task Fill script data to settings ---- (1ms)
8-10-2026 18:40:09-log: run build task Fill script data to settings success in 1 ms√, progress: 13%
8-10-2026 18:40:09-debug: [Build Memory track]: Fill script data to settings start:225.74MB, end 225.77MB, increase: 26.33KB
8-10-2026 18:40:09-debug: Sort some build options to settings.json start, progress: 13%
8-10-2026 18:40:09-debug: // ---- build task Sort some build options to settings.json ----
8-10-2026 18:40:09-debug: // ---- build task Sort some build options to settings.json ---- (4ms)
8-10-2026 18:40:09-log: run build task Sort some build options to settings.json success in 4 ms√, progress: 15%
8-10-2026 18:40:09-debug: [Build Memory track]: Sort some build options to settings.json start:225.79MB, end 226.00MB, increase: 214.95KB
8-10-2026 18:40:29-debug: Query all assets info in project
8-10-2026 18:40:29-debug: init custom config: keepNodeUuid: false, useCache: true
8-10-2026 18:40:29-debug: Skip compress image, progress: 0%
8-10-2026 18:40:29-debug: Init all bundles start..., progress: 0%
8-10-2026 18:40:29-debug: // ---- build task Query asset bundle ----
8-10-2026 18:40:29-debug: Num of bundles: 2..., progress: 0%
8-10-2026 18:40:29-debug: Query asset bundle start, progress: 0%
8-10-2026 18:40:29-debug: Init bundle root assets start..., progress: 0%
8-10-2026 18:40:29-debug: Query preload assets/scripts from cc.config.json: 60f7195c-ec2a-45eb-ba94-8955f60e81d0,1c02ae6f-4492-4915-b8f8-7492a3b1e4cd,810e96e4-e456-4468-9b59-f4e8f39732c0,efe8e2a3-eace-427b-b4f1-cb8a937ec77d,e9aa9a3e-5b2b-4ac7-a2c7-073de2b2b24f,8bbdbcdd-5cd4-4100-b6d5-b7c9625b6107,50f4348b-c883-4e2f-8f11-ce233b859fa1,fda095cb-831d-4601-ad94-846013963de8,f92806d7-1768-443f-afe8-12bcde84d0f0,dd3a144d-ab7f-41f0-82b8-2e43a090d496,f0416e68-0200-4b77-a926-4f9d16e494da,511d2633-09a7-4bdd-ac42-f778032124b3,5d45aa00-e064-4938-b314-4265f0c2258c,9361fd90-ba52-4f84-aa93-6e878fd576ca,970b0598-bcb0-4714-91fb-2e81440dccd8,bcd64cc6-2dd9-43f6-abbe-66318d332032,d930590d-bb92-4cc8-8bd1-23cd027f9edf,a3cd009f-0ab0-420d-9278-b9fdab939bbc,6a2d0734-bd9e-4ddf-946e-caa52498cb75,d9937e59-61fe-4ec6-92ab-7ac5a19c89b0,d1346436-ac96-4271-b863-1f4fdead95b0,971bdb23-3ff6-43eb-b422-1c30165a3663,17debcc3-0a6b-4b8a-b00b-dc58b885581e,711ebe11-f673-4cd9-9a83-63c60ba54c5b,c0143906-9aed-447e-9436-2ae8512d1b6e,14da1725-c4c2-42b4-ab08-ee0aeb6898b3,081cab31-dccd-428e-8652-f2404cc81c47,78e0584a-4343-4727-8f37-e14e65c2a2db,871c3b6c-7379-419d-bda3-794b239ab90d,ff9b0199-ce04-4cfe-86cc-6c719f08d6e4,de1c2107-70c8-4021-8459-6399f24d01c6,cbf30902-517f-40dc-af90-a550bac27cf1,5c601d96-e4c7-4698-991b-7ee674b11079
8-10-2026 18:40:29-debug:   Number of all scenes: 3
8-10-2026 18:40:29-debug:   Number of all scripts: 41
8-10-2026 18:40:29-debug: Init bundle root assets success..., progress: 0%
8-10-2026 18:40:29-debug:   Number of other assets: 486
8-10-2026 18:40:29-debug: // ---- build task Query asset bundle ---- (5ms)
8-10-2026 18:40:29-debug: [Build Memory track]: Query asset bundle start:225.79MB, end 225.66MB, increase: -130.12KB
8-10-2026 18:40:29-debug: // ---- build task Query asset bundle ----
8-10-2026 18:40:29-log: run build task Query asset bundle success in 5 ms√, progress: 5%
8-10-2026 18:40:29-debug: Query asset bundle start, progress: 5%
8-10-2026 18:40:29-debug: // ---- build task Query asset bundle ---- (3ms)
8-10-2026 18:40:29-log: run build task Query asset bundle success in 3 ms√, progress: 10%
8-10-2026 18:40:29-debug: Sort some build options to settings.json start, progress: 10%
8-10-2026 18:40:29-debug: [Build Memory track]: Query asset bundle start:225.69MB, end 225.83MB, increase: 139.71KB
8-10-2026 18:40:29-debug: // ---- build task Sort some build options to settings.json ----
8-10-2026 18:40:29-debug: // ---- build task Sort some build options to settings.json ---- (1ms)
8-10-2026 18:40:29-debug: Fill script data to settings start, progress: 12%
8-10-2026 18:40:29-log: run build task Sort some build options to settings.json success in 1 ms√, progress: 12%
8-10-2026 18:40:29-debug: [Build Memory track]: Sort some build options to settings.json start:225.86MB, end 225.88MB, increase: 26.44KB
8-10-2026 18:40:29-debug: // ---- build task Fill script data to settings ----
8-10-2026 18:40:29-debug: // ---- build task Fill script data to settings ---- (1ms)
8-10-2026 18:40:29-log: run build task Fill script data to settings success in 1 ms√, progress: 13%
8-10-2026 18:40:29-debug: [Build Memory track]: Fill script data to settings start:225.91MB, end 225.94MB, increase: 25.94KB
8-10-2026 18:40:29-debug: Sort some build options to settings.json start, progress: 13%
8-10-2026 18:40:29-debug: // ---- build task Sort some build options to settings.json ----
8-10-2026 18:40:29-debug: // ---- build task Sort some build options to settings.json ---- (5ms)
8-10-2026 18:40:29-log: run build task Sort some build options to settings.json success in 5 ms√, progress: 15%
8-10-2026 18:40:29-debug: [Build Memory track]: Sort some build options to settings.json start:225.97MB, end 226.09MB, increase: 126.25KB
8-10-2026 18:40:46-debug: Query all assets info in project
8-10-2026 18:40:46-debug: init custom config: keepNodeUuid: false, useCache: true
8-10-2026 18:40:46-debug: Skip compress image, progress: 0%
8-10-2026 18:40:46-debug: Num of bundles: 2..., progress: 0%
8-10-2026 18:40:46-debug: Init all bundles start..., progress: 0%
8-10-2026 18:40:46-debug: Init bundle root assets start..., progress: 0%
8-10-2026 18:40:46-debug: // ---- build task Query asset bundle ----
8-10-2026 18:40:46-debug: Query asset bundle start, progress: 0%
8-10-2026 18:40:46-debug: Query preload assets/scripts from cc.config.json: 60f7195c-ec2a-45eb-ba94-8955f60e81d0,1c02ae6f-4492-4915-b8f8-7492a3b1e4cd,810e96e4-e456-4468-9b59-f4e8f39732c0,efe8e2a3-eace-427b-b4f1-cb8a937ec77d,e9aa9a3e-5b2b-4ac7-a2c7-073de2b2b24f,8bbdbcdd-5cd4-4100-b6d5-b7c9625b6107,50f4348b-c883-4e2f-8f11-ce233b859fa1,fda095cb-831d-4601-ad94-846013963de8,f92806d7-1768-443f-afe8-12bcde84d0f0,dd3a144d-ab7f-41f0-82b8-2e43a090d496,f0416e68-0200-4b77-a926-4f9d16e494da,511d2633-09a7-4bdd-ac42-f778032124b3,5d45aa00-e064-4938-b314-4265f0c2258c,9361fd90-ba52-4f84-aa93-6e878fd576ca,970b0598-bcb0-4714-91fb-2e81440dccd8,bcd64cc6-2dd9-43f6-abbe-66318d332032,d930590d-bb92-4cc8-8bd1-23cd027f9edf,a3cd009f-0ab0-420d-9278-b9fdab939bbc,6a2d0734-bd9e-4ddf-946e-caa52498cb75,d9937e59-61fe-4ec6-92ab-7ac5a19c89b0,d1346436-ac96-4271-b863-1f4fdead95b0,971bdb23-3ff6-43eb-b422-1c30165a3663,17debcc3-0a6b-4b8a-b00b-dc58b885581e,711ebe11-f673-4cd9-9a83-63c60ba54c5b,c0143906-9aed-447e-9436-2ae8512d1b6e,14da1725-c4c2-42b4-ab08-ee0aeb6898b3,081cab31-dccd-428e-8652-f2404cc81c47,78e0584a-4343-4727-8f37-e14e65c2a2db,871c3b6c-7379-419d-bda3-794b239ab90d,ff9b0199-ce04-4cfe-86cc-6c719f08d6e4,de1c2107-70c8-4021-8459-6399f24d01c6,cbf30902-517f-40dc-af90-a550bac27cf1,5c601d96-e4c7-4698-991b-7ee674b11079
8-10-2026 18:40:46-debug:   Number of all scenes: 3
8-10-2026 18:40:46-debug:   Number of all scripts: 41
8-10-2026 18:40:46-debug:   Number of other assets: 486
8-10-2026 18:40:46-debug: Init bundle root assets success..., progress: 0%
8-10-2026 18:40:46-debug: // ---- build task Query asset bundle ---- (7ms)
8-10-2026 18:40:46-debug: [Build Memory track]: Query asset bundle start:225.92MB, end 225.81MB, increase: -111.20KB
8-10-2026 18:40:46-log: run build task Query asset bundle success in 7 ms√, progress: 5%
8-10-2026 18:40:46-debug: Query asset bundle start, progress: 5%
8-10-2026 18:40:46-debug: // ---- build task Query asset bundle ----
8-10-2026 18:40:46-debug: // ---- build task Query asset bundle ---- (4ms)
8-10-2026 18:40:46-log: run build task Query asset bundle success in 4 ms√, progress: 10%
8-10-2026 18:40:46-debug: [Build Memory track]: Query asset bundle start:225.84MB, end 225.97MB, increase: 139.65KB
8-10-2026 18:40:46-debug: Sort some build options to settings.json start, progress: 10%
8-10-2026 18:40:46-debug: // ---- build task Sort some build options to settings.json ----
8-10-2026 18:40:46-log: run build task Sort some build options to settings.json success in √, progress: 12%
8-10-2026 18:40:46-debug: [Build Memory track]: Sort some build options to settings.json start:226.00MB, end 226.02MB, increase: 16.08KB
8-10-2026 18:40:46-debug: Fill script data to settings start, progress: 12%
8-10-2026 18:40:46-debug: // ---- build task Fill script data to settings ----
8-10-2026 18:40:46-debug: // ---- build task Fill script data to settings ---- (1ms)
8-10-2026 18:40:46-log: run build task Fill script data to settings success in 1 ms√, progress: 13%
8-10-2026 18:40:46-debug: Sort some build options to settings.json start, progress: 13%
8-10-2026 18:40:46-debug: [Build Memory track]: Fill script data to settings start:226.04MB, end 226.07MB, increase: 26.27KB
8-10-2026 18:40:46-debug: // ---- build task Sort some build options to settings.json ----
8-10-2026 18:40:46-debug: // ---- build task Sort some build options to settings.json ---- (7ms)
8-10-2026 18:40:46-log: run build task Sort some build options to settings.json success in 7 ms√, progress: 15%
8-10-2026 18:40:46-debug: [Build Memory track]: Sort some build options to settings.json start:226.10MB, end 226.22MB, increase: 126.23KB
8-10-2026 18:41:05-debug: Query all assets info in project
8-10-2026 18:41:05-debug: init custom config: keepNodeUuid: false, useCache: true
8-10-2026 18:41:05-debug: Skip compress image, progress: 0%
8-10-2026 18:41:05-debug: Init all bundles start..., progress: 0%
8-10-2026 18:41:05-debug: Num of bundles: 2..., progress: 0%
8-10-2026 18:41:05-debug: Query asset bundle start, progress: 0%
8-10-2026 18:41:05-debug: // ---- build task Query asset bundle ----
8-10-2026 18:41:05-debug: Init bundle root assets start..., progress: 0%
8-10-2026 18:41:05-debug: Query preload assets/scripts from cc.config.json: 60f7195c-ec2a-45eb-ba94-8955f60e81d0,1c02ae6f-4492-4915-b8f8-7492a3b1e4cd,810e96e4-e456-4468-9b59-f4e8f39732c0,efe8e2a3-eace-427b-b4f1-cb8a937ec77d,e9aa9a3e-5b2b-4ac7-a2c7-073de2b2b24f,8bbdbcdd-5cd4-4100-b6d5-b7c9625b6107,50f4348b-c883-4e2f-8f11-ce233b859fa1,fda095cb-831d-4601-ad94-846013963de8,f92806d7-1768-443f-afe8-12bcde84d0f0,dd3a144d-ab7f-41f0-82b8-2e43a090d496,f0416e68-0200-4b77-a926-4f9d16e494da,511d2633-09a7-4bdd-ac42-f778032124b3,5d45aa00-e064-4938-b314-4265f0c2258c,9361fd90-ba52-4f84-aa93-6e878fd576ca,970b0598-bcb0-4714-91fb-2e81440dccd8,bcd64cc6-2dd9-43f6-abbe-66318d332032,d930590d-bb92-4cc8-8bd1-23cd027f9edf,a3cd009f-0ab0-420d-9278-b9fdab939bbc,6a2d0734-bd9e-4ddf-946e-caa52498cb75,d9937e59-61fe-4ec6-92ab-7ac5a19c89b0,d1346436-ac96-4271-b863-1f4fdead95b0,971bdb23-3ff6-43eb-b422-1c30165a3663,17debcc3-0a6b-4b8a-b00b-dc58b885581e,711ebe11-f673-4cd9-9a83-63c60ba54c5b,c0143906-9aed-447e-9436-2ae8512d1b6e,14da1725-c4c2-42b4-ab08-ee0aeb6898b3,081cab31-dccd-428e-8652-f2404cc81c47,78e0584a-4343-4727-8f37-e14e65c2a2db,871c3b6c-7379-419d-bda3-794b239ab90d,ff9b0199-ce04-4cfe-86cc-6c719f08d6e4,de1c2107-70c8-4021-8459-6399f24d01c6,cbf30902-517f-40dc-af90-a550bac27cf1,5c601d96-e4c7-4698-991b-7ee674b11079
8-10-2026 18:41:05-debug:   Number of all scenes: 3
8-10-2026 18:41:05-debug:   Number of all scripts: 41
8-10-2026 18:41:05-debug: Init bundle root assets success..., progress: 0%
8-10-2026 18:41:05-debug:   Number of other assets: 486
8-10-2026 18:41:05-debug: // ---- build task Query asset bundle ---- (5ms)
8-10-2026 18:41:05-log: run build task Query asset bundle success in 5 ms√, progress: 5%
8-10-2026 18:41:05-debug: [Build Memory track]: Query asset bundle start:226.06MB, end 225.95MB, increase: -116.18KB
8-10-2026 18:41:05-debug: Query asset bundle start, progress: 5%
8-10-2026 18:41:05-debug: // ---- build task Query asset bundle ----
8-10-2026 18:41:05-debug: // ---- build task Query asset bundle ---- (1ms)
8-10-2026 18:41:05-log: run build task Query asset bundle success in 1 ms√, progress: 10%
8-10-2026 18:41:05-debug: [Build Memory track]: Query asset bundle start:225.97MB, end 226.11MB, increase: 139.67KB
8-10-2026 18:41:05-debug: Sort some build options to settings.json start, progress: 10%
8-10-2026 18:41:05-debug: // ---- build task Sort some build options to settings.json ----
8-10-2026 18:41:05-log: run build task Sort some build options to settings.json success in √, progress: 12%
8-10-2026 18:41:05-debug: [Build Memory track]: Sort some build options to settings.json start:226.14MB, end 226.16MB, increase: 17.18KB
8-10-2026 18:41:05-debug: // ---- build task Fill script data to settings ----
8-10-2026 18:41:05-debug: Fill script data to settings start, progress: 12%
8-10-2026 18:41:05-log: run build task Fill script data to settings success in √, progress: 13%
8-10-2026 18:41:05-debug: [Build Memory track]: Fill script data to settings start:226.19MB, end 226.20MB, increase: 16.07KB
8-10-2026 18:41:05-debug: Sort some build options to settings.json start, progress: 13%
8-10-2026 18:41:05-debug: // ---- build task Sort some build options to settings.json ----
8-10-2026 18:41:05-debug: // ---- build task Sort some build options to settings.json ---- (5ms)
8-10-2026 18:41:05-log: run build task Sort some build options to settings.json success in 5 ms√, progress: 15%
8-10-2026 18:41:05-debug: [Build Memory track]: Sort some build options to settings.json start:226.23MB, end 226.35MB, increase: 125.98KB
8-10-2026 18:41:24-debug: Query all assets info in project
8-10-2026 18:41:24-debug: init custom config: keepNodeUuid: false, useCache: true
8-10-2026 18:41:24-debug: Skip compress image, progress: 0%
8-10-2026 18:41:24-debug: Init all bundles start..., progress: 0%
8-10-2026 18:41:24-debug: Num of bundles: 2..., progress: 0%
8-10-2026 18:41:24-debug: Query asset bundle start, progress: 0%
8-10-2026 18:41:24-debug: Init bundle root assets start..., progress: 0%
8-10-2026 18:41:24-debug: // ---- build task Query asset bundle ----
8-10-2026 18:41:24-debug: Query preload assets/scripts from cc.config.json: 60f7195c-ec2a-45eb-ba94-8955f60e81d0,1c02ae6f-4492-4915-b8f8-7492a3b1e4cd,810e96e4-e456-4468-9b59-f4e8f39732c0,efe8e2a3-eace-427b-b4f1-cb8a937ec77d,e9aa9a3e-5b2b-4ac7-a2c7-073de2b2b24f,8bbdbcdd-5cd4-4100-b6d5-b7c9625b6107,50f4348b-c883-4e2f-8f11-ce233b859fa1,fda095cb-831d-4601-ad94-846013963de8,f92806d7-1768-443f-afe8-12bcde84d0f0,dd3a144d-ab7f-41f0-82b8-2e43a090d496,f0416e68-0200-4b77-a926-4f9d16e494da,511d2633-09a7-4bdd-ac42-f778032124b3,5d45aa00-e064-4938-b314-4265f0c2258c,9361fd90-ba52-4f84-aa93-6e878fd576ca,970b0598-bcb0-4714-91fb-2e81440dccd8,bcd64cc6-2dd9-43f6-abbe-66318d332032,d930590d-bb92-4cc8-8bd1-23cd027f9edf,a3cd009f-0ab0-420d-9278-b9fdab939bbc,6a2d0734-bd9e-4ddf-946e-caa52498cb75,d9937e59-61fe-4ec6-92ab-7ac5a19c89b0,d1346436-ac96-4271-b863-1f4fdead95b0,971bdb23-3ff6-43eb-b422-1c30165a3663,17debcc3-0a6b-4b8a-b00b-dc58b885581e,711ebe11-f673-4cd9-9a83-63c60ba54c5b,c0143906-9aed-447e-9436-2ae8512d1b6e,14da1725-c4c2-42b4-ab08-ee0aeb6898b3,081cab31-dccd-428e-8652-f2404cc81c47,78e0584a-4343-4727-8f37-e14e65c2a2db,871c3b6c-7379-419d-bda3-794b239ab90d,ff9b0199-ce04-4cfe-86cc-6c719f08d6e4,de1c2107-70c8-4021-8459-6399f24d01c6,cbf30902-517f-40dc-af90-a550bac27cf1,5c601d96-e4c7-4698-991b-7ee674b11079
8-10-2026 18:41:24-debug:   Number of all scripts: 41
8-10-2026 18:41:24-debug:   Number of other assets: 486
8-10-2026 18:41:24-debug: Init bundle root assets success..., progress: 0%
8-10-2026 18:41:24-debug:   Number of all scenes: 3
8-10-2026 18:41:24-debug: // ---- build task Query asset bundle ---- (3ms)
8-10-2026 18:41:24-log: run build task Query asset bundle success in 3 ms√, progress: 5%
8-10-2026 18:41:24-debug: Query asset bundle start, progress: 5%
8-10-2026 18:41:24-debug: [Build Memory track]: Query asset bundle start:226.20MB, end 226.09MB, increase: -115.19KB
8-10-2026 18:41:24-debug: // ---- build task Query asset bundle ----
8-10-2026 18:41:24-debug: // ---- build task Query asset bundle ---- (2ms)
8-10-2026 18:41:24-log: run build task Query asset bundle success in 2 ms√, progress: 10%
8-10-2026 18:41:24-debug: [Build Memory track]: Query asset bundle start:226.12MB, end 226.27MB, increase: 157.08KB
8-10-2026 18:41:24-debug: // ---- build task Sort some build options to settings.json ----
8-10-2026 18:41:24-debug: Sort some build options to settings.json start, progress: 10%
8-10-2026 18:41:24-debug: // ---- build task Sort some build options to settings.json ---- (1ms)
8-10-2026 18:41:24-log: run build task Sort some build options to settings.json success in 1 ms√, progress: 12%
8-10-2026 18:41:24-debug: [Build Memory track]: Sort some build options to settings.json start:226.30MB, end 226.32MB, increase: 26.46KB
8-10-2026 18:41:24-debug: // ---- build task Fill script data to settings ----
8-10-2026 18:41:24-debug: Fill script data to settings start, progress: 12%
8-10-2026 18:41:24-log: run build task Fill script data to settings success in √, progress: 13%
8-10-2026 18:41:24-debug: [Build Memory track]: Fill script data to settings start:226.35MB, end 226.37MB, increase: 16.29KB
8-10-2026 18:41:24-debug: Sort some build options to settings.json start, progress: 13%
8-10-2026 18:41:24-debug: // ---- build task Sort some build options to settings.json ----
8-10-2026 18:41:24-debug: // ---- build task Sort some build options to settings.json ---- (5ms)
8-10-2026 18:41:24-log: run build task Sort some build options to settings.json success in 5 ms√, progress: 15%
8-10-2026 18:41:24-debug: [Build Memory track]: Sort some build options to settings.json start:226.40MB, end 226.52MB, increase: 125.98KB
8-10-2026 18:41:43-debug: Query all assets info in project
8-10-2026 18:41:43-debug: init custom config: keepNodeUuid: false, useCache: true
8-10-2026 18:41:43-debug: Skip compress image, progress: 0%
8-10-2026 18:41:43-debug: Init all bundles start..., progress: 0%
8-10-2026 18:41:43-debug: // ---- build task Query asset bundle ----
8-10-2026 18:41:43-debug: Init bundle root assets start..., progress: 0%
8-10-2026 18:41:43-debug: Num of bundles: 2..., progress: 0%
8-10-2026 18:41:43-debug: Query asset bundle start, progress: 0%
8-10-2026 18:41:43-debug:   Number of all scenes: 3
8-10-2026 18:41:43-debug:   Number of all scripts: 41
8-10-2026 18:41:43-debug: Query preload assets/scripts from cc.config.json: 60f7195c-ec2a-45eb-ba94-8955f60e81d0,1c02ae6f-4492-4915-b8f8-7492a3b1e4cd,810e96e4-e456-4468-9b59-f4e8f39732c0,efe8e2a3-eace-427b-b4f1-cb8a937ec77d,e9aa9a3e-5b2b-4ac7-a2c7-073de2b2b24f,8bbdbcdd-5cd4-4100-b6d5-b7c9625b6107,50f4348b-c883-4e2f-8f11-ce233b859fa1,fda095cb-831d-4601-ad94-846013963de8,f92806d7-1768-443f-afe8-12bcde84d0f0,dd3a144d-ab7f-41f0-82b8-2e43a090d496,f0416e68-0200-4b77-a926-4f9d16e494da,511d2633-09a7-4bdd-ac42-f778032124b3,5d45aa00-e064-4938-b314-4265f0c2258c,9361fd90-ba52-4f84-aa93-6e878fd576ca,970b0598-bcb0-4714-91fb-2e81440dccd8,bcd64cc6-2dd9-43f6-abbe-66318d332032,d930590d-bb92-4cc8-8bd1-23cd027f9edf,a3cd009f-0ab0-420d-9278-b9fdab939bbc,6a2d0734-bd9e-4ddf-946e-caa52498cb75,d9937e59-61fe-4ec6-92ab-7ac5a19c89b0,d1346436-ac96-4271-b863-1f4fdead95b0,971bdb23-3ff6-43eb-b422-1c30165a3663,17debcc3-0a6b-4b8a-b00b-dc58b885581e,711ebe11-f673-4cd9-9a83-63c60ba54c5b,c0143906-9aed-447e-9436-2ae8512d1b6e,14da1725-c4c2-42b4-ab08-ee0aeb6898b3,081cab31-dccd-428e-8652-f2404cc81c47,78e0584a-4343-4727-8f37-e14e65c2a2db,871c3b6c-7379-419d-bda3-794b239ab90d,ff9b0199-ce04-4cfe-86cc-6c719f08d6e4,de1c2107-70c8-4021-8459-6399f24d01c6,cbf30902-517f-40dc-af90-a550bac27cf1,5c601d96-e4c7-4698-991b-7ee674b11079
8-10-2026 18:41:43-debug: Init bundle root assets success..., progress: 0%
8-10-2026 18:41:43-debug:   Number of other assets: 486
8-10-2026 18:41:43-debug: // ---- build task Query asset bundle ---- (8ms)
8-10-2026 18:41:43-log: run build task Query asset bundle success in 8 ms√, progress: 5%
8-10-2026 18:41:43-debug: [Build Memory track]: Query asset bundle start:226.36MB, end 226.27MB, increase: -90.91KB
8-10-2026 18:41:43-debug: Query asset bundle start, progress: 5%
8-10-2026 18:41:43-debug: // ---- build task Query asset bundle ----
8-10-2026 18:41:43-debug: // ---- build task Query asset bundle ---- (5ms)
8-10-2026 18:41:43-log: run build task Query asset bundle success in 5 ms√, progress: 10%
8-10-2026 18:41:43-debug: [Build Memory track]: Query asset bundle start:226.30MB, end 226.44MB, increase: 139.68KB
8-10-2026 18:41:43-debug: Sort some build options to settings.json start, progress: 10%
8-10-2026 18:41:43-debug: // ---- build task Sort some build options to settings.json ----
8-10-2026 18:41:43-debug: // ---- build task Sort some build options to settings.json ---- (1ms)
8-10-2026 18:41:43-log: run build task Sort some build options to settings.json success in 1 ms√, progress: 12%
8-10-2026 18:41:43-debug: [Build Memory track]: Sort some build options to settings.json start:226.46MB, end 226.49MB, increase: 26.18KB
8-10-2026 18:41:43-debug: Fill script data to settings start, progress: 12%
8-10-2026 18:41:43-debug: // ---- build task Fill script data to settings ----
8-10-2026 18:41:43-debug: // ---- build task Fill script data to settings ---- (1ms)
8-10-2026 18:41:43-log: run build task Fill script data to settings success in 1 ms√, progress: 13%
8-10-2026 18:41:43-debug: [Build Memory track]: Fill script data to settings start:226.52MB, end 226.54MB, increase: 26.17KB
8-10-2026 18:41:43-debug: Sort some build options to settings.json start, progress: 13%
8-10-2026 18:41:43-debug: // ---- build task Sort some build options to settings.json ----
8-10-2026 18:41:43-debug: // ---- build task Sort some build options to settings.json ---- (6ms)
8-10-2026 18:41:43-log: run build task Sort some build options to settings.json success in 6 ms√, progress: 15%
8-10-2026 18:41:43-debug: [Build Memory track]: Sort some build options to settings.json start:226.57MB, end 226.70MB, increase: 134.51KB
8-10-2026 18:42:00-debug: Query all assets info in project
8-10-2026 18:42:00-debug: init custom config: keepNodeUuid: false, useCache: true
8-10-2026 18:42:00-debug: Skip compress image, progress: 0%
8-10-2026 18:42:00-debug: Init all bundles start..., progress: 0%
8-10-2026 18:42:00-debug: Num of bundles: 2..., progress: 0%
8-10-2026 18:42:00-debug: Query asset bundle start, progress: 0%
8-10-2026 18:42:00-debug: // ---- build task Query asset bundle ----
8-10-2026 18:42:00-debug: Init bundle root assets start..., progress: 0%
8-10-2026 18:42:00-debug: Query preload assets/scripts from cc.config.json: 60f7195c-ec2a-45eb-ba94-8955f60e81d0,1c02ae6f-4492-4915-b8f8-7492a3b1e4cd,810e96e4-e456-4468-9b59-f4e8f39732c0,efe8e2a3-eace-427b-b4f1-cb8a937ec77d,e9aa9a3e-5b2b-4ac7-a2c7-073de2b2b24f,8bbdbcdd-5cd4-4100-b6d5-b7c9625b6107,50f4348b-c883-4e2f-8f11-ce233b859fa1,fda095cb-831d-4601-ad94-846013963de8,f92806d7-1768-443f-afe8-12bcde84d0f0,dd3a144d-ab7f-41f0-82b8-2e43a090d496,f0416e68-0200-4b77-a926-4f9d16e494da,511d2633-09a7-4bdd-ac42-f778032124b3,5d45aa00-e064-4938-b314-4265f0c2258c,9361fd90-ba52-4f84-aa93-6e878fd576ca,970b0598-bcb0-4714-91fb-2e81440dccd8,bcd64cc6-2dd9-43f6-abbe-66318d332032,d930590d-bb92-4cc8-8bd1-23cd027f9edf,a3cd009f-0ab0-420d-9278-b9fdab939bbc,6a2d0734-bd9e-4ddf-946e-caa52498cb75,d9937e59-61fe-4ec6-92ab-7ac5a19c89b0,d1346436-ac96-4271-b863-1f4fdead95b0,971bdb23-3ff6-43eb-b422-1c30165a3663,17debcc3-0a6b-4b8a-b00b-dc58b885581e,711ebe11-f673-4cd9-9a83-63c60ba54c5b,c0143906-9aed-447e-9436-2ae8512d1b6e,14da1725-c4c2-42b4-ab08-ee0aeb6898b3,081cab31-dccd-428e-8652-f2404cc81c47,78e0584a-4343-4727-8f37-e14e65c2a2db,871c3b6c-7379-419d-bda3-794b239ab90d,ff9b0199-ce04-4cfe-86cc-6c719f08d6e4,de1c2107-70c8-4021-8459-6399f24d01c6,cbf30902-517f-40dc-af90-a550bac27cf1,5c601d96-e4c7-4698-991b-7ee674b11079
8-10-2026 18:42:00-debug:   Number of all scenes: 3
8-10-2026 18:42:00-debug:   Number of other assets: 486
8-10-2026 18:42:00-debug: Init bundle root assets success..., progress: 0%
8-10-2026 18:42:00-debug:   Number of all scripts: 41
8-10-2026 18:42:00-debug: // ---- build task Query asset bundle ---- (5ms)
8-10-2026 18:42:00-log: run build task Query asset bundle success in 5 ms√, progress: 5%
8-10-2026 18:42:00-debug: [Build Memory track]: Query asset bundle start:226.51MB, end 226.40MB, increase: -118.15KB
8-10-2026 18:42:00-debug: Query asset bundle start, progress: 5%
8-10-2026 18:42:00-debug: // ---- build task Query asset bundle ----
8-10-2026 18:42:00-debug: // ---- build task Query asset bundle ---- (2ms)
8-10-2026 18:42:00-log: run build task Query asset bundle success in 2 ms√, progress: 10%
8-10-2026 18:42:00-debug: [Build Memory track]: Query asset bundle start:226.43MB, end 226.57MB, increase: 141.93KB
8-10-2026 18:42:00-debug: // ---- build task Sort some build options to settings.json ----
8-10-2026 18:42:00-debug: Sort some build options to settings.json start, progress: 10%
8-10-2026 18:42:00-log: run build task Sort some build options to settings.json success in 1 ms√, progress: 12%
8-10-2026 18:42:00-debug: [Build Memory track]: Sort some build options to settings.json start:226.59MB, end 226.62MB, increase: 26.61KB
8-10-2026 18:42:00-debug: Fill script data to settings start, progress: 12%
8-10-2026 18:42:00-debug: // ---- build task Sort some build options to settings.json ---- (1ms)
8-10-2026 18:42:00-debug: // ---- build task Fill script data to settings ----
8-10-2026 18:42:00-debug: // ---- build task Fill script data to settings ---- (-1ms)
8-10-2026 18:42:00-log: run build task Fill script data to settings success in -1 h -1 min -1 s√, progress: 13%
8-10-2026 18:42:00-debug: [Build Memory track]: Fill script data to settings start:226.65MB, end 226.67MB, increase: 26.39KB
8-10-2026 18:42:00-debug: Sort some build options to settings.json start, progress: 13%
8-10-2026 18:42:00-debug: // ---- build task Sort some build options to settings.json ----
8-10-2026 18:42:00-debug: // ---- build task Sort some build options to settings.json ---- (4ms)
8-10-2026 18:42:00-log: run build task Sort some build options to settings.json success in 4 ms√, progress: 15%
8-10-2026 18:42:00-debug: [Build Memory track]: Sort some build options to settings.json start:226.70MB, end 226.83MB, increase: 127.29KB
8-10-2026 18:42:21-debug: Query all assets info in project
8-10-2026 18:42:21-debug: init custom config: keepNodeUuid: false, useCache: true
8-10-2026 18:42:21-debug: Skip compress image, progress: 0%
8-10-2026 18:42:21-debug: Init all bundles start..., progress: 0%
8-10-2026 18:42:21-debug: Query asset bundle start, progress: 0%
8-10-2026 18:42:21-debug: Init bundle root assets start..., progress: 0%
8-10-2026 18:42:21-debug: // ---- build task Query asset bundle ----
8-10-2026 18:42:21-debug: Num of bundles: 2..., progress: 0%
8-10-2026 18:42:21-debug: Query preload assets/scripts from cc.config.json: 60f7195c-ec2a-45eb-ba94-8955f60e81d0,1c02ae6f-4492-4915-b8f8-7492a3b1e4cd,810e96e4-e456-4468-9b59-f4e8f39732c0,efe8e2a3-eace-427b-b4f1-cb8a937ec77d,e9aa9a3e-5b2b-4ac7-a2c7-073de2b2b24f,8bbdbcdd-5cd4-4100-b6d5-b7c9625b6107,50f4348b-c883-4e2f-8f11-ce233b859fa1,fda095cb-831d-4601-ad94-846013963de8,f92806d7-1768-443f-afe8-12bcde84d0f0,dd3a144d-ab7f-41f0-82b8-2e43a090d496,f0416e68-0200-4b77-a926-4f9d16e494da,511d2633-09a7-4bdd-ac42-f778032124b3,5d45aa00-e064-4938-b314-4265f0c2258c,9361fd90-ba52-4f84-aa93-6e878fd576ca,970b0598-bcb0-4714-91fb-2e81440dccd8,bcd64cc6-2dd9-43f6-abbe-66318d332032,d930590d-bb92-4cc8-8bd1-23cd027f9edf,a3cd009f-0ab0-420d-9278-b9fdab939bbc,6a2d0734-bd9e-4ddf-946e-caa52498cb75,d9937e59-61fe-4ec6-92ab-7ac5a19c89b0,d1346436-ac96-4271-b863-1f4fdead95b0,971bdb23-3ff6-43eb-b422-1c30165a3663,17debcc3-0a6b-4b8a-b00b-dc58b885581e,711ebe11-f673-4cd9-9a83-63c60ba54c5b,c0143906-9aed-447e-9436-2ae8512d1b6e,14da1725-c4c2-42b4-ab08-ee0aeb6898b3,081cab31-dccd-428e-8652-f2404cc81c47,78e0584a-4343-4727-8f37-e14e65c2a2db,871c3b6c-7379-419d-bda3-794b239ab90d,ff9b0199-ce04-4cfe-86cc-6c719f08d6e4,de1c2107-70c8-4021-8459-6399f24d01c6,cbf30902-517f-40dc-af90-a550bac27cf1,5c601d96-e4c7-4698-991b-7ee674b11079
8-10-2026 18:42:21-debug:   Number of other assets: 486
8-10-2026 18:42:21-debug: Init bundle root assets success..., progress: 0%
8-10-2026 18:42:21-debug:   Number of all scenes: 3
8-10-2026 18:42:21-debug:   Number of all scripts: 41
8-10-2026 18:42:21-debug: // ---- build task Query asset bundle ---- (5ms)
8-10-2026 18:42:21-debug: [Build Memory track]: Query asset bundle start:226.66MB, end 226.54MB, increase: -119.23KB
8-10-2026 18:42:21-log: run build task Query asset bundle success in 5 ms√, progress: 5%
8-10-2026 18:42:21-debug: Query asset bundle start, progress: 5%
8-10-2026 18:42:21-debug: // ---- build task Query asset bundle ----
8-10-2026 18:42:21-log: run build task Query asset bundle success in 2 ms√, progress: 10%
8-10-2026 18:42:21-debug: [Build Memory track]: Query asset bundle start:226.57MB, end 226.70MB, increase: 139.85KB
8-10-2026 18:42:21-debug: // ---- build task Sort some build options to settings.json ----
8-10-2026 18:42:21-debug: Sort some build options to settings.json start, progress: 10%
8-10-2026 18:42:21-debug: // ---- build task Query asset bundle ---- (2ms)
8-10-2026 18:42:21-log: run build task Sort some build options to settings.json success in √, progress: 12%
8-10-2026 18:42:21-debug: [Build Memory track]: Sort some build options to settings.json start:226.73MB, end 226.75MB, increase: 17.26KB
8-10-2026 18:42:21-debug: // ---- build task Fill script data to settings ----
8-10-2026 18:42:21-debug: Fill script data to settings start, progress: 12%
8-10-2026 18:42:21-log: run build task Fill script data to settings success in √, progress: 13%
8-10-2026 18:42:21-debug: [Build Memory track]: Fill script data to settings start:226.78MB, end 226.79MB, increase: 16.29KB
8-10-2026 18:42:21-debug: Sort some build options to settings.json start, progress: 13%
8-10-2026 18:42:21-debug: // ---- build task Sort some build options to settings.json ----
8-10-2026 18:42:21-debug: // ---- build task Sort some build options to settings.json ---- (6ms)
8-10-2026 18:42:21-log: run build task Sort some build options to settings.json success in 6 ms√, progress: 15%
8-10-2026 18:42:21-debug: [Build Memory track]: Sort some build options to settings.json start:226.82MB, end 226.95MB, increase: 125.74KB
8-10-2026 18:42:42-debug: Query all assets info in project
8-10-2026 18:42:42-debug: init custom config: keepNodeUuid: false, useCache: true
8-10-2026 18:42:42-debug: Skip compress image, progress: 0%
8-10-2026 18:42:42-debug: Init all bundles start..., progress: 0%
8-10-2026 18:42:42-debug: Num of bundles: 2..., progress: 0%
8-10-2026 18:42:42-debug: Query asset bundle start, progress: 0%
8-10-2026 18:42:42-debug: Init bundle root assets start..., progress: 0%
8-10-2026 18:42:42-debug: // ---- build task Query asset bundle ----
8-10-2026 18:42:42-debug: Query preload assets/scripts from cc.config.json: 60f7195c-ec2a-45eb-ba94-8955f60e81d0,1c02ae6f-4492-4915-b8f8-7492a3b1e4cd,810e96e4-e456-4468-9b59-f4e8f39732c0,efe8e2a3-eace-427b-b4f1-cb8a937ec77d,e9aa9a3e-5b2b-4ac7-a2c7-073de2b2b24f,8bbdbcdd-5cd4-4100-b6d5-b7c9625b6107,50f4348b-c883-4e2f-8f11-ce233b859fa1,fda095cb-831d-4601-ad94-846013963de8,f92806d7-1768-443f-afe8-12bcde84d0f0,dd3a144d-ab7f-41f0-82b8-2e43a090d496,f0416e68-0200-4b77-a926-4f9d16e494da,511d2633-09a7-4bdd-ac42-f778032124b3,5d45aa00-e064-4938-b314-4265f0c2258c,9361fd90-ba52-4f84-aa93-6e878fd576ca,970b0598-bcb0-4714-91fb-2e81440dccd8,bcd64cc6-2dd9-43f6-abbe-66318d332032,d930590d-bb92-4cc8-8bd1-23cd027f9edf,a3cd009f-0ab0-420d-9278-b9fdab939bbc,6a2d0734-bd9e-4ddf-946e-caa52498cb75,d9937e59-61fe-4ec6-92ab-7ac5a19c89b0,d1346436-ac96-4271-b863-1f4fdead95b0,971bdb23-3ff6-43eb-b422-1c30165a3663,17debcc3-0a6b-4b8a-b00b-dc58b885581e,711ebe11-f673-4cd9-9a83-63c60ba54c5b,c0143906-9aed-447e-9436-2ae8512d1b6e,14da1725-c4c2-42b4-ab08-ee0aeb6898b3,081cab31-dccd-428e-8652-f2404cc81c47,78e0584a-4343-4727-8f37-e14e65c2a2db,871c3b6c-7379-419d-bda3-794b239ab90d,ff9b0199-ce04-4cfe-86cc-6c719f08d6e4,de1c2107-70c8-4021-8459-6399f24d01c6,cbf30902-517f-40dc-af90-a550bac27cf1,5c601d96-e4c7-4698-991b-7ee674b11079
8-10-2026 18:42:42-debug:   Number of all scenes: 3
8-10-2026 18:42:42-debug:   Number of all scripts: 41
8-10-2026 18:42:42-debug: Init bundle root assets success..., progress: 0%
8-10-2026 18:42:42-debug:   Number of other assets: 486
8-10-2026 18:42:42-debug: // ---- build task Query asset bundle ---- (4ms)
8-10-2026 18:42:42-log: run build task Query asset bundle success in 4 ms√, progress: 5%
8-10-2026 18:42:42-debug: Query asset bundle start, progress: 5%
8-10-2026 18:42:42-debug: [Build Memory track]: Query asset bundle start:226.79MB, end 226.70MB, increase: -96.22KB
8-10-2026 18:42:42-debug: // ---- build task Query asset bundle ----
8-10-2026 18:42:42-debug: // ---- build task Query asset bundle ---- (2ms)
8-10-2026 18:42:42-log: run build task Query asset bundle success in 2 ms√, progress: 10%
8-10-2026 18:42:42-debug: [Build Memory track]: Query asset bundle start:226.73MB, end 226.86MB, increase: 141.12KB
8-10-2026 18:42:42-debug: Sort some build options to settings.json start, progress: 10%
8-10-2026 18:42:42-debug: // ---- build task Sort some build options to settings.json ----
8-10-2026 18:42:42-debug: // ---- build task Sort some build options to settings.json ---- (2ms)
8-10-2026 18:42:42-debug: [Build Memory track]: Sort some build options to settings.json start:226.89MB, end 226.92MB, increase: 26.61KB
8-10-2026 18:42:42-log: run build task Sort some build options to settings.json success in 2 ms√, progress: 12%
8-10-2026 18:42:42-debug: Fill script data to settings start, progress: 12%
8-10-2026 18:42:42-debug: // ---- build task Fill script data to settings ----
8-10-2026 18:42:42-debug: // ---- build task Fill script data to settings ---- (1ms)
8-10-2026 18:42:42-log: run build task Fill script data to settings success in 1 ms√, progress: 13%
8-10-2026 18:42:42-debug: [Build Memory track]: Fill script data to settings start:226.95MB, end 226.97MB, increase: 26.14KB
8-10-2026 18:42:42-debug: // ---- build task Sort some build options to settings.json ----
8-10-2026 18:42:42-debug: Sort some build options to settings.json start, progress: 13%
8-10-2026 18:42:42-debug: // ---- build task Sort some build options to settings.json ---- (5ms)
8-10-2026 18:42:42-log: run build task Sort some build options to settings.json success in 5 ms√, progress: 15%
8-10-2026 18:42:42-debug: [Build Memory track]: Sort some build options to settings.json start:227.00MB, end 227.12MB, increase: 126.39KB
8-10-2026 18:42:58-debug: Query all assets info in project
8-10-2026 18:42:58-debug: init custom config: keepNodeUuid: false, useCache: true
8-10-2026 18:42:58-debug: Skip compress image, progress: 0%
8-10-2026 18:42:58-debug: Init all bundles start..., progress: 0%
8-10-2026 18:42:58-debug: Query asset bundle start, progress: 0%
8-10-2026 18:42:58-debug: // ---- build task Query asset bundle ----
8-10-2026 18:42:58-debug: Num of bundles: 2..., progress: 0%
8-10-2026 18:42:58-debug: Init bundle root assets start..., progress: 0%
8-10-2026 18:42:58-debug:   Number of all scenes: 3
8-10-2026 18:42:58-debug:   Number of all scripts: 41
8-10-2026 18:42:58-debug: Query preload assets/scripts from cc.config.json: 60f7195c-ec2a-45eb-ba94-8955f60e81d0,1c02ae6f-4492-4915-b8f8-7492a3b1e4cd,810e96e4-e456-4468-9b59-f4e8f39732c0,efe8e2a3-eace-427b-b4f1-cb8a937ec77d,e9aa9a3e-5b2b-4ac7-a2c7-073de2b2b24f,8bbdbcdd-5cd4-4100-b6d5-b7c9625b6107,50f4348b-c883-4e2f-8f11-ce233b859fa1,fda095cb-831d-4601-ad94-846013963de8,f92806d7-1768-443f-afe8-12bcde84d0f0,dd3a144d-ab7f-41f0-82b8-2e43a090d496,f0416e68-0200-4b77-a926-4f9d16e494da,511d2633-09a7-4bdd-ac42-f778032124b3,5d45aa00-e064-4938-b314-4265f0c2258c,9361fd90-ba52-4f84-aa93-6e878fd576ca,970b0598-bcb0-4714-91fb-2e81440dccd8,bcd64cc6-2dd9-43f6-abbe-66318d332032,d930590d-bb92-4cc8-8bd1-23cd027f9edf,a3cd009f-0ab0-420d-9278-b9fdab939bbc,6a2d0734-bd9e-4ddf-946e-caa52498cb75,d9937e59-61fe-4ec6-92ab-7ac5a19c89b0,d1346436-ac96-4271-b863-1f4fdead95b0,971bdb23-3ff6-43eb-b422-1c30165a3663,17debcc3-0a6b-4b8a-b00b-dc58b885581e,711ebe11-f673-4cd9-9a83-63c60ba54c5b,c0143906-9aed-447e-9436-2ae8512d1b6e,14da1725-c4c2-42b4-ab08-ee0aeb6898b3,081cab31-dccd-428e-8652-f2404cc81c47,78e0584a-4343-4727-8f37-e14e65c2a2db,871c3b6c-7379-419d-bda3-794b239ab90d,ff9b0199-ce04-4cfe-86cc-6c719f08d6e4,de1c2107-70c8-4021-8459-6399f24d01c6,cbf30902-517f-40dc-af90-a550bac27cf1,5c601d96-e4c7-4698-991b-7ee674b11079
8-10-2026 18:42:58-debug: Init bundle root assets success..., progress: 0%
8-10-2026 18:42:58-debug:   Number of other assets: 486
8-10-2026 18:42:58-debug: // ---- build task Query asset bundle ---- (6ms)
8-10-2026 18:42:58-log: run build task Query asset bundle success in 6 ms√, progress: 5%
8-10-2026 18:42:58-debug: [Build Memory track]: Query asset bundle start:226.93MB, end 226.82MB, increase: -114.48KB
8-10-2026 18:42:58-debug: // ---- build task Query asset bundle ----
8-10-2026 18:42:58-debug: Query asset bundle start, progress: 5%
8-10-2026 18:42:58-debug: // ---- build task Query asset bundle ---- (3ms)
8-10-2026 18:42:58-log: run build task Query asset bundle success in 3 ms√, progress: 10%
8-10-2026 18:42:58-debug: [Build Memory track]: Query asset bundle start:226.85MB, end 226.98MB, increase: 139.85KB
8-10-2026 18:42:58-debug: // ---- build task Sort some build options to settings.json ----
8-10-2026 18:42:58-debug: Sort some build options to settings.json start, progress: 10%
8-10-2026 18:42:58-debug: // ---- build task Sort some build options to settings.json ---- (1ms)
8-10-2026 18:42:58-log: run build task Sort some build options to settings.json success in 1 ms√, progress: 12%
8-10-2026 18:42:58-debug: [Build Memory track]: Sort some build options to settings.json start:227.01MB, end 227.04MB, increase: 26.61KB
8-10-2026 18:42:58-debug: Fill script data to settings start, progress: 12%
8-10-2026 18:42:58-debug: // ---- build task Fill script data to settings ----
8-10-2026 18:42:58-debug: // ---- build task Fill script data to settings ---- (2ms)
8-10-2026 18:42:58-log: run build task Fill script data to settings success in 2 ms√, progress: 13%
8-10-2026 18:42:58-debug: [Build Memory track]: Fill script data to settings start:227.07MB, end 227.09MB, increase: 26.11KB
8-10-2026 18:42:58-debug: Sort some build options to settings.json start, progress: 13%
8-10-2026 18:42:58-debug: // ---- build task Sort some build options to settings.json ----
8-10-2026 18:42:58-debug: [Build Memory track]: Sort some build options to settings.json start:227.12MB, end 227.25MB, increase: 130.80KB
8-10-2026 18:42:58-log: run build task Sort some build options to settings.json success in 7 ms√, progress: 15%
8-10-2026 18:42:58-debug: // ---- build task Sort some build options to settings.json ---- (7ms)
8-10-2026 18:43:15-debug: Query all assets info in project
8-10-2026 18:43:15-debug: init custom config: keepNodeUuid: false, useCache: true
8-10-2026 18:43:15-debug: Skip compress image, progress: 0%
8-10-2026 18:43:15-debug: Init all bundles start..., progress: 0%
8-10-2026 18:43:15-debug: Num of bundles: 2..., progress: 0%
8-10-2026 18:43:15-debug: Query asset bundle start, progress: 0%
8-10-2026 18:43:15-debug: // ---- build task Query asset bundle ----
8-10-2026 18:43:15-debug: Init bundle root assets start..., progress: 0%
8-10-2026 18:43:15-debug: Query preload assets/scripts from cc.config.json: 60f7195c-ec2a-45eb-ba94-8955f60e81d0,1c02ae6f-4492-4915-b8f8-7492a3b1e4cd,810e96e4-e456-4468-9b59-f4e8f39732c0,efe8e2a3-eace-427b-b4f1-cb8a937ec77d,e9aa9a3e-5b2b-4ac7-a2c7-073de2b2b24f,8bbdbcdd-5cd4-4100-b6d5-b7c9625b6107,50f4348b-c883-4e2f-8f11-ce233b859fa1,fda095cb-831d-4601-ad94-846013963de8,f92806d7-1768-443f-afe8-12bcde84d0f0,dd3a144d-ab7f-41f0-82b8-2e43a090d496,f0416e68-0200-4b77-a926-4f9d16e494da,511d2633-09a7-4bdd-ac42-f778032124b3,5d45aa00-e064-4938-b314-4265f0c2258c,9361fd90-ba52-4f84-aa93-6e878fd576ca,970b0598-bcb0-4714-91fb-2e81440dccd8,bcd64cc6-2dd9-43f6-abbe-66318d332032,d930590d-bb92-4cc8-8bd1-23cd027f9edf,a3cd009f-0ab0-420d-9278-b9fdab939bbc,6a2d0734-bd9e-4ddf-946e-caa52498cb75,d9937e59-61fe-4ec6-92ab-7ac5a19c89b0,d1346436-ac96-4271-b863-1f4fdead95b0,971bdb23-3ff6-43eb-b422-1c30165a3663,17debcc3-0a6b-4b8a-b00b-dc58b885581e,711ebe11-f673-4cd9-9a83-63c60ba54c5b,c0143906-9aed-447e-9436-2ae8512d1b6e,14da1725-c4c2-42b4-ab08-ee0aeb6898b3,081cab31-dccd-428e-8652-f2404cc81c47,78e0584a-4343-4727-8f37-e14e65c2a2db,871c3b6c-7379-419d-bda3-794b239ab90d,ff9b0199-ce04-4cfe-86cc-6c719f08d6e4,de1c2107-70c8-4021-8459-6399f24d01c6,cbf30902-517f-40dc-af90-a550bac27cf1,5c601d96-e4c7-4698-991b-7ee674b11079
8-10-2026 18:43:15-debug:   Number of all scenes: 3
8-10-2026 18:43:15-debug:   Number of all scripts: 41
8-10-2026 18:43:15-debug:   Number of other assets: 486
8-10-2026 18:43:15-debug: Init bundle root assets success..., progress: 0%
8-10-2026 18:43:15-log: run build task Query asset bundle success in 5 ms√, progress: 5%
8-10-2026 18:43:15-debug: [Build Memory track]: Query asset bundle start:227.16MB, end 227.02MB, increase: -141.08KB
8-10-2026 18:43:15-debug: Query asset bundle start, progress: 5%
8-10-2026 18:43:15-debug: // ---- build task Query asset bundle ---- (5ms)
8-10-2026 18:43:15-debug: // ---- build task Query asset bundle ----
8-10-2026 18:43:15-debug: // ---- build task Query asset bundle ---- (3ms)
8-10-2026 18:43:15-log: run build task Query asset bundle success in 3 ms√, progress: 10%
8-10-2026 18:43:15-debug: [Build Memory track]: Query asset bundle start:227.05MB, end 227.18MB, increase: 139.88KB
8-10-2026 18:43:15-debug: Sort some build options to settings.json start, progress: 10%
8-10-2026 18:43:15-debug: // ---- build task Sort some build options to settings.json ----
8-10-2026 18:43:15-debug: // ---- build task Sort some build options to settings.json ---- (1ms)
8-10-2026 18:43:15-log: run build task Sort some build options to settings.json success in 1 ms√, progress: 12%
8-10-2026 18:43:15-debug: [Build Memory track]: Sort some build options to settings.json start:227.21MB, end 227.24MB, increase: 26.61KB
8-10-2026 18:43:15-debug: Fill script data to settings start, progress: 12%
8-10-2026 18:43:15-debug: // ---- build task Fill script data to settings ----
8-10-2026 18:43:15-debug: // ---- build task Fill script data to settings ---- (2ms)
8-10-2026 18:43:15-log: run build task Fill script data to settings success in 2 ms√, progress: 13%
8-10-2026 18:43:15-debug: [Build Memory track]: Fill script data to settings start:227.27MB, end 227.29MB, increase: 26.09KB
8-10-2026 18:43:15-debug: Sort some build options to settings.json start, progress: 13%
8-10-2026 18:43:15-debug: // ---- build task Sort some build options to settings.json ----
8-10-2026 18:43:15-debug: // ---- build task Sort some build options to settings.json ---- (5ms)
8-10-2026 18:43:15-log: run build task Sort some build options to settings.json success in 5 ms√, progress: 15%
8-10-2026 18:43:15-debug: [Build Memory track]: Sort some build options to settings.json start:227.32MB, end 227.44MB, increase: 126.47KB
8-10-2026 18:43:33-debug: Query all assets info in project
8-10-2026 18:43:33-debug: init custom config: keepNodeUuid: false, useCache: true
8-10-2026 18:43:33-debug: Skip compress image, progress: 0%
8-10-2026 18:43:33-debug: Init all bundles start..., progress: 0%
8-10-2026 18:43:33-debug: Num of bundles: 2..., progress: 0%
8-10-2026 18:43:33-debug: Init bundle root assets start..., progress: 0%
8-10-2026 18:43:33-debug: // ---- build task Query asset bundle ----
8-10-2026 18:43:33-debug: Query asset bundle start, progress: 0%
8-10-2026 18:43:33-debug: Query preload assets/scripts from cc.config.json: 60f7195c-ec2a-45eb-ba94-8955f60e81d0,1c02ae6f-4492-4915-b8f8-7492a3b1e4cd,810e96e4-e456-4468-9b59-f4e8f39732c0,efe8e2a3-eace-427b-b4f1-cb8a937ec77d,e9aa9a3e-5b2b-4ac7-a2c7-073de2b2b24f,8bbdbcdd-5cd4-4100-b6d5-b7c9625b6107,50f4348b-c883-4e2f-8f11-ce233b859fa1,fda095cb-831d-4601-ad94-846013963de8,f92806d7-1768-443f-afe8-12bcde84d0f0,dd3a144d-ab7f-41f0-82b8-2e43a090d496,f0416e68-0200-4b77-a926-4f9d16e494da,511d2633-09a7-4bdd-ac42-f778032124b3,5d45aa00-e064-4938-b314-4265f0c2258c,9361fd90-ba52-4f84-aa93-6e878fd576ca,970b0598-bcb0-4714-91fb-2e81440dccd8,bcd64cc6-2dd9-43f6-abbe-66318d332032,d930590d-bb92-4cc8-8bd1-23cd027f9edf,a3cd009f-0ab0-420d-9278-b9fdab939bbc,6a2d0734-bd9e-4ddf-946e-caa52498cb75,d9937e59-61fe-4ec6-92ab-7ac5a19c89b0,d1346436-ac96-4271-b863-1f4fdead95b0,971bdb23-3ff6-43eb-b422-1c30165a3663,17debcc3-0a6b-4b8a-b00b-dc58b885581e,711ebe11-f673-4cd9-9a83-63c60ba54c5b,c0143906-9aed-447e-9436-2ae8512d1b6e,14da1725-c4c2-42b4-ab08-ee0aeb6898b3,081cab31-dccd-428e-8652-f2404cc81c47,78e0584a-4343-4727-8f37-e14e65c2a2db,871c3b6c-7379-419d-bda3-794b239ab90d,ff9b0199-ce04-4cfe-86cc-6c719f08d6e4,de1c2107-70c8-4021-8459-6399f24d01c6,cbf30902-517f-40dc-af90-a550bac27cf1,5c601d96-e4c7-4698-991b-7ee674b11079
8-10-2026 18:43:33-debug:   Number of all scenes: 3
8-10-2026 18:43:33-debug:   Number of all scripts: 41
8-10-2026 18:43:33-debug: // ---- build task Query asset bundle ---- (4ms)
8-10-2026 18:43:33-log: run build task Query asset bundle success in 4 ms√, progress: 5%
8-10-2026 18:43:33-debug: [Build Memory track]: Query asset bundle start:227.27MB, end 227.15MB, increase: -119.45KB
8-10-2026 18:43:33-debug:   Number of other assets: 486
8-10-2026 18:43:33-debug: Init bundle root assets success..., progress: 0%
8-10-2026 18:43:33-debug: // ---- build task Query asset bundle ----
8-10-2026 18:43:33-debug: Query asset bundle start, progress: 5%
8-10-2026 18:43:33-debug: // ---- build task Query asset bundle ---- (2ms)
8-10-2026 18:43:33-log: run build task Query asset bundle success in 2 ms√, progress: 10%
8-10-2026 18:43:33-debug: [Build Memory track]: Query asset bundle start:227.18MB, end 227.32MB, increase: 143.22KB
8-10-2026 18:43:33-debug: Sort some build options to settings.json start, progress: 10%
8-10-2026 18:43:33-debug: // ---- build task Sort some build options to settings.json ----
8-10-2026 18:43:33-debug: // ---- build task Sort some build options to settings.json ---- (1ms)
8-10-2026 18:43:33-debug: [Build Memory track]: Sort some build options to settings.json start:227.35MB, end 227.38MB, increase: 26.58KB
8-10-2026 18:43:33-log: run build task Sort some build options to settings.json success in 1 ms√, progress: 12%
8-10-2026 18:43:33-debug: // ---- build task Fill script data to settings ----
8-10-2026 18:43:33-debug: Fill script data to settings start, progress: 12%
8-10-2026 18:43:33-debug: // ---- build task Fill script data to settings ---- (1ms)
8-10-2026 18:43:33-log: run build task Fill script data to settings success in 1 ms√, progress: 13%
8-10-2026 18:43:33-debug: [Build Memory track]: Fill script data to settings start:227.41MB, end 227.43MB, increase: 26.09KB
8-10-2026 18:43:33-debug: Sort some build options to settings.json start, progress: 13%
8-10-2026 18:43:33-debug: // ---- build task Sort some build options to settings.json ----
8-10-2026 18:43:33-debug: // ---- build task Sort some build options to settings.json ---- (4ms)
8-10-2026 18:43:33-debug: [Build Memory track]: Sort some build options to settings.json start:227.46MB, end 227.59MB, increase: 128.79KB
8-10-2026 18:43:33-log: run build task Sort some build options to settings.json success in 4 ms√, progress: 15%
8-10-2026 18:43:51-debug: Query all assets info in project
8-10-2026 18:43:51-debug: init custom config: keepNodeUuid: false, useCache: true
8-10-2026 18:43:51-debug: Skip compress image, progress: 0%
8-10-2026 18:43:51-debug: Init all bundles start..., progress: 0%
8-10-2026 18:43:51-debug: Num of bundles: 2..., progress: 0%
8-10-2026 18:43:51-debug: Query asset bundle start, progress: 0%
8-10-2026 18:43:51-debug: // ---- build task Query asset bundle ----
8-10-2026 18:43:51-debug: Init bundle root assets start..., progress: 0%
8-10-2026 18:43:51-debug: Query preload assets/scripts from cc.config.json: 60f7195c-ec2a-45eb-ba94-8955f60e81d0,1c02ae6f-4492-4915-b8f8-7492a3b1e4cd,810e96e4-e456-4468-9b59-f4e8f39732c0,efe8e2a3-eace-427b-b4f1-cb8a937ec77d,e9aa9a3e-5b2b-4ac7-a2c7-073de2b2b24f,8bbdbcdd-5cd4-4100-b6d5-b7c9625b6107,50f4348b-c883-4e2f-8f11-ce233b859fa1,fda095cb-831d-4601-ad94-846013963de8,f92806d7-1768-443f-afe8-12bcde84d0f0,dd3a144d-ab7f-41f0-82b8-2e43a090d496,f0416e68-0200-4b77-a926-4f9d16e494da,511d2633-09a7-4bdd-ac42-f778032124b3,5d45aa00-e064-4938-b314-4265f0c2258c,9361fd90-ba52-4f84-aa93-6e878fd576ca,970b0598-bcb0-4714-91fb-2e81440dccd8,bcd64cc6-2dd9-43f6-abbe-66318d332032,d930590d-bb92-4cc8-8bd1-23cd027f9edf,a3cd009f-0ab0-420d-9278-b9fdab939bbc,6a2d0734-bd9e-4ddf-946e-caa52498cb75,d9937e59-61fe-4ec6-92ab-7ac5a19c89b0,d1346436-ac96-4271-b863-1f4fdead95b0,971bdb23-3ff6-43eb-b422-1c30165a3663,17debcc3-0a6b-4b8a-b00b-dc58b885581e,711ebe11-f673-4cd9-9a83-63c60ba54c5b,c0143906-9aed-447e-9436-2ae8512d1b6e,14da1725-c4c2-42b4-ab08-ee0aeb6898b3,081cab31-dccd-428e-8652-f2404cc81c47,78e0584a-4343-4727-8f37-e14e65c2a2db,871c3b6c-7379-419d-bda3-794b239ab90d,ff9b0199-ce04-4cfe-86cc-6c719f08d6e4,de1c2107-70c8-4021-8459-6399f24d01c6,cbf30902-517f-40dc-af90-a550bac27cf1,5c601d96-e4c7-4698-991b-7ee674b11079
8-10-2026 18:43:51-debug:   Number of all scripts: 41
8-10-2026 18:43:51-debug:   Number of all scenes: 3
8-10-2026 18:43:51-debug:   Number of other assets: 486
8-10-2026 18:43:51-debug: Init bundle root assets success..., progress: 0%
8-10-2026 18:43:51-debug: // ---- build task Query asset bundle ---- (5ms)
8-10-2026 18:43:51-log: run build task Query asset bundle success in 5 ms√, progress: 5%
8-10-2026 18:43:51-debug: [Build Memory track]: Query asset bundle start:227.45MB, end 227.34MB, increase: -118.18KB
8-10-2026 18:43:51-debug: Query asset bundle start, progress: 5%
8-10-2026 18:43:51-debug: // ---- build task Query asset bundle ----
8-10-2026 18:43:51-debug: // ---- build task Query asset bundle ---- (2ms)
8-10-2026 18:43:51-log: run build task Query asset bundle success in 2 ms√, progress: 10%
8-10-2026 18:43:51-debug: [Build Memory track]: Query asset bundle start:227.37MB, end 227.51MB, increase: 146.04KB
8-10-2026 18:43:51-debug: // ---- build task Sort some build options to settings.json ----
8-10-2026 18:43:51-debug: Sort some build options to settings.json start, progress: 10%
8-10-2026 18:43:51-log: run build task Sort some build options to settings.json success in √, progress: 12%
8-10-2026 18:43:51-debug: [Build Memory track]: Sort some build options to settings.json start:227.54MB, end 227.56MB, increase: 17.73KB
8-10-2026 18:43:51-debug: Fill script data to settings start, progress: 12%
8-10-2026 18:43:51-debug: // ---- build task Fill script data to settings ----
8-10-2026 18:43:51-debug: // ---- build task Fill script data to settings ---- (1ms)
8-10-2026 18:43:51-log: run build task Fill script data to settings success in 1 ms√, progress: 13%
8-10-2026 18:43:51-debug: [Build Memory track]: Fill script data to settings start:227.59MB, end 227.61MB, increase: 26.14KB
8-10-2026 18:43:51-debug: Sort some build options to settings.json start, progress: 13%
8-10-2026 18:43:51-debug: // ---- build task Sort some build options to settings.json ----
8-10-2026 18:43:51-debug: // ---- build task Sort some build options to settings.json ---- (5ms)
8-10-2026 18:43:51-log: run build task Sort some build options to settings.json success in 5 ms√, progress: 15%
8-10-2026 18:43:51-debug: [Build Memory track]: Sort some build options to settings.json start:227.64MB, end 227.77MB, increase: 128.95KB
8-10-2026 18:44:08-debug: Query all assets info in project
8-10-2026 18:44:08-debug: init custom config: keepNodeUuid: false, useCache: true
8-10-2026 18:44:08-debug: Skip compress image, progress: 0%
8-10-2026 18:44:09-debug: Init all bundles start..., progress: 0%
8-10-2026 18:44:09-debug: Query asset bundle start, progress: 0%
8-10-2026 18:44:09-debug: // ---- build task Query asset bundle ----
8-10-2026 18:44:09-debug: Init bundle root assets start..., progress: 0%
8-10-2026 18:44:09-debug: Num of bundles: 2..., progress: 0%
8-10-2026 18:44:09-debug: Query preload assets/scripts from cc.config.json: 60f7195c-ec2a-45eb-ba94-8955f60e81d0,1c02ae6f-4492-4915-b8f8-7492a3b1e4cd,810e96e4-e456-4468-9b59-f4e8f39732c0,efe8e2a3-eace-427b-b4f1-cb8a937ec77d,e9aa9a3e-5b2b-4ac7-a2c7-073de2b2b24f,8bbdbcdd-5cd4-4100-b6d5-b7c9625b6107,50f4348b-c883-4e2f-8f11-ce233b859fa1,fda095cb-831d-4601-ad94-846013963de8,f92806d7-1768-443f-afe8-12bcde84d0f0,dd3a144d-ab7f-41f0-82b8-2e43a090d496,f0416e68-0200-4b77-a926-4f9d16e494da,511d2633-09a7-4bdd-ac42-f778032124b3,5d45aa00-e064-4938-b314-4265f0c2258c,9361fd90-ba52-4f84-aa93-6e878fd576ca,970b0598-bcb0-4714-91fb-2e81440dccd8,bcd64cc6-2dd9-43f6-abbe-66318d332032,d930590d-bb92-4cc8-8bd1-23cd027f9edf,a3cd009f-0ab0-420d-9278-b9fdab939bbc,6a2d0734-bd9e-4ddf-946e-caa52498cb75,d9937e59-61fe-4ec6-92ab-7ac5a19c89b0,d1346436-ac96-4271-b863-1f4fdead95b0,971bdb23-3ff6-43eb-b422-1c30165a3663,17debcc3-0a6b-4b8a-b00b-dc58b885581e,711ebe11-f673-4cd9-9a83-63c60ba54c5b,c0143906-9aed-447e-9436-2ae8512d1b6e,14da1725-c4c2-42b4-ab08-ee0aeb6898b3,081cab31-dccd-428e-8652-f2404cc81c47,78e0584a-4343-4727-8f37-e14e65c2a2db,871c3b6c-7379-419d-bda3-794b239ab90d,ff9b0199-ce04-4cfe-86cc-6c719f08d6e4,de1c2107-70c8-4021-8459-6399f24d01c6,cbf30902-517f-40dc-af90-a550bac27cf1,5c601d96-e4c7-4698-991b-7ee674b11079
8-10-2026 18:44:09-debug:   Number of other assets: 486
8-10-2026 18:44:09-debug: Init bundle root assets success..., progress: 0%
8-10-2026 18:44:09-debug: // ---- build task Query asset bundle ---- (4ms)
8-10-2026 18:44:09-debug:   Number of all scripts: 41
8-10-2026 18:44:09-log: run build task Query asset bundle success in 4 ms√, progress: 5%
8-10-2026 18:44:09-debug: [Build Memory track]: Query asset bundle start:227.60MB, end 227.48MB, increase: -120.41KB
8-10-2026 18:44:09-debug:   Number of all scenes: 3
8-10-2026 18:44:09-debug: // ---- build task Query asset bundle ----
8-10-2026 18:44:09-debug: Query asset bundle start, progress: 5%
8-10-2026 18:44:09-debug: // ---- build task Query asset bundle ---- (2ms)
8-10-2026 18:44:09-log: run build task Query asset bundle success in 2 ms√, progress: 10%
8-10-2026 18:44:09-debug: [Build Memory track]: Query asset bundle start:227.51MB, end 227.65MB, increase: 144.54KB
8-10-2026 18:44:09-debug: Sort some build options to settings.json start, progress: 10%
8-10-2026 18:44:09-debug: // ---- build task Sort some build options to settings.json ----
8-10-2026 18:44:09-log: run build task Sort some build options to settings.json success in √, progress: 12%
8-10-2026 18:44:09-debug: [Build Memory track]: Sort some build options to settings.json start:227.68MB, end 227.70MB, increase: 17.68KB
8-10-2026 18:44:09-debug: Fill script data to settings start, progress: 12%
8-10-2026 18:44:09-debug: // ---- build task Fill script data to settings ----
8-10-2026 18:44:09-debug: // ---- build task Fill script data to settings ---- (1ms)
8-10-2026 18:44:09-debug: [Build Memory track]: Fill script data to settings start:227.73MB, end 227.75MB, increase: 26.17KB
8-10-2026 18:44:09-debug: Sort some build options to settings.json start, progress: 13%
8-10-2026 18:44:09-log: run build task Fill script data to settings success in 1 ms√, progress: 13%
8-10-2026 18:44:09-debug: // ---- build task Sort some build options to settings.json ----
8-10-2026 18:44:09-debug: // ---- build task Sort some build options to settings.json ---- (4ms)
8-10-2026 18:44:09-log: run build task Sort some build options to settings.json success in 4 ms√, progress: 15%
8-10-2026 18:44:09-debug: [Build Memory track]: Sort some build options to settings.json start:227.78MB, end 227.91MB, increase: 127.05KB
8-10-2026 18:44:27-debug: Query all assets info in project
8-10-2026 18:44:27-debug: init custom config: keepNodeUuid: false, useCache: true
8-10-2026 18:44:27-debug: Skip compress image, progress: 0%
8-10-2026 18:44:27-debug: Init all bundles start..., progress: 0%
8-10-2026 18:44:27-debug: // ---- build task Query asset bundle ----
8-10-2026 18:44:27-debug: Query asset bundle start, progress: 0%
8-10-2026 18:44:27-debug: Num of bundles: 2..., progress: 0%
8-10-2026 18:44:27-debug: Init bundle root assets start..., progress: 0%
8-10-2026 18:44:27-debug: Query preload assets/scripts from cc.config.json: 60f7195c-ec2a-45eb-ba94-8955f60e81d0,1c02ae6f-4492-4915-b8f8-7492a3b1e4cd,810e96e4-e456-4468-9b59-f4e8f39732c0,efe8e2a3-eace-427b-b4f1-cb8a937ec77d,e9aa9a3e-5b2b-4ac7-a2c7-073de2b2b24f,8bbdbcdd-5cd4-4100-b6d5-b7c9625b6107,50f4348b-c883-4e2f-8f11-ce233b859fa1,fda095cb-831d-4601-ad94-846013963de8,f92806d7-1768-443f-afe8-12bcde84d0f0,dd3a144d-ab7f-41f0-82b8-2e43a090d496,f0416e68-0200-4b77-a926-4f9d16e494da,511d2633-09a7-4bdd-ac42-f778032124b3,5d45aa00-e064-4938-b314-4265f0c2258c,9361fd90-ba52-4f84-aa93-6e878fd576ca,970b0598-bcb0-4714-91fb-2e81440dccd8,bcd64cc6-2dd9-43f6-abbe-66318d332032,d930590d-bb92-4cc8-8bd1-23cd027f9edf,a3cd009f-0ab0-420d-9278-b9fdab939bbc,6a2d0734-bd9e-4ddf-946e-caa52498cb75,d9937e59-61fe-4ec6-92ab-7ac5a19c89b0,d1346436-ac96-4271-b863-1f4fdead95b0,971bdb23-3ff6-43eb-b422-1c30165a3663,17debcc3-0a6b-4b8a-b00b-dc58b885581e,711ebe11-f673-4cd9-9a83-63c60ba54c5b,c0143906-9aed-447e-9436-2ae8512d1b6e,14da1725-c4c2-42b4-ab08-ee0aeb6898b3,081cab31-dccd-428e-8652-f2404cc81c47,78e0584a-4343-4727-8f37-e14e65c2a2db,871c3b6c-7379-419d-bda3-794b239ab90d,ff9b0199-ce04-4cfe-86cc-6c719f08d6e4,de1c2107-70c8-4021-8459-6399f24d01c6,cbf30902-517f-40dc-af90-a550bac27cf1,5c601d96-e4c7-4698-991b-7ee674b11079
8-10-2026 18:44:27-debug:   Number of all scenes: 3
8-10-2026 18:44:27-debug:   Number of all scripts: 41
8-10-2026 18:44:27-debug:   Number of other assets: 486
8-10-2026 18:44:27-debug: Init bundle root assets success..., progress: 0%
8-10-2026 18:44:27-debug: // ---- build task Query asset bundle ---- (9ms)
8-10-2026 18:44:27-log: run build task Query asset bundle success in 9 ms√, progress: 5%
8-10-2026 18:44:27-debug: [Build Memory track]: Query asset bundle start:227.74MB, end 227.62MB, increase: -122.25KB
8-10-2026 18:44:27-debug: Query asset bundle start, progress: 5%
8-10-2026 18:44:27-debug: // ---- build task Query asset bundle ----
8-10-2026 18:44:27-debug: // ---- build task Query asset bundle ---- (4ms)
8-10-2026 18:44:27-log: run build task Query asset bundle success in 4 ms√, progress: 10%
8-10-2026 18:44:27-debug: [Build Memory track]: Query asset bundle start:227.65MB, end 227.79MB, increase: 145.87KB
8-10-2026 18:44:27-debug: Sort some build options to settings.json start, progress: 10%
8-10-2026 18:44:27-debug: // ---- build task Sort some build options to settings.json ----
8-10-2026 18:44:27-debug: // ---- build task Sort some build options to settings.json ---- (2ms)
8-10-2026 18:44:27-log: run build task Sort some build options to settings.json success in 2 ms√, progress: 12%
8-10-2026 18:44:27-debug: Fill script data to settings start, progress: 12%
8-10-2026 18:44:27-debug: [Build Memory track]: Sort some build options to settings.json start:227.82MB, end 227.85MB, increase: 27.28KB
8-10-2026 18:44:27-debug: // ---- build task Fill script data to settings ----
8-10-2026 18:44:27-debug: // ---- build task Fill script data to settings ---- (1ms)
8-10-2026 18:44:27-debug: [Build Memory track]: Fill script data to settings start:227.88MB, end 227.90MB, increase: 26.81KB
8-10-2026 18:44:27-log: run build task Fill script data to settings success in 1 ms√, progress: 13%
8-10-2026 18:44:27-debug: Sort some build options to settings.json start, progress: 13%
8-10-2026 18:44:27-debug: // ---- build task Sort some build options to settings.json ----
8-10-2026 18:44:27-debug: // ---- build task Sort some build options to settings.json ---- (3ms)
8-10-2026 18:44:27-log: run build task Sort some build options to settings.json success in 3 ms√, progress: 15%
8-10-2026 18:44:27-debug: [Build Memory track]: Sort some build options to settings.json start:227.93MB, end 228.06MB, increase: 127.03KB
8-10-2026 18:44:43-debug: Query all assets info in project
8-10-2026 18:44:43-debug: init custom config: keepNodeUuid: false, useCache: true
8-10-2026 18:44:43-debug: Skip compress image, progress: 0%
8-10-2026 18:44:43-debug: Init all bundles start..., progress: 0%
8-10-2026 18:44:43-debug: Query asset bundle start, progress: 0%
8-10-2026 18:44:43-debug: Init bundle root assets start..., progress: 0%
8-10-2026 18:44:43-debug: Num of bundles: 2..., progress: 0%
8-10-2026 18:44:43-debug: // ---- build task Query asset bundle ----
8-10-2026 18:44:43-debug: Query preload assets/scripts from cc.config.json: 60f7195c-ec2a-45eb-ba94-8955f60e81d0,1c02ae6f-4492-4915-b8f8-7492a3b1e4cd,810e96e4-e456-4468-9b59-f4e8f39732c0,efe8e2a3-eace-427b-b4f1-cb8a937ec77d,e9aa9a3e-5b2b-4ac7-a2c7-073de2b2b24f,8bbdbcdd-5cd4-4100-b6d5-b7c9625b6107,50f4348b-c883-4e2f-8f11-ce233b859fa1,fda095cb-831d-4601-ad94-846013963de8,f92806d7-1768-443f-afe8-12bcde84d0f0,dd3a144d-ab7f-41f0-82b8-2e43a090d496,f0416e68-0200-4b77-a926-4f9d16e494da,511d2633-09a7-4bdd-ac42-f778032124b3,5d45aa00-e064-4938-b314-4265f0c2258c,9361fd90-ba52-4f84-aa93-6e878fd576ca,970b0598-bcb0-4714-91fb-2e81440dccd8,bcd64cc6-2dd9-43f6-abbe-66318d332032,d930590d-bb92-4cc8-8bd1-23cd027f9edf,a3cd009f-0ab0-420d-9278-b9fdab939bbc,6a2d0734-bd9e-4ddf-946e-caa52498cb75,d9937e59-61fe-4ec6-92ab-7ac5a19c89b0,d1346436-ac96-4271-b863-1f4fdead95b0,971bdb23-3ff6-43eb-b422-1c30165a3663,17debcc3-0a6b-4b8a-b00b-dc58b885581e,711ebe11-f673-4cd9-9a83-63c60ba54c5b,c0143906-9aed-447e-9436-2ae8512d1b6e,14da1725-c4c2-42b4-ab08-ee0aeb6898b3,081cab31-dccd-428e-8652-f2404cc81c47,78e0584a-4343-4727-8f37-e14e65c2a2db,871c3b6c-7379-419d-bda3-794b239ab90d,ff9b0199-ce04-4cfe-86cc-6c719f08d6e4,de1c2107-70c8-4021-8459-6399f24d01c6,cbf30902-517f-40dc-af90-a550bac27cf1,5c601d96-e4c7-4698-991b-7ee674b11079
8-10-2026 18:44:43-debug:   Number of other assets: 486
8-10-2026 18:44:43-debug: Init bundle root assets success..., progress: 0%
8-10-2026 18:44:43-debug:   Number of all scripts: 41
8-10-2026 18:44:43-debug:   Number of all scenes: 3
8-10-2026 18:44:43-debug: // ---- build task Query asset bundle ---- (5ms)
8-10-2026 18:44:43-log: run build task Query asset bundle success in 5 ms√, progress: 5%
8-10-2026 18:44:43-debug: [Build Memory track]: Query asset bundle start:227.89MB, end 227.77MB, increase: -118.52KB
8-10-2026 18:44:43-debug: // ---- build task Query asset bundle ----
8-10-2026 18:44:43-debug: Query asset bundle start, progress: 5%
8-10-2026 18:44:43-debug: // ---- build task Query asset bundle ---- (3ms)
8-10-2026 18:44:43-log: run build task Query asset bundle success in 3 ms√, progress: 10%
8-10-2026 18:44:43-debug: // ---- build task Sort some build options to settings.json ----
8-10-2026 18:44:43-debug: [Build Memory track]: Query asset bundle start:227.80MB, end 227.94MB, increase: 140.48KB
8-10-2026 18:44:43-debug: Sort some build options to settings.json start, progress: 10%
8-10-2026 18:44:43-debug: // ---- build task Sort some build options to settings.json ---- (1ms)
8-10-2026 18:44:43-log: run build task Sort some build options to settings.json success in 1 ms√, progress: 12%
8-10-2026 18:44:43-debug: [Build Memory track]: Sort some build options to settings.json start:227.97MB, end 227.99MB, increase: 27.28KB
8-10-2026 18:44:43-debug: Fill script data to settings start, progress: 12%
8-10-2026 18:44:43-debug: // ---- build task Fill script data to settings ----
8-10-2026 18:44:43-log: run build task Fill script data to settings success in √, progress: 13%
8-10-2026 18:44:43-debug: [Build Memory track]: Fill script data to settings start:228.02MB, end 228.04MB, increase: 17.51KB
8-10-2026 18:44:43-debug: Sort some build options to settings.json start, progress: 13%
8-10-2026 18:44:43-debug: // ---- build task Sort some build options to settings.json ----
8-10-2026 18:44:43-debug: // ---- build task Sort some build options to settings.json ---- (4ms)
8-10-2026 18:44:43-debug: [Build Memory track]: Sort some build options to settings.json start:228.07MB, end 228.19MB, increase: 126.26KB
8-10-2026 18:44:43-log: run build task Sort some build options to settings.json success in 4 ms√, progress: 15%
8-10-2026 18:44:59-debug: Query all assets info in project
8-10-2026 18:44:59-debug: init custom config: keepNodeUuid: false, useCache: true
8-10-2026 18:44:59-debug: Skip compress image, progress: 0%
8-10-2026 18:44:59-debug: Init all bundles start..., progress: 0%
8-10-2026 18:44:59-debug: Query asset bundle start, progress: 0%
8-10-2026 18:44:59-debug: // ---- build task Query asset bundle ----
8-10-2026 18:44:59-debug: Init bundle root assets start..., progress: 0%
8-10-2026 18:44:59-debug: Num of bundles: 2..., progress: 0%
8-10-2026 18:44:59-debug: Query preload assets/scripts from cc.config.json: 60f7195c-ec2a-45eb-ba94-8955f60e81d0,1c02ae6f-4492-4915-b8f8-7492a3b1e4cd,810e96e4-e456-4468-9b59-f4e8f39732c0,efe8e2a3-eace-427b-b4f1-cb8a937ec77d,e9aa9a3e-5b2b-4ac7-a2c7-073de2b2b24f,8bbdbcdd-5cd4-4100-b6d5-b7c9625b6107,50f4348b-c883-4e2f-8f11-ce233b859fa1,fda095cb-831d-4601-ad94-846013963de8,f92806d7-1768-443f-afe8-12bcde84d0f0,dd3a144d-ab7f-41f0-82b8-2e43a090d496,f0416e68-0200-4b77-a926-4f9d16e494da,511d2633-09a7-4bdd-ac42-f778032124b3,5d45aa00-e064-4938-b314-4265f0c2258c,9361fd90-ba52-4f84-aa93-6e878fd576ca,970b0598-bcb0-4714-91fb-2e81440dccd8,bcd64cc6-2dd9-43f6-abbe-66318d332032,d930590d-bb92-4cc8-8bd1-23cd027f9edf,a3cd009f-0ab0-420d-9278-b9fdab939bbc,6a2d0734-bd9e-4ddf-946e-caa52498cb75,d9937e59-61fe-4ec6-92ab-7ac5a19c89b0,d1346436-ac96-4271-b863-1f4fdead95b0,971bdb23-3ff6-43eb-b422-1c30165a3663,17debcc3-0a6b-4b8a-b00b-dc58b885581e,711ebe11-f673-4cd9-9a83-63c60ba54c5b,c0143906-9aed-447e-9436-2ae8512d1b6e,14da1725-c4c2-42b4-ab08-ee0aeb6898b3,081cab31-dccd-428e-8652-f2404cc81c47,78e0584a-4343-4727-8f37-e14e65c2a2db,871c3b6c-7379-419d-bda3-794b239ab90d,ff9b0199-ce04-4cfe-86cc-6c719f08d6e4,de1c2107-70c8-4021-8459-6399f24d01c6,cbf30902-517f-40dc-af90-a550bac27cf1,5c601d96-e4c7-4698-991b-7ee674b11079
8-10-2026 18:44:59-debug:   Number of all scripts: 41
8-10-2026 18:44:59-debug:   Number of other assets: 486
8-10-2026 18:44:59-debug: Init bundle root assets success..., progress: 0%
8-10-2026 18:44:59-debug:   Number of all scenes: 3
8-10-2026 18:44:59-debug: // ---- build task Query asset bundle ---- (5ms)
8-10-2026 18:44:59-log: run build task Query asset bundle success in 5 ms√, progress: 5%
8-10-2026 18:44:59-debug: [Build Memory track]: Query asset bundle start:228.03MB, end 227.91MB, increase: -120.98KB
8-10-2026 18:44:59-debug: Query asset bundle start, progress: 5%
8-10-2026 18:44:59-debug: // ---- build task Query asset bundle ----
8-10-2026 18:44:59-log: run build task Query asset bundle success in 3 ms√, progress: 10%
8-10-2026 18:44:59-debug: Sort some build options to settings.json start, progress: 10%
8-10-2026 18:44:59-debug: [Build Memory track]: Query asset bundle start:227.94MB, end 228.07MB, increase: 140.51KB
8-10-2026 18:44:59-debug: // ---- build task Sort some build options to settings.json ----
8-10-2026 18:44:59-debug: // ---- build task Query asset bundle ---- (3ms)
8-10-2026 18:44:59-log: run build task Sort some build options to settings.json success in √, progress: 12%
8-10-2026 18:44:59-debug: [Build Memory track]: Sort some build options to settings.json start:228.10MB, end 228.12MB, increase: 17.99KB
8-10-2026 18:44:59-debug: Fill script data to settings start, progress: 12%
8-10-2026 18:44:59-debug: // ---- build task Fill script data to settings ----
8-10-2026 18:44:59-debug: // ---- build task Fill script data to settings ---- (1ms)
8-10-2026 18:44:59-log: run build task Fill script data to settings success in 1 ms√, progress: 13%
8-10-2026 18:44:59-debug: [Build Memory track]: Fill script data to settings start:228.15MB, end 228.17MB, increase: 26.13KB
8-10-2026 18:44:59-debug: Sort some build options to settings.json start, progress: 13%
8-10-2026 18:44:59-debug: // ---- build task Sort some build options to settings.json ----
8-10-2026 18:44:59-debug: // ---- build task Sort some build options to settings.json ---- (7ms)
8-10-2026 18:44:59-log: run build task Sort some build options to settings.json success in 7 ms√, progress: 15%
8-10-2026 18:44:59-debug: [Build Memory track]: Sort some build options to settings.json start:228.20MB, end 228.33MB, increase: 127.35KB
8-10-2026 18:45:17-debug: Query all assets info in project
8-10-2026 18:45:17-debug: init custom config: keepNodeUuid: false, useCache: true
8-10-2026 18:45:17-debug: Skip compress image, progress: 0%
8-10-2026 18:45:17-debug: Init all bundles start..., progress: 0%
8-10-2026 18:45:17-debug: Num of bundles: 2..., progress: 0%
8-10-2026 18:45:17-debug: Query asset bundle start, progress: 0%
8-10-2026 18:45:17-debug: // ---- build task Query asset bundle ----
8-10-2026 18:45:17-debug: Init bundle root assets start..., progress: 0%
8-10-2026 18:45:17-debug: Query preload assets/scripts from cc.config.json: 60f7195c-ec2a-45eb-ba94-8955f60e81d0,1c02ae6f-4492-4915-b8f8-7492a3b1e4cd,810e96e4-e456-4468-9b59-f4e8f39732c0,efe8e2a3-eace-427b-b4f1-cb8a937ec77d,e9aa9a3e-5b2b-4ac7-a2c7-073de2b2b24f,8bbdbcdd-5cd4-4100-b6d5-b7c9625b6107,50f4348b-c883-4e2f-8f11-ce233b859fa1,fda095cb-831d-4601-ad94-846013963de8,f92806d7-1768-443f-afe8-12bcde84d0f0,dd3a144d-ab7f-41f0-82b8-2e43a090d496,f0416e68-0200-4b77-a926-4f9d16e494da,511d2633-09a7-4bdd-ac42-f778032124b3,5d45aa00-e064-4938-b314-4265f0c2258c,9361fd90-ba52-4f84-aa93-6e878fd576ca,970b0598-bcb0-4714-91fb-2e81440dccd8,bcd64cc6-2dd9-43f6-abbe-66318d332032,d930590d-bb92-4cc8-8bd1-23cd027f9edf,a3cd009f-0ab0-420d-9278-b9fdab939bbc,6a2d0734-bd9e-4ddf-946e-caa52498cb75,d9937e59-61fe-4ec6-92ab-7ac5a19c89b0,d1346436-ac96-4271-b863-1f4fdead95b0,971bdb23-3ff6-43eb-b422-1c30165a3663,17debcc3-0a6b-4b8a-b00b-dc58b885581e,711ebe11-f673-4cd9-9a83-63c60ba54c5b,c0143906-9aed-447e-9436-2ae8512d1b6e,14da1725-c4c2-42b4-ab08-ee0aeb6898b3,081cab31-dccd-428e-8652-f2404cc81c47,78e0584a-4343-4727-8f37-e14e65c2a2db,871c3b6c-7379-419d-bda3-794b239ab90d,ff9b0199-ce04-4cfe-86cc-6c719f08d6e4,de1c2107-70c8-4021-8459-6399f24d01c6,cbf30902-517f-40dc-af90-a550bac27cf1,5c601d96-e4c7-4698-991b-7ee674b11079
8-10-2026 18:45:17-debug:   Number of all scenes: 3
8-10-2026 18:45:17-debug:   Number of all scripts: 41
8-10-2026 18:45:17-debug: Init bundle root assets success..., progress: 0%
8-10-2026 18:45:17-debug:   Number of other assets: 486
8-10-2026 18:45:17-debug: // ---- build task Query asset bundle ---- (4ms)
8-10-2026 18:45:17-log: run build task Query asset bundle success in 4 ms√, progress: 5%
8-10-2026 18:45:17-debug: [Build Memory track]: Query asset bundle start:228.17MB, end 228.05MB, increase: -118.69KB
8-10-2026 18:45:17-debug: // ---- build task Query asset bundle ----
8-10-2026 18:45:17-debug: Query asset bundle start, progress: 5%
8-10-2026 18:45:17-debug: // ---- build task Query asset bundle ---- (2ms)
8-10-2026 18:45:17-log: run build task Query asset bundle success in 2 ms√, progress: 10%
8-10-2026 18:45:17-debug: [Build Memory track]: Query asset bundle start:228.08MB, end 228.22MB, increase: 142.58KB
8-10-2026 18:45:17-debug: Sort some build options to settings.json start, progress: 10%
8-10-2026 18:45:17-debug: // ---- build task Sort some build options to settings.json ----
8-10-2026 18:45:17-debug: // ---- build task Sort some build options to settings.json ---- (1ms)
8-10-2026 18:45:17-log: run build task Sort some build options to settings.json success in 1 ms√, progress: 12%
8-10-2026 18:45:17-debug: Fill script data to settings start, progress: 12%
8-10-2026 18:45:17-debug: [Build Memory track]: Sort some build options to settings.json start:228.25MB, end 228.27MB, increase: 27.23KB
8-10-2026 18:45:17-debug: // ---- build task Fill script data to settings ----
8-10-2026 18:45:17-log: run build task Fill script data to settings success in √, progress: 13%
8-10-2026 18:45:17-debug: Sort some build options to settings.json start, progress: 13%
8-10-2026 18:45:17-debug: [Build Memory track]: Fill script data to settings start:228.30MB, end 228.32MB, increase: 17.46KB
8-10-2026 18:45:17-debug: // ---- build task Sort some build options to settings.json ----
8-10-2026 18:45:17-debug: // ---- build task Sort some build options to settings.json ---- (4ms)
8-10-2026 18:45:17-log: run build task Sort some build options to settings.json success in 4 ms√, progress: 15%
8-10-2026 18:45:17-debug: [Build Memory track]: Sort some build options to settings.json start:228.35MB, end 228.47MB, increase: 126.26KB
8-10-2026 18:45:32-debug: Query all assets info in project
8-10-2026 18:45:32-debug: init custom config: keepNodeUuid: false, useCache: true
8-10-2026 18:45:32-debug: Skip compress image, progress: 0%
8-10-2026 18:45:32-debug: Init all bundles start..., progress: 0%
8-10-2026 18:45:32-debug: Num of bundles: 2..., progress: 0%
8-10-2026 18:45:32-debug: Query asset bundle start, progress: 0%
8-10-2026 18:45:32-debug: Init bundle root assets start..., progress: 0%
8-10-2026 18:45:32-debug: // ---- build task Query asset bundle ----
8-10-2026 18:45:32-debug: Query preload assets/scripts from cc.config.json: 60f7195c-ec2a-45eb-ba94-8955f60e81d0,1c02ae6f-4492-4915-b8f8-7492a3b1e4cd,810e96e4-e456-4468-9b59-f4e8f39732c0,efe8e2a3-eace-427b-b4f1-cb8a937ec77d,e9aa9a3e-5b2b-4ac7-a2c7-073de2b2b24f,8bbdbcdd-5cd4-4100-b6d5-b7c9625b6107,50f4348b-c883-4e2f-8f11-ce233b859fa1,fda095cb-831d-4601-ad94-846013963de8,f92806d7-1768-443f-afe8-12bcde84d0f0,dd3a144d-ab7f-41f0-82b8-2e43a090d496,f0416e68-0200-4b77-a926-4f9d16e494da,511d2633-09a7-4bdd-ac42-f778032124b3,5d45aa00-e064-4938-b314-4265f0c2258c,9361fd90-ba52-4f84-aa93-6e878fd576ca,970b0598-bcb0-4714-91fb-2e81440dccd8,bcd64cc6-2dd9-43f6-abbe-66318d332032,d930590d-bb92-4cc8-8bd1-23cd027f9edf,a3cd009f-0ab0-420d-9278-b9fdab939bbc,6a2d0734-bd9e-4ddf-946e-caa52498cb75,d9937e59-61fe-4ec6-92ab-7ac5a19c89b0,d1346436-ac96-4271-b863-1f4fdead95b0,971bdb23-3ff6-43eb-b422-1c30165a3663,17debcc3-0a6b-4b8a-b00b-dc58b885581e,711ebe11-f673-4cd9-9a83-63c60ba54c5b,c0143906-9aed-447e-9436-2ae8512d1b6e,14da1725-c4c2-42b4-ab08-ee0aeb6898b3,081cab31-dccd-428e-8652-f2404cc81c47,78e0584a-4343-4727-8f37-e14e65c2a2db,871c3b6c-7379-419d-bda3-794b239ab90d,ff9b0199-ce04-4cfe-86cc-6c719f08d6e4,de1c2107-70c8-4021-8459-6399f24d01c6,cbf30902-517f-40dc-af90-a550bac27cf1,5c601d96-e4c7-4698-991b-7ee674b11079
8-10-2026 18:45:32-debug:   Number of other assets: 486
8-10-2026 18:45:32-debug: Init bundle root assets success..., progress: 0%
8-10-2026 18:45:32-debug:   Number of all scenes: 3
8-10-2026 18:45:32-debug:   Number of all scripts: 41
8-10-2026 18:45:32-debug: // ---- build task Query asset bundle ---- (7ms)
8-10-2026 18:45:32-log: run build task Query asset bundle success in 7 ms√, progress: 5%
8-10-2026 18:45:32-debug: [Build Memory track]: Query asset bundle start:228.32MB, end 228.20MB, increase: -117.93KB
8-10-2026 18:45:32-debug: Query asset bundle start, progress: 5%
8-10-2026 18:45:32-debug: // ---- build task Query asset bundle ----
8-10-2026 18:45:32-debug: // ---- build task Query asset bundle ---- (3ms)
8-10-2026 18:45:32-log: run build task Query asset bundle success in 3 ms√, progress: 10%
8-10-2026 18:45:32-debug: [Build Memory track]: Query asset bundle start:228.23MB, end 228.37MB, increase: 140.53KB
8-10-2026 18:45:32-debug: Sort some build options to settings.json start, progress: 10%
8-10-2026 18:45:32-debug: // ---- build task Sort some build options to settings.json ----
8-10-2026 18:45:32-debug: // ---- build task Sort some build options to settings.json ---- (1ms)
8-10-2026 18:45:32-log: run build task Sort some build options to settings.json success in 1 ms√, progress: 12%
8-10-2026 18:45:32-debug: [Build Memory track]: Sort some build options to settings.json start:228.40MB, end 228.42MB, increase: 27.31KB
8-10-2026 18:45:32-debug: Fill script data to settings start, progress: 12%
8-10-2026 18:45:32-debug: // ---- build task Fill script data to settings ----
8-10-2026 18:45:32-debug: // ---- build task Fill script data to settings ---- (1ms)
8-10-2026 18:45:32-log: run build task Fill script data to settings success in 1 ms√, progress: 13%
8-10-2026 18:45:32-debug: [Build Memory track]: Fill script data to settings start:228.45MB, end 228.48MB, increase: 26.79KB
8-10-2026 18:45:32-debug: Sort some build options to settings.json start, progress: 13%
8-10-2026 18:45:32-debug: // ---- build task Sort some build options to settings.json ----
8-10-2026 18:45:32-debug: // ---- build task Sort some build options to settings.json ---- (6ms)
8-10-2026 18:45:32-log: run build task Sort some build options to settings.json success in 6 ms√, progress: 15%
8-10-2026 18:45:32-debug: [Build Memory track]: Sort some build options to settings.json start:228.51MB, end 228.63MB, increase: 128.36KB
8-10-2026 18:52:10-debug: refresh db internal success
8-10-2026 18:52:10-debug: refresh db assets success
8-10-2026 18:52:10-debug: Run asset db hook engine-extends:afterRefresh success!
8-10-2026 18:52:10-debug: Run asset db hook engine-extends:afterRefresh ...
8-10-2026 18:52:10-debug: asset-db:refresh-all-database (58ms)
8-10-2026 18:52:10-debug: asset-db:worker-effect-data-processing (1ms)
8-10-2026 18:52:10-debug: asset-db-hook-engine-extends-afterRefresh (1ms)
8-10-2026 18:52:12-debug: %cImport%c: D:\Works\Github\BattleGame\assets\Test.scenebackground: #aaff85; color: #000;color: #000;
8-10-2026 18:52:12-debug: asset-db:reimport-asset1effe86e-a401-4769-9dbc-62218c68834d (17ms)
8-10-2026 18:52:13-debug: Query all assets info in project
8-10-2026 18:52:13-debug: Skip compress image, progress: 0%
8-10-2026 18:52:13-debug: init custom config: keepNodeUuid: false, useCache: true
8-10-2026 18:52:13-debug: Init all bundles start..., progress: 0%
8-10-2026 18:52:13-debug: Num of bundles: 2..., progress: 0%
8-10-2026 18:52:13-debug: Query asset bundle start, progress: 0%
8-10-2026 18:52:13-debug: // ---- build task Query asset bundle ----
8-10-2026 18:52:13-debug: Init bundle root assets start..., progress: 0%
8-10-2026 18:52:13-debug: Query preload assets/scripts from cc.config.json: 60f7195c-ec2a-45eb-ba94-8955f60e81d0,1c02ae6f-4492-4915-b8f8-7492a3b1e4cd,810e96e4-e456-4468-9b59-f4e8f39732c0,efe8e2a3-eace-427b-b4f1-cb8a937ec77d,e9aa9a3e-5b2b-4ac7-a2c7-073de2b2b24f,8bbdbcdd-5cd4-4100-b6d5-b7c9625b6107,50f4348b-c883-4e2f-8f11-ce233b859fa1,fda095cb-831d-4601-ad94-846013963de8,f92806d7-1768-443f-afe8-12bcde84d0f0,dd3a144d-ab7f-41f0-82b8-2e43a090d496,f0416e68-0200-4b77-a926-4f9d16e494da,511d2633-09a7-4bdd-ac42-f778032124b3,5d45aa00-e064-4938-b314-4265f0c2258c,9361fd90-ba52-4f84-aa93-6e878fd576ca,970b0598-bcb0-4714-91fb-2e81440dccd8,bcd64cc6-2dd9-43f6-abbe-66318d332032,d930590d-bb92-4cc8-8bd1-23cd027f9edf,a3cd009f-0ab0-420d-9278-b9fdab939bbc,6a2d0734-bd9e-4ddf-946e-caa52498cb75,d9937e59-61fe-4ec6-92ab-7ac5a19c89b0,d1346436-ac96-4271-b863-1f4fdead95b0,971bdb23-3ff6-43eb-b422-1c30165a3663,17debcc3-0a6b-4b8a-b00b-dc58b885581e,711ebe11-f673-4cd9-9a83-63c60ba54c5b,c0143906-9aed-447e-9436-2ae8512d1b6e,14da1725-c4c2-42b4-ab08-ee0aeb6898b3,081cab31-dccd-428e-8652-f2404cc81c47,78e0584a-4343-4727-8f37-e14e65c2a2db,871c3b6c-7379-419d-bda3-794b239ab90d,ff9b0199-ce04-4cfe-86cc-6c719f08d6e4,de1c2107-70c8-4021-8459-6399f24d01c6,cbf30902-517f-40dc-af90-a550bac27cf1,5c601d96-e4c7-4698-991b-7ee674b11079
8-10-2026 18:52:13-debug:   Number of all scenes: 3
8-10-2026 18:52:13-debug:   Number of all scripts: 41
8-10-2026 18:52:13-debug: Init bundle root assets success..., progress: 0%
8-10-2026 18:52:13-debug:   Number of other assets: 486
8-10-2026 18:52:13-debug: // ---- build task Query asset bundle ---- (4ms)
8-10-2026 18:52:13-debug: [Build Memory track]: Query asset bundle start:230.91MB, end 230.73MB, increase: -185.48KB
8-10-2026 18:52:13-debug: // ---- build task Query asset bundle ----
8-10-2026 18:52:13-log: run build task Query asset bundle success in 4 ms√, progress: 5%
8-10-2026 18:52:13-debug: Query asset bundle start, progress: 5%
8-10-2026 18:52:13-debug: // ---- build task Query asset bundle ---- (4ms)
8-10-2026 18:52:13-log: run build task Query asset bundle success in 4 ms√, progress: 10%
8-10-2026 18:52:13-debug: [Build Memory track]: Query asset bundle start:230.76MB, end 230.90MB, increase: 142.44KB
8-10-2026 18:52:13-debug: // ---- build task Sort some build options to settings.json ----
8-10-2026 18:52:13-debug: Sort some build options to settings.json start, progress: 10%
8-10-2026 18:52:13-log: run build task Sort some build options to settings.json success in √, progress: 12%
8-10-2026 18:52:13-debug: [Build Memory track]: Sort some build options to settings.json start:230.93MB, end 230.95MB, increase: 17.86KB
8-10-2026 18:52:13-debug: // ---- build task Fill script data to settings ----
8-10-2026 18:52:13-debug: Fill script data to settings start, progress: 12%
8-10-2026 18:52:13-log: run build task Fill script data to settings success in √, progress: 13%
8-10-2026 18:52:13-debug: [Build Memory track]: Fill script data to settings start:230.97MB, end 230.99MB, increase: 16.46KB
8-10-2026 18:52:13-debug: Sort some build options to settings.json start, progress: 13%
8-10-2026 18:52:13-debug: // ---- build task Sort some build options to settings.json ----
8-10-2026 18:52:13-debug: // ---- build task Sort some build options to settings.json ---- (3ms)
8-10-2026 18:52:13-log: run build task Sort some build options to settings.json success in 3 ms√, progress: 15%
8-10-2026 18:52:13-debug: [Build Memory track]: Sort some build options to settings.json start:231.02MB, end 231.14MB, increase: 126.10KB
