8-10-2026 02:03:03-log: Cannot access game frame or container.
8-10-2026 02:03:04-debug: asset-db:require-engine-code (1970ms)
8-10-2026 02:03:04-log: meshopt wasm decoder initialized
8-10-2026 02:03:05-log: [bullet]:bullet wasm lib loaded.
8-10-2026 02:03:05-log: [box2d]:box2d wasm lib loaded.
8-10-2026 02:03:05-log: Cocos Creator v3.8.8
8-10-2026 02:03:05-log: Using legacy pipeline
8-10-2026 02:03:05-log: Forward render pipeline initialized.
8-10-2026 02:03:05-debug: [Assets Memory track]: asset-db:worker-init: initEngine start:28.57MB, end 79.51MB, increase: 50.93MB
8-10-2026 02:03:08-debug: [Assets Memory track]: asset-db:worker-init: initPlugin start:79.55MB, end 244.31MB, increase: 164.76MB
8-10-2026 02:03:08-debug: asset-db:worker-init: initPlugin (3260ms)
8-10-2026 02:03:08-debug: [Assets Memory track]: asset-db:worker-init start:28.57MB, end 239.89MB, increase: 211.33MB
8-10-2026 02:03:08-debug: Run asset db hook programming:beforePreStart ...
8-10-2026 02:03:08-debug: Run asset db hook programming:beforePreStart success!
8-10-2026 02:03:08-debug: Run asset db hook engine-extends:beforePreStart ...
8-10-2026 02:03:08-debug: Run asset db hook engine-extends:beforePreStart success!
8-10-2026 02:03:14-debug: asset-db:worker-init (12046ms)
8-10-2026 02:03:14-debug: asset-db-hook-programming-beforePreStart (6485ms)
8-10-2026 02:03:14-debug: asset-db-hook-engine-extends-beforePreStart (6483ms)
8-10-2026 02:03:17-debug: Preimport db internal success
8-10-2026 02:03:18-debug: Run asset db hook programming:afterPreStart ...
8-10-2026 02:03:18-debug: Preimport db assets success
8-10-2026 02:03:18-debug: starting packer-driver...
8-10-2026 02:03:20-debug: initialize scripting environment...
8-10-2026 02:03:20-debug: [[Executor]] prepare before lock
8-10-2026 02:03:20-debug: Set detail map pack:///resolution-detail-map.json: {}
8-10-2026 02:03:20-debug: [[Executor]] prepare after unlock
8-10-2026 02:03:20-debug: Run asset db hook engine-extends:afterPreStart ...
8-10-2026 02:03:20-debug: Run asset db hook programming:afterPreStart success!
8-10-2026 02:03:20-debug: [Assets Memory track]: asset-db:worker-init: preStart start:239.91MB, end 245.55MB, increase: 5.65MB
8-10-2026 02:03:20-debug: Start up the 'internal' database...
8-10-2026 02:03:20-debug: Run asset db hook engine-extends:afterPreStart success!
8-10-2026 02:03:23-debug: asset-db-hook-programming-afterPreStart (5012ms)
8-10-2026 02:03:23-debug: asset-db-hook-engine-extends-afterPreStart (3085ms)
8-10-2026 02:03:23-debug: asset-db:worker-effect-data-processing (3085ms)
8-10-2026 02:03:23-debug: Run asset db hook engine-extends:afterStartDB ...
8-10-2026 02:03:24-debug: recompile effect.bin success
8-10-2026 02:03:24-debug: Run asset db hook engine-extends:afterStartDB success!
8-10-2026 02:03:24-debug: Start up the 'assets' database...
8-10-2026 02:03:25-debug: asset-db:worker-effect-data-processing (2513ms)
8-10-2026 02:03:25-debug: asset-db-hook-engine-extends-afterStartDB (2513ms)
8-10-2026 02:03:25-debug: Run asset db hook engine-extends:afterStartDB ...
8-10-2026 02:03:26-debug: recompile effect.bin success
8-10-2026 02:03:26-debug: lazy register asset handler *
8-10-2026 02:03:26-debug: Run asset db hook engine-extends:afterStartDB success!
8-10-2026 02:03:26-debug: lazy register asset handler directory
8-10-2026 02:03:26-debug: lazy register asset handler text
8-10-2026 02:03:26-debug: lazy register asset handler spine-data
8-10-2026 02:03:26-debug: lazy register asset handler dragonbones
8-10-2026 02:03:26-debug: lazy register asset handler dragonbones-atlas
8-10-2026 02:03:26-debug: lazy register asset handler terrain
8-10-2026 02:03:26-debug: lazy register asset handler javascript
8-10-2026 02:03:26-debug: lazy register asset handler json
8-10-2026 02:03:26-debug: lazy register asset handler typescript
8-10-2026 02:03:26-debug: lazy register asset handler sprite-frame
8-10-2026 02:03:26-debug: lazy register asset handler prefab
8-10-2026 02:03:26-debug: lazy register asset handler tiled-map
8-10-2026 02:03:26-debug: lazy register asset handler scene
8-10-2026 02:03:26-debug: lazy register asset handler buffer
8-10-2026 02:03:26-debug: lazy register asset handler alpha-image
8-10-2026 02:03:26-debug: lazy register asset handler sign-image
8-10-2026 02:03:26-debug: lazy register asset handler image
8-10-2026 02:03:26-debug: lazy register asset handler texture-cube
8-10-2026 02:03:26-debug: lazy register asset handler erp-texture-cube
8-10-2026 02:03:26-debug: lazy register asset handler texture-cube-face
8-10-2026 02:03:26-debug: lazy register asset handler texture
8-10-2026 02:03:26-debug: lazy register asset handler render-texture
8-10-2026 02:03:26-debug: lazy register asset handler rt-sprite-frame
8-10-2026 02:03:26-debug: lazy register asset handler gltf-animation
8-10-2026 02:03:26-debug: lazy register asset handler gltf
8-10-2026 02:03:26-debug: lazy register asset handler gltf-mesh
8-10-2026 02:03:26-debug: lazy register asset handler gltf-skeleton
8-10-2026 02:03:26-debug: lazy register asset handler gltf-embeded-image
8-10-2026 02:03:26-debug: lazy register asset handler gltf-material
8-10-2026 02:03:26-debug: lazy register asset handler fbx
8-10-2026 02:03:26-debug: lazy register asset handler material
8-10-2026 02:03:26-debug: lazy register asset handler gltf-scene
8-10-2026 02:03:26-debug: lazy register asset handler physics-material
8-10-2026 02:03:26-debug: lazy register asset handler effect-header
8-10-2026 02:03:26-debug: lazy register asset handler effect
8-10-2026 02:03:26-debug: lazy register asset handler audio-clip
8-10-2026 02:03:26-debug: lazy register asset handler animation-graph
8-10-2026 02:03:26-debug: lazy register asset handler animation-graph-variant
8-10-2026 02:03:26-debug: lazy register asset handler animation-mask
8-10-2026 02:03:26-debug: lazy register asset handler ttf-font
8-10-2026 02:03:26-debug: lazy register asset handler animation-clip
8-10-2026 02:03:26-debug: lazy register asset handler sprite-atlas
8-10-2026 02:03:26-debug: lazy register asset handler auto-atlas
8-10-2026 02:03:26-debug: lazy register asset handler bitmap-font
8-10-2026 02:03:26-debug: lazy register asset handler render-pipeline
8-10-2026 02:03:26-debug: lazy register asset handler label-atlas
8-10-2026 02:03:26-debug: lazy register asset handler render-stage
8-10-2026 02:03:26-debug: lazy register asset handler particle
8-10-2026 02:03:26-debug: lazy register asset handler instantiation-material
8-10-2026 02:03:26-debug: lazy register asset handler instantiation-mesh
8-10-2026 02:03:26-debug: lazy register asset handler instantiation-skeleton
8-10-2026 02:03:26-debug: lazy register asset handler render-flow
8-10-2026 02:03:26-debug: lazy register asset handler instantiation-animation
8-10-2026 02:03:26-debug: lazy register asset handler video-clip
8-10-2026 02:03:26-debug: asset-db:worker-effect-data-processing (599ms)
8-10-2026 02:03:26-debug: asset-db-hook-engine-extends-afterStartDB (600ms)
8-10-2026 02:03:26-debug: asset-db:start-database (18056ms)
8-10-2026 02:03:26-debug: asset-db:ready (30014ms)
8-10-2026 02:03:26-debug: init worker message success
8-10-2026 02:03:26-debug: programming:execute-script (14ms)
8-10-2026 02:03:27-debug: [Build Memory track]: builder:worker-init start:219.32MB, end 227.61MB, increase: 8.29MB
8-10-2026 02:03:27-debug: builder:worker-init (840ms)
8-10-2026 02:24:14-debug: refresh db internal success
8-10-2026 02:24:14-debug: %cImport%c: F:\Github\BattleGame\assets\scripts\BattleCardDatabase.tsbackground: #aaff85; color: #000;color: #000;
8-10-2026 02:24:14-debug: %cImport%c: F:\Github\BattleGame\assets\scripts\BattleCardRuntime.tsbackground: #aaff85; color: #000;color: #000;
8-10-2026 02:24:14-debug: %cImport%c: F:\Github\BattleGame\assets\scriptsbackground: #aaff85; color: #000;color: #000;
8-10-2026 02:24:14-debug: %cImport%c: F:\Github\BattleGame\assets\Test.scenebackground: #aaff85; color: #000;color: #000;
8-10-2026 02:24:14-debug: %cImport%c: F:\Github\BattleGame\assets\scripts\BattleTelemetry.tsbackground: #aaff85; color: #000;color: #000;
8-10-2026 02:24:14-debug: %cImport%c: F:\Github\BattleGame\assets\scripts\GameManager.tsbackground: #aaff85; color: #000;color: #000;
8-10-2026 02:24:14-debug: %cImport%c: F:\Github\BattleGame\assets\scripts\LevelSettings.tsbackground: #aaff85; color: #000;color: #000;
8-10-2026 02:24:14-debug: %cImport%c: F:\Github\BattleGame\assets\scripts\Unit.tsbackground: #aaff85; color: #000;color: #000;
8-10-2026 02:24:14-debug: %cImport%c: F:\Github\BattleGame\assets\scripts\UnitBehavior.tsbackground: #aaff85; color: #000;color: #000;
8-10-2026 02:24:14-debug: refresh db assets success
8-10-2026 02:24:14-debug: Run asset db hook engine-extends:afterRefresh ...
8-10-2026 02:24:14-debug: Run asset db hook engine-extends:afterRefresh success!
8-10-2026 02:24:14-debug: asset-db:refresh-all-database (118ms)
8-10-2026 02:24:14-debug: asset-db:worker-effect-data-processing (1ms)
8-10-2026 02:24:14-debug: asset-db-hook-engine-extends-afterRefresh (1ms)
8-10-2026 02:24:38-debug: refresh db internal success
8-10-2026 02:24:38-debug: Run asset db hook engine-extends:afterRefresh ...
8-10-2026 02:24:38-debug: refresh db assets success
8-10-2026 02:24:38-debug: Run asset db hook engine-extends:afterRefresh success!
8-10-2026 02:24:38-debug: asset-db:refresh-all-database (93ms)
8-10-2026 02:24:38-debug: asset-db:worker-effect-data-processing (3ms)
8-10-2026 02:24:38-debug: asset-db-hook-engine-extends-afterRefresh (3ms)
8-10-2026 02:24:45-debug: refresh db internal success
8-10-2026 02:24:45-debug: refresh db assets success
8-10-2026 02:24:45-debug: Run asset db hook engine-extends:afterRefresh success!
8-10-2026 02:24:45-debug: Run asset db hook engine-extends:afterRefresh ...
8-10-2026 02:24:45-debug: asset-db:refresh-all-database (88ms)
8-10-2026 02:24:45-debug: asset-db:worker-effect-data-processing (3ms)
8-10-2026 02:24:45-debug: asset-db-hook-engine-extends-afterRefresh (4ms)
8-10-2026 02:24:47-debug: %cImport%c: F:\Github\BattleGame\assets\Test.scenebackground: #aaff85; color: #000;color: #000;
8-10-2026 02:24:47-debug: asset-db:reimport-asset1effe86e-a401-4769-9dbc-62218c68834d (31ms)
8-10-2026 02:24:51-debug: Query all assets info in project
8-10-2026 02:24:51-debug: init custom config: keepNodeUuid: false, useCache: true
8-10-2026 02:24:51-debug: Skip compress image, progress: 0%
8-10-2026 02:24:51-debug: Init all bundles start..., progress: 0%
8-10-2026 02:24:51-debug: Query asset bundle start, progress: 0%
8-10-2026 02:24:51-debug: Num of bundles: 2..., progress: 0%
8-10-2026 02:24:51-debug: // ---- build task Query asset bundle ----
8-10-2026 02:24:51-debug: Init bundle root assets start..., progress: 0%
8-10-2026 02:24:51-debug: Query preload assets/scripts from cc.config.json: 60f7195c-ec2a-45eb-ba94-8955f60e81d0,1c02ae6f-4492-4915-b8f8-7492a3b1e4cd,810e96e4-e456-4468-9b59-f4e8f39732c0,efe8e2a3-eace-427b-b4f1-cb8a937ec77d,e9aa9a3e-5b2b-4ac7-a2c7-073de2b2b24f,8bbdbcdd-5cd4-4100-b6d5-b7c9625b6107,50f4348b-c883-4e2f-8f11-ce233b859fa1,fda095cb-831d-4601-ad94-846013963de8,f92806d7-1768-443f-afe8-12bcde84d0f0,dd3a144d-ab7f-41f0-82b8-2e43a090d496,f0416e68-0200-4b77-a926-4f9d16e494da,511d2633-09a7-4bdd-ac42-f778032124b3,5d45aa00-e064-4938-b314-4265f0c2258c,9361fd90-ba52-4f84-aa93-6e878fd576ca,970b0598-bcb0-4714-91fb-2e81440dccd8,bcd64cc6-2dd9-43f6-abbe-66318d332032,d930590d-bb92-4cc8-8bd1-23cd027f9edf,a3cd009f-0ab0-420d-9278-b9fdab939bbc,6a2d0734-bd9e-4ddf-946e-caa52498cb75,d9937e59-61fe-4ec6-92ab-7ac5a19c89b0,d1346436-ac96-4271-b863-1f4fdead95b0,971bdb23-3ff6-43eb-b422-1c30165a3663,17debcc3-0a6b-4b8a-b00b-dc58b885581e,711ebe11-f673-4cd9-9a83-63c60ba54c5b,c0143906-9aed-447e-9436-2ae8512d1b6e,14da1725-c4c2-42b4-ab08-ee0aeb6898b3,081cab31-dccd-428e-8652-f2404cc81c47,78e0584a-4343-4727-8f37-e14e65c2a2db,871c3b6c-7379-419d-bda3-794b239ab90d,ff9b0199-ce04-4cfe-86cc-6c719f08d6e4,de1c2107-70c8-4021-8459-6399f24d01c6,cbf30902-517f-40dc-af90-a550bac27cf1,5c601d96-e4c7-4698-991b-7ee674b11079
8-10-2026 02:24:51-debug:   Number of all scripts: 41
8-10-2026 02:24:51-debug: Init bundle root assets success..., progress: 0%
8-10-2026 02:24:51-debug:   Number of all scenes: 3
8-10-2026 02:24:51-debug:   Number of other assets: 486
8-10-2026 02:24:51-debug: // ---- build task Query asset bundle ---- (15ms)
8-10-2026 02:24:51-log: run build task Query asset bundle success in 15 ms√, progress: 5%
8-10-2026 02:24:51-debug: [Build Memory track]: Query asset bundle start:227.15MB, end 227.15MB, increase: 7.70KB
8-10-2026 02:24:51-debug: // ---- build task Query asset bundle ----
8-10-2026 02:24:51-debug: Query asset bundle start, progress: 5%
8-10-2026 02:24:51-debug: // ---- build task Query asset bundle ---- (6ms)
8-10-2026 02:24:51-log: run build task Query asset bundle success in 6 ms√, progress: 10%
8-10-2026 02:24:51-debug: [Build Memory track]: Query asset bundle start:227.20MB, end 227.36MB, increase: 168.21KB
8-10-2026 02:24:51-debug: Sort some build options to settings.json start, progress: 10%
8-10-2026 02:24:51-debug: // ---- build task Sort some build options to settings.json ----
8-10-2026 02:24:51-debug: // ---- build task Sort some build options to settings.json ---- (3ms)
8-10-2026 02:24:51-log: run build task Sort some build options to settings.json success in 3 ms√, progress: 12%
8-10-2026 02:24:51-debug: [Build Memory track]: Sort some build options to settings.json start:227.40MB, end 227.43MB, increase: 33.85KB
8-10-2026 02:24:51-debug: Fill script data to settings start, progress: 12%
8-10-2026 02:24:51-debug: // ---- build task Fill script data to settings ----
8-10-2026 02:24:51-debug: // ---- build task Fill script data to settings ---- (5ms)
8-10-2026 02:24:51-log: run build task Fill script data to settings success in 5 ms√, progress: 13%
8-10-2026 02:24:51-debug: [Build Memory track]: Fill script data to settings start:227.48MB, end 227.51MB, increase: 35.36KB
8-10-2026 02:24:51-debug: Sort some build options to settings.json start, progress: 13%
8-10-2026 02:24:51-debug: // ---- build task Sort some build options to settings.json ----
8-10-2026 02:24:52-debug: // ---- build task Sort some build options to settings.json ---- (13ms)
8-10-2026 02:24:52-log: run build task Sort some build options to settings.json success in 13 ms√, progress: 15%
8-10-2026 02:24:52-debug: [Build Memory track]: Sort some build options to settings.json start:227.56MB, end 227.05MB, increase: -521.67KB
8-10-2026 02:24:56-debug: Query all assets info in project
8-10-2026 02:24:56-debug: init custom config: keepNodeUuid: false, useCache: true
8-10-2026 02:24:56-debug: Skip compress image, progress: 0%
8-10-2026 02:24:56-debug: Init all bundles start..., progress: 0%
8-10-2026 02:24:56-debug: Num of bundles: 2..., progress: 0%
8-10-2026 02:24:56-debug: // ---- build task Query asset bundle ----
8-10-2026 02:24:56-debug: Query asset bundle start, progress: 0%
8-10-2026 02:24:56-debug: Init bundle root assets start..., progress: 0%
8-10-2026 02:24:56-debug: Query preload assets/scripts from cc.config.json: 60f7195c-ec2a-45eb-ba94-8955f60e81d0,1c02ae6f-4492-4915-b8f8-7492a3b1e4cd,810e96e4-e456-4468-9b59-f4e8f39732c0,efe8e2a3-eace-427b-b4f1-cb8a937ec77d,e9aa9a3e-5b2b-4ac7-a2c7-073de2b2b24f,8bbdbcdd-5cd4-4100-b6d5-b7c9625b6107,50f4348b-c883-4e2f-8f11-ce233b859fa1,fda095cb-831d-4601-ad94-846013963de8,f92806d7-1768-443f-afe8-12bcde84d0f0,dd3a144d-ab7f-41f0-82b8-2e43a090d496,f0416e68-0200-4b77-a926-4f9d16e494da,511d2633-09a7-4bdd-ac42-f778032124b3,5d45aa00-e064-4938-b314-4265f0c2258c,9361fd90-ba52-4f84-aa93-6e878fd576ca,970b0598-bcb0-4714-91fb-2e81440dccd8,bcd64cc6-2dd9-43f6-abbe-66318d332032,d930590d-bb92-4cc8-8bd1-23cd027f9edf,a3cd009f-0ab0-420d-9278-b9fdab939bbc,6a2d0734-bd9e-4ddf-946e-caa52498cb75,d9937e59-61fe-4ec6-92ab-7ac5a19c89b0,d1346436-ac96-4271-b863-1f4fdead95b0,971bdb23-3ff6-43eb-b422-1c30165a3663,17debcc3-0a6b-4b8a-b00b-dc58b885581e,711ebe11-f673-4cd9-9a83-63c60ba54c5b,c0143906-9aed-447e-9436-2ae8512d1b6e,14da1725-c4c2-42b4-ab08-ee0aeb6898b3,081cab31-dccd-428e-8652-f2404cc81c47,78e0584a-4343-4727-8f37-e14e65c2a2db,871c3b6c-7379-419d-bda3-794b239ab90d,ff9b0199-ce04-4cfe-86cc-6c719f08d6e4,de1c2107-70c8-4021-8459-6399f24d01c6,cbf30902-517f-40dc-af90-a550bac27cf1,5c601d96-e4c7-4698-991b-7ee674b11079
8-10-2026 02:24:56-debug:   Number of all scenes: 3
8-10-2026 02:24:56-debug:   Number of other assets: 486
8-10-2026 02:24:56-debug: Init bundle root assets success..., progress: 0%
8-10-2026 02:24:56-debug:   Number of all scripts: 41
8-10-2026 02:24:56-debug: // ---- build task Query asset bundle ---- (12ms)
8-10-2026 02:24:56-log: run build task Query asset bundle success in 12 ms√, progress: 5%
8-10-2026 02:24:56-debug: [Build Memory track]: Query asset bundle start:227.72MB, end 227.76MB, increase: 34.36KB
8-10-2026 02:24:56-debug: // ---- build task Query asset bundle ----
8-10-2026 02:24:56-debug: Query asset bundle start, progress: 5%
8-10-2026 02:24:56-debug: // ---- build task Query asset bundle ---- (6ms)
8-10-2026 02:24:56-log: run build task Query asset bundle success in 6 ms√, progress: 10%
8-10-2026 02:24:56-debug: Sort some build options to settings.json start, progress: 10%
8-10-2026 02:24:56-debug: [Build Memory track]: Query asset bundle start:227.80MB, end 227.41MB, increase: -394.97KB
8-10-2026 02:24:56-debug: // ---- build task Sort some build options to settings.json ----
8-10-2026 02:24:56-debug: // ---- build task Sort some build options to settings.json ---- (1ms)
8-10-2026 02:24:56-log: run build task Sort some build options to settings.json success in 1 ms√, progress: 12%
8-10-2026 02:24:56-debug: [Build Memory track]: Sort some build options to settings.json start:227.26MB, end 227.29MB, increase: 33.42KB
8-10-2026 02:24:56-debug: Fill script data to settings start, progress: 12%
8-10-2026 02:24:56-debug: // ---- build task Fill script data to settings ----
8-10-2026 02:24:56-debug: // ---- build task Fill script data to settings ---- (3ms)
8-10-2026 02:24:56-debug: [Build Memory track]: Fill script data to settings start:227.33MB, end 227.36MB, increase: 36.99KB
8-10-2026 02:24:56-debug: Sort some build options to settings.json start, progress: 13%
8-10-2026 02:24:56-log: run build task Fill script data to settings success in 3 ms√, progress: 13%
8-10-2026 02:24:56-debug: // ---- build task Sort some build options to settings.json ----
8-10-2026 02:24:56-debug: // ---- build task Sort some build options to settings.json ---- (26ms)
8-10-2026 02:24:56-log: run build task Sort some build options to settings.json success in 26 ms√, progress: 15%
8-10-2026 02:24:56-debug: [Build Memory track]: Sort some build options to settings.json start:227.40MB, end 227.53MB, increase: 134.29KB
8-10-2026 02:25:18-debug: Query all assets info in project
8-10-2026 02:25:18-debug: init custom config: keepNodeUuid: false, useCache: true
8-10-2026 02:25:18-debug: Skip compress image, progress: 0%
8-10-2026 02:25:18-debug: Init all bundles start..., progress: 0%
8-10-2026 02:25:18-debug: Num of bundles: 2..., progress: 0%
8-10-2026 02:25:18-debug: // ---- build task Query asset bundle ----
8-10-2026 02:25:18-debug: Query asset bundle start, progress: 0%
8-10-2026 02:25:18-debug: Init bundle root assets start..., progress: 0%
8-10-2026 02:25:18-debug:   Number of all scenes: 3
8-10-2026 02:25:18-debug: Query preload assets/scripts from cc.config.json: 60f7195c-ec2a-45eb-ba94-8955f60e81d0,1c02ae6f-4492-4915-b8f8-7492a3b1e4cd,810e96e4-e456-4468-9b59-f4e8f39732c0,efe8e2a3-eace-427b-b4f1-cb8a937ec77d,e9aa9a3e-5b2b-4ac7-a2c7-073de2b2b24f,8bbdbcdd-5cd4-4100-b6d5-b7c9625b6107,50f4348b-c883-4e2f-8f11-ce233b859fa1,fda095cb-831d-4601-ad94-846013963de8,f92806d7-1768-443f-afe8-12bcde84d0f0,dd3a144d-ab7f-41f0-82b8-2e43a090d496,f0416e68-0200-4b77-a926-4f9d16e494da,511d2633-09a7-4bdd-ac42-f778032124b3,5d45aa00-e064-4938-b314-4265f0c2258c,9361fd90-ba52-4f84-aa93-6e878fd576ca,970b0598-bcb0-4714-91fb-2e81440dccd8,bcd64cc6-2dd9-43f6-abbe-66318d332032,d930590d-bb92-4cc8-8bd1-23cd027f9edf,a3cd009f-0ab0-420d-9278-b9fdab939bbc,6a2d0734-bd9e-4ddf-946e-caa52498cb75,d9937e59-61fe-4ec6-92ab-7ac5a19c89b0,d1346436-ac96-4271-b863-1f4fdead95b0,971bdb23-3ff6-43eb-b422-1c30165a3663,17debcc3-0a6b-4b8a-b00b-dc58b885581e,711ebe11-f673-4cd9-9a83-63c60ba54c5b,c0143906-9aed-447e-9436-2ae8512d1b6e,14da1725-c4c2-42b4-ab08-ee0aeb6898b3,081cab31-dccd-428e-8652-f2404cc81c47,78e0584a-4343-4727-8f37-e14e65c2a2db,871c3b6c-7379-419d-bda3-794b239ab90d,ff9b0199-ce04-4cfe-86cc-6c719f08d6e4,de1c2107-70c8-4021-8459-6399f24d01c6,cbf30902-517f-40dc-af90-a550bac27cf1,5c601d96-e4c7-4698-991b-7ee674b11079
8-10-2026 02:25:18-debug:   Number of other assets: 486
8-10-2026 02:25:18-debug: Init bundle root assets success..., progress: 0%
8-10-2026 02:25:18-debug:   Number of all scripts: 41
8-10-2026 02:25:18-debug: // ---- build task Query asset bundle ---- (15ms)
8-10-2026 02:25:18-log: run build task Query asset bundle success in 15 ms√, progress: 5%
8-10-2026 02:25:18-debug: [Build Memory track]: Query asset bundle start:227.40MB, end 227.29MB, increase: -104.23KB
8-10-2026 02:25:18-debug: Query asset bundle start, progress: 5%
8-10-2026 02:25:18-debug: // ---- build task Query asset bundle ----
8-10-2026 02:25:18-debug: // ---- build task Query asset bundle ---- (15ms)
8-10-2026 02:25:18-log: run build task Query asset bundle success in 15 ms√, progress: 10%
8-10-2026 02:25:18-debug: [Build Memory track]: Query asset bundle start:227.33MB, end 227.47MB, increase: 146.45KB
8-10-2026 02:25:18-debug: Sort some build options to settings.json start, progress: 10%
8-10-2026 02:25:18-debug: // ---- build task Sort some build options to settings.json ----
8-10-2026 02:25:18-debug: // ---- build task Sort some build options to settings.json ---- (2ms)
8-10-2026 02:25:18-log: run build task Sort some build options to settings.json success in 2 ms√, progress: 12%
8-10-2026 02:25:18-debug: [Build Memory track]: Sort some build options to settings.json start:227.51MB, end 227.55MB, increase: 33.01KB
8-10-2026 02:25:18-debug: Fill script data to settings start, progress: 12%
8-10-2026 02:25:18-debug: // ---- build task Fill script data to settings ----
8-10-2026 02:25:18-debug: // ---- build task Fill script data to settings ---- (4ms)
8-10-2026 02:25:18-log: run build task Fill script data to settings success in 4 ms√, progress: 13%
8-10-2026 02:25:18-debug: Sort some build options to settings.json start, progress: 13%
8-10-2026 02:25:18-debug: [Build Memory track]: Fill script data to settings start:227.58MB, end 227.62MB, increase: 32.89KB
8-10-2026 02:25:18-debug: // ---- build task Sort some build options to settings.json ----
8-10-2026 02:25:18-debug: // ---- build task Sort some build options to settings.json ---- (15ms)
8-10-2026 02:25:18-log: run build task Sort some build options to settings.json success in 15 ms√, progress: 15%
8-10-2026 02:25:18-debug: [Build Memory track]: Sort some build options to settings.json start:227.65MB, end 227.80MB, increase: 153.79KB
8-10-2026 02:25:37-debug: Query all assets info in project
8-10-2026 02:25:37-debug: init custom config: keepNodeUuid: false, useCache: true
8-10-2026 02:25:37-debug: Skip compress image, progress: 0%
8-10-2026 02:25:37-debug: Init all bundles start..., progress: 0%
8-10-2026 02:25:37-debug: Num of bundles: 2..., progress: 0%
8-10-2026 02:25:37-debug: Query asset bundle start, progress: 0%
8-10-2026 02:25:37-debug: // ---- build task Query asset bundle ----
8-10-2026 02:25:37-debug: Init bundle root assets start..., progress: 0%
8-10-2026 02:25:37-debug: Query preload assets/scripts from cc.config.json: 60f7195c-ec2a-45eb-ba94-8955f60e81d0,1c02ae6f-4492-4915-b8f8-7492a3b1e4cd,810e96e4-e456-4468-9b59-f4e8f39732c0,efe8e2a3-eace-427b-b4f1-cb8a937ec77d,e9aa9a3e-5b2b-4ac7-a2c7-073de2b2b24f,8bbdbcdd-5cd4-4100-b6d5-b7c9625b6107,50f4348b-c883-4e2f-8f11-ce233b859fa1,fda095cb-831d-4601-ad94-846013963de8,f92806d7-1768-443f-afe8-12bcde84d0f0,dd3a144d-ab7f-41f0-82b8-2e43a090d496,f0416e68-0200-4b77-a926-4f9d16e494da,511d2633-09a7-4bdd-ac42-f778032124b3,5d45aa00-e064-4938-b314-4265f0c2258c,9361fd90-ba52-4f84-aa93-6e878fd576ca,970b0598-bcb0-4714-91fb-2e81440dccd8,bcd64cc6-2dd9-43f6-abbe-66318d332032,d930590d-bb92-4cc8-8bd1-23cd027f9edf,a3cd009f-0ab0-420d-9278-b9fdab939bbc,6a2d0734-bd9e-4ddf-946e-caa52498cb75,d9937e59-61fe-4ec6-92ab-7ac5a19c89b0,d1346436-ac96-4271-b863-1f4fdead95b0,971bdb23-3ff6-43eb-b422-1c30165a3663,17debcc3-0a6b-4b8a-b00b-dc58b885581e,711ebe11-f673-4cd9-9a83-63c60ba54c5b,c0143906-9aed-447e-9436-2ae8512d1b6e,14da1725-c4c2-42b4-ab08-ee0aeb6898b3,081cab31-dccd-428e-8652-f2404cc81c47,78e0584a-4343-4727-8f37-e14e65c2a2db,871c3b6c-7379-419d-bda3-794b239ab90d,ff9b0199-ce04-4cfe-86cc-6c719f08d6e4,de1c2107-70c8-4021-8459-6399f24d01c6,cbf30902-517f-40dc-af90-a550bac27cf1,5c601d96-e4c7-4698-991b-7ee674b11079
8-10-2026 02:25:37-debug:   Number of all scripts: 41
8-10-2026 02:25:37-debug: Init bundle root assets success..., progress: 0%
8-10-2026 02:25:37-debug:   Number of other assets: 486
8-10-2026 02:25:37-debug:   Number of all scenes: 3
8-10-2026 02:25:37-debug: // ---- build task Query asset bundle ---- (13ms)
8-10-2026 02:25:37-log: run build task Query asset bundle success in 13 ms√, progress: 5%
8-10-2026 02:25:37-debug: Query asset bundle start, progress: 5%
8-10-2026 02:25:37-debug: [Build Memory track]: Query asset bundle start:227.66MB, end 227.53MB, increase: -135.79KB
8-10-2026 02:25:37-debug: // ---- build task Query asset bundle ----
8-10-2026 02:25:37-debug: // ---- build task Query asset bundle ---- (10ms)
8-10-2026 02:25:37-log: run build task Query asset bundle success in 10 ms√, progress: 10%
8-10-2026 02:25:37-debug: [Build Memory track]: Query asset bundle start:227.56MB, end 227.71MB, increase: 146.45KB
8-10-2026 02:25:37-debug: Sort some build options to settings.json start, progress: 10%
8-10-2026 02:25:37-debug: // ---- build task Sort some build options to settings.json ----
8-10-2026 02:25:37-debug: // ---- build task Sort some build options to settings.json ---- (5ms)
8-10-2026 02:25:37-log: run build task Sort some build options to settings.json success in 5 ms√, progress: 12%
8-10-2026 02:25:37-debug: Fill script data to settings start, progress: 12%
8-10-2026 02:25:37-debug: [Build Memory track]: Sort some build options to settings.json start:227.75MB, end 227.78MB, increase: 33.29KB
8-10-2026 02:25:37-debug: // ---- build task Fill script data to settings ----
8-10-2026 02:25:37-debug: // ---- build task Fill script data to settings ---- (3ms)
8-10-2026 02:25:37-log: run build task Fill script data to settings success in 3 ms√, progress: 13%
8-10-2026 02:25:37-debug: [Build Memory track]: Fill script data to settings start:227.82MB, end 227.85MB, increase: 32.63KB
8-10-2026 02:25:37-debug: // ---- build task Sort some build options to settings.json ----
8-10-2026 02:25:37-debug: Sort some build options to settings.json start, progress: 13%
8-10-2026 02:25:37-debug: // ---- build task Sort some build options to settings.json ---- (17ms)
8-10-2026 02:25:37-log: run build task Sort some build options to settings.json success in 17 ms√, progress: 15%
8-10-2026 02:25:37-debug: [Build Memory track]: Sort some build options to settings.json start:227.89MB, end 228.02MB, increase: 139.22KB
8-10-2026 02:25:55-debug: Query all assets info in project
8-10-2026 02:25:55-debug: init custom config: keepNodeUuid: false, useCache: true
8-10-2026 02:25:55-debug: Skip compress image, progress: 0%
8-10-2026 02:25:55-debug: Init all bundles start..., progress: 0%
8-10-2026 02:25:55-debug: Num of bundles: 2..., progress: 0%
8-10-2026 02:25:55-debug: Query asset bundle start, progress: 0%
8-10-2026 02:25:55-debug: // ---- build task Query asset bundle ----
8-10-2026 02:25:55-debug: Init bundle root assets start..., progress: 0%
8-10-2026 02:25:55-debug: Query preload assets/scripts from cc.config.json: 60f7195c-ec2a-45eb-ba94-8955f60e81d0,1c02ae6f-4492-4915-b8f8-7492a3b1e4cd,810e96e4-e456-4468-9b59-f4e8f39732c0,efe8e2a3-eace-427b-b4f1-cb8a937ec77d,e9aa9a3e-5b2b-4ac7-a2c7-073de2b2b24f,8bbdbcdd-5cd4-4100-b6d5-b7c9625b6107,50f4348b-c883-4e2f-8f11-ce233b859fa1,fda095cb-831d-4601-ad94-846013963de8,f92806d7-1768-443f-afe8-12bcde84d0f0,dd3a144d-ab7f-41f0-82b8-2e43a090d496,f0416e68-0200-4b77-a926-4f9d16e494da,511d2633-09a7-4bdd-ac42-f778032124b3,5d45aa00-e064-4938-b314-4265f0c2258c,9361fd90-ba52-4f84-aa93-6e878fd576ca,970b0598-bcb0-4714-91fb-2e81440dccd8,bcd64cc6-2dd9-43f6-abbe-66318d332032,d930590d-bb92-4cc8-8bd1-23cd027f9edf,a3cd009f-0ab0-420d-9278-b9fdab939bbc,6a2d0734-bd9e-4ddf-946e-caa52498cb75,d9937e59-61fe-4ec6-92ab-7ac5a19c89b0,d1346436-ac96-4271-b863-1f4fdead95b0,971bdb23-3ff6-43eb-b422-1c30165a3663,17debcc3-0a6b-4b8a-b00b-dc58b885581e,711ebe11-f673-4cd9-9a83-63c60ba54c5b,c0143906-9aed-447e-9436-2ae8512d1b6e,14da1725-c4c2-42b4-ab08-ee0aeb6898b3,081cab31-dccd-428e-8652-f2404cc81c47,78e0584a-4343-4727-8f37-e14e65c2a2db,871c3b6c-7379-419d-bda3-794b239ab90d,ff9b0199-ce04-4cfe-86cc-6c719f08d6e4,de1c2107-70c8-4021-8459-6399f24d01c6,cbf30902-517f-40dc-af90-a550bac27cf1,5c601d96-e4c7-4698-991b-7ee674b11079
8-10-2026 02:25:55-debug:   Number of all scripts: 41
8-10-2026 02:25:55-debug:   Number of other assets: 486
8-10-2026 02:25:55-debug: Init bundle root assets success..., progress: 0%
8-10-2026 02:25:55-debug:   Number of all scenes: 3
8-10-2026 02:25:55-debug: // ---- build task Query asset bundle ---- (15ms)
8-10-2026 02:25:55-debug: Query asset bundle start, progress: 5%
8-10-2026 02:25:55-log: run build task Query asset bundle success in 15 ms√, progress: 5%
8-10-2026 02:25:55-debug: [Build Memory track]: Query asset bundle start:227.86MB, end 227.71MB, increase: -148.39KB
8-10-2026 02:25:55-debug: // ---- build task Query asset bundle ----
8-10-2026 02:25:55-debug: // ---- build task Query asset bundle ---- (9ms)
8-10-2026 02:25:55-log: run build task Query asset bundle success in 9 ms√, progress: 10%
8-10-2026 02:25:55-debug: [Build Memory track]: Query asset bundle start:227.75MB, end 227.89MB, increase: 148.11KB
8-10-2026 02:25:55-debug: Sort some build options to settings.json start, progress: 10%
8-10-2026 02:25:55-debug: // ---- build task Sort some build options to settings.json ----
8-10-2026 02:25:55-debug: // ---- build task Sort some build options to settings.json ---- (8ms)
8-10-2026 02:25:55-log: run build task Sort some build options to settings.json success in 8 ms√, progress: 12%
8-10-2026 02:25:55-debug: [Build Memory track]: Sort some build options to settings.json start:227.93MB, end 227.97MB, increase: 42.09KB
8-10-2026 02:25:55-debug: Fill script data to settings start, progress: 12%
8-10-2026 02:25:55-debug: // ---- build task Fill script data to settings ----
8-10-2026 02:25:55-debug: // ---- build task Fill script data to settings ---- (6ms)
8-10-2026 02:25:55-log: run build task Fill script data to settings success in 6 ms√, progress: 13%
8-10-2026 02:25:55-debug: [Build Memory track]: Fill script data to settings start:228.01MB, end 228.04MB, increase: 32.78KB
8-10-2026 02:25:55-debug: Sort some build options to settings.json start, progress: 13%
8-10-2026 02:25:55-debug: // ---- build task Sort some build options to settings.json ----
8-10-2026 02:25:55-debug: // ---- build task Sort some build options to settings.json ---- (16ms)
8-10-2026 02:25:55-log: run build task Sort some build options to settings.json success in 16 ms√, progress: 15%
8-10-2026 02:25:55-debug: [Build Memory track]: Sort some build options to settings.json start:228.65MB, end 228.23MB, increase: -435.65KB
8-10-2026 02:26:16-debug: Query all assets info in project
8-10-2026 02:26:16-debug: init custom config: keepNodeUuid: false, useCache: true
8-10-2026 02:26:16-debug: Skip compress image, progress: 0%
8-10-2026 02:26:16-debug: Init all bundles start..., progress: 0%
8-10-2026 02:26:16-debug: Num of bundles: 2..., progress: 0%
8-10-2026 02:26:16-debug: Query asset bundle start, progress: 0%
8-10-2026 02:26:16-debug: // ---- build task Query asset bundle ----
8-10-2026 02:26:16-debug: Init bundle root assets start..., progress: 0%
8-10-2026 02:26:16-debug: Query preload assets/scripts from cc.config.json: 60f7195c-ec2a-45eb-ba94-8955f60e81d0,1c02ae6f-4492-4915-b8f8-7492a3b1e4cd,810e96e4-e456-4468-9b59-f4e8f39732c0,efe8e2a3-eace-427b-b4f1-cb8a937ec77d,e9aa9a3e-5b2b-4ac7-a2c7-073de2b2b24f,8bbdbcdd-5cd4-4100-b6d5-b7c9625b6107,50f4348b-c883-4e2f-8f11-ce233b859fa1,fda095cb-831d-4601-ad94-846013963de8,f92806d7-1768-443f-afe8-12bcde84d0f0,dd3a144d-ab7f-41f0-82b8-2e43a090d496,f0416e68-0200-4b77-a926-4f9d16e494da,511d2633-09a7-4bdd-ac42-f778032124b3,5d45aa00-e064-4938-b314-4265f0c2258c,9361fd90-ba52-4f84-aa93-6e878fd576ca,970b0598-bcb0-4714-91fb-2e81440dccd8,bcd64cc6-2dd9-43f6-abbe-66318d332032,d930590d-bb92-4cc8-8bd1-23cd027f9edf,a3cd009f-0ab0-420d-9278-b9fdab939bbc,6a2d0734-bd9e-4ddf-946e-caa52498cb75,d9937e59-61fe-4ec6-92ab-7ac5a19c89b0,d1346436-ac96-4271-b863-1f4fdead95b0,971bdb23-3ff6-43eb-b422-1c30165a3663,17debcc3-0a6b-4b8a-b00b-dc58b885581e,711ebe11-f673-4cd9-9a83-63c60ba54c5b,c0143906-9aed-447e-9436-2ae8512d1b6e,14da1725-c4c2-42b4-ab08-ee0aeb6898b3,081cab31-dccd-428e-8652-f2404cc81c47,78e0584a-4343-4727-8f37-e14e65c2a2db,871c3b6c-7379-419d-bda3-794b239ab90d,ff9b0199-ce04-4cfe-86cc-6c719f08d6e4,de1c2107-70c8-4021-8459-6399f24d01c6,cbf30902-517f-40dc-af90-a550bac27cf1,5c601d96-e4c7-4698-991b-7ee674b11079
8-10-2026 02:26:16-debug:   Number of all scenes: 3
8-10-2026 02:26:16-debug:   Number of other assets: 486
8-10-2026 02:26:16-debug: Init bundle root assets success..., progress: 0%
8-10-2026 02:26:16-debug:   Number of all scripts: 41
8-10-2026 02:26:16-debug: // ---- build task Query asset bundle ---- (11ms)
8-10-2026 02:26:16-log: run build task Query asset bundle success in 11 ms√, progress: 5%
8-10-2026 02:26:16-debug: [Build Memory track]: Query asset bundle start:228.02MB, end 227.89MB, increase: -139.50KB
8-10-2026 02:26:16-debug: Query asset bundle start, progress: 5%
8-10-2026 02:26:16-debug: // ---- build task Query asset bundle ----
8-10-2026 02:26:16-debug: // ---- build task Query asset bundle ---- (7ms)
8-10-2026 02:26:16-log: run build task Query asset bundle success in 7 ms√, progress: 10%
8-10-2026 02:26:16-debug: [Build Memory track]: Query asset bundle start:227.92MB, end 228.07MB, increase: 146.50KB
8-10-2026 02:26:16-debug: Sort some build options to settings.json start, progress: 10%
8-10-2026 02:26:16-debug: // ---- build task Sort some build options to settings.json ----
8-10-2026 02:26:16-debug: // ---- build task Sort some build options to settings.json ---- (2ms)
8-10-2026 02:26:16-debug: [Build Memory track]: Sort some build options to settings.json start:228.11MB, end 228.14MB, increase: 35.89KB
8-10-2026 02:26:16-debug: Fill script data to settings start, progress: 12%
8-10-2026 02:26:16-log: run build task Sort some build options to settings.json success in 2 ms√, progress: 12%
8-10-2026 02:26:16-debug: // ---- build task Fill script data to settings ----
8-10-2026 02:26:16-debug: // ---- build task Fill script data to settings ---- (1ms)
8-10-2026 02:26:16-log: run build task Fill script data to settings success in 1 ms√, progress: 13%
8-10-2026 02:26:16-debug: [Build Memory track]: Fill script data to settings start:228.18MB, end 228.21MB, increase: 32.68KB
8-10-2026 02:26:16-debug: // ---- build task Sort some build options to settings.json ----
8-10-2026 02:26:16-debug: Sort some build options to settings.json start, progress: 13%
8-10-2026 02:26:16-debug: // ---- build task Sort some build options to settings.json ---- (19ms)
8-10-2026 02:26:16-log: run build task Sort some build options to settings.json success in 19 ms√, progress: 15%
8-10-2026 02:26:16-debug: [Build Memory track]: Sort some build options to settings.json start:228.25MB, end 228.39MB, increase: 146.72KB
8-10-2026 02:26:37-debug: Query all assets info in project
8-10-2026 02:26:37-debug: init custom config: keepNodeUuid: false, useCache: true
8-10-2026 02:26:37-debug: Skip compress image, progress: 0%
8-10-2026 02:26:37-debug: Init all bundles start..., progress: 0%
8-10-2026 02:26:37-debug: // ---- build task Query asset bundle ----
8-10-2026 02:26:37-debug: Query asset bundle start, progress: 0%
8-10-2026 02:26:37-debug: Num of bundles: 2..., progress: 0%
8-10-2026 02:26:37-debug: Init bundle root assets start..., progress: 0%
8-10-2026 02:26:37-debug: Query preload assets/scripts from cc.config.json: 60f7195c-ec2a-45eb-ba94-8955f60e81d0,1c02ae6f-4492-4915-b8f8-7492a3b1e4cd,810e96e4-e456-4468-9b59-f4e8f39732c0,efe8e2a3-eace-427b-b4f1-cb8a937ec77d,e9aa9a3e-5b2b-4ac7-a2c7-073de2b2b24f,8bbdbcdd-5cd4-4100-b6d5-b7c9625b6107,50f4348b-c883-4e2f-8f11-ce233b859fa1,fda095cb-831d-4601-ad94-846013963de8,f92806d7-1768-443f-afe8-12bcde84d0f0,dd3a144d-ab7f-41f0-82b8-2e43a090d496,f0416e68-0200-4b77-a926-4f9d16e494da,511d2633-09a7-4bdd-ac42-f778032124b3,5d45aa00-e064-4938-b314-4265f0c2258c,9361fd90-ba52-4f84-aa93-6e878fd576ca,970b0598-bcb0-4714-91fb-2e81440dccd8,bcd64cc6-2dd9-43f6-abbe-66318d332032,d930590d-bb92-4cc8-8bd1-23cd027f9edf,a3cd009f-0ab0-420d-9278-b9fdab939bbc,6a2d0734-bd9e-4ddf-946e-caa52498cb75,d9937e59-61fe-4ec6-92ab-7ac5a19c89b0,d1346436-ac96-4271-b863-1f4fdead95b0,971bdb23-3ff6-43eb-b422-1c30165a3663,17debcc3-0a6b-4b8a-b00b-dc58b885581e,711ebe11-f673-4cd9-9a83-63c60ba54c5b,c0143906-9aed-447e-9436-2ae8512d1b6e,14da1725-c4c2-42b4-ab08-ee0aeb6898b3,081cab31-dccd-428e-8652-f2404cc81c47,78e0584a-4343-4727-8f37-e14e65c2a2db,871c3b6c-7379-419d-bda3-794b239ab90d,ff9b0199-ce04-4cfe-86cc-6c719f08d6e4,de1c2107-70c8-4021-8459-6399f24d01c6,cbf30902-517f-40dc-af90-a550bac27cf1,5c601d96-e4c7-4698-991b-7ee674b11079
8-10-2026 02:26:37-debug:   Number of other assets: 486
8-10-2026 02:26:37-debug: Init bundle root assets success..., progress: 0%
8-10-2026 02:26:37-debug: // ---- build task Query asset bundle ---- (11ms)
8-10-2026 02:26:37-log: run build task Query asset bundle success in 11 ms√, progress: 5%
8-10-2026 02:26:37-debug: [Build Memory track]: Query asset bundle start:228.15MB, end 228.03MB, increase: -126.90KB
8-10-2026 02:26:37-debug: Query asset bundle start, progress: 5%
8-10-2026 02:26:37-debug: // ---- build task Query asset bundle ----
8-10-2026 02:26:37-debug:   Number of all scenes: 3
8-10-2026 02:26:37-debug:   Number of all scripts: 41
8-10-2026 02:26:37-debug: // ---- build task Query asset bundle ---- (12ms)
8-10-2026 02:26:37-debug: [Build Memory track]: Query asset bundle start:228.07MB, end 228.22MB, increase: 153.23KB
8-10-2026 02:26:37-log: run build task Query asset bundle success in 12 ms√, progress: 10%
8-10-2026 02:26:37-debug: Sort some build options to settings.json start, progress: 10%
8-10-2026 02:26:37-debug: // ---- build task Sort some build options to settings.json ----
8-10-2026 02:26:37-debug: // ---- build task Sort some build options to settings.json ---- (4ms)
8-10-2026 02:26:37-log: run build task Sort some build options to settings.json success in 4 ms√, progress: 12%
8-10-2026 02:26:37-debug: [Build Memory track]: Sort some build options to settings.json start:228.26MB, end 228.30MB, increase: 40.82KB
8-10-2026 02:26:37-debug: Fill script data to settings start, progress: 12%
8-10-2026 02:26:37-debug: // ---- build task Fill script data to settings ----
8-10-2026 02:26:37-debug: // ---- build task Fill script data to settings ---- (2ms)
8-10-2026 02:26:37-log: run build task Fill script data to settings success in 2 ms√, progress: 13%
8-10-2026 02:26:37-debug: [Build Memory track]: Fill script data to settings start:228.32MB, end 228.35MB, increase: 27.01KB
8-10-2026 02:26:37-debug: // ---- build task Sort some build options to settings.json ----
8-10-2026 02:26:37-debug: Sort some build options to settings.json start, progress: 13%
8-10-2026 02:26:37-debug: // ---- build task Sort some build options to settings.json ---- (10ms)
8-10-2026 02:26:37-log: run build task Sort some build options to settings.json success in 10 ms√, progress: 15%
8-10-2026 02:26:37-debug: [Build Memory track]: Sort some build options to settings.json start:228.38MB, end 228.52MB, increase: 142.86KB
8-10-2026 02:26:58-debug: Query all assets info in project
8-10-2026 02:26:58-debug: init custom config: keepNodeUuid: false, useCache: true
8-10-2026 02:26:58-debug: Skip compress image, progress: 0%
8-10-2026 02:26:58-debug: Init all bundles start..., progress: 0%
8-10-2026 02:26:58-debug: // ---- build task Query asset bundle ----
8-10-2026 02:26:58-debug: Query asset bundle start, progress: 0%
8-10-2026 02:26:58-debug: Num of bundles: 2..., progress: 0%
8-10-2026 02:26:58-debug: Init bundle root assets start..., progress: 0%
8-10-2026 02:26:58-debug: Query preload assets/scripts from cc.config.json: 60f7195c-ec2a-45eb-ba94-8955f60e81d0,1c02ae6f-4492-4915-b8f8-7492a3b1e4cd,810e96e4-e456-4468-9b59-f4e8f39732c0,efe8e2a3-eace-427b-b4f1-cb8a937ec77d,e9aa9a3e-5b2b-4ac7-a2c7-073de2b2b24f,8bbdbcdd-5cd4-4100-b6d5-b7c9625b6107,50f4348b-c883-4e2f-8f11-ce233b859fa1,fda095cb-831d-4601-ad94-846013963de8,f92806d7-1768-443f-afe8-12bcde84d0f0,dd3a144d-ab7f-41f0-82b8-2e43a090d496,f0416e68-0200-4b77-a926-4f9d16e494da,511d2633-09a7-4bdd-ac42-f778032124b3,5d45aa00-e064-4938-b314-4265f0c2258c,9361fd90-ba52-4f84-aa93-6e878fd576ca,970b0598-bcb0-4714-91fb-2e81440dccd8,bcd64cc6-2dd9-43f6-abbe-66318d332032,d930590d-bb92-4cc8-8bd1-23cd027f9edf,a3cd009f-0ab0-420d-9278-b9fdab939bbc,6a2d0734-bd9e-4ddf-946e-caa52498cb75,d9937e59-61fe-4ec6-92ab-7ac5a19c89b0,d1346436-ac96-4271-b863-1f4fdead95b0,971bdb23-3ff6-43eb-b422-1c30165a3663,17debcc3-0a6b-4b8a-b00b-dc58b885581e,711ebe11-f673-4cd9-9a83-63c60ba54c5b,c0143906-9aed-447e-9436-2ae8512d1b6e,14da1725-c4c2-42b4-ab08-ee0aeb6898b3,081cab31-dccd-428e-8652-f2404cc81c47,78e0584a-4343-4727-8f37-e14e65c2a2db,871c3b6c-7379-419d-bda3-794b239ab90d,ff9b0199-ce04-4cfe-86cc-6c719f08d6e4,de1c2107-70c8-4021-8459-6399f24d01c6,cbf30902-517f-40dc-af90-a550bac27cf1,5c601d96-e4c7-4698-991b-7ee674b11079
8-10-2026 02:26:58-debug:   Number of all scenes: 3
8-10-2026 02:26:58-debug:   Number of all scripts: 41
8-10-2026 02:26:58-debug: Init bundle root assets success..., progress: 0%
8-10-2026 02:26:58-debug:   Number of other assets: 486
8-10-2026 02:26:58-debug: // ---- build task Query asset bundle ---- (14ms)
8-10-2026 02:26:58-log: run build task Query asset bundle success in 14 ms√, progress: 5%
8-10-2026 02:26:58-debug: [Build Memory track]: Query asset bundle start:228.35MB, end 228.20MB, increase: -150.81KB
8-10-2026 02:26:58-debug: // ---- build task Query asset bundle ----
8-10-2026 02:26:58-debug: Query asset bundle start, progress: 5%
8-10-2026 02:26:58-debug: // ---- build task Query asset bundle ---- (8ms)
8-10-2026 02:26:58-log: run build task Query asset bundle success in 8 ms√, progress: 10%
8-10-2026 02:26:58-debug: [Build Memory track]: Query asset bundle start:228.23MB, end 228.37MB, increase: 139.80KB
8-10-2026 02:26:58-debug: // ---- build task Sort some build options to settings.json ----
8-10-2026 02:26:58-debug: Sort some build options to settings.json start, progress: 10%
8-10-2026 02:26:58-debug: // ---- build task Sort some build options to settings.json ---- (2ms)
8-10-2026 02:26:58-log: run build task Sort some build options to settings.json success in 2 ms√, progress: 12%
8-10-2026 02:26:58-debug: [Build Memory track]: Sort some build options to settings.json start:228.40MB, end 228.43MB, increase: 26.29KB
8-10-2026 02:26:58-debug: Fill script data to settings start, progress: 12%
8-10-2026 02:26:58-debug: // ---- build task Fill script data to settings ----
8-10-2026 02:26:58-debug: // ---- build task Fill script data to settings ---- (2ms)
8-10-2026 02:26:58-log: run build task Fill script data to settings success in 2 ms√, progress: 13%
8-10-2026 02:26:58-debug: [Build Memory track]: Fill script data to settings start:228.46MB, end 228.48MB, increase: 25.63KB
8-10-2026 02:26:58-debug: // ---- build task Sort some build options to settings.json ----
8-10-2026 02:26:58-debug: Sort some build options to settings.json start, progress: 13%
8-10-2026 02:26:58-debug: // ---- build task Sort some build options to settings.json ---- (15ms)
8-10-2026 02:26:58-log: run build task Sort some build options to settings.json success in 15 ms√, progress: 15%
8-10-2026 02:26:58-debug: [Build Memory track]: Sort some build options to settings.json start:228.51MB, end 228.63MB, increase: 126.26KB
8-10-2026 02:27:20-debug: Query all assets info in project
8-10-2026 02:27:20-debug: init custom config: keepNodeUuid: false, useCache: true
8-10-2026 02:27:20-debug: Skip compress image, progress: 0%
8-10-2026 02:27:20-debug: Init all bundles start..., progress: 0%
8-10-2026 02:27:20-debug: Query asset bundle start, progress: 0%
8-10-2026 02:27:20-debug: // ---- build task Query asset bundle ----
8-10-2026 02:27:20-debug: Num of bundles: 2..., progress: 0%
8-10-2026 02:27:20-debug: Init bundle root assets start..., progress: 0%
8-10-2026 02:27:20-debug: Query preload assets/scripts from cc.config.json: 60f7195c-ec2a-45eb-ba94-8955f60e81d0,1c02ae6f-4492-4915-b8f8-7492a3b1e4cd,810e96e4-e456-4468-9b59-f4e8f39732c0,efe8e2a3-eace-427b-b4f1-cb8a937ec77d,e9aa9a3e-5b2b-4ac7-a2c7-073de2b2b24f,8bbdbcdd-5cd4-4100-b6d5-b7c9625b6107,50f4348b-c883-4e2f-8f11-ce233b859fa1,fda095cb-831d-4601-ad94-846013963de8,f92806d7-1768-443f-afe8-12bcde84d0f0,dd3a144d-ab7f-41f0-82b8-2e43a090d496,f0416e68-0200-4b77-a926-4f9d16e494da,511d2633-09a7-4bdd-ac42-f778032124b3,5d45aa00-e064-4938-b314-4265f0c2258c,9361fd90-ba52-4f84-aa93-6e878fd576ca,970b0598-bcb0-4714-91fb-2e81440dccd8,bcd64cc6-2dd9-43f6-abbe-66318d332032,d930590d-bb92-4cc8-8bd1-23cd027f9edf,a3cd009f-0ab0-420d-9278-b9fdab939bbc,6a2d0734-bd9e-4ddf-946e-caa52498cb75,d9937e59-61fe-4ec6-92ab-7ac5a19c89b0,d1346436-ac96-4271-b863-1f4fdead95b0,971bdb23-3ff6-43eb-b422-1c30165a3663,17debcc3-0a6b-4b8a-b00b-dc58b885581e,711ebe11-f673-4cd9-9a83-63c60ba54c5b,c0143906-9aed-447e-9436-2ae8512d1b6e,14da1725-c4c2-42b4-ab08-ee0aeb6898b3,081cab31-dccd-428e-8652-f2404cc81c47,78e0584a-4343-4727-8f37-e14e65c2a2db,871c3b6c-7379-419d-bda3-794b239ab90d,ff9b0199-ce04-4cfe-86cc-6c719f08d6e4,de1c2107-70c8-4021-8459-6399f24d01c6,cbf30902-517f-40dc-af90-a550bac27cf1,5c601d96-e4c7-4698-991b-7ee674b11079
8-10-2026 02:27:20-debug:   Number of all scripts: 41
8-10-2026 02:27:20-debug:   Number of other assets: 486
8-10-2026 02:27:20-debug: Init bundle root assets success..., progress: 0%
8-10-2026 02:27:20-debug:   Number of all scenes: 3
8-10-2026 02:27:20-debug: // ---- build task Query asset bundle ---- (13ms)
8-10-2026 02:27:20-log: run build task Query asset bundle success in 13 ms√, progress: 5%
8-10-2026 02:27:20-debug: [Build Memory track]: Query asset bundle start:228.55MB, end 228.42MB, increase: -131.73KB
8-10-2026 02:27:20-debug: Query asset bundle start, progress: 5%
8-10-2026 02:27:20-debug: // ---- build task Query asset bundle ----
8-10-2026 02:27:20-debug: // ---- build task Query asset bundle ---- (4ms)
8-10-2026 02:27:20-log: run build task Query asset bundle success in 4 ms√, progress: 10%
8-10-2026 02:27:20-debug: Sort some build options to settings.json start, progress: 10%
8-10-2026 02:27:20-debug: [Build Memory track]: Query asset bundle start:228.45MB, end 228.59MB, increase: 147.27KB
8-10-2026 02:27:20-debug: // ---- build task Sort some build options to settings.json ----
8-10-2026 02:27:20-debug: // ---- build task Sort some build options to settings.json ---- (2ms)
8-10-2026 02:27:20-debug: [Build Memory track]: Sort some build options to settings.json start:228.62MB, end 228.65MB, increase: 26.26KB
8-10-2026 02:27:20-debug: Fill script data to settings start, progress: 12%
8-10-2026 02:27:20-log: run build task Sort some build options to settings.json success in 2 ms√, progress: 12%
8-10-2026 02:27:20-debug: // ---- build task Fill script data to settings ----
8-10-2026 02:27:20-debug: // ---- build task Fill script data to settings ---- (2ms)
8-10-2026 02:27:20-log: run build task Fill script data to settings success in 2 ms√, progress: 13%
8-10-2026 02:27:20-debug: [Build Memory track]: Fill script data to settings start:228.67MB, end 228.70MB, increase: 25.65KB
8-10-2026 02:27:20-debug: Sort some build options to settings.json start, progress: 13%
8-10-2026 02:27:20-debug: // ---- build task Sort some build options to settings.json ----
8-10-2026 02:27:20-debug: // ---- build task Sort some build options to settings.json ---- (15ms)
8-10-2026 02:27:20-log: run build task Sort some build options to settings.json success in 15 ms√, progress: 15%
8-10-2026 02:27:20-debug: [Build Memory track]: Sort some build options to settings.json start:228.73MB, end 228.86MB, increase: 132.07KB
8-10-2026 02:27:42-debug: Query all assets info in project
8-10-2026 02:27:42-debug: init custom config: keepNodeUuid: false, useCache: true
8-10-2026 02:27:42-debug: Skip compress image, progress: 0%
8-10-2026 02:27:42-debug: Init all bundles start..., progress: 0%
8-10-2026 02:27:42-debug: // ---- build task Query asset bundle ----
8-10-2026 02:27:42-debug: Num of bundles: 2..., progress: 0%
8-10-2026 02:27:42-debug: Query asset bundle start, progress: 0%
8-10-2026 02:27:42-debug: Init bundle root assets start..., progress: 0%
8-10-2026 02:27:42-debug: Query preload assets/scripts from cc.config.json: 60f7195c-ec2a-45eb-ba94-8955f60e81d0,1c02ae6f-4492-4915-b8f8-7492a3b1e4cd,810e96e4-e456-4468-9b59-f4e8f39732c0,efe8e2a3-eace-427b-b4f1-cb8a937ec77d,e9aa9a3e-5b2b-4ac7-a2c7-073de2b2b24f,8bbdbcdd-5cd4-4100-b6d5-b7c9625b6107,50f4348b-c883-4e2f-8f11-ce233b859fa1,fda095cb-831d-4601-ad94-846013963de8,f92806d7-1768-443f-afe8-12bcde84d0f0,dd3a144d-ab7f-41f0-82b8-2e43a090d496,f0416e68-0200-4b77-a926-4f9d16e494da,511d2633-09a7-4bdd-ac42-f778032124b3,5d45aa00-e064-4938-b314-4265f0c2258c,9361fd90-ba52-4f84-aa93-6e878fd576ca,970b0598-bcb0-4714-91fb-2e81440dccd8,bcd64cc6-2dd9-43f6-abbe-66318d332032,d930590d-bb92-4cc8-8bd1-23cd027f9edf,a3cd009f-0ab0-420d-9278-b9fdab939bbc,6a2d0734-bd9e-4ddf-946e-caa52498cb75,d9937e59-61fe-4ec6-92ab-7ac5a19c89b0,d1346436-ac96-4271-b863-1f4fdead95b0,971bdb23-3ff6-43eb-b422-1c30165a3663,17debcc3-0a6b-4b8a-b00b-dc58b885581e,711ebe11-f673-4cd9-9a83-63c60ba54c5b,c0143906-9aed-447e-9436-2ae8512d1b6e,14da1725-c4c2-42b4-ab08-ee0aeb6898b3,081cab31-dccd-428e-8652-f2404cc81c47,78e0584a-4343-4727-8f37-e14e65c2a2db,871c3b6c-7379-419d-bda3-794b239ab90d,ff9b0199-ce04-4cfe-86cc-6c719f08d6e4,de1c2107-70c8-4021-8459-6399f24d01c6,cbf30902-517f-40dc-af90-a550bac27cf1,5c601d96-e4c7-4698-991b-7ee674b11079
8-10-2026 02:27:42-debug:   Number of all scenes: 3
8-10-2026 02:27:42-debug:   Number of other assets: 486
8-10-2026 02:27:42-debug: Init bundle root assets success..., progress: 0%
8-10-2026 02:27:42-debug:   Number of all scripts: 41
8-10-2026 02:27:42-debug: // ---- build task Query asset bundle ---- (13ms)
8-10-2026 02:27:42-log: run build task Query asset bundle success in 13 ms√, progress: 5%
8-10-2026 02:27:42-debug: // ---- build task Query asset bundle ----
8-10-2026 02:27:42-debug: [Build Memory track]: Query asset bundle start:228.69MB, end 228.58MB, increase: -107.24KB
8-10-2026 02:27:42-debug: Query asset bundle start, progress: 5%
8-10-2026 02:27:42-debug: // ---- build task Query asset bundle ---- (12ms)
8-10-2026 02:27:42-debug: [Build Memory track]: Query asset bundle start:228.61MB, end 228.76MB, increase: 155.03KB
8-10-2026 02:27:42-debug: // ---- build task Sort some build options to settings.json ----
8-10-2026 02:27:42-debug: Sort some build options to settings.json start, progress: 10%
8-10-2026 02:27:42-log: run build task Query asset bundle success in 12 ms√, progress: 10%
8-10-2026 02:27:42-debug: // ---- build task Sort some build options to settings.json ---- (4ms)
8-10-2026 02:27:42-debug: [Build Memory track]: Sort some build options to settings.json start:229.22MB, end 228.82MB, increase: -403.79KB
8-10-2026 02:27:42-debug: Fill script data to settings start, progress: 12%
8-10-2026 02:27:42-log: run build task Sort some build options to settings.json success in 4 ms√, progress: 12%
8-10-2026 02:27:42-debug: // ---- build task Fill script data to settings ----
8-10-2026 02:27:42-debug: // ---- build task Fill script data to settings ---- (5ms)
8-10-2026 02:27:42-debug: [Build Memory track]: Fill script data to settings start:228.85MB, end 228.88MB, increase: 26.84KB
8-10-2026 02:27:42-log: run build task Fill script data to settings success in 5 ms√, progress: 13%
8-10-2026 02:27:42-debug: Sort some build options to settings.json start, progress: 13%
8-10-2026 02:27:42-debug: // ---- build task Sort some build options to settings.json ----
8-10-2026 02:27:42-debug: // ---- build task Sort some build options to settings.json ---- (10ms)
8-10-2026 02:27:42-log: run build task Sort some build options to settings.json success in 10 ms√, progress: 15%
8-10-2026 02:27:42-debug: [Build Memory track]: Sort some build options to settings.json start:228.91MB, end 229.04MB, increase: 132.08KB
8-10-2026 02:28:04-debug: Query all assets info in project
8-10-2026 02:28:04-debug: init custom config: keepNodeUuid: false, useCache: true
8-10-2026 02:28:04-debug: Skip compress image, progress: 0%
8-10-2026 02:28:04-debug: Init all bundles start..., progress: 0%
8-10-2026 02:28:04-debug: Num of bundles: 2..., progress: 0%
8-10-2026 02:28:04-debug: Query asset bundle start, progress: 0%
8-10-2026 02:28:04-debug: // ---- build task Query asset bundle ----
8-10-2026 02:28:04-debug: Init bundle root assets start..., progress: 0%
8-10-2026 02:28:04-debug: Query preload assets/scripts from cc.config.json: 60f7195c-ec2a-45eb-ba94-8955f60e81d0,1c02ae6f-4492-4915-b8f8-7492a3b1e4cd,810e96e4-e456-4468-9b59-f4e8f39732c0,efe8e2a3-eace-427b-b4f1-cb8a937ec77d,e9aa9a3e-5b2b-4ac7-a2c7-073de2b2b24f,8bbdbcdd-5cd4-4100-b6d5-b7c9625b6107,50f4348b-c883-4e2f-8f11-ce233b859fa1,fda095cb-831d-4601-ad94-846013963de8,f92806d7-1768-443f-afe8-12bcde84d0f0,dd3a144d-ab7f-41f0-82b8-2e43a090d496,f0416e68-0200-4b77-a926-4f9d16e494da,511d2633-09a7-4bdd-ac42-f778032124b3,5d45aa00-e064-4938-b314-4265f0c2258c,9361fd90-ba52-4f84-aa93-6e878fd576ca,970b0598-bcb0-4714-91fb-2e81440dccd8,bcd64cc6-2dd9-43f6-abbe-66318d332032,d930590d-bb92-4cc8-8bd1-23cd027f9edf,a3cd009f-0ab0-420d-9278-b9fdab939bbc,6a2d0734-bd9e-4ddf-946e-caa52498cb75,d9937e59-61fe-4ec6-92ab-7ac5a19c89b0,d1346436-ac96-4271-b863-1f4fdead95b0,971bdb23-3ff6-43eb-b422-1c30165a3663,17debcc3-0a6b-4b8a-b00b-dc58b885581e,711ebe11-f673-4cd9-9a83-63c60ba54c5b,c0143906-9aed-447e-9436-2ae8512d1b6e,14da1725-c4c2-42b4-ab08-ee0aeb6898b3,081cab31-dccd-428e-8652-f2404cc81c47,78e0584a-4343-4727-8f37-e14e65c2a2db,871c3b6c-7379-419d-bda3-794b239ab90d,ff9b0199-ce04-4cfe-86cc-6c719f08d6e4,de1c2107-70c8-4021-8459-6399f24d01c6,cbf30902-517f-40dc-af90-a550bac27cf1,5c601d96-e4c7-4698-991b-7ee674b11079
8-10-2026 02:28:04-debug:   Number of other assets: 486
8-10-2026 02:28:04-debug: Init bundle root assets success..., progress: 0%
8-10-2026 02:28:04-debug:   Number of all scenes: 3
8-10-2026 02:28:04-debug:   Number of all scripts: 41
8-10-2026 02:28:04-debug: // ---- build task Query asset bundle ---- (13ms)
8-10-2026 02:28:04-log: run build task Query asset bundle success in 13 ms√, progress: 5%
8-10-2026 02:28:04-debug: [Build Memory track]: Query asset bundle start:229.11MB, end 228.79MB, increase: -329.49KB
8-10-2026 02:28:04-debug: Query asset bundle start, progress: 5%
8-10-2026 02:28:04-debug: // ---- build task Query asset bundle ----
8-10-2026 02:28:04-debug: // ---- build task Query asset bundle ---- (13ms)
8-10-2026 02:28:04-log: run build task Query asset bundle success in 13 ms√, progress: 10%
8-10-2026 02:28:04-debug: [Build Memory track]: Query asset bundle start:228.81MB, end 228.95MB, increase: 139.43KB
8-10-2026 02:28:04-debug: Sort some build options to settings.json start, progress: 10%
8-10-2026 02:28:04-debug: // ---- build task Sort some build options to settings.json ----
8-10-2026 02:28:04-debug: // ---- build task Sort some build options to settings.json ---- (7ms)
8-10-2026 02:28:04-log: run build task Sort some build options to settings.json success in 7 ms√, progress: 12%
8-10-2026 02:28:04-debug: [Build Memory track]: Sort some build options to settings.json start:228.98MB, end 229.00MB, increase: 28.26KB
8-10-2026 02:28:04-debug: Fill script data to settings start, progress: 12%
8-10-2026 02:28:04-debug: // ---- build task Fill script data to settings ----
8-10-2026 02:28:04-debug: // ---- build task Fill script data to settings ---- (2ms)
8-10-2026 02:28:04-log: run build task Fill script data to settings success in 2 ms√, progress: 13%
8-10-2026 02:28:04-debug: [Build Memory track]: Fill script data to settings start:229.03MB, end 229.06MB, increase: 25.66KB
8-10-2026 02:28:04-debug: Sort some build options to settings.json start, progress: 13%
8-10-2026 02:28:04-debug: // ---- build task Sort some build options to settings.json ----
8-10-2026 02:28:04-debug: // ---- build task Sort some build options to settings.json ---- (22ms)
8-10-2026 02:28:04-debug: [Build Memory track]: Sort some build options to settings.json start:229.09MB, end 229.21MB, increase: 127.00KB
8-10-2026 02:28:04-log: run build task Sort some build options to settings.json success in 22 ms√, progress: 15%
8-10-2026 02:28:25-debug: Query all assets info in project
8-10-2026 02:28:25-debug: init custom config: keepNodeUuid: false, useCache: true
8-10-2026 02:28:25-debug: Skip compress image, progress: 0%
8-10-2026 02:28:25-debug: Init all bundles start..., progress: 0%
8-10-2026 02:28:25-debug: Num of bundles: 2..., progress: 0%
8-10-2026 02:28:25-debug: Query asset bundle start, progress: 0%
8-10-2026 02:28:25-debug: // ---- build task Query asset bundle ----
8-10-2026 02:28:25-debug: Init bundle root assets start..., progress: 0%
8-10-2026 02:28:25-debug: Query preload assets/scripts from cc.config.json: 60f7195c-ec2a-45eb-ba94-8955f60e81d0,1c02ae6f-4492-4915-b8f8-7492a3b1e4cd,810e96e4-e456-4468-9b59-f4e8f39732c0,efe8e2a3-eace-427b-b4f1-cb8a937ec77d,e9aa9a3e-5b2b-4ac7-a2c7-073de2b2b24f,8bbdbcdd-5cd4-4100-b6d5-b7c9625b6107,50f4348b-c883-4e2f-8f11-ce233b859fa1,fda095cb-831d-4601-ad94-846013963de8,f92806d7-1768-443f-afe8-12bcde84d0f0,dd3a144d-ab7f-41f0-82b8-2e43a090d496,f0416e68-0200-4b77-a926-4f9d16e494da,511d2633-09a7-4bdd-ac42-f778032124b3,5d45aa00-e064-4938-b314-4265f0c2258c,9361fd90-ba52-4f84-aa93-6e878fd576ca,970b0598-bcb0-4714-91fb-2e81440dccd8,bcd64cc6-2dd9-43f6-abbe-66318d332032,d930590d-bb92-4cc8-8bd1-23cd027f9edf,a3cd009f-0ab0-420d-9278-b9fdab939bbc,6a2d0734-bd9e-4ddf-946e-caa52498cb75,d9937e59-61fe-4ec6-92ab-7ac5a19c89b0,d1346436-ac96-4271-b863-1f4fdead95b0,971bdb23-3ff6-43eb-b422-1c30165a3663,17debcc3-0a6b-4b8a-b00b-dc58b885581e,711ebe11-f673-4cd9-9a83-63c60ba54c5b,c0143906-9aed-447e-9436-2ae8512d1b6e,14da1725-c4c2-42b4-ab08-ee0aeb6898b3,081cab31-dccd-428e-8652-f2404cc81c47,78e0584a-4343-4727-8f37-e14e65c2a2db,871c3b6c-7379-419d-bda3-794b239ab90d,ff9b0199-ce04-4cfe-86cc-6c719f08d6e4,de1c2107-70c8-4021-8459-6399f24d01c6,cbf30902-517f-40dc-af90-a550bac27cf1,5c601d96-e4c7-4698-991b-7ee674b11079
8-10-2026 02:28:25-debug:   Number of all scenes: 3
8-10-2026 02:28:25-debug:   Number of all scripts: 41
8-10-2026 02:28:25-debug:   Number of other assets: 486
8-10-2026 02:28:25-debug: Init bundle root assets success..., progress: 0%
8-10-2026 02:28:25-debug: // ---- build task Query asset bundle ---- (12ms)
8-10-2026 02:28:25-log: run build task Query asset bundle success in 12 ms√, progress: 5%
8-10-2026 02:28:25-debug: [Build Memory track]: Query asset bundle start:229.05MB, end 228.94MB, increase: -115.48KB
8-10-2026 02:28:25-debug: Query asset bundle start, progress: 5%
8-10-2026 02:28:25-debug: // ---- build task Query asset bundle ----
8-10-2026 02:28:25-debug: // ---- build task Query asset bundle ---- (8ms)
8-10-2026 02:28:25-log: run build task Query asset bundle success in 8 ms√, progress: 10%
8-10-2026 02:28:25-debug: [Build Memory track]: Query asset bundle start:228.97MB, end 229.10MB, increase: 140.63KB
8-10-2026 02:28:25-debug: Sort some build options to settings.json start, progress: 10%
8-10-2026 02:28:25-debug: // ---- build task Sort some build options to settings.json ----
8-10-2026 02:28:25-debug: // ---- build task Sort some build options to settings.json ---- (4ms)
8-10-2026 02:28:25-log: run build task Sort some build options to settings.json success in 4 ms√, progress: 12%
8-10-2026 02:28:25-debug: [Build Memory track]: Sort some build options to settings.json start:229.13MB, end 229.16MB, increase: 26.24KB
8-10-2026 02:28:25-debug: Fill script data to settings start, progress: 12%
8-10-2026 02:28:25-debug: // ---- build task Fill script data to settings ----
8-10-2026 02:28:25-debug: // ---- build task Fill script data to settings ---- (7ms)
8-10-2026 02:28:25-log: run build task Fill script data to settings success in 7 ms√, progress: 13%
8-10-2026 02:28:25-debug: [Build Memory track]: Fill script data to settings start:229.19MB, end 229.21MB, increase: 25.61KB
8-10-2026 02:28:25-debug: // ---- build task Sort some build options to settings.json ----
8-10-2026 02:28:25-debug: Sort some build options to settings.json start, progress: 13%
8-10-2026 02:28:25-debug: // ---- build task Sort some build options to settings.json ---- (14ms)
8-10-2026 02:28:25-log: run build task Sort some build options to settings.json success in 14 ms√, progress: 15%
8-10-2026 02:28:25-debug: [Build Memory track]: Sort some build options to settings.json start:229.24MB, end 229.36MB, increase: 126.02KB
8-10-2026 02:28:47-debug: Query all assets info in project
8-10-2026 02:28:47-debug: init custom config: keepNodeUuid: false, useCache: true
8-10-2026 02:28:47-debug: Skip compress image, progress: 0%
8-10-2026 02:28:47-debug: Init all bundles start..., progress: 0%
8-10-2026 02:28:47-debug: Query asset bundle start, progress: 0%
8-10-2026 02:28:47-debug: Init bundle root assets start..., progress: 0%
8-10-2026 02:28:47-debug: Num of bundles: 2..., progress: 0%
8-10-2026 02:28:47-debug: // ---- build task Query asset bundle ----
8-10-2026 02:28:47-debug: Query preload assets/scripts from cc.config.json: 60f7195c-ec2a-45eb-ba94-8955f60e81d0,1c02ae6f-4492-4915-b8f8-7492a3b1e4cd,810e96e4-e456-4468-9b59-f4e8f39732c0,efe8e2a3-eace-427b-b4f1-cb8a937ec77d,e9aa9a3e-5b2b-4ac7-a2c7-073de2b2b24f,8bbdbcdd-5cd4-4100-b6d5-b7c9625b6107,50f4348b-c883-4e2f-8f11-ce233b859fa1,fda095cb-831d-4601-ad94-846013963de8,f92806d7-1768-443f-afe8-12bcde84d0f0,dd3a144d-ab7f-41f0-82b8-2e43a090d496,f0416e68-0200-4b77-a926-4f9d16e494da,511d2633-09a7-4bdd-ac42-f778032124b3,5d45aa00-e064-4938-b314-4265f0c2258c,9361fd90-ba52-4f84-aa93-6e878fd576ca,970b0598-bcb0-4714-91fb-2e81440dccd8,bcd64cc6-2dd9-43f6-abbe-66318d332032,d930590d-bb92-4cc8-8bd1-23cd027f9edf,a3cd009f-0ab0-420d-9278-b9fdab939bbc,6a2d0734-bd9e-4ddf-946e-caa52498cb75,d9937e59-61fe-4ec6-92ab-7ac5a19c89b0,d1346436-ac96-4271-b863-1f4fdead95b0,971bdb23-3ff6-43eb-b422-1c30165a3663,17debcc3-0a6b-4b8a-b00b-dc58b885581e,711ebe11-f673-4cd9-9a83-63c60ba54c5b,c0143906-9aed-447e-9436-2ae8512d1b6e,14da1725-c4c2-42b4-ab08-ee0aeb6898b3,081cab31-dccd-428e-8652-f2404cc81c47,78e0584a-4343-4727-8f37-e14e65c2a2db,871c3b6c-7379-419d-bda3-794b239ab90d,ff9b0199-ce04-4cfe-86cc-6c719f08d6e4,de1c2107-70c8-4021-8459-6399f24d01c6,cbf30902-517f-40dc-af90-a550bac27cf1,5c601d96-e4c7-4698-991b-7ee674b11079
8-10-2026 02:28:47-debug:   Number of all scenes: 3
8-10-2026 02:28:47-debug:   Number of all scripts: 41
8-10-2026 02:28:47-debug: Init bundle root assets success..., progress: 0%
8-10-2026 02:28:47-debug:   Number of other assets: 486
8-10-2026 02:28:47-debug: // ---- build task Query asset bundle ---- (12ms)
8-10-2026 02:28:47-log: run build task Query asset bundle success in 12 ms√, progress: 5%
8-10-2026 02:28:47-debug: [Build Memory track]: Query asset bundle start:229.19MB, end 229.08MB, increase: -114.34KB
8-10-2026 02:28:47-debug: Query asset bundle start, progress: 5%
8-10-2026 02:28:47-debug: // ---- build task Query asset bundle ----
8-10-2026 02:28:47-debug: // ---- build task Query asset bundle ---- (7ms)
8-10-2026 02:28:47-debug: [Build Memory track]: Query asset bundle start:229.11MB, end 229.25MB, increase: 139.47KB
8-10-2026 02:28:47-log: run build task Query asset bundle success in 7 ms√, progress: 10%
8-10-2026 02:28:47-debug: Sort some build options to settings.json start, progress: 10%
8-10-2026 02:28:47-debug: // ---- build task Sort some build options to settings.json ----
8-10-2026 02:28:47-log: run build task Sort some build options to settings.json success in 5 ms√, progress: 12%
8-10-2026 02:28:47-debug: // ---- build task Sort some build options to settings.json ---- (5ms)
8-10-2026 02:28:47-debug: [Build Memory track]: Sort some build options to settings.json start:229.27MB, end 229.30MB, increase: 26.24KB
8-10-2026 02:28:47-debug: Fill script data to settings start, progress: 12%
8-10-2026 02:28:47-debug: // ---- build task Fill script data to settings ----
8-10-2026 02:28:47-debug: // ---- build task Fill script data to settings ---- (5ms)
8-10-2026 02:28:47-log: run build task Fill script data to settings success in 5 ms√, progress: 13%
8-10-2026 02:28:47-debug: // ---- build task Sort some build options to settings.json ----
8-10-2026 02:28:47-debug: [Build Memory track]: Fill script data to settings start:229.33MB, end 229.36MB, increase: 32.62KB
8-10-2026 02:28:47-debug: Sort some build options to settings.json start, progress: 13%
8-10-2026 02:28:47-debug: // ---- build task Sort some build options to settings.json ---- (22ms)
8-10-2026 02:28:47-log: run build task Sort some build options to settings.json success in 22 ms√, progress: 15%
8-10-2026 02:28:47-debug: [Build Memory track]: Sort some build options to settings.json start:229.40MB, end 229.52MB, increase: 126.45KB
8-10-2026 02:29:08-debug: Query all assets info in project
8-10-2026 02:29:08-debug: init custom config: keepNodeUuid: false, useCache: true
8-10-2026 02:29:08-debug: Skip compress image, progress: 0%
8-10-2026 02:29:08-debug: Init all bundles start..., progress: 0%
8-10-2026 02:29:08-debug: Query asset bundle start, progress: 0%
8-10-2026 02:29:08-debug: // ---- build task Query asset bundle ----
8-10-2026 02:29:08-debug: Init bundle root assets start..., progress: 0%
8-10-2026 02:29:08-debug: Num of bundles: 2..., progress: 0%
8-10-2026 02:29:08-debug: Query preload assets/scripts from cc.config.json: 60f7195c-ec2a-45eb-ba94-8955f60e81d0,1c02ae6f-4492-4915-b8f8-7492a3b1e4cd,810e96e4-e456-4468-9b59-f4e8f39732c0,efe8e2a3-eace-427b-b4f1-cb8a937ec77d,e9aa9a3e-5b2b-4ac7-a2c7-073de2b2b24f,8bbdbcdd-5cd4-4100-b6d5-b7c9625b6107,50f4348b-c883-4e2f-8f11-ce233b859fa1,fda095cb-831d-4601-ad94-846013963de8,f92806d7-1768-443f-afe8-12bcde84d0f0,dd3a144d-ab7f-41f0-82b8-2e43a090d496,f0416e68-0200-4b77-a926-4f9d16e494da,511d2633-09a7-4bdd-ac42-f778032124b3,5d45aa00-e064-4938-b314-4265f0c2258c,9361fd90-ba52-4f84-aa93-6e878fd576ca,970b0598-bcb0-4714-91fb-2e81440dccd8,bcd64cc6-2dd9-43f6-abbe-66318d332032,d930590d-bb92-4cc8-8bd1-23cd027f9edf,a3cd009f-0ab0-420d-9278-b9fdab939bbc,6a2d0734-bd9e-4ddf-946e-caa52498cb75,d9937e59-61fe-4ec6-92ab-7ac5a19c89b0,d1346436-ac96-4271-b863-1f4fdead95b0,971bdb23-3ff6-43eb-b422-1c30165a3663,17debcc3-0a6b-4b8a-b00b-dc58b885581e,711ebe11-f673-4cd9-9a83-63c60ba54c5b,c0143906-9aed-447e-9436-2ae8512d1b6e,14da1725-c4c2-42b4-ab08-ee0aeb6898b3,081cab31-dccd-428e-8652-f2404cc81c47,78e0584a-4343-4727-8f37-e14e65c2a2db,871c3b6c-7379-419d-bda3-794b239ab90d,ff9b0199-ce04-4cfe-86cc-6c719f08d6e4,de1c2107-70c8-4021-8459-6399f24d01c6,cbf30902-517f-40dc-af90-a550bac27cf1,5c601d96-e4c7-4698-991b-7ee674b11079
8-10-2026 02:29:08-debug:   Number of all scenes: 3
8-10-2026 02:29:08-debug:   Number of all scripts: 41
8-10-2026 02:29:08-debug: Init bundle root assets success..., progress: 0%
8-10-2026 02:29:08-debug:   Number of other assets: 486
8-10-2026 02:29:08-debug: // ---- build task Query asset bundle ---- (11ms)
8-10-2026 02:29:08-log: run build task Query asset bundle success in 11 ms√, progress: 5%
8-10-2026 02:29:08-debug: Query asset bundle start, progress: 5%
8-10-2026 02:29:08-debug: [Build Memory track]: Query asset bundle start:229.44MB, end 229.32MB, increase: -124.96KB
8-10-2026 02:29:08-debug: // ---- build task Query asset bundle ----
8-10-2026 02:29:08-debug: // ---- build task Query asset bundle ---- (8ms)
8-10-2026 02:29:08-log: run build task Query asset bundle success in 8 ms√, progress: 10%
8-10-2026 02:29:08-debug: [Build Memory track]: Query asset bundle start:229.35MB, end 229.52MB, increase: 173.98KB
8-10-2026 02:29:08-debug: Sort some build options to settings.json start, progress: 10%
8-10-2026 02:29:08-debug: // ---- build task Sort some build options to settings.json ----
8-10-2026 02:29:08-debug: // ---- build task Sort some build options to settings.json ---- (5ms)
8-10-2026 02:29:08-log: run build task Sort some build options to settings.json success in 5 ms√, progress: 12%
8-10-2026 02:29:08-debug: [Build Memory track]: Sort some build options to settings.json start:229.55MB, end 229.57MB, increase: 26.36KB
8-10-2026 02:29:08-debug: Fill script data to settings start, progress: 12%
8-10-2026 02:29:08-debug: // ---- build task Fill script data to settings ----
8-10-2026 02:29:08-debug: // ---- build task Fill script data to settings ---- (4ms)
8-10-2026 02:29:08-log: run build task Fill script data to settings success in 4 ms√, progress: 13%
8-10-2026 02:29:08-debug: Sort some build options to settings.json start, progress: 13%
8-10-2026 02:29:08-debug: [Build Memory track]: Fill script data to settings start:229.60MB, end 229.63MB, increase: 25.69KB
8-10-2026 02:29:08-debug: // ---- build task Sort some build options to settings.json ----
8-10-2026 02:29:08-debug: // ---- build task Sort some build options to settings.json ---- (17ms)
8-10-2026 02:29:08-log: run build task Sort some build options to settings.json success in 17 ms√, progress: 15%
8-10-2026 02:29:08-debug: [Build Memory track]: Sort some build options to settings.json start:229.65MB, end 229.78MB, increase: 126.21KB
8-10-2026 02:29:27-debug: Query all assets info in project
8-10-2026 02:29:27-debug: init custom config: keepNodeUuid: false, useCache: true
8-10-2026 02:29:27-debug: Skip compress image, progress: 0%
8-10-2026 02:29:27-debug: Init all bundles start..., progress: 0%
8-10-2026 02:29:27-debug: Query asset bundle start, progress: 0%
8-10-2026 02:29:27-debug: // ---- build task Query asset bundle ----
8-10-2026 02:29:27-debug: Num of bundles: 2..., progress: 0%
8-10-2026 02:29:27-debug: Init bundle root assets start..., progress: 0%
8-10-2026 02:29:27-debug: Query preload assets/scripts from cc.config.json: 60f7195c-ec2a-45eb-ba94-8955f60e81d0,1c02ae6f-4492-4915-b8f8-7492a3b1e4cd,810e96e4-e456-4468-9b59-f4e8f39732c0,efe8e2a3-eace-427b-b4f1-cb8a937ec77d,e9aa9a3e-5b2b-4ac7-a2c7-073de2b2b24f,8bbdbcdd-5cd4-4100-b6d5-b7c9625b6107,50f4348b-c883-4e2f-8f11-ce233b859fa1,fda095cb-831d-4601-ad94-846013963de8,f92806d7-1768-443f-afe8-12bcde84d0f0,dd3a144d-ab7f-41f0-82b8-2e43a090d496,f0416e68-0200-4b77-a926-4f9d16e494da,511d2633-09a7-4bdd-ac42-f778032124b3,5d45aa00-e064-4938-b314-4265f0c2258c,9361fd90-ba52-4f84-aa93-6e878fd576ca,970b0598-bcb0-4714-91fb-2e81440dccd8,bcd64cc6-2dd9-43f6-abbe-66318d332032,d930590d-bb92-4cc8-8bd1-23cd027f9edf,a3cd009f-0ab0-420d-9278-b9fdab939bbc,6a2d0734-bd9e-4ddf-946e-caa52498cb75,d9937e59-61fe-4ec6-92ab-7ac5a19c89b0,d1346436-ac96-4271-b863-1f4fdead95b0,971bdb23-3ff6-43eb-b422-1c30165a3663,17debcc3-0a6b-4b8a-b00b-dc58b885581e,711ebe11-f673-4cd9-9a83-63c60ba54c5b,c0143906-9aed-447e-9436-2ae8512d1b6e,14da1725-c4c2-42b4-ab08-ee0aeb6898b3,081cab31-dccd-428e-8652-f2404cc81c47,78e0584a-4343-4727-8f37-e14e65c2a2db,871c3b6c-7379-419d-bda3-794b239ab90d,ff9b0199-ce04-4cfe-86cc-6c719f08d6e4,de1c2107-70c8-4021-8459-6399f24d01c6,cbf30902-517f-40dc-af90-a550bac27cf1,5c601d96-e4c7-4698-991b-7ee674b11079
8-10-2026 02:29:27-debug:   Number of all scenes: 3
8-10-2026 02:29:27-debug:   Number of other assets: 486
8-10-2026 02:29:27-debug: Init bundle root assets success..., progress: 0%
8-10-2026 02:29:27-debug:   Number of all scripts: 41
8-10-2026 02:29:27-debug: // ---- build task Query asset bundle ---- (13ms)
8-10-2026 02:29:27-log: run build task Query asset bundle success in 13 ms√, progress: 5%
8-10-2026 02:29:27-debug: [Build Memory track]: Query asset bundle start:229.62MB, end 229.55MB, increase: -76.70KB
8-10-2026 02:29:27-debug: Query asset bundle start, progress: 5%
8-10-2026 02:29:27-debug: // ---- build task Query asset bundle ----
8-10-2026 02:29:27-debug: // ---- build task Query asset bundle ---- (5ms)
8-10-2026 02:29:27-log: run build task Query asset bundle success in 5 ms√, progress: 10%
8-10-2026 02:29:27-debug: [Build Memory track]: Query asset bundle start:229.57MB, end 229.71MB, increase: 139.48KB
8-10-2026 02:29:27-debug: Sort some build options to settings.json start, progress: 10%
8-10-2026 02:29:27-debug: // ---- build task Sort some build options to settings.json ----
8-10-2026 02:29:27-debug: // ---- build task Sort some build options to settings.json ---- (5ms)
8-10-2026 02:29:27-debug: [Build Memory track]: Sort some build options to settings.json start:229.74MB, end 229.76MB, increase: 26.37KB
8-10-2026 02:29:27-log: run build task Sort some build options to settings.json success in 5 ms√, progress: 12%
8-10-2026 02:29:27-debug: Fill script data to settings start, progress: 12%
8-10-2026 02:29:27-debug: // ---- build task Fill script data to settings ----
8-10-2026 02:29:27-debug: // ---- build task Fill script data to settings ---- (2ms)
8-10-2026 02:29:27-log: run build task Fill script data to settings success in 2 ms√, progress: 13%
8-10-2026 02:29:27-debug: [Build Memory track]: Fill script data to settings start:229.80MB, end 229.82MB, increase: 25.76KB
8-10-2026 02:29:27-debug: Sort some build options to settings.json start, progress: 13%
8-10-2026 02:29:27-debug: // ---- build task Sort some build options to settings.json ----
8-10-2026 02:29:27-debug: // ---- build task Sort some build options to settings.json ---- (15ms)
8-10-2026 02:29:27-log: run build task Sort some build options to settings.json success in 15 ms√, progress: 15%
8-10-2026 02:29:27-debug: [Build Memory track]: Sort some build options to settings.json start:229.85MB, end 229.97MB, increase: 126.26KB
8-10-2026 02:29:45-debug: Query all assets info in project
8-10-2026 02:29:45-debug: init custom config: keepNodeUuid: false, useCache: true
8-10-2026 02:29:45-debug: Skip compress image, progress: 0%
8-10-2026 02:29:45-debug: Init all bundles start..., progress: 0%
8-10-2026 02:29:45-debug: Num of bundles: 2..., progress: 0%
8-10-2026 02:29:45-debug: Query asset bundle start, progress: 0%
8-10-2026 02:29:45-debug: // ---- build task Query asset bundle ----
8-10-2026 02:29:45-debug: Init bundle root assets start..., progress: 0%
8-10-2026 02:29:45-debug: Query preload assets/scripts from cc.config.json: 60f7195c-ec2a-45eb-ba94-8955f60e81d0,1c02ae6f-4492-4915-b8f8-7492a3b1e4cd,810e96e4-e456-4468-9b59-f4e8f39732c0,efe8e2a3-eace-427b-b4f1-cb8a937ec77d,e9aa9a3e-5b2b-4ac7-a2c7-073de2b2b24f,8bbdbcdd-5cd4-4100-b6d5-b7c9625b6107,50f4348b-c883-4e2f-8f11-ce233b859fa1,fda095cb-831d-4601-ad94-846013963de8,f92806d7-1768-443f-afe8-12bcde84d0f0,dd3a144d-ab7f-41f0-82b8-2e43a090d496,f0416e68-0200-4b77-a926-4f9d16e494da,511d2633-09a7-4bdd-ac42-f778032124b3,5d45aa00-e064-4938-b314-4265f0c2258c,9361fd90-ba52-4f84-aa93-6e878fd576ca,970b0598-bcb0-4714-91fb-2e81440dccd8,bcd64cc6-2dd9-43f6-abbe-66318d332032,d930590d-bb92-4cc8-8bd1-23cd027f9edf,a3cd009f-0ab0-420d-9278-b9fdab939bbc,6a2d0734-bd9e-4ddf-946e-caa52498cb75,d9937e59-61fe-4ec6-92ab-7ac5a19c89b0,d1346436-ac96-4271-b863-1f4fdead95b0,971bdb23-3ff6-43eb-b422-1c30165a3663,17debcc3-0a6b-4b8a-b00b-dc58b885581e,711ebe11-f673-4cd9-9a83-63c60ba54c5b,c0143906-9aed-447e-9436-2ae8512d1b6e,14da1725-c4c2-42b4-ab08-ee0aeb6898b3,081cab31-dccd-428e-8652-f2404cc81c47,78e0584a-4343-4727-8f37-e14e65c2a2db,871c3b6c-7379-419d-bda3-794b239ab90d,ff9b0199-ce04-4cfe-86cc-6c719f08d6e4,de1c2107-70c8-4021-8459-6399f24d01c6,cbf30902-517f-40dc-af90-a550bac27cf1,5c601d96-e4c7-4698-991b-7ee674b11079
8-10-2026 02:29:45-debug:   Number of all scripts: 41
8-10-2026 02:29:45-debug:   Number of other assets: 486
8-10-2026 02:29:45-debug: Init bundle root assets success..., progress: 0%
8-10-2026 02:29:45-debug:   Number of all scenes: 3
8-10-2026 02:29:46-debug: // ---- build task Query asset bundle ---- (13ms)
8-10-2026 02:29:46-log: run build task Query asset bundle success in 13 ms√, progress: 5%
8-10-2026 02:29:46-debug: Query asset bundle start, progress: 5%
8-10-2026 02:29:46-debug: [Build Memory track]: Query asset bundle start:229.81MB, end 229.72MB, increase: -91.34KB
8-10-2026 02:29:46-debug: // ---- build task Query asset bundle ----
8-10-2026 02:29:46-debug: // ---- build task Query asset bundle ---- (10ms)
8-10-2026 02:29:46-log: run build task Query asset bundle success in 10 ms√, progress: 10%
8-10-2026 02:29:46-debug: [Build Memory track]: Query asset bundle start:229.75MB, end 229.88MB, increase: 139.46KB
8-10-2026 02:29:46-debug: Sort some build options to settings.json start, progress: 10%
8-10-2026 02:29:46-debug: // ---- build task Sort some build options to settings.json ----
8-10-2026 02:29:46-debug: // ---- build task Sort some build options to settings.json ---- (3ms)
8-10-2026 02:29:46-log: run build task Sort some build options to settings.json success in 3 ms√, progress: 12%
8-10-2026 02:29:46-debug: [Build Memory track]: Sort some build options to settings.json start:229.91MB, end 229.94MB, increase: 26.32KB
8-10-2026 02:29:46-debug: Fill script data to settings start, progress: 12%
8-10-2026 02:29:46-debug: // ---- build task Fill script data to settings ----
8-10-2026 02:29:46-debug: // ---- build task Fill script data to settings ---- (1ms)
8-10-2026 02:29:46-debug: [Build Memory track]: Fill script data to settings start:229.97MB, end 229.99MB, increase: 25.73KB
8-10-2026 02:29:46-debug: Sort some build options to settings.json start, progress: 13%
8-10-2026 02:29:46-log: run build task Fill script data to settings success in 1 ms√, progress: 13%
8-10-2026 02:29:46-debug: // ---- build task Sort some build options to settings.json ----
8-10-2026 02:29:46-debug: // ---- build task Sort some build options to settings.json ---- (13ms)
8-10-2026 02:29:46-log: run build task Sort some build options to settings.json success in 13 ms√, progress: 15%
8-10-2026 02:29:46-debug: [Build Memory track]: Sort some build options to settings.json start:230.02MB, end 230.14MB, increase: 126.15KB
8-10-2026 02:30:06-debug: Query all assets info in project
8-10-2026 02:30:06-debug: init custom config: keepNodeUuid: false, useCache: true
8-10-2026 02:30:06-debug: Skip compress image, progress: 0%
8-10-2026 02:30:06-debug: Init all bundles start..., progress: 0%
8-10-2026 02:30:06-debug: Num of bundles: 2..., progress: 0%
8-10-2026 02:30:06-debug: // ---- build task Query asset bundle ----
8-10-2026 02:30:06-debug: Query asset bundle start, progress: 0%
8-10-2026 02:30:06-debug: Init bundle root assets start..., progress: 0%
8-10-2026 02:30:06-debug: Query preload assets/scripts from cc.config.json: 60f7195c-ec2a-45eb-ba94-8955f60e81d0,1c02ae6f-4492-4915-b8f8-7492a3b1e4cd,810e96e4-e456-4468-9b59-f4e8f39732c0,efe8e2a3-eace-427b-b4f1-cb8a937ec77d,e9aa9a3e-5b2b-4ac7-a2c7-073de2b2b24f,8bbdbcdd-5cd4-4100-b6d5-b7c9625b6107,50f4348b-c883-4e2f-8f11-ce233b859fa1,fda095cb-831d-4601-ad94-846013963de8,f92806d7-1768-443f-afe8-12bcde84d0f0,dd3a144d-ab7f-41f0-82b8-2e43a090d496,f0416e68-0200-4b77-a926-4f9d16e494da,511d2633-09a7-4bdd-ac42-f778032124b3,5d45aa00-e064-4938-b314-4265f0c2258c,9361fd90-ba52-4f84-aa93-6e878fd576ca,970b0598-bcb0-4714-91fb-2e81440dccd8,bcd64cc6-2dd9-43f6-abbe-66318d332032,d930590d-bb92-4cc8-8bd1-23cd027f9edf,a3cd009f-0ab0-420d-9278-b9fdab939bbc,6a2d0734-bd9e-4ddf-946e-caa52498cb75,d9937e59-61fe-4ec6-92ab-7ac5a19c89b0,d1346436-ac96-4271-b863-1f4fdead95b0,971bdb23-3ff6-43eb-b422-1c30165a3663,17debcc3-0a6b-4b8a-b00b-dc58b885581e,711ebe11-f673-4cd9-9a83-63c60ba54c5b,c0143906-9aed-447e-9436-2ae8512d1b6e,14da1725-c4c2-42b4-ab08-ee0aeb6898b3,081cab31-dccd-428e-8652-f2404cc81c47,78e0584a-4343-4727-8f37-e14e65c2a2db,871c3b6c-7379-419d-bda3-794b239ab90d,ff9b0199-ce04-4cfe-86cc-6c719f08d6e4,de1c2107-70c8-4021-8459-6399f24d01c6,cbf30902-517f-40dc-af90-a550bac27cf1,5c601d96-e4c7-4698-991b-7ee674b11079
8-10-2026 02:30:06-debug:   Number of other assets: 486
8-10-2026 02:30:06-debug:   Number of all scenes: 3
8-10-2026 02:30:06-debug:   Number of all scripts: 41
8-10-2026 02:30:06-debug: Init bundle root assets success..., progress: 0%
8-10-2026 02:30:06-debug: // ---- build task Query asset bundle ---- (11ms)
8-10-2026 02:30:06-log: run build task Query asset bundle success in 11 ms√, progress: 5%
8-10-2026 02:30:06-debug: [Build Memory track]: Query asset bundle start:229.95MB, end 229.84MB, increase: -117.59KB
8-10-2026 02:30:06-debug: Query asset bundle start, progress: 5%
8-10-2026 02:30:06-debug: // ---- build task Query asset bundle ----
8-10-2026 02:30:06-debug: // ---- build task Query asset bundle ---- (4ms)
8-10-2026 02:30:06-log: run build task Query asset bundle success in 4 ms√, progress: 10%
8-10-2026 02:30:06-debug: // ---- build task Sort some build options to settings.json ----
8-10-2026 02:30:06-debug: Sort some build options to settings.json start, progress: 10%
8-10-2026 02:30:06-debug: [Build Memory track]: Query asset bundle start:229.87MB, end 230.00MB, increase: 139.48KB
8-10-2026 02:30:06-debug: // ---- build task Sort some build options to settings.json ---- (2ms)
8-10-2026 02:30:06-log: run build task Sort some build options to settings.json success in 2 ms√, progress: 12%
8-10-2026 02:30:06-debug: [Build Memory track]: Sort some build options to settings.json start:230.03MB, end 230.06MB, increase: 26.34KB
8-10-2026 02:30:06-debug: Fill script data to settings start, progress: 12%
8-10-2026 02:30:06-debug: // ---- build task Fill script data to settings ----
8-10-2026 02:30:06-debug: // ---- build task Fill script data to settings ---- (1ms)
8-10-2026 02:30:06-log: run build task Fill script data to settings success in 1 ms√, progress: 13%
8-10-2026 02:30:06-debug: [Build Memory track]: Fill script data to settings start:230.08MB, end 230.11MB, increase: 25.73KB
8-10-2026 02:30:06-debug: Sort some build options to settings.json start, progress: 13%
8-10-2026 02:30:06-debug: // ---- build task Sort some build options to settings.json ----
8-10-2026 02:30:06-debug: // ---- build task Sort some build options to settings.json ---- (16ms)
8-10-2026 02:30:06-log: run build task Sort some build options to settings.json success in 16 ms√, progress: 15%
8-10-2026 02:30:06-debug: [Build Memory track]: Sort some build options to settings.json start:230.14MB, end 230.26MB, increase: 126.30KB
8-10-2026 02:30:26-debug: Query all assets info in project
8-10-2026 02:30:26-debug: init custom config: keepNodeUuid: false, useCache: true
8-10-2026 02:30:26-debug: Skip compress image, progress: 0%
8-10-2026 02:30:26-debug: Init all bundles start..., progress: 0%
8-10-2026 02:30:26-debug: Num of bundles: 2..., progress: 0%
8-10-2026 02:30:26-debug: Query asset bundle start, progress: 0%
8-10-2026 02:30:26-debug: // ---- build task Query asset bundle ----
8-10-2026 02:30:26-debug: Init bundle root assets start..., progress: 0%
8-10-2026 02:30:26-debug: Query preload assets/scripts from cc.config.json: 60f7195c-ec2a-45eb-ba94-8955f60e81d0,1c02ae6f-4492-4915-b8f8-7492a3b1e4cd,810e96e4-e456-4468-9b59-f4e8f39732c0,efe8e2a3-eace-427b-b4f1-cb8a937ec77d,e9aa9a3e-5b2b-4ac7-a2c7-073de2b2b24f,8bbdbcdd-5cd4-4100-b6d5-b7c9625b6107,50f4348b-c883-4e2f-8f11-ce233b859fa1,fda095cb-831d-4601-ad94-846013963de8,f92806d7-1768-443f-afe8-12bcde84d0f0,dd3a144d-ab7f-41f0-82b8-2e43a090d496,f0416e68-0200-4b77-a926-4f9d16e494da,511d2633-09a7-4bdd-ac42-f778032124b3,5d45aa00-e064-4938-b314-4265f0c2258c,9361fd90-ba52-4f84-aa93-6e878fd576ca,970b0598-bcb0-4714-91fb-2e81440dccd8,bcd64cc6-2dd9-43f6-abbe-66318d332032,d930590d-bb92-4cc8-8bd1-23cd027f9edf,a3cd009f-0ab0-420d-9278-b9fdab939bbc,6a2d0734-bd9e-4ddf-946e-caa52498cb75,d9937e59-61fe-4ec6-92ab-7ac5a19c89b0,d1346436-ac96-4271-b863-1f4fdead95b0,971bdb23-3ff6-43eb-b422-1c30165a3663,17debcc3-0a6b-4b8a-b00b-dc58b885581e,711ebe11-f673-4cd9-9a83-63c60ba54c5b,c0143906-9aed-447e-9436-2ae8512d1b6e,14da1725-c4c2-42b4-ab08-ee0aeb6898b3,081cab31-dccd-428e-8652-f2404cc81c47,78e0584a-4343-4727-8f37-e14e65c2a2db,871c3b6c-7379-419d-bda3-794b239ab90d,ff9b0199-ce04-4cfe-86cc-6c719f08d6e4,de1c2107-70c8-4021-8459-6399f24d01c6,cbf30902-517f-40dc-af90-a550bac27cf1,5c601d96-e4c7-4698-991b-7ee674b11079
8-10-2026 02:30:26-debug:   Number of all scenes: 3
8-10-2026 02:30:26-debug:   Number of all scripts: 41
8-10-2026 02:30:26-debug: Init bundle root assets success..., progress: 0%
8-10-2026 02:30:26-debug:   Number of other assets: 486
8-10-2026 02:30:26-debug: // ---- build task Query asset bundle ---- (11ms)
8-10-2026 02:30:26-log: run build task Query asset bundle success in 11 ms√, progress: 5%
8-10-2026 02:30:26-debug: // ---- build task Query asset bundle ----
8-10-2026 02:30:26-debug: [Build Memory track]: Query asset bundle start:230.12MB, end 229.98MB, increase: -137.40KB
8-10-2026 02:30:26-debug: Query asset bundle start, progress: 5%
8-10-2026 02:30:26-debug: // ---- build task Query asset bundle ---- (5ms)
8-10-2026 02:30:26-log: run build task Query asset bundle success in 5 ms√, progress: 10%
8-10-2026 02:30:26-debug: [Build Memory track]: Query asset bundle start:230.01MB, end 230.14MB, increase: 139.46KB
8-10-2026 02:30:26-debug: Sort some build options to settings.json start, progress: 10%
8-10-2026 02:30:26-debug: // ---- build task Sort some build options to settings.json ----
8-10-2026 02:30:26-debug: // ---- build task Sort some build options to settings.json ---- (3ms)
8-10-2026 02:30:26-log: run build task Sort some build options to settings.json success in 3 ms√, progress: 12%
8-10-2026 02:30:26-debug: [Build Memory track]: Sort some build options to settings.json start:230.17MB, end 230.20MB, increase: 26.50KB
8-10-2026 02:30:26-debug: Fill script data to settings start, progress: 12%
8-10-2026 02:30:26-debug: // ---- build task Fill script data to settings ----
8-10-2026 02:30:26-debug: // ---- build task Fill script data to settings ---- (1ms)
8-10-2026 02:30:26-log: run build task Fill script data to settings success in 1 ms√, progress: 13%
8-10-2026 02:30:26-debug: [Build Memory track]: Fill script data to settings start:230.23MB, end 230.25MB, increase: 25.73KB
8-10-2026 02:30:26-debug: Sort some build options to settings.json start, progress: 13%
8-10-2026 02:30:26-debug: // ---- build task Sort some build options to settings.json ----
8-10-2026 02:30:26-debug: // ---- build task Sort some build options to settings.json ---- (16ms)
8-10-2026 02:30:26-log: run build task Sort some build options to settings.json success in 16 ms√, progress: 15%
8-10-2026 02:30:26-debug: [Build Memory track]: Sort some build options to settings.json start:230.28MB, end 230.40MB, increase: 126.17KB
8-10-2026 02:30:44-debug: Query all assets info in project
8-10-2026 02:30:44-debug: init custom config: keepNodeUuid: false, useCache: true
8-10-2026 02:30:44-debug: Skip compress image, progress: 0%
8-10-2026 02:30:44-debug: Init all bundles start..., progress: 0%
8-10-2026 02:30:44-debug: Num of bundles: 2..., progress: 0%
8-10-2026 02:30:44-debug: Query asset bundle start, progress: 0%
8-10-2026 02:30:44-debug: // ---- build task Query asset bundle ----
8-10-2026 02:30:44-debug: Init bundle root assets start..., progress: 0%
8-10-2026 02:30:44-debug: Query preload assets/scripts from cc.config.json: 60f7195c-ec2a-45eb-ba94-8955f60e81d0,1c02ae6f-4492-4915-b8f8-7492a3b1e4cd,810e96e4-e456-4468-9b59-f4e8f39732c0,efe8e2a3-eace-427b-b4f1-cb8a937ec77d,e9aa9a3e-5b2b-4ac7-a2c7-073de2b2b24f,8bbdbcdd-5cd4-4100-b6d5-b7c9625b6107,50f4348b-c883-4e2f-8f11-ce233b859fa1,fda095cb-831d-4601-ad94-846013963de8,f92806d7-1768-443f-afe8-12bcde84d0f0,dd3a144d-ab7f-41f0-82b8-2e43a090d496,f0416e68-0200-4b77-a926-4f9d16e494da,511d2633-09a7-4bdd-ac42-f778032124b3,5d45aa00-e064-4938-b314-4265f0c2258c,9361fd90-ba52-4f84-aa93-6e878fd576ca,970b0598-bcb0-4714-91fb-2e81440dccd8,bcd64cc6-2dd9-43f6-abbe-66318d332032,d930590d-bb92-4cc8-8bd1-23cd027f9edf,a3cd009f-0ab0-420d-9278-b9fdab939bbc,6a2d0734-bd9e-4ddf-946e-caa52498cb75,d9937e59-61fe-4ec6-92ab-7ac5a19c89b0,d1346436-ac96-4271-b863-1f4fdead95b0,971bdb23-3ff6-43eb-b422-1c30165a3663,17debcc3-0a6b-4b8a-b00b-dc58b885581e,711ebe11-f673-4cd9-9a83-63c60ba54c5b,c0143906-9aed-447e-9436-2ae8512d1b6e,14da1725-c4c2-42b4-ab08-ee0aeb6898b3,081cab31-dccd-428e-8652-f2404cc81c47,78e0584a-4343-4727-8f37-e14e65c2a2db,871c3b6c-7379-419d-bda3-794b239ab90d,ff9b0199-ce04-4cfe-86cc-6c719f08d6e4,de1c2107-70c8-4021-8459-6399f24d01c6,cbf30902-517f-40dc-af90-a550bac27cf1,5c601d96-e4c7-4698-991b-7ee674b11079
8-10-2026 02:30:44-debug:   Number of all scenes: 3
8-10-2026 02:30:44-debug:   Number of all scripts: 41
8-10-2026 02:30:44-debug: Init bundle root assets success..., progress: 0%
8-10-2026 02:30:44-debug:   Number of other assets: 486
8-10-2026 02:30:44-debug: // ---- build task Query asset bundle ---- (9ms)
8-10-2026 02:30:44-log: run build task Query asset bundle success in 9 ms√, progress: 5%
8-10-2026 02:30:44-debug: [Build Memory track]: Query asset bundle start:230.23MB, end 230.14MB, increase: -91.85KB
8-10-2026 02:30:44-debug: Query asset bundle start, progress: 5%
8-10-2026 02:30:44-debug: // ---- build task Query asset bundle ----
8-10-2026 02:30:44-debug: // ---- build task Query asset bundle ---- (8ms)
8-10-2026 02:30:44-log: run build task Query asset bundle success in 8 ms√, progress: 10%
8-10-2026 02:30:44-debug: Sort some build options to settings.json start, progress: 10%
8-10-2026 02:30:44-debug: // ---- build task Sort some build options to settings.json ----
8-10-2026 02:30:44-debug: [Build Memory track]: Query asset bundle start:230.17MB, end 230.32MB, increase: 156.05KB
8-10-2026 02:30:44-debug: // ---- build task Sort some build options to settings.json ---- (6ms)
8-10-2026 02:30:44-log: run build task Sort some build options to settings.json success in 6 ms√, progress: 12%
8-10-2026 02:30:44-debug: [Build Memory track]: Sort some build options to settings.json start:230.35MB, end 230.38MB, increase: 26.31KB
8-10-2026 02:30:44-debug: Fill script data to settings start, progress: 12%
8-10-2026 02:30:44-debug: // ---- build task Fill script data to settings ----
8-10-2026 02:30:44-debug: // ---- build task Fill script data to settings ---- (4ms)
8-10-2026 02:30:44-log: run build task Fill script data to settings success in 4 ms√, progress: 13%
8-10-2026 02:30:44-debug: Sort some build options to settings.json start, progress: 13%
8-10-2026 02:30:44-debug: [Build Memory track]: Fill script data to settings start:230.41MB, end 230.43MB, increase: 27.01KB
8-10-2026 02:30:44-debug: // ---- build task Sort some build options to settings.json ----
8-10-2026 02:30:44-debug: // ---- build task Sort some build options to settings.json ---- (20ms)
8-10-2026 02:30:44-log: run build task Sort some build options to settings.json success in 20 ms√, progress: 15%
8-10-2026 02:30:44-debug: [Build Memory track]: Sort some build options to settings.json start:230.46MB, end 230.58MB, increase: 126.17KB
8-10-2026 02:31:05-debug: Query all assets info in project
8-10-2026 02:31:05-debug: init custom config: keepNodeUuid: false, useCache: true
8-10-2026 02:31:05-debug: Skip compress image, progress: 0%
8-10-2026 02:31:05-debug: Init all bundles start..., progress: 0%
8-10-2026 02:31:05-debug: Num of bundles: 2..., progress: 0%
8-10-2026 02:31:05-debug: Query asset bundle start, progress: 0%
8-10-2026 02:31:05-debug: // ---- build task Query asset bundle ----
8-10-2026 02:31:05-debug: Init bundle root assets start..., progress: 0%
8-10-2026 02:31:05-debug: Query preload assets/scripts from cc.config.json: 60f7195c-ec2a-45eb-ba94-8955f60e81d0,1c02ae6f-4492-4915-b8f8-7492a3b1e4cd,810e96e4-e456-4468-9b59-f4e8f39732c0,efe8e2a3-eace-427b-b4f1-cb8a937ec77d,e9aa9a3e-5b2b-4ac7-a2c7-073de2b2b24f,8bbdbcdd-5cd4-4100-b6d5-b7c9625b6107,50f4348b-c883-4e2f-8f11-ce233b859fa1,fda095cb-831d-4601-ad94-846013963de8,f92806d7-1768-443f-afe8-12bcde84d0f0,dd3a144d-ab7f-41f0-82b8-2e43a090d496,f0416e68-0200-4b77-a926-4f9d16e494da,511d2633-09a7-4bdd-ac42-f778032124b3,5d45aa00-e064-4938-b314-4265f0c2258c,9361fd90-ba52-4f84-aa93-6e878fd576ca,970b0598-bcb0-4714-91fb-2e81440dccd8,bcd64cc6-2dd9-43f6-abbe-66318d332032,d930590d-bb92-4cc8-8bd1-23cd027f9edf,a3cd009f-0ab0-420d-9278-b9fdab939bbc,6a2d0734-bd9e-4ddf-946e-caa52498cb75,d9937e59-61fe-4ec6-92ab-7ac5a19c89b0,d1346436-ac96-4271-b863-1f4fdead95b0,971bdb23-3ff6-43eb-b422-1c30165a3663,17debcc3-0a6b-4b8a-b00b-dc58b885581e,711ebe11-f673-4cd9-9a83-63c60ba54c5b,c0143906-9aed-447e-9436-2ae8512d1b6e,14da1725-c4c2-42b4-ab08-ee0aeb6898b3,081cab31-dccd-428e-8652-f2404cc81c47,78e0584a-4343-4727-8f37-e14e65c2a2db,871c3b6c-7379-419d-bda3-794b239ab90d,ff9b0199-ce04-4cfe-86cc-6c719f08d6e4,de1c2107-70c8-4021-8459-6399f24d01c6,cbf30902-517f-40dc-af90-a550bac27cf1,5c601d96-e4c7-4698-991b-7ee674b11079
8-10-2026 02:31:05-debug:   Number of all scenes: 3
8-10-2026 02:31:05-debug:   Number of all scripts: 41
8-10-2026 02:31:05-debug: Init bundle root assets success..., progress: 0%
8-10-2026 02:31:05-debug:   Number of other assets: 486
8-10-2026 02:31:05-debug: // ---- build task Query asset bundle ---- (11ms)
8-10-2026 02:31:05-log: run build task Query asset bundle success in 11 ms√, progress: 5%
8-10-2026 02:31:05-debug: Query asset bundle start, progress: 5%
8-10-2026 02:31:05-debug: [Build Memory track]: Query asset bundle start:230.39MB, end 230.28MB, increase: -110.40KB
8-10-2026 02:31:05-debug: // ---- build task Query asset bundle ----
8-10-2026 02:31:05-debug: // ---- build task Query asset bundle ---- (8ms)
8-10-2026 02:31:05-log: run build task Query asset bundle success in 8 ms√, progress: 10%
8-10-2026 02:31:05-debug: [Build Memory track]: Query asset bundle start:230.31MB, end 230.45MB, increase: 141.55KB
8-10-2026 02:31:05-debug: Sort some build options to settings.json start, progress: 10%
8-10-2026 02:31:05-debug: // ---- build task Sort some build options to settings.json ----
8-10-2026 02:31:05-debug: // ---- build task Sort some build options to settings.json ---- (5ms)
8-10-2026 02:31:05-log: run build task Sort some build options to settings.json success in 5 ms√, progress: 12%
8-10-2026 02:31:05-debug: [Build Memory track]: Sort some build options to settings.json start:230.48MB, end 230.50MB, increase: 26.96KB
8-10-2026 02:31:05-debug: Fill script data to settings start, progress: 12%
8-10-2026 02:31:05-debug: // ---- build task Fill script data to settings ----
8-10-2026 02:31:05-debug: // ---- build task Fill script data to settings ---- (2ms)
8-10-2026 02:31:05-log: run build task Fill script data to settings success in 2 ms√, progress: 13%
8-10-2026 02:31:05-debug: Sort some build options to settings.json start, progress: 13%
8-10-2026 02:31:05-debug: [Build Memory track]: Fill script data to settings start:230.53MB, end 230.56MB, increase: 26.38KB
8-10-2026 02:31:05-debug: // ---- build task Sort some build options to settings.json ----
8-10-2026 02:31:05-debug: // ---- build task Sort some build options to settings.json ---- (20ms)
8-10-2026 02:31:05-log: run build task Sort some build options to settings.json success in 20 ms√, progress: 15%
8-10-2026 02:31:05-debug: [Build Memory track]: Sort some build options to settings.json start:230.58MB, end 230.71MB, increase: 127.26KB
8-10-2026 02:31:25-debug: Query all assets info in project
8-10-2026 02:31:25-debug: init custom config: keepNodeUuid: false, useCache: true
8-10-2026 02:31:25-debug: Skip compress image, progress: 0%
8-10-2026 02:31:25-debug: Init all bundles start..., progress: 0%
8-10-2026 02:31:25-debug: Num of bundles: 2..., progress: 0%
8-10-2026 02:31:25-debug: // ---- build task Query asset bundle ----
8-10-2026 02:31:25-debug: Query asset bundle start, progress: 0%
8-10-2026 02:31:25-debug: Init bundle root assets start..., progress: 0%
8-10-2026 02:31:25-debug: Query preload assets/scripts from cc.config.json: 60f7195c-ec2a-45eb-ba94-8955f60e81d0,1c02ae6f-4492-4915-b8f8-7492a3b1e4cd,810e96e4-e456-4468-9b59-f4e8f39732c0,efe8e2a3-eace-427b-b4f1-cb8a937ec77d,e9aa9a3e-5b2b-4ac7-a2c7-073de2b2b24f,8bbdbcdd-5cd4-4100-b6d5-b7c9625b6107,50f4348b-c883-4e2f-8f11-ce233b859fa1,fda095cb-831d-4601-ad94-846013963de8,f92806d7-1768-443f-afe8-12bcde84d0f0,dd3a144d-ab7f-41f0-82b8-2e43a090d496,f0416e68-0200-4b77-a926-4f9d16e494da,511d2633-09a7-4bdd-ac42-f778032124b3,5d45aa00-e064-4938-b314-4265f0c2258c,9361fd90-ba52-4f84-aa93-6e878fd576ca,970b0598-bcb0-4714-91fb-2e81440dccd8,bcd64cc6-2dd9-43f6-abbe-66318d332032,d930590d-bb92-4cc8-8bd1-23cd027f9edf,a3cd009f-0ab0-420d-9278-b9fdab939bbc,6a2d0734-bd9e-4ddf-946e-caa52498cb75,d9937e59-61fe-4ec6-92ab-7ac5a19c89b0,d1346436-ac96-4271-b863-1f4fdead95b0,971bdb23-3ff6-43eb-b422-1c30165a3663,17debcc3-0a6b-4b8a-b00b-dc58b885581e,711ebe11-f673-4cd9-9a83-63c60ba54c5b,c0143906-9aed-447e-9436-2ae8512d1b6e,14da1725-c4c2-42b4-ab08-ee0aeb6898b3,081cab31-dccd-428e-8652-f2404cc81c47,78e0584a-4343-4727-8f37-e14e65c2a2db,871c3b6c-7379-419d-bda3-794b239ab90d,ff9b0199-ce04-4cfe-86cc-6c719f08d6e4,de1c2107-70c8-4021-8459-6399f24d01c6,cbf30902-517f-40dc-af90-a550bac27cf1,5c601d96-e4c7-4698-991b-7ee674b11079
8-10-2026 02:31:25-debug:   Number of all scenes: 3
8-10-2026 02:31:25-debug: Init bundle root assets success..., progress: 0%
8-10-2026 02:31:25-debug:   Number of all scripts: 41
8-10-2026 02:31:25-debug:   Number of other assets: 486
8-10-2026 02:31:25-debug: // ---- build task Query asset bundle ---- (10ms)
8-10-2026 02:31:25-log: run build task Query asset bundle success in 10 ms√, progress: 5%
8-10-2026 02:31:25-debug: Query asset bundle start, progress: 5%
8-10-2026 02:31:25-debug: [Build Memory track]: Query asset bundle start:230.57MB, end 230.42MB, increase: -146.58KB
8-10-2026 02:31:25-debug: // ---- build task Query asset bundle ----
8-10-2026 02:31:25-debug: // ---- build task Query asset bundle ---- (5ms)
8-10-2026 02:31:25-log: run build task Query asset bundle success in 5 ms√, progress: 10%
8-10-2026 02:31:25-debug: [Build Memory track]: Query asset bundle start:230.45MB, end 230.60MB, increase: 147.73KB
8-10-2026 02:31:25-debug: Sort some build options to settings.json start, progress: 10%
8-10-2026 02:31:25-debug: // ---- build task Sort some build options to settings.json ----
8-10-2026 02:31:25-debug: // ---- build task Sort some build options to settings.json ---- (2ms)
8-10-2026 02:31:25-debug: [Build Memory track]: Sort some build options to settings.json start:230.63MB, end 230.65MB, increase: 27.09KB
8-10-2026 02:31:25-log: run build task Sort some build options to settings.json success in 2 ms√, progress: 12%
8-10-2026 02:31:25-debug: Fill script data to settings start, progress: 12%
8-10-2026 02:31:25-debug: // ---- build task Fill script data to settings ----
8-10-2026 02:31:25-debug: // ---- build task Fill script data to settings ---- (1ms)
8-10-2026 02:31:25-log: run build task Fill script data to settings success in 1 ms√, progress: 13%
8-10-2026 02:31:25-debug: [Build Memory track]: Fill script data to settings start:230.68MB, end 230.71MB, increase: 26.40KB
8-10-2026 02:31:25-debug: Sort some build options to settings.json start, progress: 13%
8-10-2026 02:31:25-debug: // ---- build task Sort some build options to settings.json ----
8-10-2026 02:31:25-debug: // ---- build task Sort some build options to settings.json ---- (14ms)
8-10-2026 02:31:25-log: run build task Sort some build options to settings.json success in 14 ms√, progress: 15%
8-10-2026 02:31:25-debug: [Build Memory track]: Sort some build options to settings.json start:230.73MB, end 230.86MB, increase: 127.59KB
8-10-2026 02:31:43-debug: Query all assets info in project
8-10-2026 02:31:43-debug: init custom config: keepNodeUuid: false, useCache: true
8-10-2026 02:31:43-debug: Skip compress image, progress: 0%
8-10-2026 02:31:44-debug: Init all bundles start..., progress: 0%
8-10-2026 02:31:44-debug: Query asset bundle start, progress: 0%
8-10-2026 02:31:44-debug: // ---- build task Query asset bundle ----
8-10-2026 02:31:44-debug: Num of bundles: 2..., progress: 0%
8-10-2026 02:31:44-debug: Init bundle root assets start..., progress: 0%
8-10-2026 02:31:44-debug: Query preload assets/scripts from cc.config.json: 60f7195c-ec2a-45eb-ba94-8955f60e81d0,1c02ae6f-4492-4915-b8f8-7492a3b1e4cd,810e96e4-e456-4468-9b59-f4e8f39732c0,efe8e2a3-eace-427b-b4f1-cb8a937ec77d,e9aa9a3e-5b2b-4ac7-a2c7-073de2b2b24f,8bbdbcdd-5cd4-4100-b6d5-b7c9625b6107,50f4348b-c883-4e2f-8f11-ce233b859fa1,fda095cb-831d-4601-ad94-846013963de8,f92806d7-1768-443f-afe8-12bcde84d0f0,dd3a144d-ab7f-41f0-82b8-2e43a090d496,f0416e68-0200-4b77-a926-4f9d16e494da,511d2633-09a7-4bdd-ac42-f778032124b3,5d45aa00-e064-4938-b314-4265f0c2258c,9361fd90-ba52-4f84-aa93-6e878fd576ca,970b0598-bcb0-4714-91fb-2e81440dccd8,bcd64cc6-2dd9-43f6-abbe-66318d332032,d930590d-bb92-4cc8-8bd1-23cd027f9edf,a3cd009f-0ab0-420d-9278-b9fdab939bbc,6a2d0734-bd9e-4ddf-946e-caa52498cb75,d9937e59-61fe-4ec6-92ab-7ac5a19c89b0,d1346436-ac96-4271-b863-1f4fdead95b0,971bdb23-3ff6-43eb-b422-1c30165a3663,17debcc3-0a6b-4b8a-b00b-dc58b885581e,711ebe11-f673-4cd9-9a83-63c60ba54c5b,c0143906-9aed-447e-9436-2ae8512d1b6e,14da1725-c4c2-42b4-ab08-ee0aeb6898b3,081cab31-dccd-428e-8652-f2404cc81c47,78e0584a-4343-4727-8f37-e14e65c2a2db,871c3b6c-7379-419d-bda3-794b239ab90d,ff9b0199-ce04-4cfe-86cc-6c719f08d6e4,de1c2107-70c8-4021-8459-6399f24d01c6,cbf30902-517f-40dc-af90-a550bac27cf1,5c601d96-e4c7-4698-991b-7ee674b11079
8-10-2026 02:31:44-debug:   Number of all scenes: 3
8-10-2026 02:31:44-debug:   Number of all scripts: 41
8-10-2026 02:31:44-debug: Init bundle root assets success..., progress: 0%
8-10-2026 02:31:44-debug:   Number of other assets: 486
8-10-2026 02:31:44-debug: // ---- build task Query asset bundle ---- (14ms)
8-10-2026 02:31:44-log: run build task Query asset bundle success in 14 ms√, progress: 5%
8-10-2026 02:31:44-debug: [Build Memory track]: Query asset bundle start:230.71MB, end 230.60MB, increase: -115.83KB
8-10-2026 02:31:44-debug: Query asset bundle start, progress: 5%
8-10-2026 02:31:44-debug: // ---- build task Query asset bundle ----
8-10-2026 02:31:44-debug: // ---- build task Query asset bundle ---- (7ms)
8-10-2026 02:31:44-log: run build task Query asset bundle success in 7 ms√, progress: 10%
8-10-2026 02:31:44-debug: [Build Memory track]: Query asset bundle start:230.62MB, end 230.76MB, increase: 140.13KB
8-10-2026 02:31:44-debug: // ---- build task Sort some build options to settings.json ----
8-10-2026 02:31:44-debug: Sort some build options to settings.json start, progress: 10%
8-10-2026 02:31:44-debug: // ---- build task Sort some build options to settings.json ---- (4ms)
8-10-2026 02:31:44-log: run build task Sort some build options to settings.json success in 4 ms√, progress: 12%
8-10-2026 02:31:44-debug: Fill script data to settings start, progress: 12%
8-10-2026 02:31:44-debug: // ---- build task Fill script data to settings ----
8-10-2026 02:31:44-debug: [Build Memory track]: Sort some build options to settings.json start:230.79MB, end 230.82MB, increase: 27.01KB
8-10-2026 02:31:44-debug: // ---- build task Fill script data to settings ---- (4ms)
8-10-2026 02:31:44-log: run build task Fill script data to settings success in 4 ms√, progress: 13%
8-10-2026 02:31:44-debug: // ---- build task Sort some build options to settings.json ----
8-10-2026 02:31:44-debug: [Build Memory track]: Fill script data to settings start:230.84MB, end 230.87MB, increase: 26.38KB
8-10-2026 02:31:44-debug: Sort some build options to settings.json start, progress: 13%
8-10-2026 02:31:44-debug: // ---- build task Sort some build options to settings.json ---- (17ms)
8-10-2026 02:31:44-debug: [Build Memory track]: Sort some build options to settings.json start:230.90MB, end 231.02MB, increase: 127.14KB
8-10-2026 02:31:44-log: run build task Sort some build options to settings.json success in 17 ms√, progress: 15%
8-10-2026 02:32:04-debug: Query all assets info in project
8-10-2026 02:32:04-debug: init custom config: keepNodeUuid: false, useCache: true
8-10-2026 02:32:04-debug: Skip compress image, progress: 0%
8-10-2026 02:32:04-debug: Init all bundles start..., progress: 0%
8-10-2026 02:32:04-debug: Init bundle root assets start..., progress: 0%
8-10-2026 02:32:04-debug: // ---- build task Query asset bundle ----
8-10-2026 02:32:04-debug: Query asset bundle start, progress: 0%
8-10-2026 02:32:04-debug: Num of bundles: 2..., progress: 0%
8-10-2026 02:32:04-debug: Query preload assets/scripts from cc.config.json: 60f7195c-ec2a-45eb-ba94-8955f60e81d0,1c02ae6f-4492-4915-b8f8-7492a3b1e4cd,810e96e4-e456-4468-9b59-f4e8f39732c0,efe8e2a3-eace-427b-b4f1-cb8a937ec77d,e9aa9a3e-5b2b-4ac7-a2c7-073de2b2b24f,8bbdbcdd-5cd4-4100-b6d5-b7c9625b6107,50f4348b-c883-4e2f-8f11-ce233b859fa1,fda095cb-831d-4601-ad94-846013963de8,f92806d7-1768-443f-afe8-12bcde84d0f0,dd3a144d-ab7f-41f0-82b8-2e43a090d496,f0416e68-0200-4b77-a926-4f9d16e494da,511d2633-09a7-4bdd-ac42-f778032124b3,5d45aa00-e064-4938-b314-4265f0c2258c,9361fd90-ba52-4f84-aa93-6e878fd576ca,970b0598-bcb0-4714-91fb-2e81440dccd8,bcd64cc6-2dd9-43f6-abbe-66318d332032,d930590d-bb92-4cc8-8bd1-23cd027f9edf,a3cd009f-0ab0-420d-9278-b9fdab939bbc,6a2d0734-bd9e-4ddf-946e-caa52498cb75,d9937e59-61fe-4ec6-92ab-7ac5a19c89b0,d1346436-ac96-4271-b863-1f4fdead95b0,971bdb23-3ff6-43eb-b422-1c30165a3663,17debcc3-0a6b-4b8a-b00b-dc58b885581e,711ebe11-f673-4cd9-9a83-63c60ba54c5b,c0143906-9aed-447e-9436-2ae8512d1b6e,14da1725-c4c2-42b4-ab08-ee0aeb6898b3,081cab31-dccd-428e-8652-f2404cc81c47,78e0584a-4343-4727-8f37-e14e65c2a2db,871c3b6c-7379-419d-bda3-794b239ab90d,ff9b0199-ce04-4cfe-86cc-6c719f08d6e4,de1c2107-70c8-4021-8459-6399f24d01c6,cbf30902-517f-40dc-af90-a550bac27cf1,5c601d96-e4c7-4698-991b-7ee674b11079
8-10-2026 02:32:04-debug:   Number of all scenes: 3
8-10-2026 02:32:04-debug:   Number of all scripts: 41
8-10-2026 02:32:04-debug: Init bundle root assets success..., progress: 0%
8-10-2026 02:32:04-debug:   Number of other assets: 486
8-10-2026 02:32:04-debug: // ---- build task Query asset bundle ---- (16ms)
8-10-2026 02:32:04-log: run build task Query asset bundle success in 16 ms√, progress: 5%
8-10-2026 02:32:04-debug: [Build Memory track]: Query asset bundle start:230.85MB, end 230.75MB, increase: -94.76KB
8-10-2026 02:32:04-debug: Query asset bundle start, progress: 5%
8-10-2026 02:32:04-debug: // ---- build task Query asset bundle ----
8-10-2026 02:32:04-debug: // ---- build task Query asset bundle ---- (8ms)
8-10-2026 02:32:04-log: run build task Query asset bundle success in 8 ms√, progress: 10%
8-10-2026 02:32:04-debug: [Build Memory track]: Query asset bundle start:230.78MB, end 230.92MB, increase: 140.10KB
8-10-2026 02:32:04-debug: // ---- build task Sort some build options to settings.json ----
8-10-2026 02:32:04-debug: Sort some build options to settings.json start, progress: 10%
8-10-2026 02:32:04-debug: // ---- build task Sort some build options to settings.json ---- (6ms)
8-10-2026 02:32:04-log: run build task Sort some build options to settings.json success in 6 ms√, progress: 12%
8-10-2026 02:32:04-debug: [Build Memory track]: Sort some build options to settings.json start:230.95MB, end 230.97MB, increase: 26.96KB
8-10-2026 02:32:04-debug: Fill script data to settings start, progress: 12%
8-10-2026 02:32:04-debug: // ---- build task Fill script data to settings ----
8-10-2026 02:32:04-debug: // ---- build task Fill script data to settings ---- (4ms)
8-10-2026 02:32:04-log: run build task Fill script data to settings success in 4 ms√, progress: 13%
8-10-2026 02:32:04-debug: Sort some build options to settings.json start, progress: 13%
8-10-2026 02:32:04-debug: [Build Memory track]: Fill script data to settings start:231.00MB, end 231.03MB, increase: 26.38KB
8-10-2026 02:32:04-debug: // ---- build task Sort some build options to settings.json ----
8-10-2026 02:32:04-debug: // ---- build task Sort some build options to settings.json ---- (11ms)
8-10-2026 02:32:04-debug: [Build Memory track]: Sort some build options to settings.json start:231.05MB, end 231.18MB, increase: 126.80KB
8-10-2026 02:32:04-log: run build task Sort some build options to settings.json success in 11 ms√, progress: 15%
8-10-2026 02:32:21-debug: Query all assets info in project
8-10-2026 02:32:21-debug: init custom config: keepNodeUuid: false, useCache: true
8-10-2026 02:32:21-debug: Skip compress image, progress: 0%
8-10-2026 02:32:21-debug: Init all bundles start..., progress: 0%
8-10-2026 02:32:21-debug: Num of bundles: 2..., progress: 0%
8-10-2026 02:32:21-debug: Query asset bundle start, progress: 0%
8-10-2026 02:32:21-debug: // ---- build task Query asset bundle ----
8-10-2026 02:32:21-debug: Init bundle root assets start..., progress: 0%
8-10-2026 02:32:21-debug: Query preload assets/scripts from cc.config.json: 60f7195c-ec2a-45eb-ba94-8955f60e81d0,1c02ae6f-4492-4915-b8f8-7492a3b1e4cd,810e96e4-e456-4468-9b59-f4e8f39732c0,efe8e2a3-eace-427b-b4f1-cb8a937ec77d,e9aa9a3e-5b2b-4ac7-a2c7-073de2b2b24f,8bbdbcdd-5cd4-4100-b6d5-b7c9625b6107,50f4348b-c883-4e2f-8f11-ce233b859fa1,fda095cb-831d-4601-ad94-846013963de8,f92806d7-1768-443f-afe8-12bcde84d0f0,dd3a144d-ab7f-41f0-82b8-2e43a090d496,f0416e68-0200-4b77-a926-4f9d16e494da,511d2633-09a7-4bdd-ac42-f778032124b3,5d45aa00-e064-4938-b314-4265f0c2258c,9361fd90-ba52-4f84-aa93-6e878fd576ca,970b0598-bcb0-4714-91fb-2e81440dccd8,bcd64cc6-2dd9-43f6-abbe-66318d332032,d930590d-bb92-4cc8-8bd1-23cd027f9edf,a3cd009f-0ab0-420d-9278-b9fdab939bbc,6a2d0734-bd9e-4ddf-946e-caa52498cb75,d9937e59-61fe-4ec6-92ab-7ac5a19c89b0,d1346436-ac96-4271-b863-1f4fdead95b0,971bdb23-3ff6-43eb-b422-1c30165a3663,17debcc3-0a6b-4b8a-b00b-dc58b885581e,711ebe11-f673-4cd9-9a83-63c60ba54c5b,c0143906-9aed-447e-9436-2ae8512d1b6e,14da1725-c4c2-42b4-ab08-ee0aeb6898b3,081cab31-dccd-428e-8652-f2404cc81c47,78e0584a-4343-4727-8f37-e14e65c2a2db,871c3b6c-7379-419d-bda3-794b239ab90d,ff9b0199-ce04-4cfe-86cc-6c719f08d6e4,de1c2107-70c8-4021-8459-6399f24d01c6,cbf30902-517f-40dc-af90-a550bac27cf1,5c601d96-e4c7-4698-991b-7ee674b11079
8-10-2026 02:32:21-debug:   Number of all scenes: 3
8-10-2026 02:32:21-debug:   Number of other assets: 486
8-10-2026 02:32:21-debug: Init bundle root assets success..., progress: 0%
8-10-2026 02:32:21-debug:   Number of all scripts: 41
8-10-2026 02:32:21-debug: // ---- build task Query asset bundle ---- (13ms)
8-10-2026 02:32:21-log: run build task Query asset bundle success in 13 ms√, progress: 5%
8-10-2026 02:32:21-debug: [Build Memory track]: Query asset bundle start:230.99MB, end 230.88MB, increase: -115.64KB
8-10-2026 02:32:21-debug: Query asset bundle start, progress: 5%
8-10-2026 02:32:21-debug: // ---- build task Query asset bundle ----
8-10-2026 02:32:21-debug: // ---- build task Query asset bundle ---- (9ms)
8-10-2026 02:32:21-debug: [Build Memory track]: Query asset bundle start:230.91MB, end 231.05MB, increase: 140.48KB
8-10-2026 02:32:21-debug: // ---- build task Sort some build options to settings.json ----
8-10-2026 02:32:21-log: run build task Query asset bundle success in 9 ms√, progress: 10%
8-10-2026 02:32:21-debug: Sort some build options to settings.json start, progress: 10%
8-10-2026 02:32:21-log: run build task Sort some build options to settings.json success in 4 ms√, progress: 12%
8-10-2026 02:32:21-debug: [Build Memory track]: Sort some build options to settings.json start:231.07MB, end 231.10MB, increase: 26.98KB
8-10-2026 02:32:21-debug: // ---- build task Sort some build options to settings.json ---- (4ms)
8-10-2026 02:32:21-debug: Fill script data to settings start, progress: 12%
8-10-2026 02:32:21-debug: // ---- build task Fill script data to settings ----
8-10-2026 02:32:21-debug: // ---- build task Fill script data to settings ---- (2ms)
8-10-2026 02:32:21-log: run build task Fill script data to settings success in 2 ms√, progress: 13%
8-10-2026 02:32:21-debug: [Build Memory track]: Fill script data to settings start:231.13MB, end 231.16MB, increase: 26.59KB
8-10-2026 02:32:21-debug: Sort some build options to settings.json start, progress: 13%
8-10-2026 02:32:21-debug: // ---- build task Sort some build options to settings.json ----
8-10-2026 02:32:21-debug: // ---- build task Sort some build options to settings.json ---- (16ms)
8-10-2026 02:32:21-log: run build task Sort some build options to settings.json success in 16 ms√, progress: 15%
8-10-2026 02:32:21-debug: [Build Memory track]: Sort some build options to settings.json start:231.19MB, end 231.31MB, increase: 128.04KB
8-10-2026 02:32:40-debug: Query all assets info in project
8-10-2026 02:32:40-debug: init custom config: keepNodeUuid: false, useCache: true
8-10-2026 02:32:40-debug: Skip compress image, progress: 0%
8-10-2026 02:32:40-debug: Init all bundles start..., progress: 0%
8-10-2026 02:32:40-debug: // ---- build task Query asset bundle ----
8-10-2026 02:32:40-debug: Num of bundles: 2..., progress: 0%
8-10-2026 02:32:40-debug: Query asset bundle start, progress: 0%
8-10-2026 02:32:40-debug: Init bundle root assets start..., progress: 0%
8-10-2026 02:32:40-debug: Query preload assets/scripts from cc.config.json: 60f7195c-ec2a-45eb-ba94-8955f60e81d0,1c02ae6f-4492-4915-b8f8-7492a3b1e4cd,810e96e4-e456-4468-9b59-f4e8f39732c0,efe8e2a3-eace-427b-b4f1-cb8a937ec77d,e9aa9a3e-5b2b-4ac7-a2c7-073de2b2b24f,8bbdbcdd-5cd4-4100-b6d5-b7c9625b6107,50f4348b-c883-4e2f-8f11-ce233b859fa1,fda095cb-831d-4601-ad94-846013963de8,f92806d7-1768-443f-afe8-12bcde84d0f0,dd3a144d-ab7f-41f0-82b8-2e43a090d496,f0416e68-0200-4b77-a926-4f9d16e494da,511d2633-09a7-4bdd-ac42-f778032124b3,5d45aa00-e064-4938-b314-4265f0c2258c,9361fd90-ba52-4f84-aa93-6e878fd576ca,970b0598-bcb0-4714-91fb-2e81440dccd8,bcd64cc6-2dd9-43f6-abbe-66318d332032,d930590d-bb92-4cc8-8bd1-23cd027f9edf,a3cd009f-0ab0-420d-9278-b9fdab939bbc,6a2d0734-bd9e-4ddf-946e-caa52498cb75,d9937e59-61fe-4ec6-92ab-7ac5a19c89b0,d1346436-ac96-4271-b863-1f4fdead95b0,971bdb23-3ff6-43eb-b422-1c30165a3663,17debcc3-0a6b-4b8a-b00b-dc58b885581e,711ebe11-f673-4cd9-9a83-63c60ba54c5b,c0143906-9aed-447e-9436-2ae8512d1b6e,14da1725-c4c2-42b4-ab08-ee0aeb6898b3,081cab31-dccd-428e-8652-f2404cc81c47,78e0584a-4343-4727-8f37-e14e65c2a2db,871c3b6c-7379-419d-bda3-794b239ab90d,ff9b0199-ce04-4cfe-86cc-6c719f08d6e4,de1c2107-70c8-4021-8459-6399f24d01c6,cbf30902-517f-40dc-af90-a550bac27cf1,5c601d96-e4c7-4698-991b-7ee674b11079
8-10-2026 02:32:40-debug:   Number of all scenes: 3
8-10-2026 02:32:40-debug:   Number of all scripts: 41
8-10-2026 02:32:40-debug:   Number of other assets: 486
8-10-2026 02:32:40-debug: // ---- build task Query asset bundle ---- (14ms)
8-10-2026 02:32:40-debug: [Build Memory track]: Query asset bundle start:231.21MB, end 231.06MB, increase: -150.95KB
8-10-2026 02:32:40-debug: Init bundle root assets success..., progress: 0%
8-10-2026 02:32:40-log: run build task Query asset bundle success in 14 ms√, progress: 5%
8-10-2026 02:32:40-debug: // ---- build task Query asset bundle ----
8-10-2026 02:32:40-debug: Query asset bundle start, progress: 5%
8-10-2026 02:32:40-debug: // ---- build task Query asset bundle ---- (8ms)
8-10-2026 02:32:40-debug: [Build Memory track]: Query asset bundle start:231.09MB, end 231.23MB, increase: 144.06KB
8-10-2026 02:32:40-log: run build task Query asset bundle success in 8 ms√, progress: 10%
8-10-2026 02:32:40-debug: Sort some build options to settings.json start, progress: 10%
8-10-2026 02:32:40-debug: // ---- build task Sort some build options to settings.json ----
8-10-2026 02:32:40-debug: // ---- build task Sort some build options to settings.json ---- (4ms)
8-10-2026 02:32:40-log: run build task Sort some build options to settings.json success in 4 ms√, progress: 12%
8-10-2026 02:32:40-debug: [Build Memory track]: Sort some build options to settings.json start:231.26MB, end 231.29MB, increase: 27.01KB
8-10-2026 02:32:40-debug: Fill script data to settings start, progress: 12%
8-10-2026 02:32:40-debug: // ---- build task Fill script data to settings ----
8-10-2026 02:32:40-debug: // ---- build task Fill script data to settings ---- (2ms)
8-10-2026 02:32:40-debug: [Build Memory track]: Fill script data to settings start:231.31MB, end 231.34MB, increase: 26.35KB
8-10-2026 02:32:40-log: run build task Fill script data to settings success in 2 ms√, progress: 13%
8-10-2026 02:32:40-debug: Sort some build options to settings.json start, progress: 13%
8-10-2026 02:32:40-debug: // ---- build task Sort some build options to settings.json ----
8-10-2026 02:32:40-debug: // ---- build task Sort some build options to settings.json ---- (15ms)
8-10-2026 02:32:40-log: run build task Sort some build options to settings.json success in 15 ms√, progress: 15%
8-10-2026 02:32:40-debug: [Build Memory track]: Sort some build options to settings.json start:231.37MB, end 231.49MB, increase: 126.82KB
8-10-2026 02:32:59-debug: Query all assets info in project
8-10-2026 02:32:59-debug: init custom config: keepNodeUuid: false, useCache: true
8-10-2026 02:32:59-debug: Skip compress image, progress: 0%
8-10-2026 02:32:59-debug: Init all bundles start..., progress: 0%
8-10-2026 02:32:59-debug: Num of bundles: 2..., progress: 0%
8-10-2026 02:32:59-debug: Query asset bundle start, progress: 0%
8-10-2026 02:32:59-debug: // ---- build task Query asset bundle ----
8-10-2026 02:32:59-debug: Init bundle root assets start..., progress: 0%
8-10-2026 02:32:59-debug: Query preload assets/scripts from cc.config.json: 60f7195c-ec2a-45eb-ba94-8955f60e81d0,1c02ae6f-4492-4915-b8f8-7492a3b1e4cd,810e96e4-e456-4468-9b59-f4e8f39732c0,efe8e2a3-eace-427b-b4f1-cb8a937ec77d,e9aa9a3e-5b2b-4ac7-a2c7-073de2b2b24f,8bbdbcdd-5cd4-4100-b6d5-b7c9625b6107,50f4348b-c883-4e2f-8f11-ce233b859fa1,fda095cb-831d-4601-ad94-846013963de8,f92806d7-1768-443f-afe8-12bcde84d0f0,dd3a144d-ab7f-41f0-82b8-2e43a090d496,f0416e68-0200-4b77-a926-4f9d16e494da,511d2633-09a7-4bdd-ac42-f778032124b3,5d45aa00-e064-4938-b314-4265f0c2258c,9361fd90-ba52-4f84-aa93-6e878fd576ca,970b0598-bcb0-4714-91fb-2e81440dccd8,bcd64cc6-2dd9-43f6-abbe-66318d332032,d930590d-bb92-4cc8-8bd1-23cd027f9edf,a3cd009f-0ab0-420d-9278-b9fdab939bbc,6a2d0734-bd9e-4ddf-946e-caa52498cb75,d9937e59-61fe-4ec6-92ab-7ac5a19c89b0,d1346436-ac96-4271-b863-1f4fdead95b0,971bdb23-3ff6-43eb-b422-1c30165a3663,17debcc3-0a6b-4b8a-b00b-dc58b885581e,711ebe11-f673-4cd9-9a83-63c60ba54c5b,c0143906-9aed-447e-9436-2ae8512d1b6e,14da1725-c4c2-42b4-ab08-ee0aeb6898b3,081cab31-dccd-428e-8652-f2404cc81c47,78e0584a-4343-4727-8f37-e14e65c2a2db,871c3b6c-7379-419d-bda3-794b239ab90d,ff9b0199-ce04-4cfe-86cc-6c719f08d6e4,de1c2107-70c8-4021-8459-6399f24d01c6,cbf30902-517f-40dc-af90-a550bac27cf1,5c601d96-e4c7-4698-991b-7ee674b11079
8-10-2026 02:32:59-debug:   Number of all scripts: 41
8-10-2026 02:32:59-debug:   Number of other assets: 486
8-10-2026 02:32:59-debug: Init bundle root assets success..., progress: 0%
8-10-2026 02:32:59-debug:   Number of all scenes: 3
8-10-2026 02:32:59-debug: // ---- build task Query asset bundle ---- (13ms)
8-10-2026 02:32:59-log: run build task Query asset bundle success in 13 ms√, progress: 5%
8-10-2026 02:32:59-debug: [Build Memory track]: Query asset bundle start:231.36MB, end 231.21MB, increase: -146.19KB
8-10-2026 02:32:59-debug: Query asset bundle start, progress: 5%
8-10-2026 02:32:59-debug: // ---- build task Query asset bundle ----
8-10-2026 02:32:59-debug: // ---- build task Query asset bundle ---- (8ms)
8-10-2026 02:32:59-log: run build task Query asset bundle success in 8 ms√, progress: 10%
8-10-2026 02:32:59-debug: [Build Memory track]: Query asset bundle start:231.24MB, end 231.38MB, increase: 140.10KB
8-10-2026 02:32:59-debug: Sort some build options to settings.json start, progress: 10%
8-10-2026 02:32:59-debug: // ---- build task Sort some build options to settings.json ----
8-10-2026 02:32:59-debug: // ---- build task Sort some build options to settings.json ---- (4ms)
8-10-2026 02:32:59-log: run build task Sort some build options to settings.json success in 4 ms√, progress: 12%
8-10-2026 02:32:59-debug: [Build Memory track]: Sort some build options to settings.json start:231.41MB, end 231.43MB, increase: 26.98KB
8-10-2026 02:32:59-debug: Fill script data to settings start, progress: 12%
8-10-2026 02:32:59-debug: // ---- build task Fill script data to settings ----
8-10-2026 02:32:59-debug: // ---- build task Fill script data to settings ---- (3ms)
8-10-2026 02:32:59-log: run build task Fill script data to settings success in 3 ms√, progress: 13%
8-10-2026 02:32:59-debug: [Build Memory track]: Fill script data to settings start:231.46MB, end 231.49MB, increase: 26.43KB
8-10-2026 02:32:59-debug: Sort some build options to settings.json start, progress: 13%
8-10-2026 02:32:59-debug: // ---- build task Sort some build options to settings.json ----
8-10-2026 02:32:59-debug: // ---- build task Sort some build options to settings.json ---- (17ms)
8-10-2026 02:32:59-log: run build task Sort some build options to settings.json success in 17 ms√, progress: 15%
8-10-2026 02:32:59-debug: [Build Memory track]: Sort some build options to settings.json start:231.51MB, end 231.64MB, increase: 128.86KB
8-10-2026 02:33:18-debug: Query all assets info in project
8-10-2026 02:33:18-debug: init custom config: keepNodeUuid: false, useCache: true
8-10-2026 02:33:18-debug: Skip compress image, progress: 0%
8-10-2026 02:33:18-debug: Init all bundles start..., progress: 0%
8-10-2026 02:33:18-debug: Query asset bundle start, progress: 0%
8-10-2026 02:33:18-debug: Num of bundles: 2..., progress: 0%
8-10-2026 02:33:18-debug: // ---- build task Query asset bundle ----
8-10-2026 02:33:18-debug: Init bundle root assets start..., progress: 0%
8-10-2026 02:33:18-debug: Query preload assets/scripts from cc.config.json: 60f7195c-ec2a-45eb-ba94-8955f60e81d0,1c02ae6f-4492-4915-b8f8-7492a3b1e4cd,810e96e4-e456-4468-9b59-f4e8f39732c0,efe8e2a3-eace-427b-b4f1-cb8a937ec77d,e9aa9a3e-5b2b-4ac7-a2c7-073de2b2b24f,8bbdbcdd-5cd4-4100-b6d5-b7c9625b6107,50f4348b-c883-4e2f-8f11-ce233b859fa1,fda095cb-831d-4601-ad94-846013963de8,f92806d7-1768-443f-afe8-12bcde84d0f0,dd3a144d-ab7f-41f0-82b8-2e43a090d496,f0416e68-0200-4b77-a926-4f9d16e494da,511d2633-09a7-4bdd-ac42-f778032124b3,5d45aa00-e064-4938-b314-4265f0c2258c,9361fd90-ba52-4f84-aa93-6e878fd576ca,970b0598-bcb0-4714-91fb-2e81440dccd8,bcd64cc6-2dd9-43f6-abbe-66318d332032,d930590d-bb92-4cc8-8bd1-23cd027f9edf,a3cd009f-0ab0-420d-9278-b9fdab939bbc,6a2d0734-bd9e-4ddf-946e-caa52498cb75,d9937e59-61fe-4ec6-92ab-7ac5a19c89b0,d1346436-ac96-4271-b863-1f4fdead95b0,971bdb23-3ff6-43eb-b422-1c30165a3663,17debcc3-0a6b-4b8a-b00b-dc58b885581e,711ebe11-f673-4cd9-9a83-63c60ba54c5b,c0143906-9aed-447e-9436-2ae8512d1b6e,14da1725-c4c2-42b4-ab08-ee0aeb6898b3,081cab31-dccd-428e-8652-f2404cc81c47,78e0584a-4343-4727-8f37-e14e65c2a2db,871c3b6c-7379-419d-bda3-794b239ab90d,ff9b0199-ce04-4cfe-86cc-6c719f08d6e4,de1c2107-70c8-4021-8459-6399f24d01c6,cbf30902-517f-40dc-af90-a550bac27cf1,5c601d96-e4c7-4698-991b-7ee674b11079
8-10-2026 02:33:18-debug:   Number of all scripts: 41
8-10-2026 02:33:18-debug:   Number of other assets: 486
8-10-2026 02:33:18-debug: Init bundle root assets success..., progress: 0%
8-10-2026 02:33:18-debug:   Number of all scenes: 3
8-10-2026 02:33:18-debug: // ---- build task Query asset bundle ---- (10ms)
8-10-2026 02:33:18-log: run build task Query asset bundle success in 10 ms√, progress: 5%
8-10-2026 02:33:18-debug: [Build Memory track]: Query asset bundle start:231.47MB, end 231.36MB, increase: -112.71KB
8-10-2026 02:33:18-debug: // ---- build task Query asset bundle ----
8-10-2026 02:33:18-debug: Query asset bundle start, progress: 5%
8-10-2026 02:33:18-debug: // ---- build task Query asset bundle ---- (6ms)
8-10-2026 02:33:18-log: run build task Query asset bundle success in 6 ms√, progress: 10%
8-10-2026 02:33:18-debug: Sort some build options to settings.json start, progress: 10%
8-10-2026 02:33:18-debug: // ---- build task Sort some build options to settings.json ----
8-10-2026 02:33:18-debug: [Build Memory track]: Query asset bundle start:231.39MB, end 231.52MB, increase: 140.10KB
8-10-2026 02:33:18-debug: // ---- build task Sort some build options to settings.json ---- (3ms)
8-10-2026 02:33:18-debug: [Build Memory track]: Sort some build options to settings.json start:231.55MB, end 231.58MB, increase: 27.56KB
8-10-2026 02:33:18-debug: // ---- build task Fill script data to settings ----
8-10-2026 02:33:18-log: run build task Sort some build options to settings.json success in 3 ms√, progress: 12%
8-10-2026 02:33:18-debug: Fill script data to settings start, progress: 12%
8-10-2026 02:33:18-debug: // ---- build task Fill script data to settings ---- (1ms)
8-10-2026 02:33:18-debug: Sort some build options to settings.json start, progress: 13%
8-10-2026 02:33:18-log: run build task Fill script data to settings success in 1 ms√, progress: 13%
8-10-2026 02:33:18-debug: [Build Memory track]: Fill script data to settings start:231.61MB, end 231.63MB, increase: 26.35KB
8-10-2026 02:33:18-debug: // ---- build task Sort some build options to settings.json ----
8-10-2026 02:33:18-debug: // ---- build task Sort some build options to settings.json ---- (18ms)
8-10-2026 02:33:18-debug: [Build Memory track]: Sort some build options to settings.json start:231.66MB, end 231.79MB, increase: 126.85KB
8-10-2026 02:33:18-log: run build task Sort some build options to settings.json success in 18 ms√, progress: 15%
8-10-2026 02:33:22-debug: refresh db internal success
8-10-2026 02:33:22-debug: refresh db assets success
8-10-2026 02:33:22-debug: Run asset db hook engine-extends:afterRefresh ...
8-10-2026 02:33:22-debug: Run asset db hook engine-extends:afterRefresh success!
8-10-2026 02:33:22-debug: asset-db:refresh-all-database (94ms)
8-10-2026 02:33:22-debug: asset-db:worker-effect-data-processing (1ms)
8-10-2026 02:33:22-debug: asset-db-hook-engine-extends-afterRefresh (1ms)
8-10-2026 02:33:29-debug: refresh db internal success
8-10-2026 02:33:29-debug: refresh db assets success
8-10-2026 02:33:29-debug: Run asset db hook engine-extends:afterRefresh ...
8-10-2026 02:33:29-debug: Run asset db hook engine-extends:afterRefresh success!
8-10-2026 02:33:29-debug: asset-db:refresh-all-database (80ms)
8-10-2026 02:33:29-debug: asset-db:worker-effect-data-processing (2ms)
8-10-2026 02:33:29-debug: asset-db-hook-engine-extends-afterRefresh (2ms)
8-10-2026 02:33:46-debug: Query all assets info in project
8-10-2026 02:33:46-debug: init custom config: keepNodeUuid: false, useCache: true
8-10-2026 02:33:46-debug: Skip compress image, progress: 0%
8-10-2026 02:33:46-debug: Init all bundles start..., progress: 0%
8-10-2026 02:33:46-debug: Num of bundles: 2..., progress: 0%
8-10-2026 02:33:46-debug: Query asset bundle start, progress: 0%
8-10-2026 02:33:46-debug: // ---- build task Query asset bundle ----
8-10-2026 02:33:46-debug: Init bundle root assets start..., progress: 0%
8-10-2026 02:33:46-debug: Query preload assets/scripts from cc.config.json: 60f7195c-ec2a-45eb-ba94-8955f60e81d0,1c02ae6f-4492-4915-b8f8-7492a3b1e4cd,810e96e4-e456-4468-9b59-f4e8f39732c0,efe8e2a3-eace-427b-b4f1-cb8a937ec77d,e9aa9a3e-5b2b-4ac7-a2c7-073de2b2b24f,8bbdbcdd-5cd4-4100-b6d5-b7c9625b6107,50f4348b-c883-4e2f-8f11-ce233b859fa1,fda095cb-831d-4601-ad94-846013963de8,f92806d7-1768-443f-afe8-12bcde84d0f0,dd3a144d-ab7f-41f0-82b8-2e43a090d496,f0416e68-0200-4b77-a926-4f9d16e494da,511d2633-09a7-4bdd-ac42-f778032124b3,5d45aa00-e064-4938-b314-4265f0c2258c,9361fd90-ba52-4f84-aa93-6e878fd576ca,970b0598-bcb0-4714-91fb-2e81440dccd8,bcd64cc6-2dd9-43f6-abbe-66318d332032,d930590d-bb92-4cc8-8bd1-23cd027f9edf,a3cd009f-0ab0-420d-9278-b9fdab939bbc,6a2d0734-bd9e-4ddf-946e-caa52498cb75,d9937e59-61fe-4ec6-92ab-7ac5a19c89b0,d1346436-ac96-4271-b863-1f4fdead95b0,971bdb23-3ff6-43eb-b422-1c30165a3663,17debcc3-0a6b-4b8a-b00b-dc58b885581e,711ebe11-f673-4cd9-9a83-63c60ba54c5b,c0143906-9aed-447e-9436-2ae8512d1b6e,14da1725-c4c2-42b4-ab08-ee0aeb6898b3,081cab31-dccd-428e-8652-f2404cc81c47,78e0584a-4343-4727-8f37-e14e65c2a2db,871c3b6c-7379-419d-bda3-794b239ab90d,ff9b0199-ce04-4cfe-86cc-6c719f08d6e4,de1c2107-70c8-4021-8459-6399f24d01c6,cbf30902-517f-40dc-af90-a550bac27cf1,5c601d96-e4c7-4698-991b-7ee674b11079
8-10-2026 02:33:46-debug:   Number of all scenes: 3
8-10-2026 02:33:46-debug:   Number of all scripts: 41
8-10-2026 02:33:46-debug: Init bundle root assets success..., progress: 0%
8-10-2026 02:33:46-debug:   Number of other assets: 486
8-10-2026 02:33:46-debug: // ---- build task Query asset bundle ---- (11ms)
8-10-2026 02:33:46-log: run build task Query asset bundle success in 11 ms√, progress: 5%
8-10-2026 02:33:46-debug: [Build Memory track]: Query asset bundle start:234.72MB, end 234.51MB, increase: -218.82KB
8-10-2026 02:33:46-debug: Query asset bundle start, progress: 5%
8-10-2026 02:33:46-debug: // ---- build task Query asset bundle ----
8-10-2026 02:33:46-debug: // ---- build task Query asset bundle ---- (12ms)
8-10-2026 02:33:46-log: run build task Query asset bundle success in 12 ms√, progress: 10%
8-10-2026 02:33:46-debug: [Build Memory track]: Query asset bundle start:234.54MB, end 234.67MB, increase: 141.19KB
8-10-2026 02:33:46-debug: Sort some build options to settings.json start, progress: 10%
8-10-2026 02:33:46-debug: // ---- build task Sort some build options to settings.json ----
8-10-2026 02:33:46-debug: // ---- build task Sort some build options to settings.json ---- (3ms)
8-10-2026 02:33:46-log: run build task Sort some build options to settings.json success in 3 ms√, progress: 12%
8-10-2026 02:33:46-debug: [Build Memory track]: Sort some build options to settings.json start:234.70MB, end 234.73MB, increase: 27.30KB
8-10-2026 02:33:46-debug: Fill script data to settings start, progress: 12%
8-10-2026 02:33:46-debug: // ---- build task Fill script data to settings ----
8-10-2026 02:33:46-debug: // ---- build task Fill script data to settings ---- (5ms)
8-10-2026 02:33:46-log: run build task Fill script data to settings success in 5 ms√, progress: 13%
8-10-2026 02:33:46-debug: [Build Memory track]: Fill script data to settings start:234.76MB, end 234.78MB, increase: 26.45KB
8-10-2026 02:33:46-debug: // ---- build task Sort some build options to settings.json ----
8-10-2026 02:33:46-debug: Sort some build options to settings.json start, progress: 13%
8-10-2026 02:33:46-debug: // ---- build task Sort some build options to settings.json ---- (8ms)
8-10-2026 02:33:46-log: run build task Sort some build options to settings.json success in 8 ms√, progress: 15%
8-10-2026 02:33:46-debug: [Build Memory track]: Sort some build options to settings.json start:234.81MB, end 234.93MB, increase: 126.68KB
8-10-2026 02:34:04-debug: Query all assets info in project
8-10-2026 02:34:04-debug: init custom config: keepNodeUuid: false, useCache: true
8-10-2026 02:34:04-debug: Skip compress image, progress: 0%
8-10-2026 02:34:04-debug: Init all bundles start..., progress: 0%
8-10-2026 02:34:04-debug: Num of bundles: 2..., progress: 0%
8-10-2026 02:34:04-debug: Query asset bundle start, progress: 0%
8-10-2026 02:34:04-debug: // ---- build task Query asset bundle ----
8-10-2026 02:34:04-debug: Init bundle root assets start..., progress: 0%
8-10-2026 02:34:04-debug:   Number of all scenes: 3
8-10-2026 02:34:04-debug: Query preload assets/scripts from cc.config.json: 60f7195c-ec2a-45eb-ba94-8955f60e81d0,1c02ae6f-4492-4915-b8f8-7492a3b1e4cd,810e96e4-e456-4468-9b59-f4e8f39732c0,efe8e2a3-eace-427b-b4f1-cb8a937ec77d,e9aa9a3e-5b2b-4ac7-a2c7-073de2b2b24f,8bbdbcdd-5cd4-4100-b6d5-b7c9625b6107,50f4348b-c883-4e2f-8f11-ce233b859fa1,fda095cb-831d-4601-ad94-846013963de8,f92806d7-1768-443f-afe8-12bcde84d0f0,dd3a144d-ab7f-41f0-82b8-2e43a090d496,f0416e68-0200-4b77-a926-4f9d16e494da,511d2633-09a7-4bdd-ac42-f778032124b3,5d45aa00-e064-4938-b314-4265f0c2258c,9361fd90-ba52-4f84-aa93-6e878fd576ca,970b0598-bcb0-4714-91fb-2e81440dccd8,bcd64cc6-2dd9-43f6-abbe-66318d332032,d930590d-bb92-4cc8-8bd1-23cd027f9edf,a3cd009f-0ab0-420d-9278-b9fdab939bbc,6a2d0734-bd9e-4ddf-946e-caa52498cb75,d9937e59-61fe-4ec6-92ab-7ac5a19c89b0,d1346436-ac96-4271-b863-1f4fdead95b0,971bdb23-3ff6-43eb-b422-1c30165a3663,17debcc3-0a6b-4b8a-b00b-dc58b885581e,711ebe11-f673-4cd9-9a83-63c60ba54c5b,c0143906-9aed-447e-9436-2ae8512d1b6e,14da1725-c4c2-42b4-ab08-ee0aeb6898b3,081cab31-dccd-428e-8652-f2404cc81c47,78e0584a-4343-4727-8f37-e14e65c2a2db,871c3b6c-7379-419d-bda3-794b239ab90d,ff9b0199-ce04-4cfe-86cc-6c719f08d6e4,de1c2107-70c8-4021-8459-6399f24d01c6,cbf30902-517f-40dc-af90-a550bac27cf1,5c601d96-e4c7-4698-991b-7ee674b11079
8-10-2026 02:34:04-debug:   Number of all scripts: 41
8-10-2026 02:34:04-debug: Init bundle root assets success..., progress: 0%
8-10-2026 02:34:04-debug:   Number of other assets: 486
8-10-2026 02:34:04-log: run build task Query asset bundle success in 10 ms√, progress: 5%
8-10-2026 02:34:04-debug: // ---- build task Query asset bundle ---- (10ms)
8-10-2026 02:34:04-debug: [Build Memory track]: Query asset bundle start:234.73MB, end 234.55MB, increase: -185.37KB
8-10-2026 02:34:04-debug: Query asset bundle start, progress: 5%
8-10-2026 02:34:04-debug: // ---- build task Query asset bundle ----
8-10-2026 02:34:04-debug: // ---- build task Query asset bundle ---- (5ms)
8-10-2026 02:34:04-log: run build task Query asset bundle success in 5 ms√, progress: 10%
8-10-2026 02:34:04-debug: [Build Memory track]: Query asset bundle start:234.57MB, end 234.71MB, increase: 140.13KB
8-10-2026 02:34:04-debug: Sort some build options to settings.json start, progress: 10%
8-10-2026 02:34:04-debug: // ---- build task Sort some build options to settings.json ----
8-10-2026 02:34:04-debug: // ---- build task Sort some build options to settings.json ---- (3ms)
8-10-2026 02:34:04-log: run build task Sort some build options to settings.json success in 3 ms√, progress: 12%
8-10-2026 02:34:04-debug: [Build Memory track]: Sort some build options to settings.json start:234.74MB, end 234.77MB, increase: 26.94KB
8-10-2026 02:34:04-debug: Fill script data to settings start, progress: 12%
8-10-2026 02:34:04-debug: // ---- build task Fill script data to settings ----
8-10-2026 02:34:04-debug: // ---- build task Fill script data to settings ---- (3ms)
8-10-2026 02:34:04-log: run build task Fill script data to settings success in 3 ms√, progress: 13%
8-10-2026 02:34:04-debug: [Build Memory track]: Fill script data to settings start:234.79MB, end 234.82MB, increase: 26.50KB
8-10-2026 02:34:04-debug: // ---- build task Sort some build options to settings.json ----
8-10-2026 02:34:04-debug: Sort some build options to settings.json start, progress: 13%
8-10-2026 02:34:04-debug: // ---- build task Sort some build options to settings.json ---- (16ms)
8-10-2026 02:34:04-log: run build task Sort some build options to settings.json success in 16 ms√, progress: 15%
8-10-2026 02:34:04-debug: [Build Memory track]: Sort some build options to settings.json start:234.85MB, end 234.97MB, increase: 126.66KB
8-10-2026 02:34:23-debug: Query all assets info in project
8-10-2026 02:34:23-debug: init custom config: keepNodeUuid: false, useCache: true
8-10-2026 02:34:23-debug: Skip compress image, progress: 0%
8-10-2026 02:34:23-debug: Init all bundles start..., progress: 0%
8-10-2026 02:34:23-debug: Query asset bundle start, progress: 0%
8-10-2026 02:34:23-debug: // ---- build task Query asset bundle ----
8-10-2026 02:34:23-debug: Num of bundles: 2..., progress: 0%
8-10-2026 02:34:23-debug: Init bundle root assets start..., progress: 0%
8-10-2026 02:34:23-debug: Query preload assets/scripts from cc.config.json: 60f7195c-ec2a-45eb-ba94-8955f60e81d0,1c02ae6f-4492-4915-b8f8-7492a3b1e4cd,810e96e4-e456-4468-9b59-f4e8f39732c0,efe8e2a3-eace-427b-b4f1-cb8a937ec77d,e9aa9a3e-5b2b-4ac7-a2c7-073de2b2b24f,8bbdbcdd-5cd4-4100-b6d5-b7c9625b6107,50f4348b-c883-4e2f-8f11-ce233b859fa1,fda095cb-831d-4601-ad94-846013963de8,f92806d7-1768-443f-afe8-12bcde84d0f0,dd3a144d-ab7f-41f0-82b8-2e43a090d496,f0416e68-0200-4b77-a926-4f9d16e494da,511d2633-09a7-4bdd-ac42-f778032124b3,5d45aa00-e064-4938-b314-4265f0c2258c,9361fd90-ba52-4f84-aa93-6e878fd576ca,970b0598-bcb0-4714-91fb-2e81440dccd8,bcd64cc6-2dd9-43f6-abbe-66318d332032,d930590d-bb92-4cc8-8bd1-23cd027f9edf,a3cd009f-0ab0-420d-9278-b9fdab939bbc,6a2d0734-bd9e-4ddf-946e-caa52498cb75,d9937e59-61fe-4ec6-92ab-7ac5a19c89b0,d1346436-ac96-4271-b863-1f4fdead95b0,971bdb23-3ff6-43eb-b422-1c30165a3663,17debcc3-0a6b-4b8a-b00b-dc58b885581e,711ebe11-f673-4cd9-9a83-63c60ba54c5b,c0143906-9aed-447e-9436-2ae8512d1b6e,14da1725-c4c2-42b4-ab08-ee0aeb6898b3,081cab31-dccd-428e-8652-f2404cc81c47,78e0584a-4343-4727-8f37-e14e65c2a2db,871c3b6c-7379-419d-bda3-794b239ab90d,ff9b0199-ce04-4cfe-86cc-6c719f08d6e4,de1c2107-70c8-4021-8459-6399f24d01c6,cbf30902-517f-40dc-af90-a550bac27cf1,5c601d96-e4c7-4698-991b-7ee674b11079
8-10-2026 02:34:23-debug:   Number of all scenes: 3
8-10-2026 02:34:23-debug:   Number of all scripts: 41
8-10-2026 02:34:23-debug:   Number of other assets: 486
8-10-2026 02:34:23-debug: Init bundle root assets success..., progress: 0%
8-10-2026 02:34:23-debug: // ---- build task Query asset bundle ---- (12ms)
8-10-2026 02:34:23-log: run build task Query asset bundle success in 12 ms√, progress: 5%
8-10-2026 02:34:23-debug: [Build Memory track]: Query asset bundle start:234.83MB, end 234.65MB, increase: -186.77KB
8-10-2026 02:34:23-debug: Query asset bundle start, progress: 5%
8-10-2026 02:34:23-debug: // ---- build task Query asset bundle ----
8-10-2026 02:34:23-debug: // ---- build task Query asset bundle ---- (9ms)
8-10-2026 02:34:23-log: run build task Query asset bundle success in 9 ms√, progress: 10%
8-10-2026 02:34:23-debug: [Build Memory track]: Query asset bundle start:234.67MB, end 234.81MB, increase: 140.54KB
8-10-2026 02:34:23-debug: Sort some build options to settings.json start, progress: 10%
8-10-2026 02:34:23-debug: // ---- build task Sort some build options to settings.json ----
8-10-2026 02:34:23-debug: // ---- build task Sort some build options to settings.json ---- (3ms)
8-10-2026 02:34:23-log: run build task Sort some build options to settings.json success in 3 ms√, progress: 12%
8-10-2026 02:34:23-debug: [Build Memory track]: Sort some build options to settings.json start:234.84MB, end 234.87MB, increase: 26.91KB
8-10-2026 02:34:23-debug: Fill script data to settings start, progress: 12%
8-10-2026 02:34:23-debug: // ---- build task Fill script data to settings ----
8-10-2026 02:34:23-debug: // ---- build task Fill script data to settings ---- (5ms)
8-10-2026 02:34:23-debug: Sort some build options to settings.json start, progress: 13%
8-10-2026 02:34:23-log: run build task Fill script data to settings success in 5 ms√, progress: 13%
8-10-2026 02:34:23-debug: [Build Memory track]: Fill script data to settings start:234.89MB, end 234.92MB, increase: 26.45KB
8-10-2026 02:34:23-debug: // ---- build task Sort some build options to settings.json ----
8-10-2026 02:34:23-debug: // ---- build task Sort some build options to settings.json ---- (14ms)
8-10-2026 02:34:23-log: run build task Sort some build options to settings.json success in 14 ms√, progress: 15%
8-10-2026 02:34:23-debug: [Build Memory track]: Sort some build options to settings.json start:234.95MB, end 235.07MB, increase: 126.91KB
8-10-2026 02:34:42-debug: Query all assets info in project
8-10-2026 02:34:42-debug: init custom config: keepNodeUuid: false, useCache: true
8-10-2026 02:34:42-debug: Skip compress image, progress: 0%
8-10-2026 02:34:42-debug: Init all bundles start..., progress: 0%
8-10-2026 02:34:42-debug: Query asset bundle start, progress: 0%
8-10-2026 02:34:42-debug: // ---- build task Query asset bundle ----
8-10-2026 02:34:42-debug: Init bundle root assets start..., progress: 0%
8-10-2026 02:34:42-debug: Num of bundles: 2..., progress: 0%
8-10-2026 02:34:42-debug: Query preload assets/scripts from cc.config.json: 60f7195c-ec2a-45eb-ba94-8955f60e81d0,1c02ae6f-4492-4915-b8f8-7492a3b1e4cd,810e96e4-e456-4468-9b59-f4e8f39732c0,efe8e2a3-eace-427b-b4f1-cb8a937ec77d,e9aa9a3e-5b2b-4ac7-a2c7-073de2b2b24f,8bbdbcdd-5cd4-4100-b6d5-b7c9625b6107,50f4348b-c883-4e2f-8f11-ce233b859fa1,fda095cb-831d-4601-ad94-846013963de8,f92806d7-1768-443f-afe8-12bcde84d0f0,dd3a144d-ab7f-41f0-82b8-2e43a090d496,f0416e68-0200-4b77-a926-4f9d16e494da,511d2633-09a7-4bdd-ac42-f778032124b3,5d45aa00-e064-4938-b314-4265f0c2258c,9361fd90-ba52-4f84-aa93-6e878fd576ca,970b0598-bcb0-4714-91fb-2e81440dccd8,bcd64cc6-2dd9-43f6-abbe-66318d332032,d930590d-bb92-4cc8-8bd1-23cd027f9edf,a3cd009f-0ab0-420d-9278-b9fdab939bbc,6a2d0734-bd9e-4ddf-946e-caa52498cb75,d9937e59-61fe-4ec6-92ab-7ac5a19c89b0,d1346436-ac96-4271-b863-1f4fdead95b0,971bdb23-3ff6-43eb-b422-1c30165a3663,17debcc3-0a6b-4b8a-b00b-dc58b885581e,711ebe11-f673-4cd9-9a83-63c60ba54c5b,c0143906-9aed-447e-9436-2ae8512d1b6e,14da1725-c4c2-42b4-ab08-ee0aeb6898b3,081cab31-dccd-428e-8652-f2404cc81c47,78e0584a-4343-4727-8f37-e14e65c2a2db,871c3b6c-7379-419d-bda3-794b239ab90d,ff9b0199-ce04-4cfe-86cc-6c719f08d6e4,de1c2107-70c8-4021-8459-6399f24d01c6,cbf30902-517f-40dc-af90-a550bac27cf1,5c601d96-e4c7-4698-991b-7ee674b11079
8-10-2026 02:34:42-debug:   Number of all scripts: 41
8-10-2026 02:34:42-debug:   Number of other assets: 486
8-10-2026 02:34:42-debug: Init bundle root assets success..., progress: 0%
8-10-2026 02:34:42-debug:   Number of all scenes: 3
8-10-2026 02:34:42-debug: // ---- build task Query asset bundle ---- (13ms)
8-10-2026 02:34:42-debug: [Build Memory track]: Query asset bundle start:234.96MB, end 234.76MB, increase: -202.02KB
8-10-2026 02:34:42-log: run build task Query asset bundle success in 13 ms√, progress: 5%
8-10-2026 02:34:42-debug: // ---- build task Query asset bundle ----
8-10-2026 02:34:42-debug: Query asset bundle start, progress: 5%
8-10-2026 02:34:42-debug: // ---- build task Query asset bundle ---- (11ms)
8-10-2026 02:34:42-debug: [Build Memory track]: Query asset bundle start:234.79MB, end 234.93MB, increase: 140.32KB
8-10-2026 02:34:42-log: run build task Query asset bundle success in 11 ms√, progress: 10%
8-10-2026 02:34:42-debug: Sort some build options to settings.json start, progress: 10%
8-10-2026 02:34:42-debug: // ---- build task Sort some build options to settings.json ----
8-10-2026 02:34:42-debug: // ---- build task Sort some build options to settings.json ---- (6ms)
8-10-2026 02:34:42-log: run build task Sort some build options to settings.json success in 6 ms√, progress: 12%
8-10-2026 02:34:42-debug: [Build Memory track]: Sort some build options to settings.json start:234.95MB, end 234.98MB, increase: 27.01KB
8-10-2026 02:34:42-debug: Fill script data to settings start, progress: 12%
8-10-2026 02:34:42-debug: // ---- build task Fill script data to settings ----
8-10-2026 02:34:42-debug: // ---- build task Fill script data to settings ---- (5ms)
8-10-2026 02:34:42-debug: [Build Memory track]: Fill script data to settings start:235.01MB, end 235.03MB, increase: 26.56KB
8-10-2026 02:34:42-debug: Sort some build options to settings.json start, progress: 13%
8-10-2026 02:34:42-log: run build task Fill script data to settings success in 5 ms√, progress: 13%
8-10-2026 02:34:42-debug: // ---- build task Sort some build options to settings.json ----
8-10-2026 02:34:42-debug: // ---- build task Sort some build options to settings.json ---- (16ms)
8-10-2026 02:34:42-log: run build task Sort some build options to settings.json success in 16 ms√, progress: 15%
8-10-2026 02:34:42-debug: [Build Memory track]: Sort some build options to settings.json start:235.06MB, end 235.19MB, increase: 129.36KB
8-10-2026 02:35:02-debug: Query all assets info in project
8-10-2026 02:35:02-debug: Skip compress image, progress: 0%
8-10-2026 02:35:02-debug: init custom config: keepNodeUuid: false, useCache: true
8-10-2026 02:35:02-debug: Init all bundles start..., progress: 0%
8-10-2026 02:35:02-debug: Num of bundles: 2..., progress: 0%
8-10-2026 02:35:02-debug: Query asset bundle start, progress: 0%
8-10-2026 02:35:02-debug: // ---- build task Query asset bundle ----
8-10-2026 02:35:02-debug: Init bundle root assets start..., progress: 0%
8-10-2026 02:35:02-debug: Query preload assets/scripts from cc.config.json: 60f7195c-ec2a-45eb-ba94-8955f60e81d0,1c02ae6f-4492-4915-b8f8-7492a3b1e4cd,810e96e4-e456-4468-9b59-f4e8f39732c0,efe8e2a3-eace-427b-b4f1-cb8a937ec77d,e9aa9a3e-5b2b-4ac7-a2c7-073de2b2b24f,8bbdbcdd-5cd4-4100-b6d5-b7c9625b6107,50f4348b-c883-4e2f-8f11-ce233b859fa1,fda095cb-831d-4601-ad94-846013963de8,f92806d7-1768-443f-afe8-12bcde84d0f0,dd3a144d-ab7f-41f0-82b8-2e43a090d496,f0416e68-0200-4b77-a926-4f9d16e494da,511d2633-09a7-4bdd-ac42-f778032124b3,5d45aa00-e064-4938-b314-4265f0c2258c,9361fd90-ba52-4f84-aa93-6e878fd576ca,970b0598-bcb0-4714-91fb-2e81440dccd8,bcd64cc6-2dd9-43f6-abbe-66318d332032,d930590d-bb92-4cc8-8bd1-23cd027f9edf,a3cd009f-0ab0-420d-9278-b9fdab939bbc,6a2d0734-bd9e-4ddf-946e-caa52498cb75,d9937e59-61fe-4ec6-92ab-7ac5a19c89b0,d1346436-ac96-4271-b863-1f4fdead95b0,971bdb23-3ff6-43eb-b422-1c30165a3663,17debcc3-0a6b-4b8a-b00b-dc58b885581e,711ebe11-f673-4cd9-9a83-63c60ba54c5b,c0143906-9aed-447e-9436-2ae8512d1b6e,14da1725-c4c2-42b4-ab08-ee0aeb6898b3,081cab31-dccd-428e-8652-f2404cc81c47,78e0584a-4343-4727-8f37-e14e65c2a2db,871c3b6c-7379-419d-bda3-794b239ab90d,ff9b0199-ce04-4cfe-86cc-6c719f08d6e4,de1c2107-70c8-4021-8459-6399f24d01c6,cbf30902-517f-40dc-af90-a550bac27cf1,5c601d96-e4c7-4698-991b-7ee674b11079
8-10-2026 02:35:02-debug:   Number of all scripts: 41
8-10-2026 02:35:02-debug:   Number of other assets: 486
8-10-2026 02:35:02-debug: Init bundle root assets success..., progress: 0%
8-10-2026 02:35:02-debug:   Number of all scenes: 3
8-10-2026 02:35:02-debug: // ---- build task Query asset bundle ---- (12ms)
8-10-2026 02:35:02-log: run build task Query asset bundle success in 12 ms√, progress: 5%
8-10-2026 02:35:02-debug: [Build Memory track]: Query asset bundle start:234.94MB, end 234.77MB, increase: -170.38KB
8-10-2026 02:35:02-debug: Query asset bundle start, progress: 5%
8-10-2026 02:35:02-debug: // ---- build task Query asset bundle ----
8-10-2026 02:35:02-debug: // ---- build task Query asset bundle ---- (6ms)
8-10-2026 02:35:02-debug: Sort some build options to settings.json start, progress: 10%
8-10-2026 02:35:02-log: run build task Query asset bundle success in 6 ms√, progress: 10%
8-10-2026 02:35:02-debug: [Build Memory track]: Query asset bundle start:234.80MB, end 234.94MB, increase: 140.22KB
8-10-2026 02:35:02-debug: // ---- build task Sort some build options to settings.json ----
8-10-2026 02:35:02-debug: // ---- build task Sort some build options to settings.json ---- (4ms)
8-10-2026 02:35:02-log: run build task Sort some build options to settings.json success in 4 ms√, progress: 12%
8-10-2026 02:35:02-debug: [Build Memory track]: Sort some build options to settings.json start:234.96MB, end 234.99MB, increase: 27.00KB
8-10-2026 02:35:02-debug: Fill script data to settings start, progress: 12%
8-10-2026 02:35:02-debug: // ---- build task Fill script data to settings ----
8-10-2026 02:35:02-debug: // ---- build task Fill script data to settings ---- (7ms)
8-10-2026 02:35:02-log: run build task Fill script data to settings success in 7 ms√, progress: 13%
8-10-2026 02:35:02-debug: [Build Memory track]: Fill script data to settings start:235.02MB, end 235.05MB, increase: 26.54KB
8-10-2026 02:35:02-debug: Sort some build options to settings.json start, progress: 13%
8-10-2026 02:35:02-debug: // ---- build task Sort some build options to settings.json ----
8-10-2026 02:35:02-debug: // ---- build task Sort some build options to settings.json ---- (14ms)
8-10-2026 02:35:02-log: run build task Sort some build options to settings.json success in 14 ms√, progress: 15%
8-10-2026 02:35:02-debug: [Build Memory track]: Sort some build options to settings.json start:235.07MB, end 235.20MB, increase: 127.15KB
8-10-2026 02:35:18-debug: refresh db internal success
8-10-2026 02:35:18-debug: refresh db assets success
8-10-2026 02:35:18-debug: Run asset db hook engine-extends:afterRefresh ...
8-10-2026 02:35:18-debug: Run asset db hook engine-extends:afterRefresh success!
8-10-2026 02:35:18-debug: asset-db:refresh-all-database (77ms)
8-10-2026 02:35:18-debug: asset-db:worker-effect-data-processing (2ms)
8-10-2026 02:35:18-debug: asset-db-hook-engine-extends-afterRefresh (3ms)
8-10-2026 02:35:51-debug: Query all assets info in project
8-10-2026 02:35:51-debug: init custom config: keepNodeUuid: false, useCache: true
8-10-2026 02:35:51-debug: Skip compress image, progress: 0%
8-10-2026 02:35:51-debug: Init all bundles start..., progress: 0%
8-10-2026 02:35:51-debug: Num of bundles: 2..., progress: 0%
8-10-2026 02:35:51-debug: Query asset bundle start, progress: 0%
8-10-2026 02:35:51-debug: // ---- build task Query asset bundle ----
8-10-2026 02:35:51-debug: Init bundle root assets start..., progress: 0%
8-10-2026 02:35:51-debug:   Number of all scenes: 3
8-10-2026 02:35:51-debug: Query preload assets/scripts from cc.config.json: 60f7195c-ec2a-45eb-ba94-8955f60e81d0,1c02ae6f-4492-4915-b8f8-7492a3b1e4cd,810e96e4-e456-4468-9b59-f4e8f39732c0,efe8e2a3-eace-427b-b4f1-cb8a937ec77d,e9aa9a3e-5b2b-4ac7-a2c7-073de2b2b24f,8bbdbcdd-5cd4-4100-b6d5-b7c9625b6107,50f4348b-c883-4e2f-8f11-ce233b859fa1,fda095cb-831d-4601-ad94-846013963de8,f92806d7-1768-443f-afe8-12bcde84d0f0,dd3a144d-ab7f-41f0-82b8-2e43a090d496,f0416e68-0200-4b77-a926-4f9d16e494da,511d2633-09a7-4bdd-ac42-f778032124b3,5d45aa00-e064-4938-b314-4265f0c2258c,9361fd90-ba52-4f84-aa93-6e878fd576ca,970b0598-bcb0-4714-91fb-2e81440dccd8,bcd64cc6-2dd9-43f6-abbe-66318d332032,d930590d-bb92-4cc8-8bd1-23cd027f9edf,a3cd009f-0ab0-420d-9278-b9fdab939bbc,6a2d0734-bd9e-4ddf-946e-caa52498cb75,d9937e59-61fe-4ec6-92ab-7ac5a19c89b0,d1346436-ac96-4271-b863-1f4fdead95b0,971bdb23-3ff6-43eb-b422-1c30165a3663,17debcc3-0a6b-4b8a-b00b-dc58b885581e,711ebe11-f673-4cd9-9a83-63c60ba54c5b,c0143906-9aed-447e-9436-2ae8512d1b6e,14da1725-c4c2-42b4-ab08-ee0aeb6898b3,081cab31-dccd-428e-8652-f2404cc81c47,78e0584a-4343-4727-8f37-e14e65c2a2db,871c3b6c-7379-419d-bda3-794b239ab90d,ff9b0199-ce04-4cfe-86cc-6c719f08d6e4,de1c2107-70c8-4021-8459-6399f24d01c6,cbf30902-517f-40dc-af90-a550bac27cf1,5c601d96-e4c7-4698-991b-7ee674b11079
8-10-2026 02:35:51-debug:   Number of other assets: 486
8-10-2026 02:35:51-debug: Init bundle root assets success..., progress: 0%
8-10-2026 02:35:51-debug:   Number of all scripts: 41
8-10-2026 02:35:51-debug: // ---- build task Query asset bundle ---- (9ms)
8-10-2026 02:35:51-log: run build task Query asset bundle success in 9 ms√, progress: 5%
8-10-2026 02:35:51-debug: [Build Memory track]: Query asset bundle start:236.22MB, end 236.93MB, increase: 726.93KB
8-10-2026 02:35:51-debug: Query asset bundle start, progress: 5%
8-10-2026 02:35:51-debug: // ---- build task Query asset bundle ----
8-10-2026 02:35:51-debug: // ---- build task Query asset bundle ---- (9ms)
8-10-2026 02:35:51-log: run build task Query asset bundle success in 9 ms√, progress: 10%
8-10-2026 02:35:51-debug: [Build Memory track]: Query asset bundle start:236.96MB, end 236.17MB, increase: -807.08KB
8-10-2026 02:35:51-debug: Sort some build options to settings.json start, progress: 10%
8-10-2026 02:35:51-debug: // ---- build task Sort some build options to settings.json ----
8-10-2026 02:35:51-debug: // ---- build task Sort some build options to settings.json ---- (1ms)
8-10-2026 02:35:51-log: run build task Sort some build options to settings.json success in 1 ms√, progress: 12%
8-10-2026 02:35:51-debug: [Build Memory track]: Sort some build options to settings.json start:236.20MB, end 236.23MB, increase: 26.97KB
8-10-2026 02:35:51-debug: // ---- build task Fill script data to settings ----
8-10-2026 02:35:51-debug: Fill script data to settings start, progress: 12%
8-10-2026 02:35:51-debug: // ---- build task Fill script data to settings ---- (3ms)
8-10-2026 02:35:51-log: run build task Fill script data to settings success in 3 ms√, progress: 13%
8-10-2026 02:35:51-debug: [Build Memory track]: Fill script data to settings start:236.26MB, end 236.28MB, increase: 26.45KB
8-10-2026 02:35:51-debug: Sort some build options to settings.json start, progress: 13%
8-10-2026 02:35:51-debug: // ---- build task Sort some build options to settings.json ----
8-10-2026 02:35:51-debug: // ---- build task Sort some build options to settings.json ---- (15ms)
8-10-2026 02:35:51-log: run build task Sort some build options to settings.json success in 15 ms√, progress: 15%
8-10-2026 02:35:51-debug: [Build Memory track]: Sort some build options to settings.json start:236.31MB, end 236.43MB, increase: 127.05KB
8-10-2026 02:36:11-debug: Query all assets info in project
8-10-2026 02:36:11-debug: init custom config: keepNodeUuid: false, useCache: true
8-10-2026 02:36:11-debug: Skip compress image, progress: 0%
8-10-2026 02:36:11-debug: Init all bundles start..., progress: 0%
8-10-2026 02:36:11-debug: // ---- build task Query asset bundle ----
8-10-2026 02:36:11-debug: Init bundle root assets start..., progress: 0%
8-10-2026 02:36:11-debug: Num of bundles: 2..., progress: 0%
8-10-2026 02:36:11-debug: Query asset bundle start, progress: 0%
8-10-2026 02:36:11-debug: Query preload assets/scripts from cc.config.json: 60f7195c-ec2a-45eb-ba94-8955f60e81d0,1c02ae6f-4492-4915-b8f8-7492a3b1e4cd,810e96e4-e456-4468-9b59-f4e8f39732c0,efe8e2a3-eace-427b-b4f1-cb8a937ec77d,e9aa9a3e-5b2b-4ac7-a2c7-073de2b2b24f,8bbdbcdd-5cd4-4100-b6d5-b7c9625b6107,50f4348b-c883-4e2f-8f11-ce233b859fa1,fda095cb-831d-4601-ad94-846013963de8,f92806d7-1768-443f-afe8-12bcde84d0f0,dd3a144d-ab7f-41f0-82b8-2e43a090d496,f0416e68-0200-4b77-a926-4f9d16e494da,511d2633-09a7-4bdd-ac42-f778032124b3,5d45aa00-e064-4938-b314-4265f0c2258c,9361fd90-ba52-4f84-aa93-6e878fd576ca,970b0598-bcb0-4714-91fb-2e81440dccd8,bcd64cc6-2dd9-43f6-abbe-66318d332032,d930590d-bb92-4cc8-8bd1-23cd027f9edf,a3cd009f-0ab0-420d-9278-b9fdab939bbc,6a2d0734-bd9e-4ddf-946e-caa52498cb75,d9937e59-61fe-4ec6-92ab-7ac5a19c89b0,d1346436-ac96-4271-b863-1f4fdead95b0,971bdb23-3ff6-43eb-b422-1c30165a3663,17debcc3-0a6b-4b8a-b00b-dc58b885581e,711ebe11-f673-4cd9-9a83-63c60ba54c5b,c0143906-9aed-447e-9436-2ae8512d1b6e,14da1725-c4c2-42b4-ab08-ee0aeb6898b3,081cab31-dccd-428e-8652-f2404cc81c47,78e0584a-4343-4727-8f37-e14e65c2a2db,871c3b6c-7379-419d-bda3-794b239ab90d,ff9b0199-ce04-4cfe-86cc-6c719f08d6e4,de1c2107-70c8-4021-8459-6399f24d01c6,cbf30902-517f-40dc-af90-a550bac27cf1,5c601d96-e4c7-4698-991b-7ee674b11079
8-10-2026 02:36:11-debug:   Number of all scenes: 3
8-10-2026 02:36:11-debug:   Number of all scripts: 41
8-10-2026 02:36:11-debug: Init bundle root assets success..., progress: 0%
8-10-2026 02:36:11-debug:   Number of other assets: 486
8-10-2026 02:36:11-debug: // ---- build task Query asset bundle ---- (12ms)
8-10-2026 02:36:11-debug: [Build Memory track]: Query asset bundle start:237.06MB, end 236.90MB, increase: -162.23KB
8-10-2026 02:36:11-log: run build task Query asset bundle success in 12 ms√, progress: 5%
8-10-2026 02:36:11-debug: // ---- build task Query asset bundle ----
8-10-2026 02:36:11-debug: Query asset bundle start, progress: 5%
8-10-2026 02:36:11-debug: // ---- build task Query asset bundle ---- (8ms)
8-10-2026 02:36:11-log: run build task Query asset bundle success in 8 ms√, progress: 10%
8-10-2026 02:36:11-debug: [Build Memory track]: Query asset bundle start:236.93MB, end 236.27MB, increase: -677.24KB
8-10-2026 02:36:11-debug: Sort some build options to settings.json start, progress: 10%
8-10-2026 02:36:11-debug: // ---- build task Sort some build options to settings.json ----
8-10-2026 02:36:11-debug: // ---- build task Sort some build options to settings.json ---- (1ms)
8-10-2026 02:36:11-log: run build task Sort some build options to settings.json success in 1 ms√, progress: 12%
8-10-2026 02:36:11-debug: [Build Memory track]: Sort some build options to settings.json start:236.30MB, end 236.33MB, increase: 27.06KB
8-10-2026 02:36:11-debug: Fill script data to settings start, progress: 12%
8-10-2026 02:36:11-debug: // ---- build task Fill script data to settings ----
8-10-2026 02:36:11-debug: // ---- build task Fill script data to settings ---- (3ms)
8-10-2026 02:36:11-log: run build task Fill script data to settings success in 3 ms√, progress: 13%
8-10-2026 02:36:11-debug: [Build Memory track]: Fill script data to settings start:236.35MB, end 236.38MB, increase: 26.51KB
8-10-2026 02:36:11-debug: Sort some build options to settings.json start, progress: 13%
8-10-2026 02:36:11-debug: // ---- build task Sort some build options to settings.json ----
8-10-2026 02:36:11-debug: // ---- build task Sort some build options to settings.json ---- (14ms)
8-10-2026 02:36:11-log: run build task Sort some build options to settings.json success in 14 ms√, progress: 15%
8-10-2026 02:36:11-debug: [Build Memory track]: Sort some build options to settings.json start:236.41MB, end 236.54MB, increase: 130.29KB
8-10-2026 02:36:29-debug: Query all assets info in project
8-10-2026 02:36:29-debug: init custom config: keepNodeUuid: false, useCache: true
8-10-2026 02:36:29-debug: Skip compress image, progress: 0%
8-10-2026 02:36:29-debug: Num of bundles: 2..., progress: 0%
8-10-2026 02:36:29-debug: Query asset bundle start, progress: 0%
8-10-2026 02:36:29-debug: Init bundle root assets start..., progress: 0%
8-10-2026 02:36:29-debug: Init all bundles start..., progress: 0%
8-10-2026 02:36:29-debug: // ---- build task Query asset bundle ----
8-10-2026 02:36:29-debug: Query preload assets/scripts from cc.config.json: 60f7195c-ec2a-45eb-ba94-8955f60e81d0,1c02ae6f-4492-4915-b8f8-7492a3b1e4cd,810e96e4-e456-4468-9b59-f4e8f39732c0,efe8e2a3-eace-427b-b4f1-cb8a937ec77d,e9aa9a3e-5b2b-4ac7-a2c7-073de2b2b24f,8bbdbcdd-5cd4-4100-b6d5-b7c9625b6107,50f4348b-c883-4e2f-8f11-ce233b859fa1,fda095cb-831d-4601-ad94-846013963de8,f92806d7-1768-443f-afe8-12bcde84d0f0,dd3a144d-ab7f-41f0-82b8-2e43a090d496,f0416e68-0200-4b77-a926-4f9d16e494da,511d2633-09a7-4bdd-ac42-f778032124b3,5d45aa00-e064-4938-b314-4265f0c2258c,9361fd90-ba52-4f84-aa93-6e878fd576ca,970b0598-bcb0-4714-91fb-2e81440dccd8,bcd64cc6-2dd9-43f6-abbe-66318d332032,d930590d-bb92-4cc8-8bd1-23cd027f9edf,a3cd009f-0ab0-420d-9278-b9fdab939bbc,6a2d0734-bd9e-4ddf-946e-caa52498cb75,d9937e59-61fe-4ec6-92ab-7ac5a19c89b0,d1346436-ac96-4271-b863-1f4fdead95b0,971bdb23-3ff6-43eb-b422-1c30165a3663,17debcc3-0a6b-4b8a-b00b-dc58b885581e,711ebe11-f673-4cd9-9a83-63c60ba54c5b,c0143906-9aed-447e-9436-2ae8512d1b6e,14da1725-c4c2-42b4-ab08-ee0aeb6898b3,081cab31-dccd-428e-8652-f2404cc81c47,78e0584a-4343-4727-8f37-e14e65c2a2db,871c3b6c-7379-419d-bda3-794b239ab90d,ff9b0199-ce04-4cfe-86cc-6c719f08d6e4,de1c2107-70c8-4021-8459-6399f24d01c6,cbf30902-517f-40dc-af90-a550bac27cf1,5c601d96-e4c7-4698-991b-7ee674b11079
8-10-2026 02:36:29-debug:   Number of all scenes: 3
8-10-2026 02:36:29-debug:   Number of all scripts: 41
8-10-2026 02:36:29-debug: Init bundle root assets success..., progress: 0%
8-10-2026 02:36:29-debug:   Number of other assets: 486
8-10-2026 02:36:29-debug: // ---- build task Query asset bundle ---- (11ms)
8-10-2026 02:36:29-log: run build task Query asset bundle success in 11 ms√, progress: 5%
8-10-2026 02:36:29-debug: [Build Memory track]: Query asset bundle start:237.13MB, end 237.50MB, increase: 378.73KB
8-10-2026 02:36:29-debug: Query asset bundle start, progress: 5%
8-10-2026 02:36:29-debug: // ---- build task Query asset bundle ----
8-10-2026 02:36:29-debug: // ---- build task Query asset bundle ---- (5ms)
8-10-2026 02:36:29-log: run build task Query asset bundle success in 5 ms√, progress: 10%
8-10-2026 02:36:29-debug: [Build Memory track]: Query asset bundle start:237.09MB, end 236.42MB, increase: -687.46KB
8-10-2026 02:36:29-debug: Sort some build options to settings.json start, progress: 10%
8-10-2026 02:36:29-debug: // ---- build task Sort some build options to settings.json ----
8-10-2026 02:36:29-debug: // ---- build task Sort some build options to settings.json ---- (3ms)
8-10-2026 02:36:29-log: run build task Sort some build options to settings.json success in 3 ms√, progress: 12%
8-10-2026 02:36:29-debug: [Build Memory track]: Sort some build options to settings.json start:236.44MB, end 236.47MB, increase: 26.96KB
8-10-2026 02:36:29-debug: // ---- build task Fill script data to settings ----
8-10-2026 02:36:29-debug: Fill script data to settings start, progress: 12%
8-10-2026 02:36:29-debug: // ---- build task Fill script data to settings ---- (2ms)
8-10-2026 02:36:29-log: run build task Fill script data to settings success in 2 ms√, progress: 13%
8-10-2026 02:36:29-debug: [Build Memory track]: Fill script data to settings start:236.50MB, end 236.52MB, increase: 26.44KB
8-10-2026 02:36:29-debug: Sort some build options to settings.json start, progress: 13%
8-10-2026 02:36:29-debug: // ---- build task Sort some build options to settings.json ----
8-10-2026 02:36:29-debug: // ---- build task Sort some build options to settings.json ---- (13ms)
8-10-2026 02:36:29-log: run build task Sort some build options to settings.json success in 13 ms√, progress: 15%
8-10-2026 02:36:29-debug: [Build Memory track]: Sort some build options to settings.json start:236.55MB, end 236.68MB, increase: 130.28KB
8-10-2026 02:36:46-debug: Query all assets info in project
8-10-2026 02:36:46-debug: init custom config: keepNodeUuid: false, useCache: true
8-10-2026 02:36:46-debug: Skip compress image, progress: 0%
8-10-2026 02:36:46-debug: Init all bundles start..., progress: 0%
8-10-2026 02:36:46-debug: Query asset bundle start, progress: 0%
8-10-2026 02:36:46-debug: Num of bundles: 2..., progress: 0%
8-10-2026 02:36:46-debug: // ---- build task Query asset bundle ----
8-10-2026 02:36:46-debug: Init bundle root assets start..., progress: 0%
8-10-2026 02:36:46-debug: Query preload assets/scripts from cc.config.json: 60f7195c-ec2a-45eb-ba94-8955f60e81d0,1c02ae6f-4492-4915-b8f8-7492a3b1e4cd,810e96e4-e456-4468-9b59-f4e8f39732c0,efe8e2a3-eace-427b-b4f1-cb8a937ec77d,e9aa9a3e-5b2b-4ac7-a2c7-073de2b2b24f,8bbdbcdd-5cd4-4100-b6d5-b7c9625b6107,50f4348b-c883-4e2f-8f11-ce233b859fa1,fda095cb-831d-4601-ad94-846013963de8,f92806d7-1768-443f-afe8-12bcde84d0f0,dd3a144d-ab7f-41f0-82b8-2e43a090d496,f0416e68-0200-4b77-a926-4f9d16e494da,511d2633-09a7-4bdd-ac42-f778032124b3,5d45aa00-e064-4938-b314-4265f0c2258c,9361fd90-ba52-4f84-aa93-6e878fd576ca,970b0598-bcb0-4714-91fb-2e81440dccd8,bcd64cc6-2dd9-43f6-abbe-66318d332032,d930590d-bb92-4cc8-8bd1-23cd027f9edf,a3cd009f-0ab0-420d-9278-b9fdab939bbc,6a2d0734-bd9e-4ddf-946e-caa52498cb75,d9937e59-61fe-4ec6-92ab-7ac5a19c89b0,d1346436-ac96-4271-b863-1f4fdead95b0,971bdb23-3ff6-43eb-b422-1c30165a3663,17debcc3-0a6b-4b8a-b00b-dc58b885581e,711ebe11-f673-4cd9-9a83-63c60ba54c5b,c0143906-9aed-447e-9436-2ae8512d1b6e,14da1725-c4c2-42b4-ab08-ee0aeb6898b3,081cab31-dccd-428e-8652-f2404cc81c47,78e0584a-4343-4727-8f37-e14e65c2a2db,871c3b6c-7379-419d-bda3-794b239ab90d,ff9b0199-ce04-4cfe-86cc-6c719f08d6e4,de1c2107-70c8-4021-8459-6399f24d01c6,cbf30902-517f-40dc-af90-a550bac27cf1,5c601d96-e4c7-4698-991b-7ee674b11079
8-10-2026 02:36:46-debug:   Number of all scripts: 41
8-10-2026 02:36:46-debug:   Number of other assets: 486
8-10-2026 02:36:46-debug: Init bundle root assets success..., progress: 0%
8-10-2026 02:36:46-debug:   Number of all scenes: 3
8-10-2026 02:36:46-log: run build task Query asset bundle success in 13 ms√, progress: 5%
8-10-2026 02:36:46-debug: [Build Memory track]: Query asset bundle start:237.27MB, end 237.21MB, increase: -58.43KB
8-10-2026 02:36:46-debug: Query asset bundle start, progress: 5%
8-10-2026 02:36:46-debug: // ---- build task Query asset bundle ---- (13ms)
8-10-2026 02:36:46-debug: // ---- build task Query asset bundle ----
8-10-2026 02:36:46-debug: // ---- build task Query asset bundle ---- (6ms)
8-10-2026 02:36:46-log: run build task Query asset bundle success in 6 ms√, progress: 10%
8-10-2026 02:36:46-debug: [Build Memory track]: Query asset bundle start:237.24MB, end 236.55MB, increase: -699.68KB
8-10-2026 02:36:46-debug: Sort some build options to settings.json start, progress: 10%
8-10-2026 02:36:46-debug: // ---- build task Sort some build options to settings.json ----
8-10-2026 02:36:46-debug: // ---- build task Sort some build options to settings.json ---- (3ms)
8-10-2026 02:36:46-debug: [Build Memory track]: Sort some build options to settings.json start:236.58MB, end 236.61MB, increase: 26.99KB
8-10-2026 02:36:46-debug: // ---- build task Fill script data to settings ----
8-10-2026 02:36:46-log: run build task Sort some build options to settings.json success in 3 ms√, progress: 12%
8-10-2026 02:36:46-debug: Fill script data to settings start, progress: 12%
8-10-2026 02:36:46-debug: // ---- build task Fill script data to settings ---- (6ms)
8-10-2026 02:36:46-log: run build task Fill script data to settings success in 6 ms√, progress: 13%
8-10-2026 02:36:46-debug: [Build Memory track]: Fill script data to settings start:236.64MB, end 236.66MB, increase: 26.44KB
8-10-2026 02:36:46-debug: Sort some build options to settings.json start, progress: 13%
8-10-2026 02:36:46-debug: // ---- build task Sort some build options to settings.json ----
8-10-2026 02:36:46-debug: // ---- build task Sort some build options to settings.json ---- (12ms)
8-10-2026 02:36:46-log: run build task Sort some build options to settings.json success in 12 ms√, progress: 15%
8-10-2026 02:36:46-debug: [Build Memory track]: Sort some build options to settings.json start:236.69MB, end 236.82MB, increase: 130.58KB
8-10-2026 02:37:06-debug: Query all assets info in project
8-10-2026 02:37:06-debug: init custom config: keepNodeUuid: false, useCache: true
8-10-2026 02:37:06-debug: Skip compress image, progress: 0%
8-10-2026 02:37:06-debug: Init all bundles start..., progress: 0%
8-10-2026 02:37:06-debug: Query asset bundle start, progress: 0%
8-10-2026 02:37:06-debug: // ---- build task Query asset bundle ----
8-10-2026 02:37:06-debug: Init bundle root assets start..., progress: 0%
8-10-2026 02:37:06-debug: Num of bundles: 2..., progress: 0%
8-10-2026 02:37:06-debug: Query preload assets/scripts from cc.config.json: 60f7195c-ec2a-45eb-ba94-8955f60e81d0,1c02ae6f-4492-4915-b8f8-7492a3b1e4cd,810e96e4-e456-4468-9b59-f4e8f39732c0,efe8e2a3-eace-427b-b4f1-cb8a937ec77d,e9aa9a3e-5b2b-4ac7-a2c7-073de2b2b24f,8bbdbcdd-5cd4-4100-b6d5-b7c9625b6107,50f4348b-c883-4e2f-8f11-ce233b859fa1,fda095cb-831d-4601-ad94-846013963de8,f92806d7-1768-443f-afe8-12bcde84d0f0,dd3a144d-ab7f-41f0-82b8-2e43a090d496,f0416e68-0200-4b77-a926-4f9d16e494da,511d2633-09a7-4bdd-ac42-f778032124b3,5d45aa00-e064-4938-b314-4265f0c2258c,9361fd90-ba52-4f84-aa93-6e878fd576ca,970b0598-bcb0-4714-91fb-2e81440dccd8,bcd64cc6-2dd9-43f6-abbe-66318d332032,d930590d-bb92-4cc8-8bd1-23cd027f9edf,a3cd009f-0ab0-420d-9278-b9fdab939bbc,6a2d0734-bd9e-4ddf-946e-caa52498cb75,d9937e59-61fe-4ec6-92ab-7ac5a19c89b0,d1346436-ac96-4271-b863-1f4fdead95b0,971bdb23-3ff6-43eb-b422-1c30165a3663,17debcc3-0a6b-4b8a-b00b-dc58b885581e,711ebe11-f673-4cd9-9a83-63c60ba54c5b,c0143906-9aed-447e-9436-2ae8512d1b6e,14da1725-c4c2-42b4-ab08-ee0aeb6898b3,081cab31-dccd-428e-8652-f2404cc81c47,78e0584a-4343-4727-8f37-e14e65c2a2db,871c3b6c-7379-419d-bda3-794b239ab90d,ff9b0199-ce04-4cfe-86cc-6c719f08d6e4,de1c2107-70c8-4021-8459-6399f24d01c6,cbf30902-517f-40dc-af90-a550bac27cf1,5c601d96-e4c7-4698-991b-7ee674b11079
8-10-2026 02:37:06-debug:   Number of all scenes: 3
8-10-2026 02:37:06-debug:   Number of all scripts: 41
8-10-2026 02:37:06-debug:   Number of other assets: 486
8-10-2026 02:37:06-debug: Init bundle root assets success..., progress: 0%
8-10-2026 02:37:06-debug: // ---- build task Query asset bundle ---- (11ms)
8-10-2026 02:37:06-log: run build task Query asset bundle success in 11 ms√, progress: 5%
8-10-2026 02:37:06-debug: [Build Memory track]: Query asset bundle start:237.40MB, end 237.35MB, increase: -59.36KB
8-10-2026 02:37:06-debug: Query asset bundle start, progress: 5%
8-10-2026 02:37:06-debug: // ---- build task Query asset bundle ----
8-10-2026 02:37:06-debug: // ---- build task Query asset bundle ---- (7ms)
8-10-2026 02:37:06-log: run build task Query asset bundle success in 7 ms√, progress: 10%
8-10-2026 02:37:06-debug: [Build Memory track]: Query asset bundle start:237.37MB, end 236.69MB, increase: -698.85KB
8-10-2026 02:37:06-debug: Sort some build options to settings.json start, progress: 10%
8-10-2026 02:37:06-debug: // ---- build task Sort some build options to settings.json ----
8-10-2026 02:37:06-debug: // ---- build task Sort some build options to settings.json ---- (3ms)
8-10-2026 02:37:06-debug: Fill script data to settings start, progress: 12%
8-10-2026 02:37:06-log: run build task Sort some build options to settings.json success in 3 ms√, progress: 12%
8-10-2026 02:37:06-debug: [Build Memory track]: Sort some build options to settings.json start:236.72MB, end 236.75MB, increase: 26.99KB
8-10-2026 02:37:06-debug: // ---- build task Fill script data to settings ----
8-10-2026 02:37:06-debug: // ---- build task Fill script data to settings ---- (1ms)
8-10-2026 02:37:06-log: run build task Fill script data to settings success in 1 ms√, progress: 13%
8-10-2026 02:37:06-debug: Sort some build options to settings.json start, progress: 13%
8-10-2026 02:37:06-debug: [Build Memory track]: Fill script data to settings start:236.78MB, end 236.80MB, increase: 26.04KB
8-10-2026 02:37:06-debug: // ---- build task Sort some build options to settings.json ----
8-10-2026 02:37:06-debug: // ---- build task Sort some build options to settings.json ---- (14ms)
8-10-2026 02:37:06-log: run build task Sort some build options to settings.json success in 14 ms√, progress: 15%
8-10-2026 02:37:06-debug: [Build Memory track]: Sort some build options to settings.json start:236.83MB, end 236.96MB, increase: 130.96KB
8-10-2026 02:37:25-debug: Query all assets info in project
8-10-2026 02:37:25-debug: init custom config: keepNodeUuid: false, useCache: true
8-10-2026 02:37:25-debug: Skip compress image, progress: 0%
8-10-2026 02:37:25-debug: Init all bundles start..., progress: 0%
8-10-2026 02:37:25-debug: Query asset bundle start, progress: 0%
8-10-2026 02:37:25-debug: // ---- build task Query asset bundle ----
8-10-2026 02:37:25-debug: Init bundle root assets start..., progress: 0%
8-10-2026 02:37:25-debug: Num of bundles: 2..., progress: 0%
8-10-2026 02:37:25-debug: Query preload assets/scripts from cc.config.json: 60f7195c-ec2a-45eb-ba94-8955f60e81d0,1c02ae6f-4492-4915-b8f8-7492a3b1e4cd,810e96e4-e456-4468-9b59-f4e8f39732c0,efe8e2a3-eace-427b-b4f1-cb8a937ec77d,e9aa9a3e-5b2b-4ac7-a2c7-073de2b2b24f,8bbdbcdd-5cd4-4100-b6d5-b7c9625b6107,50f4348b-c883-4e2f-8f11-ce233b859fa1,fda095cb-831d-4601-ad94-846013963de8,f92806d7-1768-443f-afe8-12bcde84d0f0,dd3a144d-ab7f-41f0-82b8-2e43a090d496,f0416e68-0200-4b77-a926-4f9d16e494da,511d2633-09a7-4bdd-ac42-f778032124b3,5d45aa00-e064-4938-b314-4265f0c2258c,9361fd90-ba52-4f84-aa93-6e878fd576ca,970b0598-bcb0-4714-91fb-2e81440dccd8,bcd64cc6-2dd9-43f6-abbe-66318d332032,d930590d-bb92-4cc8-8bd1-23cd027f9edf,a3cd009f-0ab0-420d-9278-b9fdab939bbc,6a2d0734-bd9e-4ddf-946e-caa52498cb75,d9937e59-61fe-4ec6-92ab-7ac5a19c89b0,d1346436-ac96-4271-b863-1f4fdead95b0,971bdb23-3ff6-43eb-b422-1c30165a3663,17debcc3-0a6b-4b8a-b00b-dc58b885581e,711ebe11-f673-4cd9-9a83-63c60ba54c5b,c0143906-9aed-447e-9436-2ae8512d1b6e,14da1725-c4c2-42b4-ab08-ee0aeb6898b3,081cab31-dccd-428e-8652-f2404cc81c47,78e0584a-4343-4727-8f37-e14e65c2a2db,871c3b6c-7379-419d-bda3-794b239ab90d,ff9b0199-ce04-4cfe-86cc-6c719f08d6e4,de1c2107-70c8-4021-8459-6399f24d01c6,cbf30902-517f-40dc-af90-a550bac27cf1,5c601d96-e4c7-4698-991b-7ee674b11079
8-10-2026 02:37:25-debug:   Number of all scripts: 41
8-10-2026 02:37:25-debug:   Number of other assets: 486
8-10-2026 02:37:25-debug: Init bundle root assets success..., progress: 0%
8-10-2026 02:37:25-debug:   Number of all scenes: 3
8-10-2026 02:37:25-debug: // ---- build task Query asset bundle ---- (11ms)
8-10-2026 02:37:25-log: run build task Query asset bundle success in 11 ms√, progress: 5%
8-10-2026 02:37:25-debug: [Build Memory track]: Query asset bundle start:237.56MB, end 237.49MB, increase: -74.72KB
8-10-2026 02:37:25-debug: Query asset bundle start, progress: 5%
8-10-2026 02:37:25-debug: // ---- build task Query asset bundle ----
8-10-2026 02:37:25-debug: // ---- build task Query asset bundle ---- (12ms)
8-10-2026 02:37:25-log: run build task Query asset bundle success in 12 ms√, progress: 10%
8-10-2026 02:37:25-debug: [Build Memory track]: Query asset bundle start:237.51MB, end 236.84MB, increase: -688.61KB
8-10-2026 02:37:25-debug: Sort some build options to settings.json start, progress: 10%
8-10-2026 02:37:25-debug: // ---- build task Sort some build options to settings.json ----
8-10-2026 02:37:25-debug: // ---- build task Sort some build options to settings.json ---- (6ms)
8-10-2026 02:37:25-log: run build task Sort some build options to settings.json success in 6 ms√, progress: 12%
8-10-2026 02:37:25-debug: [Build Memory track]: Sort some build options to settings.json start:236.87MB, end 236.90MB, increase: 27.13KB
8-10-2026 02:37:25-debug: // ---- build task Fill script data to settings ----
8-10-2026 02:37:25-debug: Fill script data to settings start, progress: 12%
8-10-2026 02:37:25-debug: // ---- build task Fill script data to settings ---- (5ms)
8-10-2026 02:37:25-log: run build task Fill script data to settings success in 5 ms√, progress: 13%
8-10-2026 02:37:25-debug: [Build Memory track]: Fill script data to settings start:236.92MB, end 236.95MB, increase: 26.47KB
8-10-2026 02:37:25-debug: Sort some build options to settings.json start, progress: 13%
8-10-2026 02:37:25-debug: // ---- build task Sort some build options to settings.json ----
8-10-2026 02:37:25-debug: // ---- build task Sort some build options to settings.json ---- (16ms)
8-10-2026 02:37:25-log: run build task Sort some build options to settings.json success in 16 ms√, progress: 15%
8-10-2026 02:37:25-debug: [Build Memory track]: Sort some build options to settings.json start:236.98MB, end 237.10MB, increase: 127.13KB
8-10-2026 02:37:44-debug: Query all assets info in project
8-10-2026 02:37:44-debug: init custom config: keepNodeUuid: false, useCache: true
8-10-2026 02:37:44-debug: Skip compress image, progress: 0%
8-10-2026 02:37:44-debug: Query asset bundle start, progress: 0%
8-10-2026 02:37:44-debug: Init all bundles start..., progress: 0%
8-10-2026 02:37:44-debug: // ---- build task Query asset bundle ----
8-10-2026 02:37:44-debug: Init bundle root assets start..., progress: 0%
8-10-2026 02:37:44-debug: Num of bundles: 2..., progress: 0%
8-10-2026 02:37:44-debug:   Number of all scripts: 41
8-10-2026 02:37:44-debug:   Number of other assets: 486
8-10-2026 02:37:44-debug: Query preload assets/scripts from cc.config.json: 60f7195c-ec2a-45eb-ba94-8955f60e81d0,1c02ae6f-4492-4915-b8f8-7492a3b1e4cd,810e96e4-e456-4468-9b59-f4e8f39732c0,efe8e2a3-eace-427b-b4f1-cb8a937ec77d,e9aa9a3e-5b2b-4ac7-a2c7-073de2b2b24f,8bbdbcdd-5cd4-4100-b6d5-b7c9625b6107,50f4348b-c883-4e2f-8f11-ce233b859fa1,fda095cb-831d-4601-ad94-846013963de8,f92806d7-1768-443f-afe8-12bcde84d0f0,dd3a144d-ab7f-41f0-82b8-2e43a090d496,f0416e68-0200-4b77-a926-4f9d16e494da,511d2633-09a7-4bdd-ac42-f778032124b3,5d45aa00-e064-4938-b314-4265f0c2258c,9361fd90-ba52-4f84-aa93-6e878fd576ca,970b0598-bcb0-4714-91fb-2e81440dccd8,bcd64cc6-2dd9-43f6-abbe-66318d332032,d930590d-bb92-4cc8-8bd1-23cd027f9edf,a3cd009f-0ab0-420d-9278-b9fdab939bbc,6a2d0734-bd9e-4ddf-946e-caa52498cb75,d9937e59-61fe-4ec6-92ab-7ac5a19c89b0,d1346436-ac96-4271-b863-1f4fdead95b0,971bdb23-3ff6-43eb-b422-1c30165a3663,17debcc3-0a6b-4b8a-b00b-dc58b885581e,711ebe11-f673-4cd9-9a83-63c60ba54c5b,c0143906-9aed-447e-9436-2ae8512d1b6e,14da1725-c4c2-42b4-ab08-ee0aeb6898b3,081cab31-dccd-428e-8652-f2404cc81c47,78e0584a-4343-4727-8f37-e14e65c2a2db,871c3b6c-7379-419d-bda3-794b239ab90d,ff9b0199-ce04-4cfe-86cc-6c719f08d6e4,de1c2107-70c8-4021-8459-6399f24d01c6,cbf30902-517f-40dc-af90-a550bac27cf1,5c601d96-e4c7-4698-991b-7ee674b11079
8-10-2026 02:37:44-debug: Init bundle root assets success..., progress: 0%
8-10-2026 02:37:44-debug:   Number of all scenes: 3
8-10-2026 02:37:44-debug: // ---- build task Query asset bundle ---- (12ms)
8-10-2026 02:37:44-log: run build task Query asset bundle success in 12 ms√, progress: 5%
8-10-2026 02:37:44-debug: [Build Memory track]: Query asset bundle start:237.73MB, end 237.62MB, increase: -105.57KB
8-10-2026 02:37:44-debug: Query asset bundle start, progress: 5%
8-10-2026 02:37:44-debug: // ---- build task Query asset bundle ----
8-10-2026 02:37:44-debug: // ---- build task Query asset bundle ---- (5ms)
8-10-2026 02:37:44-log: run build task Query asset bundle success in 5 ms√, progress: 10%
8-10-2026 02:37:44-debug: [Build Memory track]: Query asset bundle start:237.65MB, end 236.97MB, increase: -698.71KB
8-10-2026 02:37:44-debug: Sort some build options to settings.json start, progress: 10%
8-10-2026 02:37:44-debug: // ---- build task Sort some build options to settings.json ----
8-10-2026 02:37:44-debug: // ---- build task Sort some build options to settings.json ---- (3ms)
8-10-2026 02:37:44-log: run build task Sort some build options to settings.json success in 3 ms√, progress: 12%
8-10-2026 02:37:44-debug: [Build Memory track]: Sort some build options to settings.json start:237.00MB, end 237.02MB, increase: 27.07KB
8-10-2026 02:37:44-debug: Fill script data to settings start, progress: 12%
8-10-2026 02:37:44-debug: // ---- build task Fill script data to settings ----
8-10-2026 02:37:44-debug: // ---- build task Fill script data to settings ---- (1ms)
8-10-2026 02:37:44-log: run build task Fill script data to settings success in 1 ms√, progress: 13%
8-10-2026 02:37:44-debug: [Build Memory track]: Fill script data to settings start:237.05MB, end 237.08MB, increase: 26.47KB
8-10-2026 02:37:44-debug: Sort some build options to settings.json start, progress: 13%
8-10-2026 02:37:44-debug: // ---- build task Sort some build options to settings.json ----
8-10-2026 02:37:44-debug: // ---- build task Sort some build options to settings.json ---- (18ms)
8-10-2026 02:37:44-log: run build task Sort some build options to settings.json success in 18 ms√, progress: 15%
8-10-2026 02:37:44-debug: [Build Memory track]: Sort some build options to settings.json start:237.11MB, end 237.23MB, increase: 130.26KB
8-10-2026 02:38:06-debug: Query all assets info in project
8-10-2026 02:38:06-debug: init custom config: keepNodeUuid: false, useCache: true
8-10-2026 02:38:06-debug: Skip compress image, progress: 0%
8-10-2026 02:38:06-debug: Init all bundles start..., progress: 0%
8-10-2026 02:38:06-debug: Query asset bundle start, progress: 0%
8-10-2026 02:38:06-debug: // ---- build task Query asset bundle ----
8-10-2026 02:38:06-debug: Num of bundles: 2..., progress: 0%
8-10-2026 02:38:06-debug: Init bundle root assets start..., progress: 0%
8-10-2026 02:38:06-debug: Query preload assets/scripts from cc.config.json: 60f7195c-ec2a-45eb-ba94-8955f60e81d0,1c02ae6f-4492-4915-b8f8-7492a3b1e4cd,810e96e4-e456-4468-9b59-f4e8f39732c0,efe8e2a3-eace-427b-b4f1-cb8a937ec77d,e9aa9a3e-5b2b-4ac7-a2c7-073de2b2b24f,8bbdbcdd-5cd4-4100-b6d5-b7c9625b6107,50f4348b-c883-4e2f-8f11-ce233b859fa1,fda095cb-831d-4601-ad94-846013963de8,f92806d7-1768-443f-afe8-12bcde84d0f0,dd3a144d-ab7f-41f0-82b8-2e43a090d496,f0416e68-0200-4b77-a926-4f9d16e494da,511d2633-09a7-4bdd-ac42-f778032124b3,5d45aa00-e064-4938-b314-4265f0c2258c,9361fd90-ba52-4f84-aa93-6e878fd576ca,970b0598-bcb0-4714-91fb-2e81440dccd8,bcd64cc6-2dd9-43f6-abbe-66318d332032,d930590d-bb92-4cc8-8bd1-23cd027f9edf,a3cd009f-0ab0-420d-9278-b9fdab939bbc,6a2d0734-bd9e-4ddf-946e-caa52498cb75,d9937e59-61fe-4ec6-92ab-7ac5a19c89b0,d1346436-ac96-4271-b863-1f4fdead95b0,971bdb23-3ff6-43eb-b422-1c30165a3663,17debcc3-0a6b-4b8a-b00b-dc58b885581e,711ebe11-f673-4cd9-9a83-63c60ba54c5b,c0143906-9aed-447e-9436-2ae8512d1b6e,14da1725-c4c2-42b4-ab08-ee0aeb6898b3,081cab31-dccd-428e-8652-f2404cc81c47,78e0584a-4343-4727-8f37-e14e65c2a2db,871c3b6c-7379-419d-bda3-794b239ab90d,ff9b0199-ce04-4cfe-86cc-6c719f08d6e4,de1c2107-70c8-4021-8459-6399f24d01c6,cbf30902-517f-40dc-af90-a550bac27cf1,5c601d96-e4c7-4698-991b-7ee674b11079
8-10-2026 02:38:06-debug:   Number of all scripts: 41
8-10-2026 02:38:06-debug:   Number of other assets: 486
8-10-2026 02:38:06-debug: Init bundle root assets success..., progress: 0%
8-10-2026 02:38:06-debug:   Number of all scenes: 3
8-10-2026 02:38:06-debug: // ---- build task Query asset bundle ---- (14ms)
8-10-2026 02:38:06-log: run build task Query asset bundle success in 14 ms√, progress: 5%
8-10-2026 02:38:06-debug: [Build Memory track]: Query asset bundle start:237.84MB, end 237.75MB, increase: -87.41KB
8-10-2026 02:38:06-debug: Query asset bundle start, progress: 5%
8-10-2026 02:38:06-debug: // ---- build task Query asset bundle ----
8-10-2026 02:38:06-debug: // ---- build task Query asset bundle ---- (5ms)
8-10-2026 02:38:06-log: run build task Query asset bundle success in 5 ms√, progress: 10%
8-10-2026 02:38:06-debug: [Build Memory track]: Query asset bundle start:237.78MB, end 237.11MB, increase: -687.00KB
8-10-2026 02:38:06-debug: Sort some build options to settings.json start, progress: 10%
8-10-2026 02:38:06-debug: // ---- build task Sort some build options to settings.json ----
8-10-2026 02:38:06-debug: // ---- build task Sort some build options to settings.json ---- (1ms)
8-10-2026 02:38:06-log: run build task Sort some build options to settings.json success in 1 ms√, progress: 12%
8-10-2026 02:38:06-debug: [Build Memory track]: Sort some build options to settings.json start:237.14MB, end 237.16MB, increase: 26.99KB
8-10-2026 02:38:06-debug: Fill script data to settings start, progress: 12%
8-10-2026 02:38:06-debug: // ---- build task Fill script data to settings ----
8-10-2026 02:38:06-debug: // ---- build task Fill script data to settings ---- (2ms)
8-10-2026 02:38:06-log: run build task Fill script data to settings success in 2 ms√, progress: 13%
8-10-2026 02:38:06-debug: [Build Memory track]: Fill script data to settings start:237.19MB, end 237.22MB, increase: 26.50KB
8-10-2026 02:38:06-debug: Sort some build options to settings.json start, progress: 13%
8-10-2026 02:38:06-debug: // ---- build task Sort some build options to settings.json ----
8-10-2026 02:38:06-debug: // ---- build task Sort some build options to settings.json ---- (13ms)
8-10-2026 02:38:06-log: run build task Sort some build options to settings.json success in 13 ms√, progress: 15%
8-10-2026 02:38:06-debug: [Build Memory track]: Sort some build options to settings.json start:237.24MB, end 237.37MB, increase: 131.91KB
8-10-2026 02:38:25-debug: Query all assets info in project
8-10-2026 02:38:25-debug: init custom config: keepNodeUuid: false, useCache: true
8-10-2026 02:38:25-debug: Skip compress image, progress: 0%
8-10-2026 02:38:25-debug: Init all bundles start..., progress: 0%
8-10-2026 02:38:25-debug: Query asset bundle start, progress: 0%
8-10-2026 02:38:25-debug: Num of bundles: 2..., progress: 0%
8-10-2026 02:38:25-debug: // ---- build task Query asset bundle ----
8-10-2026 02:38:25-debug: Init bundle root assets start..., progress: 0%
8-10-2026 02:38:25-debug: Query preload assets/scripts from cc.config.json: 60f7195c-ec2a-45eb-ba94-8955f60e81d0,1c02ae6f-4492-4915-b8f8-7492a3b1e4cd,810e96e4-e456-4468-9b59-f4e8f39732c0,efe8e2a3-eace-427b-b4f1-cb8a937ec77d,e9aa9a3e-5b2b-4ac7-a2c7-073de2b2b24f,8bbdbcdd-5cd4-4100-b6d5-b7c9625b6107,50f4348b-c883-4e2f-8f11-ce233b859fa1,fda095cb-831d-4601-ad94-846013963de8,f92806d7-1768-443f-afe8-12bcde84d0f0,dd3a144d-ab7f-41f0-82b8-2e43a090d496,f0416e68-0200-4b77-a926-4f9d16e494da,511d2633-09a7-4bdd-ac42-f778032124b3,5d45aa00-e064-4938-b314-4265f0c2258c,9361fd90-ba52-4f84-aa93-6e878fd576ca,970b0598-bcb0-4714-91fb-2e81440dccd8,bcd64cc6-2dd9-43f6-abbe-66318d332032,d930590d-bb92-4cc8-8bd1-23cd027f9edf,a3cd009f-0ab0-420d-9278-b9fdab939bbc,6a2d0734-bd9e-4ddf-946e-caa52498cb75,d9937e59-61fe-4ec6-92ab-7ac5a19c89b0,d1346436-ac96-4271-b863-1f4fdead95b0,971bdb23-3ff6-43eb-b422-1c30165a3663,17debcc3-0a6b-4b8a-b00b-dc58b885581e,711ebe11-f673-4cd9-9a83-63c60ba54c5b,c0143906-9aed-447e-9436-2ae8512d1b6e,14da1725-c4c2-42b4-ab08-ee0aeb6898b3,081cab31-dccd-428e-8652-f2404cc81c47,78e0584a-4343-4727-8f37-e14e65c2a2db,871c3b6c-7379-419d-bda3-794b239ab90d,ff9b0199-ce04-4cfe-86cc-6c719f08d6e4,de1c2107-70c8-4021-8459-6399f24d01c6,cbf30902-517f-40dc-af90-a550bac27cf1,5c601d96-e4c7-4698-991b-7ee674b11079
8-10-2026 02:38:25-debug:   Number of all scripts: 41
8-10-2026 02:38:25-debug:   Number of other assets: 486
8-10-2026 02:38:25-debug: Init bundle root assets success..., progress: 0%
8-10-2026 02:38:25-debug:   Number of all scenes: 3
8-10-2026 02:38:25-debug: // ---- build task Query asset bundle ---- (12ms)
8-10-2026 02:38:25-log: run build task Query asset bundle success in 12 ms√, progress: 5%
8-10-2026 02:38:25-debug: [Build Memory track]: Query asset bundle start:237.98MB, end 237.90MB, increase: -85.98KB
8-10-2026 02:38:25-debug: // ---- build task Query asset bundle ----
8-10-2026 02:38:25-debug: Query asset bundle start, progress: 5%
8-10-2026 02:38:25-debug: // ---- build task Query asset bundle ---- (5ms)
8-10-2026 02:38:25-log: run build task Query asset bundle success in 5 ms√, progress: 10%
8-10-2026 02:38:25-debug: [Build Memory track]: Query asset bundle start:237.93MB, end 237.25MB, increase: -687.66KB
8-10-2026 02:38:25-debug: Sort some build options to settings.json start, progress: 10%
8-10-2026 02:38:25-debug: // ---- build task Sort some build options to settings.json ----
8-10-2026 02:38:25-debug: // ---- build task Sort some build options to settings.json ---- (2ms)
8-10-2026 02:38:25-log: run build task Sort some build options to settings.json success in 2 ms√, progress: 12%
8-10-2026 02:38:25-debug: [Build Memory track]: Sort some build options to settings.json start:237.28MB, end 237.31MB, increase: 26.99KB
8-10-2026 02:38:25-debug: Fill script data to settings start, progress: 12%
8-10-2026 02:38:25-debug: // ---- build task Fill script data to settings ----
8-10-2026 02:38:25-debug: // ---- build task Fill script data to settings ---- (2ms)
8-10-2026 02:38:25-log: run build task Fill script data to settings success in 2 ms√, progress: 13%
8-10-2026 02:38:25-debug: [Build Memory track]: Fill script data to settings start:237.34MB, end 237.36MB, increase: 26.52KB
8-10-2026 02:38:25-debug: Sort some build options to settings.json start, progress: 13%
8-10-2026 02:38:25-debug: // ---- build task Sort some build options to settings.json ----
8-10-2026 02:38:25-debug: // ---- build task Sort some build options to settings.json ---- (12ms)
8-10-2026 02:38:25-log: run build task Sort some build options to settings.json success in 12 ms√, progress: 15%
8-10-2026 02:38:25-debug: [Build Memory track]: Sort some build options to settings.json start:237.39MB, end 237.52MB, increase: 130.45KB
8-10-2026 02:38:44-debug: Query all assets info in project
8-10-2026 02:38:44-debug: init custom config: keepNodeUuid: false, useCache: true
8-10-2026 02:38:44-debug: Skip compress image, progress: 0%
8-10-2026 02:38:44-debug: Init all bundles start..., progress: 0%
8-10-2026 02:38:44-debug: // ---- build task Query asset bundle ----
8-10-2026 02:38:44-debug: Init bundle root assets start..., progress: 0%
8-10-2026 02:38:44-debug: Num of bundles: 2..., progress: 0%
8-10-2026 02:38:44-debug: Query asset bundle start, progress: 0%
8-10-2026 02:38:44-debug:   Number of all scenes: 3
8-10-2026 02:38:44-debug:   Number of other assets: 486
8-10-2026 02:38:44-debug: Query preload assets/scripts from cc.config.json: 60f7195c-ec2a-45eb-ba94-8955f60e81d0,1c02ae6f-4492-4915-b8f8-7492a3b1e4cd,810e96e4-e456-4468-9b59-f4e8f39732c0,efe8e2a3-eace-427b-b4f1-cb8a937ec77d,e9aa9a3e-5b2b-4ac7-a2c7-073de2b2b24f,8bbdbcdd-5cd4-4100-b6d5-b7c9625b6107,50f4348b-c883-4e2f-8f11-ce233b859fa1,fda095cb-831d-4601-ad94-846013963de8,f92806d7-1768-443f-afe8-12bcde84d0f0,dd3a144d-ab7f-41f0-82b8-2e43a090d496,f0416e68-0200-4b77-a926-4f9d16e494da,511d2633-09a7-4bdd-ac42-f778032124b3,5d45aa00-e064-4938-b314-4265f0c2258c,9361fd90-ba52-4f84-aa93-6e878fd576ca,970b0598-bcb0-4714-91fb-2e81440dccd8,bcd64cc6-2dd9-43f6-abbe-66318d332032,d930590d-bb92-4cc8-8bd1-23cd027f9edf,a3cd009f-0ab0-420d-9278-b9fdab939bbc,6a2d0734-bd9e-4ddf-946e-caa52498cb75,d9937e59-61fe-4ec6-92ab-7ac5a19c89b0,d1346436-ac96-4271-b863-1f4fdead95b0,971bdb23-3ff6-43eb-b422-1c30165a3663,17debcc3-0a6b-4b8a-b00b-dc58b885581e,711ebe11-f673-4cd9-9a83-63c60ba54c5b,c0143906-9aed-447e-9436-2ae8512d1b6e,14da1725-c4c2-42b4-ab08-ee0aeb6898b3,081cab31-dccd-428e-8652-f2404cc81c47,78e0584a-4343-4727-8f37-e14e65c2a2db,871c3b6c-7379-419d-bda3-794b239ab90d,ff9b0199-ce04-4cfe-86cc-6c719f08d6e4,de1c2107-70c8-4021-8459-6399f24d01c6,cbf30902-517f-40dc-af90-a550bac27cf1,5c601d96-e4c7-4698-991b-7ee674b11079
8-10-2026 02:38:44-debug: Init bundle root assets success..., progress: 0%
8-10-2026 02:38:44-debug:   Number of all scripts: 41
8-10-2026 02:38:44-debug: // ---- build task Query asset bundle ---- (14ms)
8-10-2026 02:38:44-log: run build task Query asset bundle success in 14 ms√, progress: 5%
8-10-2026 02:38:44-debug: [Build Memory track]: Query asset bundle start:238.11MB, end 238.05MB, increase: -66.27KB
8-10-2026 02:38:44-debug: Query asset bundle start, progress: 5%
8-10-2026 02:38:44-debug: // ---- build task Query asset bundle ----
8-10-2026 02:38:44-debug: // ---- build task Query asset bundle ---- (7ms)
8-10-2026 02:38:44-log: run build task Query asset bundle success in 7 ms√, progress: 10%
8-10-2026 02:38:44-debug: Sort some build options to settings.json start, progress: 10%
8-10-2026 02:38:44-debug: [Build Memory track]: Query asset bundle start:238.08MB, end 237.39MB, increase: -700.09KB
8-10-2026 02:38:44-debug: // ---- build task Sort some build options to settings.json ----
8-10-2026 02:38:44-debug: // ---- build task Sort some build options to settings.json ---- (3ms)
8-10-2026 02:38:44-log: run build task Sort some build options to settings.json success in 3 ms√, progress: 12%
8-10-2026 02:38:44-debug: [Build Memory track]: Sort some build options to settings.json start:237.42MB, end 237.45MB, increase: 26.99KB
8-10-2026 02:38:44-debug: Fill script data to settings start, progress: 12%
8-10-2026 02:38:44-debug: // ---- build task Fill script data to settings ----
8-10-2026 02:38:44-debug: // ---- build task Fill script data to settings ---- (2ms)
8-10-2026 02:38:44-log: run build task Fill script data to settings success in 2 ms√, progress: 13%
8-10-2026 02:38:44-debug: [Build Memory track]: Fill script data to settings start:237.48MB, end 237.50MB, increase: 26.06KB
8-10-2026 02:38:44-debug: Sort some build options to settings.json start, progress: 13%
8-10-2026 02:38:44-debug: // ---- build task Sort some build options to settings.json ----
8-10-2026 02:38:44-debug: // ---- build task Sort some build options to settings.json ---- (15ms)
8-10-2026 02:38:44-log: run build task Sort some build options to settings.json success in 15 ms√, progress: 15%
8-10-2026 02:38:44-debug: [Build Memory track]: Sort some build options to settings.json start:237.53MB, end 237.66MB, increase: 130.75KB
8-10-2026 02:39:05-debug: Query all assets info in project
8-10-2026 02:39:05-debug: init custom config: keepNodeUuid: false, useCache: true
8-10-2026 02:39:05-debug: Skip compress image, progress: 0%
8-10-2026 02:39:05-debug: Init all bundles start..., progress: 0%
8-10-2026 02:39:05-debug: // ---- build task Query asset bundle ----
8-10-2026 02:39:05-debug: Init bundle root assets start..., progress: 0%
8-10-2026 02:39:05-debug: Query asset bundle start, progress: 0%
8-10-2026 02:39:05-debug: Num of bundles: 2..., progress: 0%
8-10-2026 02:39:05-debug: Query preload assets/scripts from cc.config.json: 60f7195c-ec2a-45eb-ba94-8955f60e81d0,1c02ae6f-4492-4915-b8f8-7492a3b1e4cd,810e96e4-e456-4468-9b59-f4e8f39732c0,efe8e2a3-eace-427b-b4f1-cb8a937ec77d,e9aa9a3e-5b2b-4ac7-a2c7-073de2b2b24f,8bbdbcdd-5cd4-4100-b6d5-b7c9625b6107,50f4348b-c883-4e2f-8f11-ce233b859fa1,fda095cb-831d-4601-ad94-846013963de8,f92806d7-1768-443f-afe8-12bcde84d0f0,dd3a144d-ab7f-41f0-82b8-2e43a090d496,f0416e68-0200-4b77-a926-4f9d16e494da,511d2633-09a7-4bdd-ac42-f778032124b3,5d45aa00-e064-4938-b314-4265f0c2258c,9361fd90-ba52-4f84-aa93-6e878fd576ca,970b0598-bcb0-4714-91fb-2e81440dccd8,bcd64cc6-2dd9-43f6-abbe-66318d332032,d930590d-bb92-4cc8-8bd1-23cd027f9edf,a3cd009f-0ab0-420d-9278-b9fdab939bbc,6a2d0734-bd9e-4ddf-946e-caa52498cb75,d9937e59-61fe-4ec6-92ab-7ac5a19c89b0,d1346436-ac96-4271-b863-1f4fdead95b0,971bdb23-3ff6-43eb-b422-1c30165a3663,17debcc3-0a6b-4b8a-b00b-dc58b885581e,711ebe11-f673-4cd9-9a83-63c60ba54c5b,c0143906-9aed-447e-9436-2ae8512d1b6e,14da1725-c4c2-42b4-ab08-ee0aeb6898b3,081cab31-dccd-428e-8652-f2404cc81c47,78e0584a-4343-4727-8f37-e14e65c2a2db,871c3b6c-7379-419d-bda3-794b239ab90d,ff9b0199-ce04-4cfe-86cc-6c719f08d6e4,de1c2107-70c8-4021-8459-6399f24d01c6,cbf30902-517f-40dc-af90-a550bac27cf1,5c601d96-e4c7-4698-991b-7ee674b11079
8-10-2026 02:39:05-debug:   Number of all scripts: 41
8-10-2026 02:39:05-debug:   Number of other assets: 486
8-10-2026 02:39:05-debug: Init bundle root assets success..., progress: 0%
8-10-2026 02:39:05-debug:   Number of all scenes: 3
8-10-2026 02:39:05-debug: // ---- build task Query asset bundle ---- (10ms)
8-10-2026 02:39:05-log: run build task Query asset bundle success in 10 ms√, progress: 5%
8-10-2026 02:39:05-debug: [Build Memory track]: Query asset bundle start:238.24MB, end 238.19MB, increase: -45.44KB
8-10-2026 02:39:05-debug: Query asset bundle start, progress: 5%
8-10-2026 02:39:05-debug: // ---- build task Query asset bundle ----
8-10-2026 02:39:05-debug: // ---- build task Query asset bundle ---- (8ms)
8-10-2026 02:39:05-log: run build task Query asset bundle success in 8 ms√, progress: 10%
8-10-2026 02:39:05-debug: [Build Memory track]: Query asset bundle start:238.22MB, end 237.54MB, increase: -699.39KB
8-10-2026 02:39:05-debug: Sort some build options to settings.json start, progress: 10%
8-10-2026 02:39:05-debug: // ---- build task Sort some build options to settings.json ----
8-10-2026 02:39:05-debug: // ---- build task Sort some build options to settings.json ---- (3ms)
8-10-2026 02:39:05-log: run build task Sort some build options to settings.json success in 3 ms√, progress: 12%
8-10-2026 02:39:05-debug: [Build Memory track]: Sort some build options to settings.json start:237.57MB, end 237.59MB, increase: 26.99KB
8-10-2026 02:39:05-debug: Fill script data to settings start, progress: 12%
8-10-2026 02:39:05-debug: // ---- build task Fill script data to settings ----
8-10-2026 02:39:05-debug: // ---- build task Fill script data to settings ---- (5ms)
8-10-2026 02:39:05-log: run build task Fill script data to settings success in 5 ms√, progress: 13%
8-10-2026 02:39:05-debug: [Build Memory track]: Fill script data to settings start:237.62MB, end 237.65MB, increase: 26.50KB
8-10-2026 02:39:05-debug: Sort some build options to settings.json start, progress: 13%
8-10-2026 02:39:05-debug: // ---- build task Sort some build options to settings.json ----
8-10-2026 02:39:05-log: run build task Sort some build options to settings.json success in 13 ms√, progress: 15%
8-10-2026 02:39:05-debug: // ---- build task Sort some build options to settings.json ---- (13ms)
8-10-2026 02:39:05-debug: [Build Memory track]: Sort some build options to settings.json start:237.68MB, end 237.80MB, increase: 130.15KB
8-10-2026 02:39:33-debug: Query all assets info in project
8-10-2026 02:39:33-debug: init custom config: keepNodeUuid: false, useCache: true
8-10-2026 02:39:33-debug: Skip compress image, progress: 0%
8-10-2026 02:39:33-debug: Init all bundles start..., progress: 0%
8-10-2026 02:39:33-debug: // ---- build task Query asset bundle ----
8-10-2026 02:39:33-debug: Init bundle root assets start..., progress: 0%
8-10-2026 02:39:33-debug: Query asset bundle start, progress: 0%
8-10-2026 02:39:33-debug: Num of bundles: 2..., progress: 0%
8-10-2026 02:39:33-debug: Query preload assets/scripts from cc.config.json: 60f7195c-ec2a-45eb-ba94-8955f60e81d0,1c02ae6f-4492-4915-b8f8-7492a3b1e4cd,810e96e4-e456-4468-9b59-f4e8f39732c0,efe8e2a3-eace-427b-b4f1-cb8a937ec77d,e9aa9a3e-5b2b-4ac7-a2c7-073de2b2b24f,8bbdbcdd-5cd4-4100-b6d5-b7c9625b6107,50f4348b-c883-4e2f-8f11-ce233b859fa1,fda095cb-831d-4601-ad94-846013963de8,f92806d7-1768-443f-afe8-12bcde84d0f0,dd3a144d-ab7f-41f0-82b8-2e43a090d496,f0416e68-0200-4b77-a926-4f9d16e494da,511d2633-09a7-4bdd-ac42-f778032124b3,5d45aa00-e064-4938-b314-4265f0c2258c,9361fd90-ba52-4f84-aa93-6e878fd576ca,970b0598-bcb0-4714-91fb-2e81440dccd8,bcd64cc6-2dd9-43f6-abbe-66318d332032,d930590d-bb92-4cc8-8bd1-23cd027f9edf,a3cd009f-0ab0-420d-9278-b9fdab939bbc,6a2d0734-bd9e-4ddf-946e-caa52498cb75,d9937e59-61fe-4ec6-92ab-7ac5a19c89b0,d1346436-ac96-4271-b863-1f4fdead95b0,971bdb23-3ff6-43eb-b422-1c30165a3663,17debcc3-0a6b-4b8a-b00b-dc58b885581e,711ebe11-f673-4cd9-9a83-63c60ba54c5b,c0143906-9aed-447e-9436-2ae8512d1b6e,14da1725-c4c2-42b4-ab08-ee0aeb6898b3,081cab31-dccd-428e-8652-f2404cc81c47,78e0584a-4343-4727-8f37-e14e65c2a2db,871c3b6c-7379-419d-bda3-794b239ab90d,ff9b0199-ce04-4cfe-86cc-6c719f08d6e4,de1c2107-70c8-4021-8459-6399f24d01c6,cbf30902-517f-40dc-af90-a550bac27cf1,5c601d96-e4c7-4698-991b-7ee674b11079
8-10-2026 02:39:33-debug:   Number of all scripts: 41
8-10-2026 02:39:33-debug:   Number of other assets: 486
8-10-2026 02:39:33-debug: Init bundle root assets success..., progress: 0%
8-10-2026 02:39:33-debug:   Number of all scenes: 3
8-10-2026 02:39:33-debug: // ---- build task Query asset bundle ---- (14ms)
8-10-2026 02:39:33-log: run build task Query asset bundle success in 14 ms√, progress: 5%
8-10-2026 02:39:33-debug: [Build Memory track]: Query asset bundle start:238.37MB, end 238.30MB, increase: -67.87KB
8-10-2026 02:39:33-debug: Query asset bundle start, progress: 5%
8-10-2026 02:39:33-debug: // ---- build task Query asset bundle ----
8-10-2026 02:39:33-log: run build task Query asset bundle success in 6 ms√, progress: 10%
8-10-2026 02:39:33-debug: [Build Memory track]: Query asset bundle start:238.33MB, end 237.64MB, increase: -699.93KB
8-10-2026 02:39:33-debug: // ---- build task Query asset bundle ---- (6ms)
8-10-2026 02:39:33-debug: Sort some build options to settings.json start, progress: 10%
8-10-2026 02:39:33-debug: // ---- build task Sort some build options to settings.json ----
8-10-2026 02:39:33-debug: // ---- build task Sort some build options to settings.json ---- (2ms)
8-10-2026 02:39:33-log: run build task Sort some build options to settings.json success in 2 ms√, progress: 12%
8-10-2026 02:39:33-debug: [Build Memory track]: Sort some build options to settings.json start:237.67MB, end 237.70MB, increase: 26.99KB
8-10-2026 02:39:33-debug: Fill script data to settings start, progress: 12%
8-10-2026 02:39:33-debug: // ---- build task Fill script data to settings ----
8-10-2026 02:39:33-debug: // ---- build task Fill script data to settings ---- (2ms)
8-10-2026 02:39:33-log: run build task Fill script data to settings success in 2 ms√, progress: 13%
8-10-2026 02:39:33-debug: [Build Memory track]: Fill script data to settings start:237.73MB, end 237.75MB, increase: 26.52KB
8-10-2026 02:39:33-debug: Sort some build options to settings.json start, progress: 13%
8-10-2026 02:39:33-debug: // ---- build task Sort some build options to settings.json ----
8-10-2026 02:39:33-debug: // ---- build task Sort some build options to settings.json ---- (18ms)
8-10-2026 02:39:33-log: run build task Sort some build options to settings.json success in 18 ms√, progress: 15%
8-10-2026 02:39:33-debug: [Build Memory track]: Sort some build options to settings.json start:237.78MB, end 237.91MB, increase: 130.43KB
8-10-2026 02:39:56-debug: Query all assets info in project
8-10-2026 02:39:56-debug: init custom config: keepNodeUuid: false, useCache: true
8-10-2026 02:39:56-debug: Skip compress image, progress: 0%
8-10-2026 02:39:56-debug: Init all bundles start..., progress: 0%
8-10-2026 02:39:56-debug: Num of bundles: 2..., progress: 0%
8-10-2026 02:39:56-debug: Query asset bundle start, progress: 0%
8-10-2026 02:39:56-debug: Init bundle root assets start..., progress: 0%
8-10-2026 02:39:56-debug: // ---- build task Query asset bundle ----
8-10-2026 02:39:56-debug: Query preload assets/scripts from cc.config.json: 60f7195c-ec2a-45eb-ba94-8955f60e81d0,1c02ae6f-4492-4915-b8f8-7492a3b1e4cd,810e96e4-e456-4468-9b59-f4e8f39732c0,efe8e2a3-eace-427b-b4f1-cb8a937ec77d,e9aa9a3e-5b2b-4ac7-a2c7-073de2b2b24f,8bbdbcdd-5cd4-4100-b6d5-b7c9625b6107,50f4348b-c883-4e2f-8f11-ce233b859fa1,fda095cb-831d-4601-ad94-846013963de8,f92806d7-1768-443f-afe8-12bcde84d0f0,dd3a144d-ab7f-41f0-82b8-2e43a090d496,f0416e68-0200-4b77-a926-4f9d16e494da,511d2633-09a7-4bdd-ac42-f778032124b3,5d45aa00-e064-4938-b314-4265f0c2258c,9361fd90-ba52-4f84-aa93-6e878fd576ca,970b0598-bcb0-4714-91fb-2e81440dccd8,bcd64cc6-2dd9-43f6-abbe-66318d332032,d930590d-bb92-4cc8-8bd1-23cd027f9edf,a3cd009f-0ab0-420d-9278-b9fdab939bbc,6a2d0734-bd9e-4ddf-946e-caa52498cb75,d9937e59-61fe-4ec6-92ab-7ac5a19c89b0,d1346436-ac96-4271-b863-1f4fdead95b0,971bdb23-3ff6-43eb-b422-1c30165a3663,17debcc3-0a6b-4b8a-b00b-dc58b885581e,711ebe11-f673-4cd9-9a83-63c60ba54c5b,c0143906-9aed-447e-9436-2ae8512d1b6e,14da1725-c4c2-42b4-ab08-ee0aeb6898b3,081cab31-dccd-428e-8652-f2404cc81c47,78e0584a-4343-4727-8f37-e14e65c2a2db,871c3b6c-7379-419d-bda3-794b239ab90d,ff9b0199-ce04-4cfe-86cc-6c719f08d6e4,de1c2107-70c8-4021-8459-6399f24d01c6,cbf30902-517f-40dc-af90-a550bac27cf1,5c601d96-e4c7-4698-991b-7ee674b11079
8-10-2026 02:39:56-debug:   Number of all scripts: 41
8-10-2026 02:39:56-debug:   Number of other assets: 486
8-10-2026 02:39:56-debug: Init bundle root assets success..., progress: 0%
8-10-2026 02:39:56-debug:   Number of all scenes: 3
8-10-2026 02:39:56-debug: // ---- build task Query asset bundle ---- (10ms)
8-10-2026 02:39:56-debug: Query asset bundle start, progress: 5%
8-10-2026 02:39:56-debug: [Build Memory track]: Query asset bundle start:238.54MB, end 238.42MB, increase: -121.29KB
8-10-2026 02:39:56-log: run build task Query asset bundle success in 10 ms√, progress: 5%
8-10-2026 02:39:56-debug: // ---- build task Query asset bundle ----
8-10-2026 02:39:56-debug: // ---- build task Query asset bundle ---- (8ms)
8-10-2026 02:39:56-debug: Sort some build options to settings.json start, progress: 10%
8-10-2026 02:39:56-debug: [Build Memory track]: Query asset bundle start:238.45MB, end 237.79MB, increase: -673.80KB
8-10-2026 02:39:56-log: run build task Query asset bundle success in 8 ms√, progress: 10%
8-10-2026 02:39:56-debug: // ---- build task Sort some build options to settings.json ----
8-10-2026 02:39:56-debug: // ---- build task Sort some build options to settings.json ---- (1ms)
8-10-2026 02:39:56-log: run build task Sort some build options to settings.json success in 1 ms√, progress: 12%
8-10-2026 02:39:56-debug: [Build Memory track]: Sort some build options to settings.json start:237.82MB, end 237.85MB, increase: 26.96KB
8-10-2026 02:39:56-debug: Fill script data to settings start, progress: 12%
8-10-2026 02:39:56-debug: // ---- build task Fill script data to settings ----
8-10-2026 02:39:56-debug: // ---- build task Fill script data to settings ---- (3ms)
8-10-2026 02:39:56-debug: [Build Memory track]: Fill script data to settings start:237.88MB, end 237.90MB, increase: 26.50KB
8-10-2026 02:39:56-log: run build task Fill script data to settings success in 3 ms√, progress: 13%
8-10-2026 02:39:56-debug: Sort some build options to settings.json start, progress: 13%
8-10-2026 02:39:56-debug: // ---- build task Sort some build options to settings.json ----
8-10-2026 02:39:56-debug: // ---- build task Sort some build options to settings.json ---- (20ms)
8-10-2026 02:39:56-log: run build task Sort some build options to settings.json success in 20 ms√, progress: 15%
8-10-2026 02:39:56-debug: [Build Memory track]: Sort some build options to settings.json start:237.93MB, end 238.06MB, increase: 130.53KB
8-10-2026 02:40:17-debug: Query all assets info in project
8-10-2026 02:40:17-debug: init custom config: keepNodeUuid: false, useCache: true
8-10-2026 02:40:17-debug: Skip compress image, progress: 0%
8-10-2026 02:40:17-debug: Init all bundles start..., progress: 0%
8-10-2026 02:40:17-debug: Num of bundles: 2..., progress: 0%
8-10-2026 02:40:17-debug: Query asset bundle start, progress: 0%
8-10-2026 02:40:17-debug: Init bundle root assets start..., progress: 0%
8-10-2026 02:40:17-debug: // ---- build task Query asset bundle ----
8-10-2026 02:40:17-debug: Query preload assets/scripts from cc.config.json: 60f7195c-ec2a-45eb-ba94-8955f60e81d0,1c02ae6f-4492-4915-b8f8-7492a3b1e4cd,810e96e4-e456-4468-9b59-f4e8f39732c0,efe8e2a3-eace-427b-b4f1-cb8a937ec77d,e9aa9a3e-5b2b-4ac7-a2c7-073de2b2b24f,8bbdbcdd-5cd4-4100-b6d5-b7c9625b6107,50f4348b-c883-4e2f-8f11-ce233b859fa1,fda095cb-831d-4601-ad94-846013963de8,f92806d7-1768-443f-afe8-12bcde84d0f0,dd3a144d-ab7f-41f0-82b8-2e43a090d496,f0416e68-0200-4b77-a926-4f9d16e494da,511d2633-09a7-4bdd-ac42-f778032124b3,5d45aa00-e064-4938-b314-4265f0c2258c,9361fd90-ba52-4f84-aa93-6e878fd576ca,970b0598-bcb0-4714-91fb-2e81440dccd8,bcd64cc6-2dd9-43f6-abbe-66318d332032,d930590d-bb92-4cc8-8bd1-23cd027f9edf,a3cd009f-0ab0-420d-9278-b9fdab939bbc,6a2d0734-bd9e-4ddf-946e-caa52498cb75,d9937e59-61fe-4ec6-92ab-7ac5a19c89b0,d1346436-ac96-4271-b863-1f4fdead95b0,971bdb23-3ff6-43eb-b422-1c30165a3663,17debcc3-0a6b-4b8a-b00b-dc58b885581e,711ebe11-f673-4cd9-9a83-63c60ba54c5b,c0143906-9aed-447e-9436-2ae8512d1b6e,14da1725-c4c2-42b4-ab08-ee0aeb6898b3,081cab31-dccd-428e-8652-f2404cc81c47,78e0584a-4343-4727-8f37-e14e65c2a2db,871c3b6c-7379-419d-bda3-794b239ab90d,ff9b0199-ce04-4cfe-86cc-6c719f08d6e4,de1c2107-70c8-4021-8459-6399f24d01c6,cbf30902-517f-40dc-af90-a550bac27cf1,5c601d96-e4c7-4698-991b-7ee674b11079
8-10-2026 02:40:17-debug:   Number of all scripts: 41
8-10-2026 02:40:17-debug: Init bundle root assets success..., progress: 0%
8-10-2026 02:40:17-debug:   Number of other assets: 486
8-10-2026 02:40:17-debug:   Number of all scenes: 3
8-10-2026 02:40:17-debug: // ---- build task Query asset bundle ---- (10ms)
8-10-2026 02:40:17-debug: Query asset bundle start, progress: 5%
8-10-2026 02:40:17-log: run build task Query asset bundle success in 10 ms√, progress: 5%
8-10-2026 02:40:17-debug: [Build Memory track]: Query asset bundle start:238.64MB, end 238.55MB, increase: -93.07KB
8-10-2026 02:40:17-debug: // ---- build task Query asset bundle ----
8-10-2026 02:40:17-debug: // ---- build task Query asset bundle ---- (7ms)
8-10-2026 02:40:17-log: run build task Query asset bundle success in 7 ms√, progress: 10%
8-10-2026 02:40:17-debug: [Build Memory track]: Query asset bundle start:238.58MB, end 237.90MB, increase: -699.93KB
8-10-2026 02:40:17-debug: Sort some build options to settings.json start, progress: 10%
8-10-2026 02:40:17-debug: // ---- build task Sort some build options to settings.json ----
8-10-2026 02:40:17-log: run build task Sort some build options to settings.json success in √, progress: 12%
8-10-2026 02:40:17-debug: Fill script data to settings start, progress: 12%
8-10-2026 02:40:17-debug: [Build Memory track]: Sort some build options to settings.json start:237.93MB, end 237.94MB, increase: 17.87KB
8-10-2026 02:40:17-debug: // ---- build task Fill script data to settings ----
8-10-2026 02:40:17-debug: // ---- build task Fill script data to settings ---- (3ms)
8-10-2026 02:40:17-log: run build task Fill script data to settings success in 3 ms√, progress: 13%
8-10-2026 02:40:17-debug: [Build Memory track]: Fill script data to settings start:237.97MB, end 238.00MB, increase: 25.76KB
8-10-2026 02:40:17-debug: Sort some build options to settings.json start, progress: 13%
8-10-2026 02:40:17-debug: // ---- build task Sort some build options to settings.json ----
8-10-2026 02:40:17-debug: // ---- build task Sort some build options to settings.json ---- (16ms)
8-10-2026 02:40:17-log: run build task Sort some build options to settings.json success in 16 ms√, progress: 15%
8-10-2026 02:40:17-debug: [Build Memory track]: Sort some build options to settings.json start:238.03MB, end 238.16MB, increase: 140.32KB
8-10-2026 02:40:39-debug: Query all assets info in project
8-10-2026 02:40:39-debug: init custom config: keepNodeUuid: false, useCache: true
8-10-2026 02:40:39-debug: Skip compress image, progress: 0%
8-10-2026 02:40:39-debug: Init all bundles start..., progress: 0%
8-10-2026 02:40:39-debug: Num of bundles: 2..., progress: 0%
8-10-2026 02:40:39-debug: Query asset bundle start, progress: 0%
8-10-2026 02:40:39-debug: Init bundle root assets start..., progress: 0%
8-10-2026 02:40:39-debug: // ---- build task Query asset bundle ----
8-10-2026 02:40:39-debug:   Number of all scenes: 3
8-10-2026 02:40:39-debug: Query preload assets/scripts from cc.config.json: 60f7195c-ec2a-45eb-ba94-8955f60e81d0,1c02ae6f-4492-4915-b8f8-7492a3b1e4cd,810e96e4-e456-4468-9b59-f4e8f39732c0,efe8e2a3-eace-427b-b4f1-cb8a937ec77d,e9aa9a3e-5b2b-4ac7-a2c7-073de2b2b24f,8bbdbcdd-5cd4-4100-b6d5-b7c9625b6107,50f4348b-c883-4e2f-8f11-ce233b859fa1,fda095cb-831d-4601-ad94-846013963de8,f92806d7-1768-443f-afe8-12bcde84d0f0,dd3a144d-ab7f-41f0-82b8-2e43a090d496,f0416e68-0200-4b77-a926-4f9d16e494da,511d2633-09a7-4bdd-ac42-f778032124b3,5d45aa00-e064-4938-b314-4265f0c2258c,9361fd90-ba52-4f84-aa93-6e878fd576ca,970b0598-bcb0-4714-91fb-2e81440dccd8,bcd64cc6-2dd9-43f6-abbe-66318d332032,d930590d-bb92-4cc8-8bd1-23cd027f9edf,a3cd009f-0ab0-420d-9278-b9fdab939bbc,6a2d0734-bd9e-4ddf-946e-caa52498cb75,d9937e59-61fe-4ec6-92ab-7ac5a19c89b0,d1346436-ac96-4271-b863-1f4fdead95b0,971bdb23-3ff6-43eb-b422-1c30165a3663,17debcc3-0a6b-4b8a-b00b-dc58b885581e,711ebe11-f673-4cd9-9a83-63c60ba54c5b,c0143906-9aed-447e-9436-2ae8512d1b6e,14da1725-c4c2-42b4-ab08-ee0aeb6898b3,081cab31-dccd-428e-8652-f2404cc81c47,78e0584a-4343-4727-8f37-e14e65c2a2db,871c3b6c-7379-419d-bda3-794b239ab90d,ff9b0199-ce04-4cfe-86cc-6c719f08d6e4,de1c2107-70c8-4021-8459-6399f24d01c6,cbf30902-517f-40dc-af90-a550bac27cf1,5c601d96-e4c7-4698-991b-7ee674b11079
8-10-2026 02:40:39-debug:   Number of all scripts: 41
8-10-2026 02:40:39-debug:   Number of other assets: 486
8-10-2026 02:40:39-debug: Init bundle root assets success..., progress: 0%
8-10-2026 02:40:39-debug: // ---- build task Query asset bundle ---- (10ms)
8-10-2026 02:40:39-log: run build task Query asset bundle success in 10 ms√, progress: 5%
8-10-2026 02:40:39-debug: [Build Memory track]: Query asset bundle start:238.74MB, end 238.66MB, increase: -83.77KB
8-10-2026 02:40:39-debug: Query asset bundle start, progress: 5%
8-10-2026 02:40:39-debug: // ---- build task Query asset bundle ----
8-10-2026 02:40:39-debug: // ---- build task Query asset bundle ---- (5ms)
8-10-2026 02:40:39-log: run build task Query asset bundle success in 5 ms√, progress: 10%
8-10-2026 02:40:39-debug: Sort some build options to settings.json start, progress: 10%
8-10-2026 02:40:39-debug: [Build Memory track]: Query asset bundle start:238.69MB, end 238.00MB, increase: -699.60KB
8-10-2026 02:40:39-debug: // ---- build task Sort some build options to settings.json ----
8-10-2026 02:40:39-debug: // ---- build task Sort some build options to settings.json ---- (1ms)
8-10-2026 02:40:39-log: run build task Sort some build options to settings.json success in 1 ms√, progress: 12%
8-10-2026 02:40:39-debug: [Build Memory track]: Sort some build options to settings.json start:238.03MB, end 238.06MB, increase: 27.18KB
8-10-2026 02:40:39-debug: Fill script data to settings start, progress: 12%
8-10-2026 02:40:39-debug: // ---- build task Fill script data to settings ----
8-10-2026 02:40:39-debug: // ---- build task Fill script data to settings ---- (1ms)
8-10-2026 02:40:39-log: run build task Fill script data to settings success in 1 ms√, progress: 13%
8-10-2026 02:40:39-debug: [Build Memory track]: Fill script data to settings start:238.09MB, end 238.11MB, increase: 26.47KB
8-10-2026 02:40:39-debug: Sort some build options to settings.json start, progress: 13%
8-10-2026 02:40:39-debug: // ---- build task Sort some build options to settings.json ----
8-10-2026 02:40:39-debug: // ---- build task Sort some build options to settings.json ---- (13ms)
8-10-2026 02:40:39-log: run build task Sort some build options to settings.json success in 13 ms√, progress: 15%
8-10-2026 02:40:39-debug: [Build Memory track]: Sort some build options to settings.json start:238.14MB, end 238.27MB, increase: 134.93KB
8-10-2026 02:41:05-debug: Query all assets info in project
8-10-2026 02:41:05-debug: init custom config: keepNodeUuid: false, useCache: true
8-10-2026 02:41:05-debug: Skip compress image, progress: 0%
8-10-2026 02:41:05-debug: Init all bundles start..., progress: 0%
8-10-2026 02:41:05-debug: Query asset bundle start, progress: 0%
8-10-2026 02:41:05-debug: // ---- build task Query asset bundle ----
8-10-2026 02:41:05-debug: Init bundle root assets start..., progress: 0%
8-10-2026 02:41:05-debug: Num of bundles: 2..., progress: 0%
8-10-2026 02:41:05-debug: Query preload assets/scripts from cc.config.json: 60f7195c-ec2a-45eb-ba94-8955f60e81d0,1c02ae6f-4492-4915-b8f8-7492a3b1e4cd,810e96e4-e456-4468-9b59-f4e8f39732c0,efe8e2a3-eace-427b-b4f1-cb8a937ec77d,e9aa9a3e-5b2b-4ac7-a2c7-073de2b2b24f,8bbdbcdd-5cd4-4100-b6d5-b7c9625b6107,50f4348b-c883-4e2f-8f11-ce233b859fa1,fda095cb-831d-4601-ad94-846013963de8,f92806d7-1768-443f-afe8-12bcde84d0f0,dd3a144d-ab7f-41f0-82b8-2e43a090d496,f0416e68-0200-4b77-a926-4f9d16e494da,511d2633-09a7-4bdd-ac42-f778032124b3,5d45aa00-e064-4938-b314-4265f0c2258c,9361fd90-ba52-4f84-aa93-6e878fd576ca,970b0598-bcb0-4714-91fb-2e81440dccd8,bcd64cc6-2dd9-43f6-abbe-66318d332032,d930590d-bb92-4cc8-8bd1-23cd027f9edf,a3cd009f-0ab0-420d-9278-b9fdab939bbc,6a2d0734-bd9e-4ddf-946e-caa52498cb75,d9937e59-61fe-4ec6-92ab-7ac5a19c89b0,d1346436-ac96-4271-b863-1f4fdead95b0,971bdb23-3ff6-43eb-b422-1c30165a3663,17debcc3-0a6b-4b8a-b00b-dc58b885581e,711ebe11-f673-4cd9-9a83-63c60ba54c5b,c0143906-9aed-447e-9436-2ae8512d1b6e,14da1725-c4c2-42b4-ab08-ee0aeb6898b3,081cab31-dccd-428e-8652-f2404cc81c47,78e0584a-4343-4727-8f37-e14e65c2a2db,871c3b6c-7379-419d-bda3-794b239ab90d,ff9b0199-ce04-4cfe-86cc-6c719f08d6e4,de1c2107-70c8-4021-8459-6399f24d01c6,cbf30902-517f-40dc-af90-a550bac27cf1,5c601d96-e4c7-4698-991b-7ee674b11079
8-10-2026 02:41:05-debug:   Number of other assets: 486
8-10-2026 02:41:05-debug: Init bundle root assets success..., progress: 0%
8-10-2026 02:41:05-debug:   Number of all scripts: 41
8-10-2026 02:41:05-debug:   Number of all scenes: 3
8-10-2026 02:41:05-debug: // ---- build task Query asset bundle ---- (11ms)
8-10-2026 02:41:05-log: run build task Query asset bundle success in 11 ms√, progress: 5%
8-10-2026 02:41:05-debug: [Build Memory track]: Query asset bundle start:238.88MB, end 238.79MB, increase: -94.86KB
8-10-2026 02:41:05-debug: // ---- build task Query asset bundle ----
8-10-2026 02:41:05-debug: Query asset bundle start, progress: 5%
8-10-2026 02:41:05-debug: // ---- build task Query asset bundle ---- (6ms)
8-10-2026 02:41:05-log: run build task Query asset bundle success in 6 ms√, progress: 10%
8-10-2026 02:41:05-debug: [Build Memory track]: Query asset bundle start:238.82MB, end 238.14MB, increase: -699.79KB
8-10-2026 02:41:05-debug: Sort some build options to settings.json start, progress: 10%
8-10-2026 02:41:05-debug: // ---- build task Sort some build options to settings.json ----
8-10-2026 02:41:05-debug: // ---- build task Sort some build options to settings.json ---- (3ms)
8-10-2026 02:41:05-log: run build task Sort some build options to settings.json success in 3 ms√, progress: 12%
8-10-2026 02:41:05-debug: [Build Memory track]: Sort some build options to settings.json start:238.16MB, end 238.19MB, increase: 27.05KB
8-10-2026 02:41:05-debug: Fill script data to settings start, progress: 12%
8-10-2026 02:41:05-debug: // ---- build task Fill script data to settings ----
8-10-2026 02:41:05-debug: // ---- build task Fill script data to settings ---- (3ms)
8-10-2026 02:41:05-log: run build task Fill script data to settings success in 3 ms√, progress: 13%
8-10-2026 02:41:05-debug: [Build Memory track]: Fill script data to settings start:238.22MB, end 238.25MB, increase: 26.47KB
8-10-2026 02:41:05-debug: // ---- build task Sort some build options to settings.json ----
8-10-2026 02:41:05-debug: Sort some build options to settings.json start, progress: 13%
8-10-2026 02:41:05-debug: // ---- build task Sort some build options to settings.json ---- (14ms)
8-10-2026 02:41:05-log: run build task Sort some build options to settings.json success in 14 ms√, progress: 15%
8-10-2026 02:41:05-debug: [Build Memory track]: Sort some build options to settings.json start:238.27MB, end 238.40MB, increase: 130.42KB
8-10-2026 02:41:30-debug: Query all assets info in project
8-10-2026 02:41:30-debug: init custom config: keepNodeUuid: false, useCache: true
8-10-2026 02:41:30-debug: Skip compress image, progress: 0%
8-10-2026 02:41:30-debug: Init all bundles start..., progress: 0%
8-10-2026 02:41:30-debug: Query asset bundle start, progress: 0%
8-10-2026 02:41:30-debug: // ---- build task Query asset bundle ----
8-10-2026 02:41:30-debug: Init bundle root assets start..., progress: 0%
8-10-2026 02:41:30-debug: Num of bundles: 2..., progress: 0%
8-10-2026 02:41:30-debug: Query preload assets/scripts from cc.config.json: 60f7195c-ec2a-45eb-ba94-8955f60e81d0,1c02ae6f-4492-4915-b8f8-7492a3b1e4cd,810e96e4-e456-4468-9b59-f4e8f39732c0,efe8e2a3-eace-427b-b4f1-cb8a937ec77d,e9aa9a3e-5b2b-4ac7-a2c7-073de2b2b24f,8bbdbcdd-5cd4-4100-b6d5-b7c9625b6107,50f4348b-c883-4e2f-8f11-ce233b859fa1,fda095cb-831d-4601-ad94-846013963de8,f92806d7-1768-443f-afe8-12bcde84d0f0,dd3a144d-ab7f-41f0-82b8-2e43a090d496,f0416e68-0200-4b77-a926-4f9d16e494da,511d2633-09a7-4bdd-ac42-f778032124b3,5d45aa00-e064-4938-b314-4265f0c2258c,9361fd90-ba52-4f84-aa93-6e878fd576ca,970b0598-bcb0-4714-91fb-2e81440dccd8,bcd64cc6-2dd9-43f6-abbe-66318d332032,d930590d-bb92-4cc8-8bd1-23cd027f9edf,a3cd009f-0ab0-420d-9278-b9fdab939bbc,6a2d0734-bd9e-4ddf-946e-caa52498cb75,d9937e59-61fe-4ec6-92ab-7ac5a19c89b0,d1346436-ac96-4271-b863-1f4fdead95b0,971bdb23-3ff6-43eb-b422-1c30165a3663,17debcc3-0a6b-4b8a-b00b-dc58b885581e,711ebe11-f673-4cd9-9a83-63c60ba54c5b,c0143906-9aed-447e-9436-2ae8512d1b6e,14da1725-c4c2-42b4-ab08-ee0aeb6898b3,081cab31-dccd-428e-8652-f2404cc81c47,78e0584a-4343-4727-8f37-e14e65c2a2db,871c3b6c-7379-419d-bda3-794b239ab90d,ff9b0199-ce04-4cfe-86cc-6c719f08d6e4,de1c2107-70c8-4021-8459-6399f24d01c6,cbf30902-517f-40dc-af90-a550bac27cf1,5c601d96-e4c7-4698-991b-7ee674b11079
8-10-2026 02:41:30-debug:   Number of all scenes: 3
8-10-2026 02:41:30-debug:   Number of other assets: 486
8-10-2026 02:41:30-debug: Init bundle root assets success..., progress: 0%
8-10-2026 02:41:30-debug:   Number of all scripts: 41
8-10-2026 02:41:30-debug: // ---- build task Query asset bundle ---- (12ms)
8-10-2026 02:41:30-debug: [Build Memory track]: Query asset bundle start:238.99MB, end 238.90MB, increase: -90.82KB
8-10-2026 02:41:30-log: run build task Query asset bundle success in 12 ms√, progress: 5%
8-10-2026 02:41:30-debug: // ---- build task Query asset bundle ----
8-10-2026 02:41:30-debug: Query asset bundle start, progress: 5%
8-10-2026 02:41:30-debug: // ---- build task Query asset bundle ---- (7ms)
8-10-2026 02:41:30-debug: [Build Memory track]: Query asset bundle start:238.93MB, end 238.25MB, increase: -699.95KB
8-10-2026 02:41:30-log: run build task Query asset bundle success in 7 ms√, progress: 10%
8-10-2026 02:41:30-debug: // ---- build task Sort some build options to settings.json ----
8-10-2026 02:41:30-debug: Sort some build options to settings.json start, progress: 10%
8-10-2026 02:41:30-debug: // ---- build task Sort some build options to settings.json ---- (5ms)
8-10-2026 02:41:30-debug: Fill script data to settings start, progress: 12%
8-10-2026 02:41:30-log: run build task Sort some build options to settings.json success in 5 ms√, progress: 12%
8-10-2026 02:41:30-debug: [Build Memory track]: Sort some build options to settings.json start:238.28MB, end 238.31MB, increase: 28.83KB
8-10-2026 02:41:30-debug: // ---- build task Fill script data to settings ----
8-10-2026 02:41:30-debug: // ---- build task Fill script data to settings ---- (2ms)
8-10-2026 02:41:30-debug: [Build Memory track]: Fill script data to settings start:238.33MB, end 238.36MB, increase: 26.40KB
8-10-2026 02:41:30-log: run build task Fill script data to settings success in 2 ms√, progress: 13%
8-10-2026 02:41:30-debug: Sort some build options to settings.json start, progress: 13%
8-10-2026 02:41:30-debug: // ---- build task Sort some build options to settings.json ----
8-10-2026 02:41:30-debug: // ---- build task Sort some build options to settings.json ---- (15ms)
8-10-2026 02:41:30-log: run build task Sort some build options to settings.json success in 15 ms√, progress: 15%
8-10-2026 02:41:30-debug: [Build Memory track]: Sort some build options to settings.json start:238.39MB, end 238.52MB, increase: 130.40KB
8-10-2026 02:41:52-debug: Query all assets info in project
8-10-2026 02:41:52-debug: init custom config: keepNodeUuid: false, useCache: true
8-10-2026 02:41:52-debug: Skip compress image, progress: 0%
8-10-2026 02:41:52-debug: Init all bundles start..., progress: 0%
8-10-2026 02:41:52-debug: Num of bundles: 2..., progress: 0%
8-10-2026 02:41:52-debug: Init bundle root assets start..., progress: 0%
8-10-2026 02:41:52-debug: Query asset bundle start, progress: 0%
8-10-2026 02:41:52-debug: // ---- build task Query asset bundle ----
8-10-2026 02:41:52-debug: Query preload assets/scripts from cc.config.json: 60f7195c-ec2a-45eb-ba94-8955f60e81d0,1c02ae6f-4492-4915-b8f8-7492a3b1e4cd,810e96e4-e456-4468-9b59-f4e8f39732c0,efe8e2a3-eace-427b-b4f1-cb8a937ec77d,e9aa9a3e-5b2b-4ac7-a2c7-073de2b2b24f,8bbdbcdd-5cd4-4100-b6d5-b7c9625b6107,50f4348b-c883-4e2f-8f11-ce233b859fa1,fda095cb-831d-4601-ad94-846013963de8,f92806d7-1768-443f-afe8-12bcde84d0f0,dd3a144d-ab7f-41f0-82b8-2e43a090d496,f0416e68-0200-4b77-a926-4f9d16e494da,511d2633-09a7-4bdd-ac42-f778032124b3,5d45aa00-e064-4938-b314-4265f0c2258c,9361fd90-ba52-4f84-aa93-6e878fd576ca,970b0598-bcb0-4714-91fb-2e81440dccd8,bcd64cc6-2dd9-43f6-abbe-66318d332032,d930590d-bb92-4cc8-8bd1-23cd027f9edf,a3cd009f-0ab0-420d-9278-b9fdab939bbc,6a2d0734-bd9e-4ddf-946e-caa52498cb75,d9937e59-61fe-4ec6-92ab-7ac5a19c89b0,d1346436-ac96-4271-b863-1f4fdead95b0,971bdb23-3ff6-43eb-b422-1c30165a3663,17debcc3-0a6b-4b8a-b00b-dc58b885581e,711ebe11-f673-4cd9-9a83-63c60ba54c5b,c0143906-9aed-447e-9436-2ae8512d1b6e,14da1725-c4c2-42b4-ab08-ee0aeb6898b3,081cab31-dccd-428e-8652-f2404cc81c47,78e0584a-4343-4727-8f37-e14e65c2a2db,871c3b6c-7379-419d-bda3-794b239ab90d,ff9b0199-ce04-4cfe-86cc-6c719f08d6e4,de1c2107-70c8-4021-8459-6399f24d01c6,cbf30902-517f-40dc-af90-a550bac27cf1,5c601d96-e4c7-4698-991b-7ee674b11079
8-10-2026 02:41:52-debug:   Number of all scenes: 3
8-10-2026 02:41:52-debug:   Number of other assets: 486
8-10-2026 02:41:52-debug: Init bundle root assets success..., progress: 0%
8-10-2026 02:41:52-debug:   Number of all scripts: 41
8-10-2026 02:41:52-debug: // ---- build task Query asset bundle ---- (10ms)
8-10-2026 02:41:52-log: run build task Query asset bundle success in 10 ms√, progress: 5%
8-10-2026 02:41:52-debug: [Build Memory track]: Query asset bundle start:239.10MB, end 239.02MB, increase: -78.29KB
8-10-2026 02:41:52-debug: Query asset bundle start, progress: 5%
8-10-2026 02:41:52-debug: // ---- build task Query asset bundle ----
8-10-2026 02:41:52-debug: // ---- build task Query asset bundle ---- (6ms)
8-10-2026 02:41:52-debug: [Build Memory track]: Query asset bundle start:239.05MB, end 238.37MB, increase: -696.95KB
8-10-2026 02:41:52-debug: Sort some build options to settings.json start, progress: 10%
8-10-2026 02:41:52-log: run build task Query asset bundle success in 6 ms√, progress: 10%
8-10-2026 02:41:52-debug: // ---- build task Sort some build options to settings.json ----
8-10-2026 02:41:52-debug: // ---- build task Sort some build options to settings.json ---- (2ms)
8-10-2026 02:41:52-log: run build task Sort some build options to settings.json success in 2 ms√, progress: 12%
8-10-2026 02:41:52-debug: [Build Memory track]: Sort some build options to settings.json start:238.40MB, end 238.42MB, increase: 26.90KB
8-10-2026 02:41:52-debug: Fill script data to settings start, progress: 12%
8-10-2026 02:41:52-debug: // ---- build task Fill script data to settings ----
8-10-2026 02:41:52-debug: // ---- build task Fill script data to settings ---- (4ms)
8-10-2026 02:41:52-log: run build task Fill script data to settings success in 4 ms√, progress: 13%
8-10-2026 02:41:52-debug: Sort some build options to settings.json start, progress: 13%
8-10-2026 02:41:52-debug: [Build Memory track]: Fill script data to settings start:238.45MB, end 238.48MB, increase: 26.40KB
8-10-2026 02:41:52-debug: // ---- build task Sort some build options to settings.json ----
8-10-2026 02:41:52-debug: // ---- build task Sort some build options to settings.json ---- (16ms)
8-10-2026 02:41:52-debug: [Build Memory track]: Sort some build options to settings.json start:238.51MB, end 238.63MB, increase: 128.86KB
8-10-2026 02:41:52-log: run build task Sort some build options to settings.json success in 16 ms√, progress: 15%
8-10-2026 02:42:13-debug: Query all assets info in project
8-10-2026 02:42:13-debug: init custom config: keepNodeUuid: false, useCache: true
8-10-2026 02:42:13-debug: Skip compress image, progress: 0%
8-10-2026 02:42:13-debug: Init all bundles start..., progress: 0%
8-10-2026 02:42:13-debug: Query asset bundle start, progress: 0%
8-10-2026 02:42:13-debug: Init bundle root assets start..., progress: 0%
8-10-2026 02:42:13-debug: Num of bundles: 2..., progress: 0%
8-10-2026 02:42:13-debug: // ---- build task Query asset bundle ----
8-10-2026 02:42:13-debug: Query preload assets/scripts from cc.config.json: 60f7195c-ec2a-45eb-ba94-8955f60e81d0,1c02ae6f-4492-4915-b8f8-7492a3b1e4cd,810e96e4-e456-4468-9b59-f4e8f39732c0,efe8e2a3-eace-427b-b4f1-cb8a937ec77d,e9aa9a3e-5b2b-4ac7-a2c7-073de2b2b24f,8bbdbcdd-5cd4-4100-b6d5-b7c9625b6107,50f4348b-c883-4e2f-8f11-ce233b859fa1,fda095cb-831d-4601-ad94-846013963de8,f92806d7-1768-443f-afe8-12bcde84d0f0,dd3a144d-ab7f-41f0-82b8-2e43a090d496,f0416e68-0200-4b77-a926-4f9d16e494da,511d2633-09a7-4bdd-ac42-f778032124b3,5d45aa00-e064-4938-b314-4265f0c2258c,9361fd90-ba52-4f84-aa93-6e878fd576ca,970b0598-bcb0-4714-91fb-2e81440dccd8,bcd64cc6-2dd9-43f6-abbe-66318d332032,d930590d-bb92-4cc8-8bd1-23cd027f9edf,a3cd009f-0ab0-420d-9278-b9fdab939bbc,6a2d0734-bd9e-4ddf-946e-caa52498cb75,d9937e59-61fe-4ec6-92ab-7ac5a19c89b0,d1346436-ac96-4271-b863-1f4fdead95b0,971bdb23-3ff6-43eb-b422-1c30165a3663,17debcc3-0a6b-4b8a-b00b-dc58b885581e,711ebe11-f673-4cd9-9a83-63c60ba54c5b,c0143906-9aed-447e-9436-2ae8512d1b6e,14da1725-c4c2-42b4-ab08-ee0aeb6898b3,081cab31-dccd-428e-8652-f2404cc81c47,78e0584a-4343-4727-8f37-e14e65c2a2db,871c3b6c-7379-419d-bda3-794b239ab90d,ff9b0199-ce04-4cfe-86cc-6c719f08d6e4,de1c2107-70c8-4021-8459-6399f24d01c6,cbf30902-517f-40dc-af90-a550bac27cf1,5c601d96-e4c7-4698-991b-7ee674b11079
8-10-2026 02:42:13-debug:   Number of all scripts: 41
8-10-2026 02:42:13-debug:   Number of other assets: 486
8-10-2026 02:42:13-debug: Init bundle root assets success..., progress: 0%
8-10-2026 02:42:13-debug:   Number of all scenes: 3
8-10-2026 02:42:13-debug: // ---- build task Query asset bundle ---- (16ms)
8-10-2026 02:42:13-log: run build task Query asset bundle success in 16 ms√, progress: 5%
8-10-2026 02:42:13-debug: [Build Memory track]: Query asset bundle start:239.20MB, end 239.13MB, increase: -76.05KB
8-10-2026 02:42:13-debug: Query asset bundle start, progress: 5%
8-10-2026 02:42:13-debug: // ---- build task Query asset bundle ----
8-10-2026 02:42:13-debug: // ---- build task Query asset bundle ---- (9ms)
8-10-2026 02:42:13-log: run build task Query asset bundle success in 9 ms√, progress: 10%
8-10-2026 02:42:13-debug: [Build Memory track]: Query asset bundle start:239.16MB, end 238.47MB, increase: -699.57KB
8-10-2026 02:42:13-debug: Sort some build options to settings.json start, progress: 10%
8-10-2026 02:42:13-debug: // ---- build task Sort some build options to settings.json ----
8-10-2026 02:42:13-debug: // ---- build task Sort some build options to settings.json ---- (4ms)
8-10-2026 02:42:13-log: run build task Sort some build options to settings.json success in 4 ms√, progress: 12%
8-10-2026 02:42:13-debug: [Build Memory track]: Sort some build options to settings.json start:238.96MB, end 238.54MB, increase: -436.02KB
8-10-2026 02:42:13-debug: Fill script data to settings start, progress: 12%
8-10-2026 02:42:13-debug: // ---- build task Fill script data to settings ----
8-10-2026 02:42:13-debug: // ---- build task Fill script data to settings ---- (7ms)
8-10-2026 02:42:13-log: run build task Fill script data to settings success in 7 ms√, progress: 13%
8-10-2026 02:42:13-debug: [Build Memory track]: Fill script data to settings start:238.57MB, end 238.59MB, increase: 26.40KB
8-10-2026 02:42:13-debug: Sort some build options to settings.json start, progress: 13%
8-10-2026 02:42:13-debug: // ---- build task Sort some build options to settings.json ----
8-10-2026 02:42:13-debug: // ---- build task Sort some build options to settings.json ---- (14ms)
8-10-2026 02:42:13-log: run build task Sort some build options to settings.json success in 14 ms√, progress: 15%
8-10-2026 02:42:13-debug: [Build Memory track]: Sort some build options to settings.json start:238.62MB, end 238.75MB, increase: 134.27KB
8-10-2026 02:42:36-debug: Query all assets info in project
8-10-2026 02:42:36-debug: init custom config: keepNodeUuid: false, useCache: true
8-10-2026 02:42:36-debug: Skip compress image, progress: 0%
8-10-2026 02:42:36-debug: Init all bundles start..., progress: 0%
8-10-2026 02:42:36-debug: Query asset bundle start, progress: 0%
8-10-2026 02:42:36-debug: Num of bundles: 2..., progress: 0%
8-10-2026 02:42:36-debug: // ---- build task Query asset bundle ----
8-10-2026 02:42:36-debug: Init bundle root assets start..., progress: 0%
8-10-2026 02:42:36-debug: Query preload assets/scripts from cc.config.json: 60f7195c-ec2a-45eb-ba94-8955f60e81d0,1c02ae6f-4492-4915-b8f8-7492a3b1e4cd,810e96e4-e456-4468-9b59-f4e8f39732c0,efe8e2a3-eace-427b-b4f1-cb8a937ec77d,e9aa9a3e-5b2b-4ac7-a2c7-073de2b2b24f,8bbdbcdd-5cd4-4100-b6d5-b7c9625b6107,50f4348b-c883-4e2f-8f11-ce233b859fa1,fda095cb-831d-4601-ad94-846013963de8,f92806d7-1768-443f-afe8-12bcde84d0f0,dd3a144d-ab7f-41f0-82b8-2e43a090d496,f0416e68-0200-4b77-a926-4f9d16e494da,511d2633-09a7-4bdd-ac42-f778032124b3,5d45aa00-e064-4938-b314-4265f0c2258c,9361fd90-ba52-4f84-aa93-6e878fd576ca,970b0598-bcb0-4714-91fb-2e81440dccd8,bcd64cc6-2dd9-43f6-abbe-66318d332032,d930590d-bb92-4cc8-8bd1-23cd027f9edf,a3cd009f-0ab0-420d-9278-b9fdab939bbc,6a2d0734-bd9e-4ddf-946e-caa52498cb75,d9937e59-61fe-4ec6-92ab-7ac5a19c89b0,d1346436-ac96-4271-b863-1f4fdead95b0,971bdb23-3ff6-43eb-b422-1c30165a3663,17debcc3-0a6b-4b8a-b00b-dc58b885581e,711ebe11-f673-4cd9-9a83-63c60ba54c5b,c0143906-9aed-447e-9436-2ae8512d1b6e,14da1725-c4c2-42b4-ab08-ee0aeb6898b3,081cab31-dccd-428e-8652-f2404cc81c47,78e0584a-4343-4727-8f37-e14e65c2a2db,871c3b6c-7379-419d-bda3-794b239ab90d,ff9b0199-ce04-4cfe-86cc-6c719f08d6e4,de1c2107-70c8-4021-8459-6399f24d01c6,cbf30902-517f-40dc-af90-a550bac27cf1,5c601d96-e4c7-4698-991b-7ee674b11079
8-10-2026 02:42:36-debug:   Number of other assets: 486
8-10-2026 02:42:36-debug: Init bundle root assets success..., progress: 0%
8-10-2026 02:42:36-debug:   Number of all scenes: 3
8-10-2026 02:42:36-debug:   Number of all scripts: 41
8-10-2026 02:42:36-log: run build task Query asset bundle success in 9 ms√, progress: 5%
8-10-2026 02:42:36-debug: // ---- build task Query asset bundle ---- (9ms)
8-10-2026 02:42:36-debug: Query asset bundle start, progress: 5%
8-10-2026 02:42:36-debug: [Build Memory track]: Query asset bundle start:239.33MB, end 239.25MB, increase: -79.02KB
8-10-2026 02:42:36-debug: // ---- build task Query asset bundle ----
8-10-2026 02:42:36-debug: // ---- build task Query asset bundle ---- (8ms)
8-10-2026 02:42:36-log: run build task Query asset bundle success in 8 ms√, progress: 10%
8-10-2026 02:42:36-debug: [Build Memory track]: Query asset bundle start:239.28MB, end 238.59MB, increase: -698.17KB
8-10-2026 02:42:36-debug: // ---- build task Sort some build options to settings.json ----
8-10-2026 02:42:36-debug: Sort some build options to settings.json start, progress: 10%
8-10-2026 02:42:36-debug: // ---- build task Sort some build options to settings.json ---- (4ms)
8-10-2026 02:42:36-log: run build task Sort some build options to settings.json success in 4 ms√, progress: 12%
8-10-2026 02:42:36-debug: [Build Memory track]: Sort some build options to settings.json start:238.62MB, end 238.65MB, increase: 26.87KB
8-10-2026 02:42:36-debug: // ---- build task Fill script data to settings ----
8-10-2026 02:42:36-debug: Fill script data to settings start, progress: 12%
8-10-2026 02:42:36-debug: // ---- build task Fill script data to settings ---- (3ms)
8-10-2026 02:42:36-log: run build task Fill script data to settings success in 3 ms√, progress: 13%
8-10-2026 02:42:36-debug: [Build Memory track]: Fill script data to settings start:238.68MB, end 238.70MB, increase: 26.40KB
8-10-2026 02:42:36-debug: Sort some build options to settings.json start, progress: 13%
8-10-2026 02:42:36-debug: // ---- build task Sort some build options to settings.json ----
8-10-2026 02:42:36-debug: // ---- build task Sort some build options to settings.json ---- (15ms)
8-10-2026 02:42:36-log: run build task Sort some build options to settings.json success in 15 ms√, progress: 15%
8-10-2026 02:42:36-debug: [Build Memory track]: Sort some build options to settings.json start:238.73MB, end 238.86MB, increase: 137.06KB
8-10-2026 02:42:57-debug: Query all assets info in project
8-10-2026 02:42:57-debug: init custom config: keepNodeUuid: false, useCache: true
8-10-2026 02:42:57-debug: Skip compress image, progress: 0%
8-10-2026 02:42:57-debug: Init all bundles start..., progress: 0%
8-10-2026 02:42:57-debug: Query asset bundle start, progress: 0%
8-10-2026 02:42:57-debug: // ---- build task Query asset bundle ----
8-10-2026 02:42:57-debug: Init bundle root assets start..., progress: 0%
8-10-2026 02:42:57-debug: Num of bundles: 2..., progress: 0%
8-10-2026 02:42:57-debug: Query preload assets/scripts from cc.config.json: 60f7195c-ec2a-45eb-ba94-8955f60e81d0,1c02ae6f-4492-4915-b8f8-7492a3b1e4cd,810e96e4-e456-4468-9b59-f4e8f39732c0,efe8e2a3-eace-427b-b4f1-cb8a937ec77d,e9aa9a3e-5b2b-4ac7-a2c7-073de2b2b24f,8bbdbcdd-5cd4-4100-b6d5-b7c9625b6107,50f4348b-c883-4e2f-8f11-ce233b859fa1,fda095cb-831d-4601-ad94-846013963de8,f92806d7-1768-443f-afe8-12bcde84d0f0,dd3a144d-ab7f-41f0-82b8-2e43a090d496,f0416e68-0200-4b77-a926-4f9d16e494da,511d2633-09a7-4bdd-ac42-f778032124b3,5d45aa00-e064-4938-b314-4265f0c2258c,9361fd90-ba52-4f84-aa93-6e878fd576ca,970b0598-bcb0-4714-91fb-2e81440dccd8,bcd64cc6-2dd9-43f6-abbe-66318d332032,d930590d-bb92-4cc8-8bd1-23cd027f9edf,a3cd009f-0ab0-420d-9278-b9fdab939bbc,6a2d0734-bd9e-4ddf-946e-caa52498cb75,d9937e59-61fe-4ec6-92ab-7ac5a19c89b0,d1346436-ac96-4271-b863-1f4fdead95b0,971bdb23-3ff6-43eb-b422-1c30165a3663,17debcc3-0a6b-4b8a-b00b-dc58b885581e,711ebe11-f673-4cd9-9a83-63c60ba54c5b,c0143906-9aed-447e-9436-2ae8512d1b6e,14da1725-c4c2-42b4-ab08-ee0aeb6898b3,081cab31-dccd-428e-8652-f2404cc81c47,78e0584a-4343-4727-8f37-e14e65c2a2db,871c3b6c-7379-419d-bda3-794b239ab90d,ff9b0199-ce04-4cfe-86cc-6c719f08d6e4,de1c2107-70c8-4021-8459-6399f24d01c6,cbf30902-517f-40dc-af90-a550bac27cf1,5c601d96-e4c7-4698-991b-7ee674b11079
8-10-2026 02:42:57-debug:   Number of all scenes: 3
8-10-2026 02:42:57-debug:   Number of all scripts: 41
8-10-2026 02:42:57-debug: Init bundle root assets success..., progress: 0%
8-10-2026 02:42:57-debug:   Number of other assets: 486
8-10-2026 02:42:57-debug: // ---- build task Query asset bundle ---- (11ms)
8-10-2026 02:42:57-log: run build task Query asset bundle success in 11 ms√, progress: 5%
8-10-2026 02:42:57-debug: [Build Memory track]: Query asset bundle start:239.41MB, end 239.36MB, increase: -49.17KB
8-10-2026 02:42:57-debug: Query asset bundle start, progress: 5%
8-10-2026 02:42:57-debug: // ---- build task Query asset bundle ----
8-10-2026 02:42:57-debug: // ---- build task Query asset bundle ---- (7ms)
8-10-2026 02:42:57-debug: [Build Memory track]: Query asset bundle start:239.39MB, end 238.70MB, increase: -699.80KB
8-10-2026 02:42:57-debug: Sort some build options to settings.json start, progress: 10%
8-10-2026 02:42:57-log: run build task Query asset bundle success in 7 ms√, progress: 10%
8-10-2026 02:42:57-debug: // ---- build task Sort some build options to settings.json ----
8-10-2026 02:42:57-debug: // ---- build task Sort some build options to settings.json ---- (4ms)
8-10-2026 02:42:57-log: run build task Sort some build options to settings.json success in 4 ms√, progress: 12%
8-10-2026 02:42:57-debug: [Build Memory track]: Sort some build options to settings.json start:238.73MB, end 238.76MB, increase: 26.93KB
8-10-2026 02:42:57-debug: // ---- build task Fill script data to settings ----
8-10-2026 02:42:57-debug: Fill script data to settings start, progress: 12%
8-10-2026 02:42:57-debug: // ---- build task Fill script data to settings ---- (3ms)
8-10-2026 02:42:57-log: run build task Fill script data to settings success in 3 ms√, progress: 13%
8-10-2026 02:42:57-debug: [Build Memory track]: Fill script data to settings start:238.79MB, end 238.81MB, increase: 26.59KB
8-10-2026 02:42:57-debug: Sort some build options to settings.json start, progress: 13%
8-10-2026 02:42:57-debug: // ---- build task Sort some build options to settings.json ----
8-10-2026 02:42:57-debug: // ---- build task Sort some build options to settings.json ---- (18ms)
8-10-2026 02:42:57-debug: [Build Memory track]: Sort some build options to settings.json start:238.84MB, end 238.97MB, increase: 130.59KB
8-10-2026 02:42:57-log: run build task Sort some build options to settings.json success in 18 ms√, progress: 15%
8-10-2026 02:43:17-debug: Query all assets info in project
8-10-2026 02:43:17-debug: init custom config: keepNodeUuid: false, useCache: true
8-10-2026 02:43:17-debug: Skip compress image, progress: 0%
8-10-2026 02:43:17-debug: Init all bundles start..., progress: 0%
8-10-2026 02:43:17-debug: Query asset bundle start, progress: 0%
8-10-2026 02:43:17-debug: // ---- build task Query asset bundle ----
8-10-2026 02:43:17-debug: Init bundle root assets start..., progress: 0%
8-10-2026 02:43:17-debug: Num of bundles: 2..., progress: 0%
8-10-2026 02:43:17-debug: Query preload assets/scripts from cc.config.json: 60f7195c-ec2a-45eb-ba94-8955f60e81d0,1c02ae6f-4492-4915-b8f8-7492a3b1e4cd,810e96e4-e456-4468-9b59-f4e8f39732c0,efe8e2a3-eace-427b-b4f1-cb8a937ec77d,e9aa9a3e-5b2b-4ac7-a2c7-073de2b2b24f,8bbdbcdd-5cd4-4100-b6d5-b7c9625b6107,50f4348b-c883-4e2f-8f11-ce233b859fa1,fda095cb-831d-4601-ad94-846013963de8,f92806d7-1768-443f-afe8-12bcde84d0f0,dd3a144d-ab7f-41f0-82b8-2e43a090d496,f0416e68-0200-4b77-a926-4f9d16e494da,511d2633-09a7-4bdd-ac42-f778032124b3,5d45aa00-e064-4938-b314-4265f0c2258c,9361fd90-ba52-4f84-aa93-6e878fd576ca,970b0598-bcb0-4714-91fb-2e81440dccd8,bcd64cc6-2dd9-43f6-abbe-66318d332032,d930590d-bb92-4cc8-8bd1-23cd027f9edf,a3cd009f-0ab0-420d-9278-b9fdab939bbc,6a2d0734-bd9e-4ddf-946e-caa52498cb75,d9937e59-61fe-4ec6-92ab-7ac5a19c89b0,d1346436-ac96-4271-b863-1f4fdead95b0,971bdb23-3ff6-43eb-b422-1c30165a3663,17debcc3-0a6b-4b8a-b00b-dc58b885581e,711ebe11-f673-4cd9-9a83-63c60ba54c5b,c0143906-9aed-447e-9436-2ae8512d1b6e,14da1725-c4c2-42b4-ab08-ee0aeb6898b3,081cab31-dccd-428e-8652-f2404cc81c47,78e0584a-4343-4727-8f37-e14e65c2a2db,871c3b6c-7379-419d-bda3-794b239ab90d,ff9b0199-ce04-4cfe-86cc-6c719f08d6e4,de1c2107-70c8-4021-8459-6399f24d01c6,cbf30902-517f-40dc-af90-a550bac27cf1,5c601d96-e4c7-4698-991b-7ee674b11079
8-10-2026 02:43:17-debug:   Number of all scripts: 41
8-10-2026 02:43:17-debug:   Number of all scenes: 3
8-10-2026 02:43:17-debug:   Number of other assets: 486
8-10-2026 02:43:17-debug: Init bundle root assets success..., progress: 0%
8-10-2026 02:43:17-debug: // ---- build task Query asset bundle ---- (9ms)
8-10-2026 02:43:17-log: run build task Query asset bundle success in 9 ms√, progress: 5%
8-10-2026 02:43:17-debug: [Build Memory track]: Query asset bundle start:239.50MB, end 239.47MB, increase: -35.48KB
8-10-2026 02:43:17-debug: Query asset bundle start, progress: 5%
8-10-2026 02:43:17-debug: // ---- build task Query asset bundle ----
8-10-2026 02:43:17-debug: // ---- build task Query asset bundle ---- (6ms)
8-10-2026 02:43:17-log: run build task Query asset bundle success in 6 ms√, progress: 10%
8-10-2026 02:43:17-debug: [Build Memory track]: Query asset bundle start:239.49MB, end 238.81MB, increase: -699.59KB
8-10-2026 02:43:17-debug: Sort some build options to settings.json start, progress: 10%
8-10-2026 02:43:17-debug: // ---- build task Sort some build options to settings.json ----
8-10-2026 02:43:17-debug: // ---- build task Sort some build options to settings.json ---- (2ms)
8-10-2026 02:43:17-debug: [Build Memory track]: Sort some build options to settings.json start:238.84MB, end 238.86MB, increase: 26.95KB
8-10-2026 02:43:17-log: run build task Sort some build options to settings.json success in 2 ms√, progress: 12%
8-10-2026 02:43:17-debug: Fill script data to settings start, progress: 12%
8-10-2026 02:43:17-debug: // ---- build task Fill script data to settings ----
8-10-2026 02:43:17-debug: // ---- build task Fill script data to settings ---- (4ms)
8-10-2026 02:43:17-log: run build task Fill script data to settings success in 4 ms√, progress: 13%
8-10-2026 02:43:17-debug: [Build Memory track]: Fill script data to settings start:238.89MB, end 238.92MB, increase: 26.46KB
8-10-2026 02:43:17-debug: Sort some build options to settings.json start, progress: 13%
8-10-2026 02:43:17-debug: // ---- build task Sort some build options to settings.json ----
8-10-2026 02:43:17-debug: // ---- build task Sort some build options to settings.json ---- (16ms)
8-10-2026 02:43:17-debug: [Build Memory track]: Sort some build options to settings.json start:238.95MB, end 239.07MB, increase: 130.71KB
8-10-2026 02:43:17-log: run build task Sort some build options to settings.json success in 16 ms√, progress: 15%
8-10-2026 02:43:39-debug: Query all assets info in project
8-10-2026 02:43:39-debug: init custom config: keepNodeUuid: false, useCache: true
8-10-2026 02:43:39-debug: Skip compress image, progress: 0%
8-10-2026 02:43:39-debug: Init all bundles start..., progress: 0%
8-10-2026 02:43:39-debug: Query asset bundle start, progress: 0%
8-10-2026 02:43:39-debug: // ---- build task Query asset bundle ----
8-10-2026 02:43:39-debug: Init bundle root assets start..., progress: 0%
8-10-2026 02:43:39-debug: Num of bundles: 2..., progress: 0%
8-10-2026 02:43:39-debug: Query preload assets/scripts from cc.config.json: 60f7195c-ec2a-45eb-ba94-8955f60e81d0,1c02ae6f-4492-4915-b8f8-7492a3b1e4cd,810e96e4-e456-4468-9b59-f4e8f39732c0,efe8e2a3-eace-427b-b4f1-cb8a937ec77d,e9aa9a3e-5b2b-4ac7-a2c7-073de2b2b24f,8bbdbcdd-5cd4-4100-b6d5-b7c9625b6107,50f4348b-c883-4e2f-8f11-ce233b859fa1,fda095cb-831d-4601-ad94-846013963de8,f92806d7-1768-443f-afe8-12bcde84d0f0,dd3a144d-ab7f-41f0-82b8-2e43a090d496,f0416e68-0200-4b77-a926-4f9d16e494da,511d2633-09a7-4bdd-ac42-f778032124b3,5d45aa00-e064-4938-b314-4265f0c2258c,9361fd90-ba52-4f84-aa93-6e878fd576ca,970b0598-bcb0-4714-91fb-2e81440dccd8,bcd64cc6-2dd9-43f6-abbe-66318d332032,d930590d-bb92-4cc8-8bd1-23cd027f9edf,a3cd009f-0ab0-420d-9278-b9fdab939bbc,6a2d0734-bd9e-4ddf-946e-caa52498cb75,d9937e59-61fe-4ec6-92ab-7ac5a19c89b0,d1346436-ac96-4271-b863-1f4fdead95b0,971bdb23-3ff6-43eb-b422-1c30165a3663,17debcc3-0a6b-4b8a-b00b-dc58b885581e,711ebe11-f673-4cd9-9a83-63c60ba54c5b,c0143906-9aed-447e-9436-2ae8512d1b6e,14da1725-c4c2-42b4-ab08-ee0aeb6898b3,081cab31-dccd-428e-8652-f2404cc81c47,78e0584a-4343-4727-8f37-e14e65c2a2db,871c3b6c-7379-419d-bda3-794b239ab90d,ff9b0199-ce04-4cfe-86cc-6c719f08d6e4,de1c2107-70c8-4021-8459-6399f24d01c6,cbf30902-517f-40dc-af90-a550bac27cf1,5c601d96-e4c7-4698-991b-7ee674b11079
8-10-2026 02:43:39-debug:   Number of all scenes: 3
8-10-2026 02:43:39-debug:   Number of all scripts: 41
8-10-2026 02:43:39-debug:   Number of other assets: 486
8-10-2026 02:43:39-debug: Init bundle root assets success..., progress: 0%
8-10-2026 02:43:39-debug: // ---- build task Query asset bundle ---- (13ms)
8-10-2026 02:43:39-log: run build task Query asset bundle success in 13 ms√, progress: 5%
8-10-2026 02:43:39-debug: [Build Memory track]: Query asset bundle start:239.62MB, end 239.57MB, increase: -55.39KB
8-10-2026 02:43:39-debug: Query asset bundle start, progress: 5%
8-10-2026 02:43:39-debug: // ---- build task Query asset bundle ----
8-10-2026 02:43:39-debug: // ---- build task Query asset bundle ---- (7ms)
8-10-2026 02:43:39-log: run build task Query asset bundle success in 7 ms√, progress: 10%
8-10-2026 02:43:39-debug: Sort some build options to settings.json start, progress: 10%
8-10-2026 02:43:39-debug: [Build Memory track]: Query asset bundle start:239.60MB, end 238.91MB, increase: -699.84KB
8-10-2026 02:43:39-debug: // ---- build task Sort some build options to settings.json ----
8-10-2026 02:43:39-debug: // ---- build task Sort some build options to settings.json ---- (3ms)
8-10-2026 02:43:39-log: run build task Sort some build options to settings.json success in 3 ms√, progress: 12%
8-10-2026 02:43:39-debug: [Build Memory track]: Sort some build options to settings.json start:238.94MB, end 238.97MB, increase: 26.90KB
8-10-2026 02:43:39-debug: Fill script data to settings start, progress: 12%
8-10-2026 02:43:39-debug: // ---- build task Fill script data to settings ----
8-10-2026 02:43:39-debug: // ---- build task Fill script data to settings ---- (5ms)
8-10-2026 02:43:39-log: run build task Fill script data to settings success in 5 ms√, progress: 13%
8-10-2026 02:43:39-debug: [Build Memory track]: Fill script data to settings start:239.00MB, end 239.02MB, increase: 26.51KB
8-10-2026 02:43:39-debug: Sort some build options to settings.json start, progress: 13%
8-10-2026 02:43:39-debug: // ---- build task Sort some build options to settings.json ----
8-10-2026 02:43:40-debug: // ---- build task Sort some build options to settings.json ---- (15ms)
8-10-2026 02:43:40-log: run build task Sort some build options to settings.json success in 15 ms√, progress: 15%
8-10-2026 02:43:40-debug: [Build Memory track]: Sort some build options to settings.json start:239.05MB, end 239.18MB, increase: 130.65KB
8-10-2026 02:44:04-debug: Query all assets info in project
8-10-2026 02:44:04-debug: init custom config: keepNodeUuid: false, useCache: true
8-10-2026 02:44:04-debug: Skip compress image, progress: 0%
8-10-2026 02:44:04-debug: Init all bundles start..., progress: 0%
8-10-2026 02:44:04-debug: Num of bundles: 2..., progress: 0%
8-10-2026 02:44:04-debug: Query asset bundle start, progress: 0%
8-10-2026 02:44:04-debug: Init bundle root assets start..., progress: 0%
8-10-2026 02:44:04-debug: // ---- build task Query asset bundle ----
8-10-2026 02:44:04-debug: Query preload assets/scripts from cc.config.json: 60f7195c-ec2a-45eb-ba94-8955f60e81d0,1c02ae6f-4492-4915-b8f8-7492a3b1e4cd,810e96e4-e456-4468-9b59-f4e8f39732c0,efe8e2a3-eace-427b-b4f1-cb8a937ec77d,e9aa9a3e-5b2b-4ac7-a2c7-073de2b2b24f,8bbdbcdd-5cd4-4100-b6d5-b7c9625b6107,50f4348b-c883-4e2f-8f11-ce233b859fa1,fda095cb-831d-4601-ad94-846013963de8,f92806d7-1768-443f-afe8-12bcde84d0f0,dd3a144d-ab7f-41f0-82b8-2e43a090d496,f0416e68-0200-4b77-a926-4f9d16e494da,511d2633-09a7-4bdd-ac42-f778032124b3,5d45aa00-e064-4938-b314-4265f0c2258c,9361fd90-ba52-4f84-aa93-6e878fd576ca,970b0598-bcb0-4714-91fb-2e81440dccd8,bcd64cc6-2dd9-43f6-abbe-66318d332032,d930590d-bb92-4cc8-8bd1-23cd027f9edf,a3cd009f-0ab0-420d-9278-b9fdab939bbc,6a2d0734-bd9e-4ddf-946e-caa52498cb75,d9937e59-61fe-4ec6-92ab-7ac5a19c89b0,d1346436-ac96-4271-b863-1f4fdead95b0,971bdb23-3ff6-43eb-b422-1c30165a3663,17debcc3-0a6b-4b8a-b00b-dc58b885581e,711ebe11-f673-4cd9-9a83-63c60ba54c5b,c0143906-9aed-447e-9436-2ae8512d1b6e,14da1725-c4c2-42b4-ab08-ee0aeb6898b3,081cab31-dccd-428e-8652-f2404cc81c47,78e0584a-4343-4727-8f37-e14e65c2a2db,871c3b6c-7379-419d-bda3-794b239ab90d,ff9b0199-ce04-4cfe-86cc-6c719f08d6e4,de1c2107-70c8-4021-8459-6399f24d01c6,cbf30902-517f-40dc-af90-a550bac27cf1,5c601d96-e4c7-4698-991b-7ee674b11079
8-10-2026 02:44:04-debug:   Number of all scripts: 41
8-10-2026 02:44:04-debug:   Number of other assets: 486
8-10-2026 02:44:04-debug: Init bundle root assets success..., progress: 0%
8-10-2026 02:44:04-debug:   Number of all scenes: 3
8-10-2026 02:44:04-debug: // ---- build task Query asset bundle ---- (15ms)
8-10-2026 02:44:04-log: run build task Query asset bundle success in 15 ms√, progress: 5%
8-10-2026 02:44:04-debug: [Build Memory track]: Query asset bundle start:239.73MB, end 239.67MB, increase: -60.44KB
8-10-2026 02:44:04-debug: Query asset bundle start, progress: 5%
8-10-2026 02:44:04-debug: // ---- build task Query asset bundle ----
8-10-2026 02:44:04-debug: // ---- build task Query asset bundle ---- (6ms)
8-10-2026 02:44:04-log: run build task Query asset bundle success in 6 ms√, progress: 10%
8-10-2026 02:44:04-debug: [Build Memory track]: Query asset bundle start:239.70MB, end 239.02MB, increase: -699.51KB
8-10-2026 02:44:04-debug: Sort some build options to settings.json start, progress: 10%
8-10-2026 02:44:04-debug: // ---- build task Sort some build options to settings.json ----
8-10-2026 02:44:04-debug: // ---- build task Sort some build options to settings.json ---- (4ms)
8-10-2026 02:44:04-log: run build task Sort some build options to settings.json success in 4 ms√, progress: 12%
8-10-2026 02:44:04-debug: [Build Memory track]: Sort some build options to settings.json start:239.05MB, end 239.07MB, increase: 26.90KB
8-10-2026 02:44:04-debug: Fill script data to settings start, progress: 12%
8-10-2026 02:44:04-debug: // ---- build task Fill script data to settings ----
8-10-2026 02:44:04-debug: // ---- build task Fill script data to settings ---- (4ms)
8-10-2026 02:44:04-log: run build task Fill script data to settings success in 4 ms√, progress: 13%
8-10-2026 02:44:04-debug: [Build Memory track]: Fill script data to settings start:239.10MB, end 239.13MB, increase: 26.43KB
8-10-2026 02:44:04-debug: Sort some build options to settings.json start, progress: 13%
8-10-2026 02:44:04-debug: // ---- build task Sort some build options to settings.json ----
8-10-2026 02:44:04-debug: // ---- build task Sort some build options to settings.json ---- (18ms)
8-10-2026 02:44:04-debug: [Build Memory track]: Sort some build options to settings.json start:239.16MB, end 239.28MB, increase: 130.93KB
8-10-2026 02:44:04-log: run build task Sort some build options to settings.json success in 18 ms√, progress: 15%
8-10-2026 02:46:14-debug: refresh db internal success
8-10-2026 02:46:14-debug: refresh db assets success
8-10-2026 02:46:14-debug: Run asset db hook engine-extends:afterRefresh ...
8-10-2026 02:46:14-debug: Run asset db hook engine-extends:afterRefresh success!
8-10-2026 02:46:14-debug: asset-db:refresh-all-database (91ms)
8-10-2026 02:46:14-debug: asset-db:worker-effect-data-processing (2ms)
8-10-2026 02:46:14-debug: asset-db-hook-engine-extends-afterRefresh (4ms)
8-10-2026 02:46:18-debug: %cImport%c: F:\Github\BattleGame\assets\Test.scenebackground: #aaff85; color: #000;color: #000;
8-10-2026 02:46:18-debug: asset-db:reimport-asset1effe86e-a401-4769-9dbc-62218c68834d (43ms)
8-10-2026 02:46:19-debug: Query all assets info in project
8-10-2026 02:46:19-debug: init custom config: keepNodeUuid: false, useCache: true
8-10-2026 02:46:19-debug: Skip compress image, progress: 0%
8-10-2026 02:46:19-debug: Init all bundles start..., progress: 0%
8-10-2026 02:46:19-debug: // ---- build task Query asset bundle ----
8-10-2026 02:46:19-debug: Num of bundles: 2..., progress: 0%
8-10-2026 02:46:19-debug: Query asset bundle start, progress: 0%
8-10-2026 02:46:19-debug: Init bundle root assets start..., progress: 0%
8-10-2026 02:46:19-debug: Query preload assets/scripts from cc.config.json: 60f7195c-ec2a-45eb-ba94-8955f60e81d0,1c02ae6f-4492-4915-b8f8-7492a3b1e4cd,810e96e4-e456-4468-9b59-f4e8f39732c0,efe8e2a3-eace-427b-b4f1-cb8a937ec77d,e9aa9a3e-5b2b-4ac7-a2c7-073de2b2b24f,8bbdbcdd-5cd4-4100-b6d5-b7c9625b6107,50f4348b-c883-4e2f-8f11-ce233b859fa1,fda095cb-831d-4601-ad94-846013963de8,f92806d7-1768-443f-afe8-12bcde84d0f0,dd3a144d-ab7f-41f0-82b8-2e43a090d496,f0416e68-0200-4b77-a926-4f9d16e494da,511d2633-09a7-4bdd-ac42-f778032124b3,5d45aa00-e064-4938-b314-4265f0c2258c,9361fd90-ba52-4f84-aa93-6e878fd576ca,970b0598-bcb0-4714-91fb-2e81440dccd8,bcd64cc6-2dd9-43f6-abbe-66318d332032,d930590d-bb92-4cc8-8bd1-23cd027f9edf,a3cd009f-0ab0-420d-9278-b9fdab939bbc,6a2d0734-bd9e-4ddf-946e-caa52498cb75,d9937e59-61fe-4ec6-92ab-7ac5a19c89b0,d1346436-ac96-4271-b863-1f4fdead95b0,971bdb23-3ff6-43eb-b422-1c30165a3663,17debcc3-0a6b-4b8a-b00b-dc58b885581e,711ebe11-f673-4cd9-9a83-63c60ba54c5b,c0143906-9aed-447e-9436-2ae8512d1b6e,14da1725-c4c2-42b4-ab08-ee0aeb6898b3,081cab31-dccd-428e-8652-f2404cc81c47,78e0584a-4343-4727-8f37-e14e65c2a2db,871c3b6c-7379-419d-bda3-794b239ab90d,ff9b0199-ce04-4cfe-86cc-6c719f08d6e4,de1c2107-70c8-4021-8459-6399f24d01c6,cbf30902-517f-40dc-af90-a550bac27cf1,5c601d96-e4c7-4698-991b-7ee674b11079
8-10-2026 02:46:19-debug:   Number of all scripts: 41
8-10-2026 02:46:19-debug:   Number of other assets: 486
8-10-2026 02:46:19-debug: Init bundle root assets success..., progress: 0%
8-10-2026 02:46:19-debug:   Number of all scenes: 3
8-10-2026 02:46:19-debug: // ---- build task Query asset bundle ---- (8ms)
8-10-2026 02:46:19-log: run build task Query asset bundle success in 8 ms√, progress: 5%
8-10-2026 02:46:19-debug: [Build Memory track]: Query asset bundle start:240.93MB, end 240.72MB, increase: -216.37KB
8-10-2026 02:46:19-debug: Query asset bundle start, progress: 5%
8-10-2026 02:46:19-debug: // ---- build task Query asset bundle ----
8-10-2026 02:46:19-debug: // ---- build task Query asset bundle ---- (4ms)
8-10-2026 02:46:19-log: run build task Query asset bundle success in 4 ms√, progress: 10%
8-10-2026 02:46:19-debug: [Build Memory track]: Query asset bundle start:240.74MB, end 240.88MB, increase: 139.95KB
8-10-2026 02:46:19-debug: Sort some build options to settings.json start, progress: 10%
8-10-2026 02:46:19-debug: // ---- build task Sort some build options to settings.json ----
8-10-2026 02:46:19-debug: // ---- build task Sort some build options to settings.json ---- (1ms)
8-10-2026 02:46:19-log: run build task Sort some build options to settings.json success in 1 ms√, progress: 12%
8-10-2026 02:46:19-debug: [Build Memory track]: Sort some build options to settings.json start:240.91MB, end 240.93MB, increase: 26.97KB
8-10-2026 02:46:19-debug: Fill script data to settings start, progress: 12%
8-10-2026 02:46:19-debug: // ---- build task Fill script data to settings ----
8-10-2026 02:46:19-debug: // ---- build task Fill script data to settings ---- (3ms)
8-10-2026 02:46:19-debug: // ---- build task Sort some build options to settings.json ----
8-10-2026 02:46:19-debug: Sort some build options to settings.json start, progress: 13%
8-10-2026 02:46:19-debug: [Build Memory track]: Fill script data to settings start:240.96MB, end 240.99MB, increase: 26.33KB
8-10-2026 02:46:19-log: run build task Fill script data to settings success in 3 ms√, progress: 13%
8-10-2026 02:46:19-debug: [Build Memory track]: Sort some build options to settings.json start:241.02MB, end 241.14MB, increase: 129.45KB
8-10-2026 02:46:19-log: run build task Sort some build options to settings.json success in 7 ms√, progress: 15%
8-10-2026 02:46:19-debug: // ---- build task Sort some build options to settings.json ---- (7ms)
8-10-2026 02:46:27-debug: refresh db internal success
8-10-2026 02:46:27-debug: refresh db assets success
8-10-2026 02:46:27-debug: Run asset db hook engine-extends:afterRefresh ...
8-10-2026 02:46:27-debug: Run asset db hook engine-extends:afterRefresh success!
8-10-2026 02:46:27-debug: asset-db:refresh-all-database (115ms)
8-10-2026 02:46:27-debug: asset-db:worker-effect-data-processing (1ms)
8-10-2026 02:46:27-debug: asset-db-hook-engine-extends-afterRefresh (1ms)
8-10-2026 02:51:59-debug: refresh db internal success
8-10-2026 02:51:59-debug: %cImport%c: F:\Github\BattleGame\assets\Test.scenebackground: #aaff85; color: #000;color: #000;
8-10-2026 02:51:59-debug: Run asset db hook engine-extends:afterRefresh ...
8-10-2026 02:51:59-debug: Run asset db hook engine-extends:afterRefresh success!
8-10-2026 02:51:59-debug: refresh db assets success
8-10-2026 02:51:59-debug: asset-db:refresh-all-database (96ms)
8-10-2026 02:51:59-debug: asset-db:worker-effect-data-processing (5ms)
8-10-2026 02:51:59-debug: asset-db-hook-engine-extends-afterRefresh (6ms)
8-10-2026 02:52:00-debug: %cImport%c: F:\Github\BattleGame\assets\Test.scenebackground: #aaff85; color: #000;color: #000;
8-10-2026 02:52:00-debug: asset-db:reimport-asset1effe86e-a401-4769-9dbc-62218c68834d (31ms)
8-10-2026 02:52:01-debug: Query all assets info in project
8-10-2026 02:52:01-debug: init custom config: keepNodeUuid: false, useCache: true
8-10-2026 02:52:01-debug: Skip compress image, progress: 0%
8-10-2026 02:52:01-debug: Init all bundles start..., progress: 0%
8-10-2026 02:52:01-debug: Num of bundles: 2..., progress: 0%
8-10-2026 02:52:01-debug: Query asset bundle start, progress: 0%
8-10-2026 02:52:01-debug: Init bundle root assets start..., progress: 0%
8-10-2026 02:52:01-debug: // ---- build task Query asset bundle ----
8-10-2026 02:52:01-debug: Query preload assets/scripts from cc.config.json: 60f7195c-ec2a-45eb-ba94-8955f60e81d0,1c02ae6f-4492-4915-b8f8-7492a3b1e4cd,810e96e4-e456-4468-9b59-f4e8f39732c0,efe8e2a3-eace-427b-b4f1-cb8a937ec77d,e9aa9a3e-5b2b-4ac7-a2c7-073de2b2b24f,8bbdbcdd-5cd4-4100-b6d5-b7c9625b6107,50f4348b-c883-4e2f-8f11-ce233b859fa1,fda095cb-831d-4601-ad94-846013963de8,f92806d7-1768-443f-afe8-12bcde84d0f0,dd3a144d-ab7f-41f0-82b8-2e43a090d496,f0416e68-0200-4b77-a926-4f9d16e494da,511d2633-09a7-4bdd-ac42-f778032124b3,5d45aa00-e064-4938-b314-4265f0c2258c,9361fd90-ba52-4f84-aa93-6e878fd576ca,970b0598-bcb0-4714-91fb-2e81440dccd8,bcd64cc6-2dd9-43f6-abbe-66318d332032,d930590d-bb92-4cc8-8bd1-23cd027f9edf,a3cd009f-0ab0-420d-9278-b9fdab939bbc,6a2d0734-bd9e-4ddf-946e-caa52498cb75,d9937e59-61fe-4ec6-92ab-7ac5a19c89b0,d1346436-ac96-4271-b863-1f4fdead95b0,971bdb23-3ff6-43eb-b422-1c30165a3663,17debcc3-0a6b-4b8a-b00b-dc58b885581e,711ebe11-f673-4cd9-9a83-63c60ba54c5b,c0143906-9aed-447e-9436-2ae8512d1b6e,14da1725-c4c2-42b4-ab08-ee0aeb6898b3,081cab31-dccd-428e-8652-f2404cc81c47,78e0584a-4343-4727-8f37-e14e65c2a2db,871c3b6c-7379-419d-bda3-794b239ab90d,ff9b0199-ce04-4cfe-86cc-6c719f08d6e4,de1c2107-70c8-4021-8459-6399f24d01c6,cbf30902-517f-40dc-af90-a550bac27cf1,5c601d96-e4c7-4698-991b-7ee674b11079
8-10-2026 02:52:01-debug:   Number of all scenes: 3
8-10-2026 02:52:01-debug:   Number of other assets: 486
8-10-2026 02:52:01-debug: Init bundle root assets success..., progress: 0%
8-10-2026 02:52:01-debug:   Number of all scripts: 41
8-10-2026 02:52:01-debug: // ---- build task Query asset bundle ---- (10ms)
8-10-2026 02:52:01-debug: [Build Memory track]: Query asset bundle start:224.91MB, end 224.87MB, increase: -35.50KB
8-10-2026 02:52:01-debug: Query asset bundle start, progress: 5%
8-10-2026 02:52:01-log: run build task Query asset bundle success in 10 ms√, progress: 5%
8-10-2026 02:52:01-debug: // ---- build task Query asset bundle ----
8-10-2026 02:52:01-debug: // ---- build task Query asset bundle ---- (4ms)
8-10-2026 02:52:01-debug: [Build Memory track]: Query asset bundle start:224.90MB, end 224.32MB, increase: -592.13KB
8-10-2026 02:52:01-log: run build task Query asset bundle success in 4 ms√, progress: 10%
8-10-2026 02:52:01-debug: Sort some build options to settings.json start, progress: 10%
8-10-2026 02:52:01-debug: // ---- build task Sort some build options to settings.json ----
8-10-2026 02:52:01-debug: // ---- build task Sort some build options to settings.json ---- (1ms)
8-10-2026 02:52:01-log: run build task Sort some build options to settings.json success in 1 ms√, progress: 12%
8-10-2026 02:52:01-debug: [Build Memory track]: Sort some build options to settings.json start:224.35MB, end 224.38MB, increase: 26.86KB
8-10-2026 02:52:01-debug: // ---- build task Fill script data to settings ----
8-10-2026 02:52:01-debug: Fill script data to settings start, progress: 12%
8-10-2026 02:52:01-debug: // ---- build task Fill script data to settings ---- (3ms)
8-10-2026 02:52:01-debug: [Build Memory track]: Fill script data to settings start:224.41MB, end 224.43MB, increase: 26.26KB
8-10-2026 02:52:01-debug: Sort some build options to settings.json start, progress: 13%
8-10-2026 02:52:01-log: run build task Fill script data to settings success in 3 ms√, progress: 13%
8-10-2026 02:52:01-debug: // ---- build task Sort some build options to settings.json ----
8-10-2026 02:52:01-debug: // ---- build task Sort some build options to settings.json ---- (7ms)
8-10-2026 02:52:01-log: run build task Sort some build options to settings.json success in 7 ms√, progress: 15%
8-10-2026 02:52:01-debug: [Build Memory track]: Sort some build options to settings.json start:224.46MB, end 224.59MB, increase: 130.64KB
8-10-2026 02:52:02-debug: Query all assets info in project
8-10-2026 02:52:02-debug: init custom config: keepNodeUuid: false, useCache: true
8-10-2026 02:52:02-debug: Skip compress image, progress: 0%
8-10-2026 02:52:02-debug: Init all bundles start..., progress: 0%
8-10-2026 02:52:02-debug: // ---- build task Query asset bundle ----
8-10-2026 02:52:02-debug: Init bundle root assets start..., progress: 0%
8-10-2026 02:52:02-debug: Num of bundles: 2..., progress: 0%
8-10-2026 02:52:02-debug: Query asset bundle start, progress: 0%
8-10-2026 02:52:02-debug: Query preload assets/scripts from cc.config.json: 60f7195c-ec2a-45eb-ba94-8955f60e81d0,1c02ae6f-4492-4915-b8f8-7492a3b1e4cd,810e96e4-e456-4468-9b59-f4e8f39732c0,efe8e2a3-eace-427b-b4f1-cb8a937ec77d,e9aa9a3e-5b2b-4ac7-a2c7-073de2b2b24f,8bbdbcdd-5cd4-4100-b6d5-b7c9625b6107,50f4348b-c883-4e2f-8f11-ce233b859fa1,fda095cb-831d-4601-ad94-846013963de8,f92806d7-1768-443f-afe8-12bcde84d0f0,dd3a144d-ab7f-41f0-82b8-2e43a090d496,f0416e68-0200-4b77-a926-4f9d16e494da,511d2633-09a7-4bdd-ac42-f778032124b3,5d45aa00-e064-4938-b314-4265f0c2258c,9361fd90-ba52-4f84-aa93-6e878fd576ca,970b0598-bcb0-4714-91fb-2e81440dccd8,bcd64cc6-2dd9-43f6-abbe-66318d332032,d930590d-bb92-4cc8-8bd1-23cd027f9edf,a3cd009f-0ab0-420d-9278-b9fdab939bbc,6a2d0734-bd9e-4ddf-946e-caa52498cb75,d9937e59-61fe-4ec6-92ab-7ac5a19c89b0,d1346436-ac96-4271-b863-1f4fdead95b0,971bdb23-3ff6-43eb-b422-1c30165a3663,17debcc3-0a6b-4b8a-b00b-dc58b885581e,711ebe11-f673-4cd9-9a83-63c60ba54c5b,c0143906-9aed-447e-9436-2ae8512d1b6e,14da1725-c4c2-42b4-ab08-ee0aeb6898b3,081cab31-dccd-428e-8652-f2404cc81c47,78e0584a-4343-4727-8f37-e14e65c2a2db,871c3b6c-7379-419d-bda3-794b239ab90d,ff9b0199-ce04-4cfe-86cc-6c719f08d6e4,de1c2107-70c8-4021-8459-6399f24d01c6,cbf30902-517f-40dc-af90-a550bac27cf1,5c601d96-e4c7-4698-991b-7ee674b11079
8-10-2026 02:52:02-debug:   Number of all scenes: 3
8-10-2026 02:52:02-debug:   Number of all scripts: 41
8-10-2026 02:52:02-debug:   Number of other assets: 486
8-10-2026 02:52:02-debug: Init bundle root assets success..., progress: 0%
8-10-2026 02:52:02-debug: // ---- build task Query asset bundle ---- (13ms)
8-10-2026 02:52:02-log: run build task Query asset bundle success in 13 ms√, progress: 5%
8-10-2026 02:52:02-debug: [Build Memory track]: Query asset bundle start:225.07MB, end 224.97MB, increase: -99.18KB
8-10-2026 02:52:02-debug: Query asset bundle start, progress: 5%
8-10-2026 02:52:02-debug: // ---- build task Query asset bundle ----
8-10-2026 02:52:02-debug: // ---- build task Query asset bundle ---- (6ms)
8-10-2026 02:52:02-log: run build task Query asset bundle success in 6 ms√, progress: 10%
8-10-2026 02:52:02-debug: [Build Memory track]: Query asset bundle start:225.00MB, end 224.44MB, increase: -570.16KB
8-10-2026 02:52:02-debug: Sort some build options to settings.json start, progress: 10%
8-10-2026 02:52:02-debug: // ---- build task Sort some build options to settings.json ----
8-10-2026 02:52:02-debug: // ---- build task Sort some build options to settings.json ---- (4ms)
8-10-2026 02:52:02-log: run build task Sort some build options to settings.json success in 4 ms√, progress: 12%
8-10-2026 02:52:02-debug: [Build Memory track]: Sort some build options to settings.json start:224.47MB, end 224.50MB, increase: 26.83KB
8-10-2026 02:52:02-debug: // ---- build task Fill script data to settings ----
8-10-2026 02:52:02-debug: Fill script data to settings start, progress: 12%
8-10-2026 02:52:02-debug: // ---- build task Fill script data to settings ---- (3ms)
8-10-2026 02:52:02-debug: [Build Memory track]: Fill script data to settings start:224.52MB, end 224.55MB, increase: 26.11KB
8-10-2026 02:52:02-debug: Sort some build options to settings.json start, progress: 13%
8-10-2026 02:52:02-log: run build task Fill script data to settings success in 3 ms√, progress: 13%
8-10-2026 02:52:02-debug: // ---- build task Sort some build options to settings.json ----
8-10-2026 02:52:02-debug: // ---- build task Sort some build options to settings.json ---- (10ms)
8-10-2026 02:52:02-log: run build task Sort some build options to settings.json success in 10 ms√, progress: 15%
8-10-2026 02:52:02-debug: [Build Memory track]: Sort some build options to settings.json start:224.58MB, end 224.71MB, increase: 131.53KB
8-10-2026 02:52:16-debug: Query all assets info in project
8-10-2026 02:52:16-debug: init custom config: keepNodeUuid: false, useCache: true
8-10-2026 02:52:16-debug: Skip compress image, progress: 0%
8-10-2026 02:52:16-debug: Init all bundles start..., progress: 0%
8-10-2026 02:52:16-debug: // ---- build task Query asset bundle ----
8-10-2026 02:52:16-debug: Num of bundles: 2..., progress: 0%
8-10-2026 02:52:16-debug: Query asset bundle start, progress: 0%
8-10-2026 02:52:16-debug: Init bundle root assets start..., progress: 0%
8-10-2026 02:52:16-debug: Query preload assets/scripts from cc.config.json: 60f7195c-ec2a-45eb-ba94-8955f60e81d0,1c02ae6f-4492-4915-b8f8-7492a3b1e4cd,810e96e4-e456-4468-9b59-f4e8f39732c0,efe8e2a3-eace-427b-b4f1-cb8a937ec77d,e9aa9a3e-5b2b-4ac7-a2c7-073de2b2b24f,8bbdbcdd-5cd4-4100-b6d5-b7c9625b6107,50f4348b-c883-4e2f-8f11-ce233b859fa1,fda095cb-831d-4601-ad94-846013963de8,f92806d7-1768-443f-afe8-12bcde84d0f0,dd3a144d-ab7f-41f0-82b8-2e43a090d496,f0416e68-0200-4b77-a926-4f9d16e494da,511d2633-09a7-4bdd-ac42-f778032124b3,5d45aa00-e064-4938-b314-4265f0c2258c,9361fd90-ba52-4f84-aa93-6e878fd576ca,970b0598-bcb0-4714-91fb-2e81440dccd8,bcd64cc6-2dd9-43f6-abbe-66318d332032,d930590d-bb92-4cc8-8bd1-23cd027f9edf,a3cd009f-0ab0-420d-9278-b9fdab939bbc,6a2d0734-bd9e-4ddf-946e-caa52498cb75,d9937e59-61fe-4ec6-92ab-7ac5a19c89b0,d1346436-ac96-4271-b863-1f4fdead95b0,971bdb23-3ff6-43eb-b422-1c30165a3663,17debcc3-0a6b-4b8a-b00b-dc58b885581e,711ebe11-f673-4cd9-9a83-63c60ba54c5b,c0143906-9aed-447e-9436-2ae8512d1b6e,14da1725-c4c2-42b4-ab08-ee0aeb6898b3,081cab31-dccd-428e-8652-f2404cc81c47,78e0584a-4343-4727-8f37-e14e65c2a2db,871c3b6c-7379-419d-bda3-794b239ab90d,ff9b0199-ce04-4cfe-86cc-6c719f08d6e4,de1c2107-70c8-4021-8459-6399f24d01c6,cbf30902-517f-40dc-af90-a550bac27cf1,5c601d96-e4c7-4698-991b-7ee674b11079
8-10-2026 02:52:16-debug:   Number of other assets: 486
8-10-2026 02:52:16-debug:   Number of all scenes: 3
8-10-2026 02:52:16-debug:   Number of all scripts: 41
8-10-2026 02:52:16-debug: Init bundle root assets success..., progress: 0%
8-10-2026 02:52:16-debug: // ---- build task Query asset bundle ---- (15ms)
8-10-2026 02:52:16-log: run build task Query asset bundle success in 15 ms√, progress: 5%
8-10-2026 02:52:16-debug: [Build Memory track]: Query asset bundle start:225.27MB, end 224.50MB, increase: -788.80KB
8-10-2026 02:52:16-debug: Query asset bundle start, progress: 5%
8-10-2026 02:52:16-debug: // ---- build task Query asset bundle ----
8-10-2026 02:52:16-debug: // ---- build task Query asset bundle ---- (8ms)
8-10-2026 02:52:16-log: run build task Query asset bundle success in 8 ms√, progress: 10%
8-10-2026 02:52:16-debug: // ---- build task Sort some build options to settings.json ----
8-10-2026 02:52:16-debug: [Build Memory track]: Query asset bundle start:224.53MB, end 224.66MB, increase: 139.82KB
8-10-2026 02:52:16-debug: Sort some build options to settings.json start, progress: 10%
8-10-2026 02:52:16-debug: // ---- build task Sort some build options to settings.json ---- (2ms)
8-10-2026 02:52:16-debug: [Build Memory track]: Sort some build options to settings.json start:224.69MB, end 224.72MB, increase: 26.80KB
8-10-2026 02:52:16-log: run build task Sort some build options to settings.json success in 2 ms√, progress: 12%
8-10-2026 02:52:16-debug: Fill script data to settings start, progress: 12%
8-10-2026 02:52:16-debug: // ---- build task Fill script data to settings ----
8-10-2026 02:52:16-debug: // ---- build task Fill script data to settings ---- (3ms)
8-10-2026 02:52:16-log: run build task Fill script data to settings success in 3 ms√, progress: 13%
8-10-2026 02:52:16-debug: [Build Memory track]: Fill script data to settings start:224.75MB, end 224.77MB, increase: 26.16KB
8-10-2026 02:52:16-debug: Sort some build options to settings.json start, progress: 13%
8-10-2026 02:52:16-debug: // ---- build task Sort some build options to settings.json ----
8-10-2026 02:52:16-debug: // ---- build task Sort some build options to settings.json ---- (16ms)
8-10-2026 02:52:16-log: run build task Sort some build options to settings.json success in 16 ms√, progress: 15%
8-10-2026 02:52:16-debug: [Build Memory track]: Sort some build options to settings.json start:224.80MB, end 224.93MB, increase: 137.77KB
8-10-2026 02:52:35-debug: Query all assets info in project
8-10-2026 02:52:35-debug: init custom config: keepNodeUuid: false, useCache: true
8-10-2026 02:52:35-debug: Skip compress image, progress: 0%
8-10-2026 02:52:35-debug: Init all bundles start..., progress: 0%
8-10-2026 02:52:35-debug: Num of bundles: 2..., progress: 0%
8-10-2026 02:52:35-debug: Query asset bundle start, progress: 0%
8-10-2026 02:52:35-debug: Init bundle root assets start..., progress: 0%
8-10-2026 02:52:35-debug: // ---- build task Query asset bundle ----
8-10-2026 02:52:35-debug:   Number of all scenes: 3
8-10-2026 02:52:35-debug:   Number of all scripts: 41
8-10-2026 02:52:35-debug: Query preload assets/scripts from cc.config.json: 60f7195c-ec2a-45eb-ba94-8955f60e81d0,1c02ae6f-4492-4915-b8f8-7492a3b1e4cd,810e96e4-e456-4468-9b59-f4e8f39732c0,efe8e2a3-eace-427b-b4f1-cb8a937ec77d,e9aa9a3e-5b2b-4ac7-a2c7-073de2b2b24f,8bbdbcdd-5cd4-4100-b6d5-b7c9625b6107,50f4348b-c883-4e2f-8f11-ce233b859fa1,fda095cb-831d-4601-ad94-846013963de8,f92806d7-1768-443f-afe8-12bcde84d0f0,dd3a144d-ab7f-41f0-82b8-2e43a090d496,f0416e68-0200-4b77-a926-4f9d16e494da,511d2633-09a7-4bdd-ac42-f778032124b3,5d45aa00-e064-4938-b314-4265f0c2258c,9361fd90-ba52-4f84-aa93-6e878fd576ca,970b0598-bcb0-4714-91fb-2e81440dccd8,bcd64cc6-2dd9-43f6-abbe-66318d332032,d930590d-bb92-4cc8-8bd1-23cd027f9edf,a3cd009f-0ab0-420d-9278-b9fdab939bbc,6a2d0734-bd9e-4ddf-946e-caa52498cb75,d9937e59-61fe-4ec6-92ab-7ac5a19c89b0,d1346436-ac96-4271-b863-1f4fdead95b0,971bdb23-3ff6-43eb-b422-1c30165a3663,17debcc3-0a6b-4b8a-b00b-dc58b885581e,711ebe11-f673-4cd9-9a83-63c60ba54c5b,c0143906-9aed-447e-9436-2ae8512d1b6e,14da1725-c4c2-42b4-ab08-ee0aeb6898b3,081cab31-dccd-428e-8652-f2404cc81c47,78e0584a-4343-4727-8f37-e14e65c2a2db,871c3b6c-7379-419d-bda3-794b239ab90d,ff9b0199-ce04-4cfe-86cc-6c719f08d6e4,de1c2107-70c8-4021-8459-6399f24d01c6,cbf30902-517f-40dc-af90-a550bac27cf1,5c601d96-e4c7-4698-991b-7ee674b11079
8-10-2026 02:52:35-debug: Init bundle root assets success..., progress: 0%
8-10-2026 02:52:35-debug:   Number of other assets: 486
8-10-2026 02:52:35-debug: // ---- build task Query asset bundle ---- (13ms)
8-10-2026 02:52:35-log: run build task Query asset bundle success in 13 ms√, progress: 5%
8-10-2026 02:52:35-debug: // ---- build task Query asset bundle ----
8-10-2026 02:52:35-debug: [Build Memory track]: Query asset bundle start:225.28MB, end 225.14MB, increase: -144.07KB
8-10-2026 02:52:35-debug: Query asset bundle start, progress: 5%
8-10-2026 02:52:35-debug: // ---- build task Query asset bundle ---- (7ms)
8-10-2026 02:52:35-log: run build task Query asset bundle success in 7 ms√, progress: 10%
8-10-2026 02:52:35-debug: [Build Memory track]: Query asset bundle start:225.17MB, end 224.51MB, increase: -674.65KB
8-10-2026 02:52:35-debug: // ---- build task Sort some build options to settings.json ----
8-10-2026 02:52:35-debug: Sort some build options to settings.json start, progress: 10%
8-10-2026 02:52:35-debug: // ---- build task Sort some build options to settings.json ---- (3ms)
8-10-2026 02:52:35-debug: [Build Memory track]: Sort some build options to settings.json start:224.54MB, end 224.57MB, increase: 27.07KB
8-10-2026 02:52:35-log: run build task Sort some build options to settings.json success in 3 ms√, progress: 12%
8-10-2026 02:52:35-debug: Fill script data to settings start, progress: 12%
8-10-2026 02:52:35-debug: // ---- build task Fill script data to settings ----
8-10-2026 02:52:35-debug: // ---- build task Fill script data to settings ---- (3ms)
8-10-2026 02:52:35-log: run build task Fill script data to settings success in 3 ms√, progress: 13%
8-10-2026 02:52:35-debug: [Build Memory track]: Fill script data to settings start:224.60MB, end 224.62MB, increase: 26.30KB
8-10-2026 02:52:35-debug: Sort some build options to settings.json start, progress: 13%
8-10-2026 02:52:35-debug: // ---- build task Sort some build options to settings.json ----
8-10-2026 02:52:35-debug: // ---- build task Sort some build options to settings.json ---- (18ms)
8-10-2026 02:52:35-log: run build task Sort some build options to settings.json success in 18 ms√, progress: 15%
8-10-2026 02:52:35-debug: [Build Memory track]: Sort some build options to settings.json start:224.65MB, end 224.78MB, increase: 130.28KB
8-10-2026 02:52:54-debug: Query all assets info in project
8-10-2026 02:52:54-debug: init custom config: keepNodeUuid: false, useCache: true
8-10-2026 02:52:54-debug: Skip compress image, progress: 0%
8-10-2026 02:52:54-debug: Init all bundles start..., progress: 0%
8-10-2026 02:52:54-debug: // ---- build task Query asset bundle ----
8-10-2026 02:52:54-debug: Num of bundles: 2..., progress: 0%
8-10-2026 02:52:54-debug: Init bundle root assets start..., progress: 0%
8-10-2026 02:52:54-debug: Query asset bundle start, progress: 0%
8-10-2026 02:52:54-debug: Query preload assets/scripts from cc.config.json: 60f7195c-ec2a-45eb-ba94-8955f60e81d0,1c02ae6f-4492-4915-b8f8-7492a3b1e4cd,810e96e4-e456-4468-9b59-f4e8f39732c0,efe8e2a3-eace-427b-b4f1-cb8a937ec77d,e9aa9a3e-5b2b-4ac7-a2c7-073de2b2b24f,8bbdbcdd-5cd4-4100-b6d5-b7c9625b6107,50f4348b-c883-4e2f-8f11-ce233b859fa1,fda095cb-831d-4601-ad94-846013963de8,f92806d7-1768-443f-afe8-12bcde84d0f0,dd3a144d-ab7f-41f0-82b8-2e43a090d496,f0416e68-0200-4b77-a926-4f9d16e494da,511d2633-09a7-4bdd-ac42-f778032124b3,5d45aa00-e064-4938-b314-4265f0c2258c,9361fd90-ba52-4f84-aa93-6e878fd576ca,970b0598-bcb0-4714-91fb-2e81440dccd8,bcd64cc6-2dd9-43f6-abbe-66318d332032,d930590d-bb92-4cc8-8bd1-23cd027f9edf,a3cd009f-0ab0-420d-9278-b9fdab939bbc,6a2d0734-bd9e-4ddf-946e-caa52498cb75,d9937e59-61fe-4ec6-92ab-7ac5a19c89b0,d1346436-ac96-4271-b863-1f4fdead95b0,971bdb23-3ff6-43eb-b422-1c30165a3663,17debcc3-0a6b-4b8a-b00b-dc58b885581e,711ebe11-f673-4cd9-9a83-63c60ba54c5b,c0143906-9aed-447e-9436-2ae8512d1b6e,14da1725-c4c2-42b4-ab08-ee0aeb6898b3,081cab31-dccd-428e-8652-f2404cc81c47,78e0584a-4343-4727-8f37-e14e65c2a2db,871c3b6c-7379-419d-bda3-794b239ab90d,ff9b0199-ce04-4cfe-86cc-6c719f08d6e4,de1c2107-70c8-4021-8459-6399f24d01c6,cbf30902-517f-40dc-af90-a550bac27cf1,5c601d96-e4c7-4698-991b-7ee674b11079
8-10-2026 02:52:54-debug:   Number of all scenes: 3
8-10-2026 02:52:54-debug:   Number of other assets: 486
8-10-2026 02:52:54-debug: Init bundle root assets success..., progress: 0%
8-10-2026 02:52:54-debug:   Number of all scripts: 41
8-10-2026 02:52:54-debug: // ---- build task Query asset bundle ---- (14ms)
8-10-2026 02:52:54-log: run build task Query asset bundle success in 14 ms√, progress: 5%
8-10-2026 02:52:54-debug: [Build Memory track]: Query asset bundle start:225.31MB, end 225.27MB, increase: -33.52KB
8-10-2026 02:52:54-debug: Query asset bundle start, progress: 5%
8-10-2026 02:52:54-debug: // ---- build task Query asset bundle ----
8-10-2026 02:52:54-debug: // ---- build task Query asset bundle ---- (8ms)
8-10-2026 02:52:54-log: run build task Query asset bundle success in 8 ms√, progress: 10%
8-10-2026 02:52:54-debug: [Build Memory track]: Query asset bundle start:225.30MB, end 224.62MB, increase: -699.25KB
8-10-2026 02:52:54-debug: // ---- build task Sort some build options to settings.json ----
8-10-2026 02:52:54-debug: Sort some build options to settings.json start, progress: 10%
8-10-2026 02:52:54-debug: // ---- build task Sort some build options to settings.json ---- (4ms)
8-10-2026 02:52:54-log: run build task Sort some build options to settings.json success in 4 ms√, progress: 12%
8-10-2026 02:52:54-debug: [Build Memory track]: Sort some build options to settings.json start:224.65MB, end 224.67MB, increase: 26.80KB
8-10-2026 02:52:54-debug: Fill script data to settings start, progress: 12%
8-10-2026 02:52:54-debug: // ---- build task Fill script data to settings ----
8-10-2026 02:52:54-debug: // ---- build task Fill script data to settings ---- (3ms)
8-10-2026 02:52:54-log: run build task Fill script data to settings success in 3 ms√, progress: 13%
8-10-2026 02:52:54-debug: [Build Memory track]: Fill script data to settings start:224.70MB, end 224.73MB, increase: 26.22KB
8-10-2026 02:52:54-debug: Sort some build options to settings.json start, progress: 13%
8-10-2026 02:52:54-debug: // ---- build task Sort some build options to settings.json ----
8-10-2026 02:52:54-debug: // ---- build task Sort some build options to settings.json ---- (7ms)
8-10-2026 02:52:54-log: run build task Sort some build options to settings.json success in 7 ms√, progress: 15%
8-10-2026 02:52:54-debug: [Build Memory track]: Sort some build options to settings.json start:224.76MB, end 224.88MB, increase: 131.91KB
8-10-2026 02:53:16-debug: Query all assets info in project
8-10-2026 02:53:16-debug: init custom config: keepNodeUuid: false, useCache: true
8-10-2026 02:53:16-debug: Skip compress image, progress: 0%
8-10-2026 02:53:16-debug: Init all bundles start..., progress: 0%
8-10-2026 02:53:16-debug: Num of bundles: 2..., progress: 0%
8-10-2026 02:53:16-debug: Query asset bundle start, progress: 0%
8-10-2026 02:53:16-debug: Init bundle root assets start..., progress: 0%
8-10-2026 02:53:16-debug: // ---- build task Query asset bundle ----
8-10-2026 02:53:16-debug: Query preload assets/scripts from cc.config.json: 60f7195c-ec2a-45eb-ba94-8955f60e81d0,1c02ae6f-4492-4915-b8f8-7492a3b1e4cd,810e96e4-e456-4468-9b59-f4e8f39732c0,efe8e2a3-eace-427b-b4f1-cb8a937ec77d,e9aa9a3e-5b2b-4ac7-a2c7-073de2b2b24f,8bbdbcdd-5cd4-4100-b6d5-b7c9625b6107,50f4348b-c883-4e2f-8f11-ce233b859fa1,fda095cb-831d-4601-ad94-846013963de8,f92806d7-1768-443f-afe8-12bcde84d0f0,dd3a144d-ab7f-41f0-82b8-2e43a090d496,f0416e68-0200-4b77-a926-4f9d16e494da,511d2633-09a7-4bdd-ac42-f778032124b3,5d45aa00-e064-4938-b314-4265f0c2258c,9361fd90-ba52-4f84-aa93-6e878fd576ca,970b0598-bcb0-4714-91fb-2e81440dccd8,bcd64cc6-2dd9-43f6-abbe-66318d332032,d930590d-bb92-4cc8-8bd1-23cd027f9edf,a3cd009f-0ab0-420d-9278-b9fdab939bbc,6a2d0734-bd9e-4ddf-946e-caa52498cb75,d9937e59-61fe-4ec6-92ab-7ac5a19c89b0,d1346436-ac96-4271-b863-1f4fdead95b0,971bdb23-3ff6-43eb-b422-1c30165a3663,17debcc3-0a6b-4b8a-b00b-dc58b885581e,711ebe11-f673-4cd9-9a83-63c60ba54c5b,c0143906-9aed-447e-9436-2ae8512d1b6e,14da1725-c4c2-42b4-ab08-ee0aeb6898b3,081cab31-dccd-428e-8652-f2404cc81c47,78e0584a-4343-4727-8f37-e14e65c2a2db,871c3b6c-7379-419d-bda3-794b239ab90d,ff9b0199-ce04-4cfe-86cc-6c719f08d6e4,de1c2107-70c8-4021-8459-6399f24d01c6,cbf30902-517f-40dc-af90-a550bac27cf1,5c601d96-e4c7-4698-991b-7ee674b11079
8-10-2026 02:53:16-debug:   Number of other assets: 486
8-10-2026 02:53:16-debug:   Number of all scenes: 3
8-10-2026 02:53:16-debug:   Number of all scripts: 41
8-10-2026 02:53:16-debug: Init bundle root assets success..., progress: 0%
8-10-2026 02:53:16-debug: // ---- build task Query asset bundle ---- (15ms)
8-10-2026 02:53:16-log: run build task Query asset bundle success in 15 ms√, progress: 5%
8-10-2026 02:53:16-debug: [Build Memory track]: Query asset bundle start:225.43MB, end 225.38MB, increase: -53.63KB
8-10-2026 02:53:16-debug: // ---- build task Query asset bundle ----
8-10-2026 02:53:16-debug: Query asset bundle start, progress: 5%
8-10-2026 02:53:16-debug: // ---- build task Query asset bundle ---- (6ms)
8-10-2026 02:53:16-log: run build task Query asset bundle success in 6 ms√, progress: 10%
8-10-2026 02:53:16-debug: [Build Memory track]: Query asset bundle start:225.41MB, end 224.74MB, increase: -686.32KB
8-10-2026 02:53:16-debug: Sort some build options to settings.json start, progress: 10%
8-10-2026 02:53:16-debug: // ---- build task Sort some build options to settings.json ----
8-10-2026 02:53:16-debug: // ---- build task Sort some build options to settings.json ---- (2ms)
8-10-2026 02:53:16-debug: [Build Memory track]: Sort some build options to settings.json start:224.77MB, end 224.79MB, increase: 26.68KB
8-10-2026 02:53:16-log: run build task Sort some build options to settings.json success in 2 ms√, progress: 12%
8-10-2026 02:53:16-debug: Fill script data to settings start, progress: 12%
8-10-2026 02:53:16-debug: // ---- build task Fill script data to settings ----
8-10-2026 02:53:16-debug: // ---- build task Fill script data to settings ---- (3ms)
8-10-2026 02:53:16-log: run build task Fill script data to settings success in 3 ms√, progress: 13%
8-10-2026 02:53:16-debug: // ---- build task Sort some build options to settings.json ----
8-10-2026 02:53:16-debug: [Build Memory track]: Fill script data to settings start:224.82MB, end 224.85MB, increase: 26.04KB
8-10-2026 02:53:16-debug: Sort some build options to settings.json start, progress: 13%
8-10-2026 02:53:16-debug: // ---- build task Sort some build options to settings.json ---- (17ms)
8-10-2026 02:53:16-debug: [Build Memory track]: Sort some build options to settings.json start:224.88MB, end 225.00MB, increase: 126.58KB
8-10-2026 02:53:16-log: run build task Sort some build options to settings.json success in 17 ms√, progress: 15%
8-10-2026 02:53:37-debug: Query all assets info in project
8-10-2026 02:53:37-debug: init custom config: keepNodeUuid: false, useCache: true
8-10-2026 02:53:37-debug: Skip compress image, progress: 0%
8-10-2026 02:53:37-debug: Init all bundles start..., progress: 0%
8-10-2026 02:53:37-debug: Num of bundles: 2..., progress: 0%
8-10-2026 02:53:37-debug: // ---- build task Query asset bundle ----
8-10-2026 02:53:37-debug: Init bundle root assets start..., progress: 0%
8-10-2026 02:53:37-debug: Query asset bundle start, progress: 0%
8-10-2026 02:53:37-debug: Query preload assets/scripts from cc.config.json: 60f7195c-ec2a-45eb-ba94-8955f60e81d0,1c02ae6f-4492-4915-b8f8-7492a3b1e4cd,810e96e4-e456-4468-9b59-f4e8f39732c0,efe8e2a3-eace-427b-b4f1-cb8a937ec77d,e9aa9a3e-5b2b-4ac7-a2c7-073de2b2b24f,8bbdbcdd-5cd4-4100-b6d5-b7c9625b6107,50f4348b-c883-4e2f-8f11-ce233b859fa1,fda095cb-831d-4601-ad94-846013963de8,f92806d7-1768-443f-afe8-12bcde84d0f0,dd3a144d-ab7f-41f0-82b8-2e43a090d496,f0416e68-0200-4b77-a926-4f9d16e494da,511d2633-09a7-4bdd-ac42-f778032124b3,5d45aa00-e064-4938-b314-4265f0c2258c,9361fd90-ba52-4f84-aa93-6e878fd576ca,970b0598-bcb0-4714-91fb-2e81440dccd8,bcd64cc6-2dd9-43f6-abbe-66318d332032,d930590d-bb92-4cc8-8bd1-23cd027f9edf,a3cd009f-0ab0-420d-9278-b9fdab939bbc,6a2d0734-bd9e-4ddf-946e-caa52498cb75,d9937e59-61fe-4ec6-92ab-7ac5a19c89b0,d1346436-ac96-4271-b863-1f4fdead95b0,971bdb23-3ff6-43eb-b422-1c30165a3663,17debcc3-0a6b-4b8a-b00b-dc58b885581e,711ebe11-f673-4cd9-9a83-63c60ba54c5b,c0143906-9aed-447e-9436-2ae8512d1b6e,14da1725-c4c2-42b4-ab08-ee0aeb6898b3,081cab31-dccd-428e-8652-f2404cc81c47,78e0584a-4343-4727-8f37-e14e65c2a2db,871c3b6c-7379-419d-bda3-794b239ab90d,ff9b0199-ce04-4cfe-86cc-6c719f08d6e4,de1c2107-70c8-4021-8459-6399f24d01c6,cbf30902-517f-40dc-af90-a550bac27cf1,5c601d96-e4c7-4698-991b-7ee674b11079
8-10-2026 02:53:37-debug:   Number of other assets: 486
8-10-2026 02:53:37-debug:   Number of all scenes: 3
8-10-2026 02:53:37-debug:   Number of all scripts: 41
8-10-2026 02:53:37-debug: Init bundle root assets success..., progress: 0%
8-10-2026 02:53:37-debug: // ---- build task Query asset bundle ---- (15ms)
8-10-2026 02:53:37-log: run build task Query asset bundle success in 15 ms√, progress: 5%
8-10-2026 02:53:37-debug: [Build Memory track]: Query asset bundle start:225.53MB, end 225.51MB, increase: -23.57KB
8-10-2026 02:53:37-debug: Query asset bundle start, progress: 5%
8-10-2026 02:53:37-debug: // ---- build task Query asset bundle ----
8-10-2026 02:53:37-debug: // ---- build task Query asset bundle ---- (6ms)
8-10-2026 02:53:37-log: run build task Query asset bundle success in 6 ms√, progress: 10%
8-10-2026 02:53:37-debug: [Build Memory track]: Query asset bundle start:225.54MB, end 224.86MB, increase: -694.18KB
8-10-2026 02:53:37-debug: Sort some build options to settings.json start, progress: 10%
8-10-2026 02:53:37-debug: // ---- build task Sort some build options to settings.json ----
8-10-2026 02:53:37-debug: // ---- build task Sort some build options to settings.json ---- (3ms)
8-10-2026 02:53:37-debug: [Build Memory track]: Sort some build options to settings.json start:224.89MB, end 224.91MB, increase: 26.65KB
8-10-2026 02:53:37-debug: Fill script data to settings start, progress: 12%
8-10-2026 02:53:37-log: run build task Sort some build options to settings.json success in 3 ms√, progress: 12%
8-10-2026 02:53:37-debug: // ---- build task Fill script data to settings ----
8-10-2026 02:53:37-debug: // ---- build task Fill script data to settings ---- (3ms)
8-10-2026 02:53:37-log: run build task Fill script data to settings success in 3 ms√, progress: 13%
8-10-2026 02:53:37-debug: [Build Memory track]: Fill script data to settings start:224.94MB, end 224.97MB, increase: 26.04KB
8-10-2026 02:53:37-debug: Sort some build options to settings.json start, progress: 13%
8-10-2026 02:53:37-debug: // ---- build task Sort some build options to settings.json ----
8-10-2026 02:53:37-debug: // ---- build task Sort some build options to settings.json ---- (11ms)
8-10-2026 02:53:37-log: run build task Sort some build options to settings.json success in 11 ms√, progress: 15%
8-10-2026 02:53:37-debug: [Build Memory track]: Sort some build options to settings.json start:225.00MB, end 225.12MB, increase: 126.59KB
8-10-2026 02:53:56-debug: Query all assets info in project
8-10-2026 02:53:56-debug: init custom config: keepNodeUuid: false, useCache: true
8-10-2026 02:53:56-debug: Skip compress image, progress: 0%
8-10-2026 02:53:56-debug: Init all bundles start..., progress: 0%
8-10-2026 02:53:56-debug: Num of bundles: 2..., progress: 0%
8-10-2026 02:53:56-debug: Query asset bundle start, progress: 0%
8-10-2026 02:53:56-debug: Init bundle root assets start..., progress: 0%
8-10-2026 02:53:56-debug: // ---- build task Query asset bundle ----
8-10-2026 02:53:56-debug: Query preload assets/scripts from cc.config.json: 60f7195c-ec2a-45eb-ba94-8955f60e81d0,1c02ae6f-4492-4915-b8f8-7492a3b1e4cd,810e96e4-e456-4468-9b59-f4e8f39732c0,efe8e2a3-eace-427b-b4f1-cb8a937ec77d,e9aa9a3e-5b2b-4ac7-a2c7-073de2b2b24f,8bbdbcdd-5cd4-4100-b6d5-b7c9625b6107,50f4348b-c883-4e2f-8f11-ce233b859fa1,fda095cb-831d-4601-ad94-846013963de8,f92806d7-1768-443f-afe8-12bcde84d0f0,dd3a144d-ab7f-41f0-82b8-2e43a090d496,f0416e68-0200-4b77-a926-4f9d16e494da,511d2633-09a7-4bdd-ac42-f778032124b3,5d45aa00-e064-4938-b314-4265f0c2258c,9361fd90-ba52-4f84-aa93-6e878fd576ca,970b0598-bcb0-4714-91fb-2e81440dccd8,bcd64cc6-2dd9-43f6-abbe-66318d332032,d930590d-bb92-4cc8-8bd1-23cd027f9edf,a3cd009f-0ab0-420d-9278-b9fdab939bbc,6a2d0734-bd9e-4ddf-946e-caa52498cb75,d9937e59-61fe-4ec6-92ab-7ac5a19c89b0,d1346436-ac96-4271-b863-1f4fdead95b0,971bdb23-3ff6-43eb-b422-1c30165a3663,17debcc3-0a6b-4b8a-b00b-dc58b885581e,711ebe11-f673-4cd9-9a83-63c60ba54c5b,c0143906-9aed-447e-9436-2ae8512d1b6e,14da1725-c4c2-42b4-ab08-ee0aeb6898b3,081cab31-dccd-428e-8652-f2404cc81c47,78e0584a-4343-4727-8f37-e14e65c2a2db,871c3b6c-7379-419d-bda3-794b239ab90d,ff9b0199-ce04-4cfe-86cc-6c719f08d6e4,de1c2107-70c8-4021-8459-6399f24d01c6,cbf30902-517f-40dc-af90-a550bac27cf1,5c601d96-e4c7-4698-991b-7ee674b11079
8-10-2026 02:53:56-debug:   Number of all scenes: 3
8-10-2026 02:53:56-debug: Init bundle root assets success..., progress: 0%
8-10-2026 02:53:56-debug:   Number of all scripts: 41
8-10-2026 02:53:56-debug:   Number of other assets: 486
8-10-2026 02:53:56-debug: // ---- build task Query asset bundle ---- (11ms)
8-10-2026 02:53:56-debug: Query asset bundle start, progress: 5%
8-10-2026 02:53:56-log: run build task Query asset bundle success in 11 ms√, progress: 5%
8-10-2026 02:53:56-debug: [Build Memory track]: Query asset bundle start:225.68MB, end 225.62MB, increase: -57.68KB
8-10-2026 02:53:56-debug: // ---- build task Query asset bundle ----
8-10-2026 02:53:56-debug: // ---- build task Query asset bundle ---- (7ms)
8-10-2026 02:53:56-log: run build task Query asset bundle success in 7 ms√, progress: 10%
8-10-2026 02:53:56-debug: [Build Memory track]: Query asset bundle start:225.65MB, end 224.97MB, increase: -698.39KB
8-10-2026 02:53:56-debug: // ---- build task Sort some build options to settings.json ----
8-10-2026 02:53:56-debug: Sort some build options to settings.json start, progress: 10%
8-10-2026 02:53:56-debug: // ---- build task Sort some build options to settings.json ---- (4ms)
8-10-2026 02:53:56-debug: [Build Memory track]: Sort some build options to settings.json start:225.00MB, end 225.02MB, increase: 26.68KB
8-10-2026 02:53:56-log: run build task Sort some build options to settings.json success in 4 ms√, progress: 12%
8-10-2026 02:53:56-debug: Fill script data to settings start, progress: 12%
8-10-2026 02:53:56-debug: // ---- build task Fill script data to settings ----
8-10-2026 02:53:56-debug: // ---- build task Fill script data to settings ---- (5ms)
8-10-2026 02:53:56-log: run build task Fill script data to settings success in 5 ms√, progress: 13%
8-10-2026 02:53:56-debug: [Build Memory track]: Fill script data to settings start:225.05MB, end 225.08MB, increase: 26.10KB
8-10-2026 02:53:56-debug: Sort some build options to settings.json start, progress: 13%
8-10-2026 02:53:56-debug: // ---- build task Sort some build options to settings.json ----
8-10-2026 02:53:56-debug: // ---- build task Sort some build options to settings.json ---- (15ms)
8-10-2026 02:53:56-log: run build task Sort some build options to settings.json success in 15 ms√, progress: 15%
8-10-2026 02:53:56-debug: [Build Memory track]: Sort some build options to settings.json start:225.11MB, end 225.23MB, increase: 130.97KB
8-10-2026 02:54:15-debug: Query all assets info in project
8-10-2026 02:54:15-debug: init custom config: keepNodeUuid: false, useCache: true
8-10-2026 02:54:15-debug: Skip compress image, progress: 0%
8-10-2026 02:54:15-debug: Init all bundles start..., progress: 0%
8-10-2026 02:54:15-debug: Num of bundles: 2..., progress: 0%
8-10-2026 02:54:15-debug: Query asset bundle start, progress: 0%
8-10-2026 02:54:15-debug: // ---- build task Query asset bundle ----
8-10-2026 02:54:15-debug: Init bundle root assets start..., progress: 0%
8-10-2026 02:54:15-debug: Query preload assets/scripts from cc.config.json: 60f7195c-ec2a-45eb-ba94-8955f60e81d0,1c02ae6f-4492-4915-b8f8-7492a3b1e4cd,810e96e4-e456-4468-9b59-f4e8f39732c0,efe8e2a3-eace-427b-b4f1-cb8a937ec77d,e9aa9a3e-5b2b-4ac7-a2c7-073de2b2b24f,8bbdbcdd-5cd4-4100-b6d5-b7c9625b6107,50f4348b-c883-4e2f-8f11-ce233b859fa1,fda095cb-831d-4601-ad94-846013963de8,f92806d7-1768-443f-afe8-12bcde84d0f0,dd3a144d-ab7f-41f0-82b8-2e43a090d496,f0416e68-0200-4b77-a926-4f9d16e494da,511d2633-09a7-4bdd-ac42-f778032124b3,5d45aa00-e064-4938-b314-4265f0c2258c,9361fd90-ba52-4f84-aa93-6e878fd576ca,970b0598-bcb0-4714-91fb-2e81440dccd8,bcd64cc6-2dd9-43f6-abbe-66318d332032,d930590d-bb92-4cc8-8bd1-23cd027f9edf,a3cd009f-0ab0-420d-9278-b9fdab939bbc,6a2d0734-bd9e-4ddf-946e-caa52498cb75,d9937e59-61fe-4ec6-92ab-7ac5a19c89b0,d1346436-ac96-4271-b863-1f4fdead95b0,971bdb23-3ff6-43eb-b422-1c30165a3663,17debcc3-0a6b-4b8a-b00b-dc58b885581e,711ebe11-f673-4cd9-9a83-63c60ba54c5b,c0143906-9aed-447e-9436-2ae8512d1b6e,14da1725-c4c2-42b4-ab08-ee0aeb6898b3,081cab31-dccd-428e-8652-f2404cc81c47,78e0584a-4343-4727-8f37-e14e65c2a2db,871c3b6c-7379-419d-bda3-794b239ab90d,ff9b0199-ce04-4cfe-86cc-6c719f08d6e4,de1c2107-70c8-4021-8459-6399f24d01c6,cbf30902-517f-40dc-af90-a550bac27cf1,5c601d96-e4c7-4698-991b-7ee674b11079
8-10-2026 02:54:15-debug:   Number of other assets: 486
8-10-2026 02:54:15-debug:   Number of all scripts: 41
8-10-2026 02:54:15-debug: Init bundle root assets success..., progress: 0%
8-10-2026 02:54:15-debug:   Number of all scenes: 3
8-10-2026 02:54:15-debug: // ---- build task Query asset bundle ---- (13ms)
8-10-2026 02:54:15-log: run build task Query asset bundle success in 13 ms√, progress: 5%
8-10-2026 02:54:15-debug: [Build Memory track]: Query asset bundle start:225.78MB, end 225.73MB, increase: -47.04KB
8-10-2026 02:54:15-debug: Query asset bundle start, progress: 5%
8-10-2026 02:54:15-debug: // ---- build task Query asset bundle ----
8-10-2026 02:54:15-debug: // ---- build task Query asset bundle ---- (6ms)
8-10-2026 02:54:15-log: run build task Query asset bundle success in 6 ms√, progress: 10%
8-10-2026 02:54:15-debug: [Build Memory track]: Query asset bundle start:225.76MB, end 225.07MB, increase: -701.55KB
8-10-2026 02:54:15-debug: Sort some build options to settings.json start, progress: 10%
8-10-2026 02:54:15-debug: // ---- build task Sort some build options to settings.json ----
8-10-2026 02:54:15-debug: // ---- build task Sort some build options to settings.json ---- (5ms)
8-10-2026 02:54:15-log: run build task Sort some build options to settings.json success in 5 ms√, progress: 12%
8-10-2026 02:54:15-debug: // ---- build task Fill script data to settings ----
8-10-2026 02:54:15-debug: [Build Memory track]: Sort some build options to settings.json start:225.10MB, end 225.13MB, increase: 26.68KB
8-10-2026 02:54:15-debug: Fill script data to settings start, progress: 12%
8-10-2026 02:54:15-debug: // ---- build task Fill script data to settings ---- (2ms)
8-10-2026 02:54:15-log: run build task Fill script data to settings success in 2 ms√, progress: 13%
8-10-2026 02:54:15-debug: Sort some build options to settings.json start, progress: 13%
8-10-2026 02:54:15-debug: [Build Memory track]: Fill script data to settings start:225.15MB, end 225.18MB, increase: 26.04KB
8-10-2026 02:54:15-debug: // ---- build task Sort some build options to settings.json ----
8-10-2026 02:54:15-debug: // ---- build task Sort some build options to settings.json ---- (15ms)
8-10-2026 02:54:15-log: run build task Sort some build options to settings.json success in 15 ms√, progress: 15%
8-10-2026 02:54:15-debug: [Build Memory track]: Sort some build options to settings.json start:225.21MB, end 225.34MB, increase: 133.80KB
8-10-2026 02:54:35-debug: Query all assets info in project
8-10-2026 02:54:35-debug: init custom config: keepNodeUuid: false, useCache: true
8-10-2026 02:54:35-debug: Skip compress image, progress: 0%
8-10-2026 02:54:35-debug: Init all bundles start..., progress: 0%
8-10-2026 02:54:35-debug: Query asset bundle start, progress: 0%
8-10-2026 02:54:35-debug: // ---- build task Query asset bundle ----
8-10-2026 02:54:35-debug: Init bundle root assets start..., progress: 0%
8-10-2026 02:54:35-debug: Num of bundles: 2..., progress: 0%
8-10-2026 02:54:35-debug: Query preload assets/scripts from cc.config.json: 60f7195c-ec2a-45eb-ba94-8955f60e81d0,1c02ae6f-4492-4915-b8f8-7492a3b1e4cd,810e96e4-e456-4468-9b59-f4e8f39732c0,efe8e2a3-eace-427b-b4f1-cb8a937ec77d,e9aa9a3e-5b2b-4ac7-a2c7-073de2b2b24f,8bbdbcdd-5cd4-4100-b6d5-b7c9625b6107,50f4348b-c883-4e2f-8f11-ce233b859fa1,fda095cb-831d-4601-ad94-846013963de8,f92806d7-1768-443f-afe8-12bcde84d0f0,dd3a144d-ab7f-41f0-82b8-2e43a090d496,f0416e68-0200-4b77-a926-4f9d16e494da,511d2633-09a7-4bdd-ac42-f778032124b3,5d45aa00-e064-4938-b314-4265f0c2258c,9361fd90-ba52-4f84-aa93-6e878fd576ca,970b0598-bcb0-4714-91fb-2e81440dccd8,bcd64cc6-2dd9-43f6-abbe-66318d332032,d930590d-bb92-4cc8-8bd1-23cd027f9edf,a3cd009f-0ab0-420d-9278-b9fdab939bbc,6a2d0734-bd9e-4ddf-946e-caa52498cb75,d9937e59-61fe-4ec6-92ab-7ac5a19c89b0,d1346436-ac96-4271-b863-1f4fdead95b0,971bdb23-3ff6-43eb-b422-1c30165a3663,17debcc3-0a6b-4b8a-b00b-dc58b885581e,711ebe11-f673-4cd9-9a83-63c60ba54c5b,c0143906-9aed-447e-9436-2ae8512d1b6e,14da1725-c4c2-42b4-ab08-ee0aeb6898b3,081cab31-dccd-428e-8652-f2404cc81c47,78e0584a-4343-4727-8f37-e14e65c2a2db,871c3b6c-7379-419d-bda3-794b239ab90d,ff9b0199-ce04-4cfe-86cc-6c719f08d6e4,de1c2107-70c8-4021-8459-6399f24d01c6,cbf30902-517f-40dc-af90-a550bac27cf1,5c601d96-e4c7-4698-991b-7ee674b11079
8-10-2026 02:54:35-debug:   Number of all scenes: 3
8-10-2026 02:54:35-debug:   Number of all scripts: 41
8-10-2026 02:54:35-debug: Init bundle root assets success..., progress: 0%
8-10-2026 02:54:35-debug:   Number of other assets: 486
8-10-2026 02:54:35-log: run build task Query asset bundle success in 9 ms√, progress: 5%
8-10-2026 02:54:35-debug: [Build Memory track]: Query asset bundle start:225.85MB, end 225.81MB, increase: -38.98KB
8-10-2026 02:54:35-debug: Query asset bundle start, progress: 5%
8-10-2026 02:54:35-debug: // ---- build task Query asset bundle ---- (9ms)
8-10-2026 02:54:35-debug: // ---- build task Query asset bundle ----
8-10-2026 02:54:35-debug: // ---- build task Query asset bundle ---- (7ms)
8-10-2026 02:54:35-log: run build task Query asset bundle success in 7 ms√, progress: 10%
8-10-2026 02:54:35-debug: [Build Memory track]: Query asset bundle start:225.84MB, end 225.18MB, increase: -671.72KB
8-10-2026 02:54:35-debug: Sort some build options to settings.json start, progress: 10%
8-10-2026 02:54:35-debug: // ---- build task Sort some build options to settings.json ----
8-10-2026 02:54:35-debug: // ---- build task Sort some build options to settings.json ---- (2ms)
8-10-2026 02:54:35-debug: [Build Memory track]: Sort some build options to settings.json start:225.21MB, end 225.24MB, increase: 26.68KB
8-10-2026 02:54:35-debug: Fill script data to settings start, progress: 12%
8-10-2026 02:54:35-log: run build task Sort some build options to settings.json success in 2 ms√, progress: 12%
8-10-2026 02:54:35-debug: // ---- build task Fill script data to settings ----
8-10-2026 02:54:35-debug: // ---- build task Fill script data to settings ---- (3ms)
8-10-2026 02:54:35-log: run build task Fill script data to settings success in 3 ms√, progress: 13%
8-10-2026 02:54:35-debug: Sort some build options to settings.json start, progress: 13%
8-10-2026 02:54:35-debug: [Build Memory track]: Fill script data to settings start:225.26MB, end 225.29MB, increase: 25.99KB
8-10-2026 02:54:35-debug: // ---- build task Sort some build options to settings.json ----
8-10-2026 02:54:35-debug: // ---- build task Sort some build options to settings.json ---- (17ms)
8-10-2026 02:54:35-log: run build task Sort some build options to settings.json success in 17 ms√, progress: 15%
8-10-2026 02:54:35-debug: [Build Memory track]: Sort some build options to settings.json start:225.32MB, end 225.44MB, increase: 128.98KB
8-10-2026 02:54:57-debug: Query all assets info in project
8-10-2026 02:54:57-debug: init custom config: keepNodeUuid: false, useCache: true
8-10-2026 02:54:57-debug: Skip compress image, progress: 0%
8-10-2026 02:54:57-debug: Init all bundles start..., progress: 0%
8-10-2026 02:54:57-debug: Num of bundles: 2..., progress: 0%
8-10-2026 02:54:57-debug: // ---- build task Query asset bundle ----
8-10-2026 02:54:57-debug: Init bundle root assets start..., progress: 0%
8-10-2026 02:54:57-debug: Query asset bundle start, progress: 0%
8-10-2026 02:54:57-debug: Query preload assets/scripts from cc.config.json: 60f7195c-ec2a-45eb-ba94-8955f60e81d0,1c02ae6f-4492-4915-b8f8-7492a3b1e4cd,810e96e4-e456-4468-9b59-f4e8f39732c0,efe8e2a3-eace-427b-b4f1-cb8a937ec77d,e9aa9a3e-5b2b-4ac7-a2c7-073de2b2b24f,8bbdbcdd-5cd4-4100-b6d5-b7c9625b6107,50f4348b-c883-4e2f-8f11-ce233b859fa1,fda095cb-831d-4601-ad94-846013963de8,f92806d7-1768-443f-afe8-12bcde84d0f0,dd3a144d-ab7f-41f0-82b8-2e43a090d496,f0416e68-0200-4b77-a926-4f9d16e494da,511d2633-09a7-4bdd-ac42-f778032124b3,5d45aa00-e064-4938-b314-4265f0c2258c,9361fd90-ba52-4f84-aa93-6e878fd576ca,970b0598-bcb0-4714-91fb-2e81440dccd8,bcd64cc6-2dd9-43f6-abbe-66318d332032,d930590d-bb92-4cc8-8bd1-23cd027f9edf,a3cd009f-0ab0-420d-9278-b9fdab939bbc,6a2d0734-bd9e-4ddf-946e-caa52498cb75,d9937e59-61fe-4ec6-92ab-7ac5a19c89b0,d1346436-ac96-4271-b863-1f4fdead95b0,971bdb23-3ff6-43eb-b422-1c30165a3663,17debcc3-0a6b-4b8a-b00b-dc58b885581e,711ebe11-f673-4cd9-9a83-63c60ba54c5b,c0143906-9aed-447e-9436-2ae8512d1b6e,14da1725-c4c2-42b4-ab08-ee0aeb6898b3,081cab31-dccd-428e-8652-f2404cc81c47,78e0584a-4343-4727-8f37-e14e65c2a2db,871c3b6c-7379-419d-bda3-794b239ab90d,ff9b0199-ce04-4cfe-86cc-6c719f08d6e4,de1c2107-70c8-4021-8459-6399f24d01c6,cbf30902-517f-40dc-af90-a550bac27cf1,5c601d96-e4c7-4698-991b-7ee674b11079
8-10-2026 02:54:57-debug:   Number of all scripts: 41
8-10-2026 02:54:57-debug:   Number of other assets: 486
8-10-2026 02:54:57-debug: Init bundle root assets success..., progress: 0%
8-10-2026 02:54:57-debug:   Number of all scenes: 3
8-10-2026 02:54:57-debug: // ---- build task Query asset bundle ---- (13ms)
8-10-2026 02:54:57-debug: [Build Memory track]: Query asset bundle start:225.95MB, end 225.94MB, increase: -13.96KB
8-10-2026 02:54:57-debug: Query asset bundle start, progress: 5%
8-10-2026 02:54:57-log: run build task Query asset bundle success in 13 ms√, progress: 5%
8-10-2026 02:54:57-debug: // ---- build task Query asset bundle ----
8-10-2026 02:54:57-debug: // ---- build task Query asset bundle ---- (5ms)
8-10-2026 02:54:57-debug: [Build Memory track]: Query asset bundle start:225.97MB, end 225.28MB, increase: -698.82KB
8-10-2026 02:54:57-debug: Sort some build options to settings.json start, progress: 10%
8-10-2026 02:54:57-log: run build task Query asset bundle success in 5 ms√, progress: 10%
8-10-2026 02:54:57-debug: // ---- build task Sort some build options to settings.json ----
8-10-2026 02:54:57-log: run build task Sort some build options to settings.json success in 1 ms√, progress: 12%
8-10-2026 02:54:57-debug: [Build Memory track]: Sort some build options to settings.json start:225.31MB, end 225.34MB, increase: 26.63KB
8-10-2026 02:54:57-debug: // ---- build task Sort some build options to settings.json ---- (1ms)
8-10-2026 02:54:57-debug: // ---- build task Fill script data to settings ----
8-10-2026 02:54:57-debug: Fill script data to settings start, progress: 12%
8-10-2026 02:54:57-debug: // ---- build task Fill script data to settings ---- (2ms)
8-10-2026 02:54:57-log: run build task Fill script data to settings success in 2 ms√, progress: 13%
8-10-2026 02:54:57-debug: Sort some build options to settings.json start, progress: 13%
8-10-2026 02:54:57-debug: [Build Memory track]: Fill script data to settings start:225.36MB, end 225.39MB, increase: 26.04KB
8-10-2026 02:54:57-debug: // ---- build task Sort some build options to settings.json ----
8-10-2026 02:54:57-debug: // ---- build task Sort some build options to settings.json ---- (14ms)
8-10-2026 02:54:57-log: run build task Sort some build options to settings.json success in 14 ms√, progress: 15%
8-10-2026 02:54:57-debug: [Build Memory track]: Sort some build options to settings.json start:225.42MB, end 225.55MB, increase: 131.29KB
8-10-2026 02:55:19-debug: Query all assets info in project
8-10-2026 02:55:19-debug: init custom config: keepNodeUuid: false, useCache: true
8-10-2026 02:55:19-debug: Skip compress image, progress: 0%
8-10-2026 02:55:19-debug: Init all bundles start..., progress: 0%
8-10-2026 02:55:19-debug: Num of bundles: 2..., progress: 0%
8-10-2026 02:55:19-debug: Query asset bundle start, progress: 0%
8-10-2026 02:55:19-debug: Init bundle root assets start..., progress: 0%
8-10-2026 02:55:19-debug: // ---- build task Query asset bundle ----
8-10-2026 02:55:19-debug: Query preload assets/scripts from cc.config.json: 60f7195c-ec2a-45eb-ba94-8955f60e81d0,1c02ae6f-4492-4915-b8f8-7492a3b1e4cd,810e96e4-e456-4468-9b59-f4e8f39732c0,efe8e2a3-eace-427b-b4f1-cb8a937ec77d,e9aa9a3e-5b2b-4ac7-a2c7-073de2b2b24f,8bbdbcdd-5cd4-4100-b6d5-b7c9625b6107,50f4348b-c883-4e2f-8f11-ce233b859fa1,fda095cb-831d-4601-ad94-846013963de8,f92806d7-1768-443f-afe8-12bcde84d0f0,dd3a144d-ab7f-41f0-82b8-2e43a090d496,f0416e68-0200-4b77-a926-4f9d16e494da,511d2633-09a7-4bdd-ac42-f778032124b3,5d45aa00-e064-4938-b314-4265f0c2258c,9361fd90-ba52-4f84-aa93-6e878fd576ca,970b0598-bcb0-4714-91fb-2e81440dccd8,bcd64cc6-2dd9-43f6-abbe-66318d332032,d930590d-bb92-4cc8-8bd1-23cd027f9edf,a3cd009f-0ab0-420d-9278-b9fdab939bbc,6a2d0734-bd9e-4ddf-946e-caa52498cb75,d9937e59-61fe-4ec6-92ab-7ac5a19c89b0,d1346436-ac96-4271-b863-1f4fdead95b0,971bdb23-3ff6-43eb-b422-1c30165a3663,17debcc3-0a6b-4b8a-b00b-dc58b885581e,711ebe11-f673-4cd9-9a83-63c60ba54c5b,c0143906-9aed-447e-9436-2ae8512d1b6e,14da1725-c4c2-42b4-ab08-ee0aeb6898b3,081cab31-dccd-428e-8652-f2404cc81c47,78e0584a-4343-4727-8f37-e14e65c2a2db,871c3b6c-7379-419d-bda3-794b239ab90d,ff9b0199-ce04-4cfe-86cc-6c719f08d6e4,de1c2107-70c8-4021-8459-6399f24d01c6,cbf30902-517f-40dc-af90-a550bac27cf1,5c601d96-e4c7-4698-991b-7ee674b11079
8-10-2026 02:55:19-debug:   Number of all scripts: 41
8-10-2026 02:55:19-debug:   Number of all scenes: 3
8-10-2026 02:55:19-debug:   Number of other assets: 486
8-10-2026 02:55:19-debug: Init bundle root assets success..., progress: 0%
8-10-2026 02:55:19-debug: // ---- build task Query asset bundle ---- (13ms)
8-10-2026 02:55:19-log: run build task Query asset bundle success in 13 ms√, progress: 5%
8-10-2026 02:55:19-debug: [Build Memory track]: Query asset bundle start:226.08MB, end 226.04MB, increase: -42.73KB
8-10-2026 02:55:19-debug: Query asset bundle start, progress: 5%
8-10-2026 02:55:19-debug: // ---- build task Query asset bundle ----
8-10-2026 02:55:19-debug: // ---- build task Query asset bundle ---- (10ms)
8-10-2026 02:55:19-log: run build task Query asset bundle success in 10 ms√, progress: 10%
8-10-2026 02:55:19-debug: // ---- build task Sort some build options to settings.json ----
8-10-2026 02:55:19-debug: [Build Memory track]: Query asset bundle start:226.07MB, end 225.39MB, increase: -697.95KB
8-10-2026 02:55:19-debug: Sort some build options to settings.json start, progress: 10%
8-10-2026 02:55:19-debug: // ---- build task Sort some build options to settings.json ---- (5ms)
8-10-2026 02:55:19-log: run build task Sort some build options to settings.json success in 5 ms√, progress: 12%
8-10-2026 02:55:19-debug: [Build Memory track]: Sort some build options to settings.json start:225.42MB, end 225.44MB, increase: 26.63KB
8-10-2026 02:55:19-debug: Fill script data to settings start, progress: 12%
8-10-2026 02:55:19-debug: // ---- build task Fill script data to settings ----
8-10-2026 02:55:19-debug: // ---- build task Fill script data to settings ---- (6ms)
8-10-2026 02:55:19-log: run build task Fill script data to settings success in 6 ms√, progress: 13%
8-10-2026 02:55:19-debug: [Build Memory track]: Fill script data to settings start:225.47MB, end 225.50MB, increase: 26.10KB
8-10-2026 02:55:19-debug: Sort some build options to settings.json start, progress: 13%
8-10-2026 02:55:19-debug: // ---- build task Sort some build options to settings.json ----
8-10-2026 02:55:19-debug: // ---- build task Sort some build options to settings.json ---- (14ms)
8-10-2026 02:55:19-log: run build task Sort some build options to settings.json success in 14 ms√, progress: 15%
8-10-2026 02:55:19-debug: [Build Memory track]: Sort some build options to settings.json start:225.52MB, end 225.65MB, increase: 129.07KB
8-10-2026 02:55:43-debug: Query all assets info in project
8-10-2026 02:55:43-debug: init custom config: keepNodeUuid: false, useCache: true
8-10-2026 02:55:43-debug: Skip compress image, progress: 0%
8-10-2026 02:55:43-debug: Init all bundles start..., progress: 0%
8-10-2026 02:55:43-debug: Num of bundles: 2..., progress: 0%
8-10-2026 02:55:43-debug: Query asset bundle start, progress: 0%
8-10-2026 02:55:43-debug: // ---- build task Query asset bundle ----
8-10-2026 02:55:43-debug: Init bundle root assets start..., progress: 0%
8-10-2026 02:55:43-debug: Query preload assets/scripts from cc.config.json: 60f7195c-ec2a-45eb-ba94-8955f60e81d0,1c02ae6f-4492-4915-b8f8-7492a3b1e4cd,810e96e4-e456-4468-9b59-f4e8f39732c0,efe8e2a3-eace-427b-b4f1-cb8a937ec77d,e9aa9a3e-5b2b-4ac7-a2c7-073de2b2b24f,8bbdbcdd-5cd4-4100-b6d5-b7c9625b6107,50f4348b-c883-4e2f-8f11-ce233b859fa1,fda095cb-831d-4601-ad94-846013963de8,f92806d7-1768-443f-afe8-12bcde84d0f0,dd3a144d-ab7f-41f0-82b8-2e43a090d496,f0416e68-0200-4b77-a926-4f9d16e494da,511d2633-09a7-4bdd-ac42-f778032124b3,5d45aa00-e064-4938-b314-4265f0c2258c,9361fd90-ba52-4f84-aa93-6e878fd576ca,970b0598-bcb0-4714-91fb-2e81440dccd8,bcd64cc6-2dd9-43f6-abbe-66318d332032,d930590d-bb92-4cc8-8bd1-23cd027f9edf,a3cd009f-0ab0-420d-9278-b9fdab939bbc,6a2d0734-bd9e-4ddf-946e-caa52498cb75,d9937e59-61fe-4ec6-92ab-7ac5a19c89b0,d1346436-ac96-4271-b863-1f4fdead95b0,971bdb23-3ff6-43eb-b422-1c30165a3663,17debcc3-0a6b-4b8a-b00b-dc58b885581e,711ebe11-f673-4cd9-9a83-63c60ba54c5b,c0143906-9aed-447e-9436-2ae8512d1b6e,14da1725-c4c2-42b4-ab08-ee0aeb6898b3,081cab31-dccd-428e-8652-f2404cc81c47,78e0584a-4343-4727-8f37-e14e65c2a2db,871c3b6c-7379-419d-bda3-794b239ab90d,ff9b0199-ce04-4cfe-86cc-6c719f08d6e4,de1c2107-70c8-4021-8459-6399f24d01c6,cbf30902-517f-40dc-af90-a550bac27cf1,5c601d96-e4c7-4698-991b-7ee674b11079
8-10-2026 02:55:43-debug:   Number of all scenes: 3
8-10-2026 02:55:43-debug:   Number of other assets: 486
8-10-2026 02:55:43-debug: Init bundle root assets success..., progress: 0%
8-10-2026 02:55:43-debug:   Number of all scripts: 41
8-10-2026 02:55:43-log: run build task Query asset bundle success in 15 ms√, progress: 5%
8-10-2026 02:55:43-debug: [Build Memory track]: Query asset bundle start:226.19MB, end 226.15MB, increase: -46.73KB
8-10-2026 02:55:43-debug: Query asset bundle start, progress: 5%
8-10-2026 02:55:43-debug: // ---- build task Query asset bundle ----
8-10-2026 02:55:43-debug: // ---- build task Query asset bundle ---- (15ms)
8-10-2026 02:55:43-debug: // ---- build task Query asset bundle ---- (6ms)
8-10-2026 02:55:43-log: run build task Query asset bundle success in 6 ms√, progress: 10%
8-10-2026 02:55:43-debug: [Build Memory track]: Query asset bundle start:226.17MB, end 225.49MB, increase: -696.47KB
8-10-2026 02:55:43-debug: Sort some build options to settings.json start, progress: 10%
8-10-2026 02:55:43-debug: // ---- build task Sort some build options to settings.json ----
8-10-2026 02:55:43-debug: // ---- build task Sort some build options to settings.json ---- (4ms)
8-10-2026 02:55:43-log: run build task Sort some build options to settings.json success in 4 ms√, progress: 12%
8-10-2026 02:55:43-debug: [Build Memory track]: Sort some build options to settings.json start:225.52MB, end 225.55MB, increase: 26.71KB
8-10-2026 02:55:43-debug: Fill script data to settings start, progress: 12%
8-10-2026 02:55:43-debug: // ---- build task Fill script data to settings ----
8-10-2026 02:55:43-debug: // ---- build task Fill script data to settings ---- (3ms)
8-10-2026 02:55:43-debug: [Build Memory track]: Fill script data to settings start:225.58MB, end 225.61MB, increase: 37.76KB
8-10-2026 02:55:43-debug: Sort some build options to settings.json start, progress: 13%
8-10-2026 02:55:43-log: run build task Fill script data to settings success in 3 ms√, progress: 13%
8-10-2026 02:55:43-debug: // ---- build task Sort some build options to settings.json ----
8-10-2026 02:55:43-debug: // ---- build task Sort some build options to settings.json ---- (14ms)
8-10-2026 02:55:43-log: run build task Sort some build options to settings.json success in 14 ms√, progress: 15%
8-10-2026 02:55:43-debug: [Build Memory track]: Sort some build options to settings.json start:225.64MB, end 225.77MB, increase: 127.65KB
8-10-2026 02:56:05-debug: Query all assets info in project
8-10-2026 02:56:05-debug: init custom config: keepNodeUuid: false, useCache: true
8-10-2026 02:56:05-debug: Skip compress image, progress: 0%
8-10-2026 02:56:05-debug: Init all bundles start..., progress: 0%
8-10-2026 02:56:05-debug: Num of bundles: 2..., progress: 0%
8-10-2026 02:56:05-debug: Init bundle root assets start..., progress: 0%
8-10-2026 02:56:05-debug: // ---- build task Query asset bundle ----
8-10-2026 02:56:05-debug: Query asset bundle start, progress: 0%
8-10-2026 02:56:05-debug: Query preload assets/scripts from cc.config.json: 60f7195c-ec2a-45eb-ba94-8955f60e81d0,1c02ae6f-4492-4915-b8f8-7492a3b1e4cd,810e96e4-e456-4468-9b59-f4e8f39732c0,efe8e2a3-eace-427b-b4f1-cb8a937ec77d,e9aa9a3e-5b2b-4ac7-a2c7-073de2b2b24f,8bbdbcdd-5cd4-4100-b6d5-b7c9625b6107,50f4348b-c883-4e2f-8f11-ce233b859fa1,fda095cb-831d-4601-ad94-846013963de8,f92806d7-1768-443f-afe8-12bcde84d0f0,dd3a144d-ab7f-41f0-82b8-2e43a090d496,f0416e68-0200-4b77-a926-4f9d16e494da,511d2633-09a7-4bdd-ac42-f778032124b3,5d45aa00-e064-4938-b314-4265f0c2258c,9361fd90-ba52-4f84-aa93-6e878fd576ca,970b0598-bcb0-4714-91fb-2e81440dccd8,bcd64cc6-2dd9-43f6-abbe-66318d332032,d930590d-bb92-4cc8-8bd1-23cd027f9edf,a3cd009f-0ab0-420d-9278-b9fdab939bbc,6a2d0734-bd9e-4ddf-946e-caa52498cb75,d9937e59-61fe-4ec6-92ab-7ac5a19c89b0,d1346436-ac96-4271-b863-1f4fdead95b0,971bdb23-3ff6-43eb-b422-1c30165a3663,17debcc3-0a6b-4b8a-b00b-dc58b885581e,711ebe11-f673-4cd9-9a83-63c60ba54c5b,c0143906-9aed-447e-9436-2ae8512d1b6e,14da1725-c4c2-42b4-ab08-ee0aeb6898b3,081cab31-dccd-428e-8652-f2404cc81c47,78e0584a-4343-4727-8f37-e14e65c2a2db,871c3b6c-7379-419d-bda3-794b239ab90d,ff9b0199-ce04-4cfe-86cc-6c719f08d6e4,de1c2107-70c8-4021-8459-6399f24d01c6,cbf30902-517f-40dc-af90-a550bac27cf1,5c601d96-e4c7-4698-991b-7ee674b11079
8-10-2026 02:56:05-debug:   Number of all scripts: 41
8-10-2026 02:56:05-debug:   Number of other assets: 486
8-10-2026 02:56:05-debug: Init bundle root assets success..., progress: 0%
8-10-2026 02:56:05-debug:   Number of all scenes: 3
8-10-2026 02:56:05-debug: // ---- build task Query asset bundle ---- (12ms)
8-10-2026 02:56:05-log: run build task Query asset bundle success in 12 ms√, progress: 5%
8-10-2026 02:56:05-debug: [Build Memory track]: Query asset bundle start:226.29MB, end 226.26MB, increase: -25.23KB
8-10-2026 02:56:05-debug: // ---- build task Query asset bundle ----
8-10-2026 02:56:05-debug: Query asset bundle start, progress: 5%
8-10-2026 02:56:05-debug: // ---- build task Query asset bundle ---- (8ms)
8-10-2026 02:56:05-log: run build task Query asset bundle success in 8 ms√, progress: 10%
8-10-2026 02:56:05-debug: [Build Memory track]: Query asset bundle start:226.29MB, end 225.61MB, increase: -690.98KB
8-10-2026 02:56:05-debug: Sort some build options to settings.json start, progress: 10%
8-10-2026 02:56:05-debug: // ---- build task Sort some build options to settings.json ----
8-10-2026 02:56:05-debug: // ---- build task Sort some build options to settings.json ---- (3ms)
8-10-2026 02:56:05-log: run build task Sort some build options to settings.json success in 3 ms√, progress: 12%
8-10-2026 02:56:05-debug: [Build Memory track]: Sort some build options to settings.json start:225.64MB, end 225.67MB, increase: 26.58KB
8-10-2026 02:56:05-debug: // ---- build task Fill script data to settings ----
8-10-2026 02:56:05-debug: Fill script data to settings start, progress: 12%
8-10-2026 02:56:05-debug: // ---- build task Fill script data to settings ---- (1ms)
8-10-2026 02:56:05-log: run build task Fill script data to settings success in 1 ms√, progress: 13%
8-10-2026 02:56:05-debug: Sort some build options to settings.json start, progress: 13%
8-10-2026 02:56:05-debug: [Build Memory track]: Fill script data to settings start:225.70MB, end 225.72MB, increase: 25.89KB
8-10-2026 02:56:05-debug: // ---- build task Sort some build options to settings.json ----
8-10-2026 02:56:05-debug: // ---- build task Sort some build options to settings.json ---- (20ms)
8-10-2026 02:56:05-log: run build task Sort some build options to settings.json success in 20 ms√, progress: 15%
8-10-2026 02:56:05-debug: [Build Memory track]: Sort some build options to settings.json start:225.75MB, end 225.87MB, increase: 129.09KB
8-10-2026 02:56:26-debug: Query all assets info in project
8-10-2026 02:56:26-debug: init custom config: keepNodeUuid: false, useCache: true
8-10-2026 02:56:26-debug: Skip compress image, progress: 0%
8-10-2026 02:56:26-debug: Num of bundles: 2..., progress: 0%
8-10-2026 02:56:26-debug: Query asset bundle start, progress: 0%
8-10-2026 02:56:26-debug: Init all bundles start..., progress: 0%
8-10-2026 02:56:26-debug: // ---- build task Query asset bundle ----
8-10-2026 02:56:26-debug: Init bundle root assets start..., progress: 0%
8-10-2026 02:56:26-debug: Query preload assets/scripts from cc.config.json: 60f7195c-ec2a-45eb-ba94-8955f60e81d0,1c02ae6f-4492-4915-b8f8-7492a3b1e4cd,810e96e4-e456-4468-9b59-f4e8f39732c0,efe8e2a3-eace-427b-b4f1-cb8a937ec77d,e9aa9a3e-5b2b-4ac7-a2c7-073de2b2b24f,8bbdbcdd-5cd4-4100-b6d5-b7c9625b6107,50f4348b-c883-4e2f-8f11-ce233b859fa1,fda095cb-831d-4601-ad94-846013963de8,f92806d7-1768-443f-afe8-12bcde84d0f0,dd3a144d-ab7f-41f0-82b8-2e43a090d496,f0416e68-0200-4b77-a926-4f9d16e494da,511d2633-09a7-4bdd-ac42-f778032124b3,5d45aa00-e064-4938-b314-4265f0c2258c,9361fd90-ba52-4f84-aa93-6e878fd576ca,970b0598-bcb0-4714-91fb-2e81440dccd8,bcd64cc6-2dd9-43f6-abbe-66318d332032,d930590d-bb92-4cc8-8bd1-23cd027f9edf,a3cd009f-0ab0-420d-9278-b9fdab939bbc,6a2d0734-bd9e-4ddf-946e-caa52498cb75,d9937e59-61fe-4ec6-92ab-7ac5a19c89b0,d1346436-ac96-4271-b863-1f4fdead95b0,971bdb23-3ff6-43eb-b422-1c30165a3663,17debcc3-0a6b-4b8a-b00b-dc58b885581e,711ebe11-f673-4cd9-9a83-63c60ba54c5b,c0143906-9aed-447e-9436-2ae8512d1b6e,14da1725-c4c2-42b4-ab08-ee0aeb6898b3,081cab31-dccd-428e-8652-f2404cc81c47,78e0584a-4343-4727-8f37-e14e65c2a2db,871c3b6c-7379-419d-bda3-794b239ab90d,ff9b0199-ce04-4cfe-86cc-6c719f08d6e4,de1c2107-70c8-4021-8459-6399f24d01c6,cbf30902-517f-40dc-af90-a550bac27cf1,5c601d96-e4c7-4698-991b-7ee674b11079
8-10-2026 02:56:26-debug:   Number of all scripts: 41
8-10-2026 02:56:26-debug:   Number of other assets: 486
8-10-2026 02:56:26-debug: Init bundle root assets success..., progress: 0%
8-10-2026 02:56:26-debug:   Number of all scenes: 3
8-10-2026 02:56:26-debug: // ---- build task Query asset bundle ---- (10ms)
8-10-2026 02:56:26-log: run build task Query asset bundle success in 10 ms√, progress: 5%
8-10-2026 02:56:26-debug: [Build Memory track]: Query asset bundle start:226.42MB, end 226.37MB, increase: -44.93KB
8-10-2026 02:56:26-debug: Query asset bundle start, progress: 5%
8-10-2026 02:56:26-debug: // ---- build task Query asset bundle ----
8-10-2026 02:56:26-debug: // ---- build task Query asset bundle ---- (5ms)
8-10-2026 02:56:26-log: run build task Query asset bundle success in 5 ms√, progress: 10%
8-10-2026 02:56:26-debug: [Build Memory track]: Query asset bundle start:226.40MB, end 225.73MB, increase: -691.97KB
8-10-2026 02:56:26-debug: Sort some build options to settings.json start, progress: 10%
8-10-2026 02:56:26-debug: // ---- build task Sort some build options to settings.json ----
8-10-2026 02:56:26-debug: // ---- build task Sort some build options to settings.json ---- (2ms)
8-10-2026 02:56:26-log: run build task Sort some build options to settings.json success in 2 ms√, progress: 12%
8-10-2026 02:56:26-debug: [Build Memory track]: Sort some build options to settings.json start:225.75MB, end 225.78MB, increase: 26.53KB
8-10-2026 02:56:26-debug: // ---- build task Fill script data to settings ----
8-10-2026 02:56:26-debug: Fill script data to settings start, progress: 12%
8-10-2026 02:56:26-debug: // ---- build task Fill script data to settings ---- (4ms)
8-10-2026 02:56:26-debug: Sort some build options to settings.json start, progress: 13%
8-10-2026 02:56:26-log: run build task Fill script data to settings success in 4 ms√, progress: 13%
8-10-2026 02:56:26-debug: [Build Memory track]: Fill script data to settings start:225.81MB, end 225.83MB, increase: 26.70KB
8-10-2026 02:56:26-debug: // ---- build task Sort some build options to settings.json ----
8-10-2026 02:56:26-debug: // ---- build task Sort some build options to settings.json ---- (15ms)
8-10-2026 02:56:26-log: run build task Sort some build options to settings.json success in 15 ms√, progress: 15%
8-10-2026 02:56:26-debug: [Build Memory track]: Sort some build options to settings.json start:225.86MB, end 225.98MB, increase: 126.04KB
8-10-2026 02:56:49-debug: Query all assets info in project
8-10-2026 02:56:49-debug: init custom config: keepNodeUuid: false, useCache: true
8-10-2026 02:56:49-debug: Skip compress image, progress: 0%
8-10-2026 02:56:49-debug: Init all bundles start..., progress: 0%
8-10-2026 02:56:49-debug: Num of bundles: 2..., progress: 0%
8-10-2026 02:56:49-debug: Query asset bundle start, progress: 0%
8-10-2026 02:56:49-debug: Init bundle root assets start..., progress: 0%
8-10-2026 02:56:49-debug: // ---- build task Query asset bundle ----
8-10-2026 02:56:49-debug: Query preload assets/scripts from cc.config.json: 60f7195c-ec2a-45eb-ba94-8955f60e81d0,1c02ae6f-4492-4915-b8f8-7492a3b1e4cd,810e96e4-e456-4468-9b59-f4e8f39732c0,efe8e2a3-eace-427b-b4f1-cb8a937ec77d,e9aa9a3e-5b2b-4ac7-a2c7-073de2b2b24f,8bbdbcdd-5cd4-4100-b6d5-b7c9625b6107,50f4348b-c883-4e2f-8f11-ce233b859fa1,fda095cb-831d-4601-ad94-846013963de8,f92806d7-1768-443f-afe8-12bcde84d0f0,dd3a144d-ab7f-41f0-82b8-2e43a090d496,f0416e68-0200-4b77-a926-4f9d16e494da,511d2633-09a7-4bdd-ac42-f778032124b3,5d45aa00-e064-4938-b314-4265f0c2258c,9361fd90-ba52-4f84-aa93-6e878fd576ca,970b0598-bcb0-4714-91fb-2e81440dccd8,bcd64cc6-2dd9-43f6-abbe-66318d332032,d930590d-bb92-4cc8-8bd1-23cd027f9edf,a3cd009f-0ab0-420d-9278-b9fdab939bbc,6a2d0734-bd9e-4ddf-946e-caa52498cb75,d9937e59-61fe-4ec6-92ab-7ac5a19c89b0,d1346436-ac96-4271-b863-1f4fdead95b0,971bdb23-3ff6-43eb-b422-1c30165a3663,17debcc3-0a6b-4b8a-b00b-dc58b885581e,711ebe11-f673-4cd9-9a83-63c60ba54c5b,c0143906-9aed-447e-9436-2ae8512d1b6e,14da1725-c4c2-42b4-ab08-ee0aeb6898b3,081cab31-dccd-428e-8652-f2404cc81c47,78e0584a-4343-4727-8f37-e14e65c2a2db,871c3b6c-7379-419d-bda3-794b239ab90d,ff9b0199-ce04-4cfe-86cc-6c719f08d6e4,de1c2107-70c8-4021-8459-6399f24d01c6,cbf30902-517f-40dc-af90-a550bac27cf1,5c601d96-e4c7-4698-991b-7ee674b11079
8-10-2026 02:56:49-debug:   Number of all scenes: 3
8-10-2026 02:56:49-debug:   Number of all scripts: 41
8-10-2026 02:56:49-debug: Init bundle root assets success..., progress: 0%
8-10-2026 02:56:49-debug:   Number of other assets: 486
8-10-2026 02:56:49-debug: // ---- build task Query asset bundle ---- (14ms)
8-10-2026 02:56:49-log: run build task Query asset bundle success in 14 ms√, progress: 5%
8-10-2026 02:56:49-debug: [Build Memory track]: Query asset bundle start:226.50MB, end 226.48MB, increase: -20.16KB
8-10-2026 02:56:49-debug: Query asset bundle start, progress: 5%
8-10-2026 02:56:49-debug: // ---- build task Query asset bundle ----
8-10-2026 02:56:49-debug: // ---- build task Query asset bundle ---- (9ms)
8-10-2026 02:56:49-log: run build task Query asset bundle success in 9 ms√, progress: 10%
8-10-2026 02:56:49-debug: [Build Memory track]: Query asset bundle start:226.51MB, end 225.84MB, increase: -690.81KB
8-10-2026 02:56:49-debug: Sort some build options to settings.json start, progress: 10%
8-10-2026 02:56:49-debug: // ---- build task Sort some build options to settings.json ----
8-10-2026 02:56:49-debug: // ---- build task Sort some build options to settings.json ---- (6ms)
8-10-2026 02:56:49-log: run build task Sort some build options to settings.json success in 6 ms√, progress: 12%
8-10-2026 02:56:49-debug: [Build Memory track]: Sort some build options to settings.json start:225.87MB, end 225.89MB, increase: 26.62KB
8-10-2026 02:56:49-debug: Fill script data to settings start, progress: 12%
8-10-2026 02:56:49-debug: // ---- build task Fill script data to settings ----
8-10-2026 02:56:49-debug: // ---- build task Fill script data to settings ---- (9ms)
8-10-2026 02:56:49-log: run build task Fill script data to settings success in 9 ms√, progress: 13%
8-10-2026 02:56:49-debug: [Build Memory track]: Fill script data to settings start:225.92MB, end 225.94MB, increase: 25.63KB
8-10-2026 02:56:49-debug: Sort some build options to settings.json start, progress: 13%
8-10-2026 02:56:49-debug: // ---- build task Sort some build options to settings.json ----
8-10-2026 02:56:50-debug: // ---- build task Sort some build options to settings.json ---- (15ms)
8-10-2026 02:56:50-log: run build task Sort some build options to settings.json success in 15 ms√, progress: 15%
8-10-2026 02:56:50-debug: [Build Memory track]: Sort some build options to settings.json start:225.97MB, end 226.10MB, increase: 126.26KB
8-10-2026 02:57:09-debug: Query all assets info in project
8-10-2026 02:57:09-debug: init custom config: keepNodeUuid: false, useCache: true
8-10-2026 02:57:09-debug: Skip compress image, progress: 0%
8-10-2026 02:57:09-debug: Init all bundles start..., progress: 0%
8-10-2026 02:57:09-debug: Query asset bundle start, progress: 0%
8-10-2026 02:57:09-debug: // ---- build task Query asset bundle ----
8-10-2026 02:57:09-debug: Init bundle root assets start..., progress: 0%
8-10-2026 02:57:09-debug: Num of bundles: 2..., progress: 0%
8-10-2026 02:57:09-debug: Query preload assets/scripts from cc.config.json: 60f7195c-ec2a-45eb-ba94-8955f60e81d0,1c02ae6f-4492-4915-b8f8-7492a3b1e4cd,810e96e4-e456-4468-9b59-f4e8f39732c0,efe8e2a3-eace-427b-b4f1-cb8a937ec77d,e9aa9a3e-5b2b-4ac7-a2c7-073de2b2b24f,8bbdbcdd-5cd4-4100-b6d5-b7c9625b6107,50f4348b-c883-4e2f-8f11-ce233b859fa1,fda095cb-831d-4601-ad94-846013963de8,f92806d7-1768-443f-afe8-12bcde84d0f0,dd3a144d-ab7f-41f0-82b8-2e43a090d496,f0416e68-0200-4b77-a926-4f9d16e494da,511d2633-09a7-4bdd-ac42-f778032124b3,5d45aa00-e064-4938-b314-4265f0c2258c,9361fd90-ba52-4f84-aa93-6e878fd576ca,970b0598-bcb0-4714-91fb-2e81440dccd8,bcd64cc6-2dd9-43f6-abbe-66318d332032,d930590d-bb92-4cc8-8bd1-23cd027f9edf,a3cd009f-0ab0-420d-9278-b9fdab939bbc,6a2d0734-bd9e-4ddf-946e-caa52498cb75,d9937e59-61fe-4ec6-92ab-7ac5a19c89b0,d1346436-ac96-4271-b863-1f4fdead95b0,971bdb23-3ff6-43eb-b422-1c30165a3663,17debcc3-0a6b-4b8a-b00b-dc58b885581e,711ebe11-f673-4cd9-9a83-63c60ba54c5b,c0143906-9aed-447e-9436-2ae8512d1b6e,14da1725-c4c2-42b4-ab08-ee0aeb6898b3,081cab31-dccd-428e-8652-f2404cc81c47,78e0584a-4343-4727-8f37-e14e65c2a2db,871c3b6c-7379-419d-bda3-794b239ab90d,ff9b0199-ce04-4cfe-86cc-6c719f08d6e4,de1c2107-70c8-4021-8459-6399f24d01c6,cbf30902-517f-40dc-af90-a550bac27cf1,5c601d96-e4c7-4698-991b-7ee674b11079
8-10-2026 02:57:09-debug:   Number of all scripts: 41
8-10-2026 02:57:09-debug:   Number of other assets: 486
8-10-2026 02:57:09-debug: Init bundle root assets success..., progress: 0%
8-10-2026 02:57:09-debug:   Number of all scenes: 3
8-10-2026 02:57:09-debug: // ---- build task Query asset bundle ---- (13ms)
8-10-2026 02:57:09-log: run build task Query asset bundle success in 13 ms√, progress: 5%
8-10-2026 02:57:09-debug: [Build Memory track]: Query asset bundle start:226.67MB, end 226.64MB, increase: -27.49KB
8-10-2026 02:57:09-debug: Query asset bundle start, progress: 5%
8-10-2026 02:57:09-debug: // ---- build task Query asset bundle ----
8-10-2026 02:57:09-debug: // ---- build task Query asset bundle ---- (7ms)
8-10-2026 02:57:09-log: run build task Query asset bundle success in 7 ms√, progress: 10%
8-10-2026 02:57:09-debug: [Build Memory track]: Query asset bundle start:226.67MB, end 226.00MB, increase: -686.49KB
8-10-2026 02:57:09-debug: Sort some build options to settings.json start, progress: 10%
8-10-2026 02:57:09-debug: // ---- build task Sort some build options to settings.json ----
8-10-2026 02:57:09-debug: // ---- build task Sort some build options to settings.json ---- (4ms)
8-10-2026 02:57:09-log: run build task Sort some build options to settings.json success in 4 ms√, progress: 12%
8-10-2026 02:57:09-debug: Fill script data to settings start, progress: 12%
8-10-2026 02:57:09-debug: [Build Memory track]: Sort some build options to settings.json start:226.03MB, end 226.05MB, increase: 26.23KB
8-10-2026 02:57:09-debug: // ---- build task Fill script data to settings ----
8-10-2026 02:57:09-debug: // ---- build task Fill script data to settings ---- (3ms)
8-10-2026 02:57:09-log: run build task Fill script data to settings success in 3 ms√, progress: 13%
8-10-2026 02:57:09-debug: [Build Memory track]: Fill script data to settings start:226.08MB, end 226.10MB, increase: 25.57KB
8-10-2026 02:57:09-debug: Sort some build options to settings.json start, progress: 13%
8-10-2026 02:57:09-debug: // ---- build task Sort some build options to settings.json ----
8-10-2026 02:57:09-debug: // ---- build task Sort some build options to settings.json ---- (17ms)
8-10-2026 02:57:09-debug: [Build Memory track]: Sort some build options to settings.json start:226.13MB, end 226.25MB, increase: 126.04KB
8-10-2026 02:57:09-log: run build task Sort some build options to settings.json success in 17 ms√, progress: 15%
8-10-2026 02:57:29-debug: Query all assets info in project
8-10-2026 02:57:29-debug: init custom config: keepNodeUuid: false, useCache: true
8-10-2026 02:57:29-debug: Skip compress image, progress: 0%
8-10-2026 02:57:29-debug: Init all bundles start..., progress: 0%
8-10-2026 02:57:29-debug: Num of bundles: 2..., progress: 0%
8-10-2026 02:57:29-debug: Query asset bundle start, progress: 0%
8-10-2026 02:57:29-debug: Init bundle root assets start..., progress: 0%
8-10-2026 02:57:29-debug: // ---- build task Query asset bundle ----
8-10-2026 02:57:29-debug: Query preload assets/scripts from cc.config.json: 60f7195c-ec2a-45eb-ba94-8955f60e81d0,1c02ae6f-4492-4915-b8f8-7492a3b1e4cd,810e96e4-e456-4468-9b59-f4e8f39732c0,efe8e2a3-eace-427b-b4f1-cb8a937ec77d,e9aa9a3e-5b2b-4ac7-a2c7-073de2b2b24f,8bbdbcdd-5cd4-4100-b6d5-b7c9625b6107,50f4348b-c883-4e2f-8f11-ce233b859fa1,fda095cb-831d-4601-ad94-846013963de8,f92806d7-1768-443f-afe8-12bcde84d0f0,dd3a144d-ab7f-41f0-82b8-2e43a090d496,f0416e68-0200-4b77-a926-4f9d16e494da,511d2633-09a7-4bdd-ac42-f778032124b3,5d45aa00-e064-4938-b314-4265f0c2258c,9361fd90-ba52-4f84-aa93-6e878fd576ca,970b0598-bcb0-4714-91fb-2e81440dccd8,bcd64cc6-2dd9-43f6-abbe-66318d332032,d930590d-bb92-4cc8-8bd1-23cd027f9edf,a3cd009f-0ab0-420d-9278-b9fdab939bbc,6a2d0734-bd9e-4ddf-946e-caa52498cb75,d9937e59-61fe-4ec6-92ab-7ac5a19c89b0,d1346436-ac96-4271-b863-1f4fdead95b0,971bdb23-3ff6-43eb-b422-1c30165a3663,17debcc3-0a6b-4b8a-b00b-dc58b885581e,711ebe11-f673-4cd9-9a83-63c60ba54c5b,c0143906-9aed-447e-9436-2ae8512d1b6e,14da1725-c4c2-42b4-ab08-ee0aeb6898b3,081cab31-dccd-428e-8652-f2404cc81c47,78e0584a-4343-4727-8f37-e14e65c2a2db,871c3b6c-7379-419d-bda3-794b239ab90d,ff9b0199-ce04-4cfe-86cc-6c719f08d6e4,de1c2107-70c8-4021-8459-6399f24d01c6,cbf30902-517f-40dc-af90-a550bac27cf1,5c601d96-e4c7-4698-991b-7ee674b11079
8-10-2026 02:57:29-debug:   Number of all scripts: 41
8-10-2026 02:57:29-debug:   Number of other assets: 486
8-10-2026 02:57:29-debug: Init bundle root assets success..., progress: 0%
8-10-2026 02:57:29-debug:   Number of all scenes: 3
8-10-2026 02:57:29-debug: // ---- build task Query asset bundle ---- (12ms)
8-10-2026 02:57:29-log: run build task Query asset bundle success in 12 ms√, progress: 5%
8-10-2026 02:57:29-debug: [Build Memory track]: Query asset bundle start:226.77MB, end 226.74MB, increase: -25.70KB
8-10-2026 02:57:29-debug: Query asset bundle start, progress: 5%
8-10-2026 02:57:29-debug: // ---- build task Query asset bundle ----
8-10-2026 02:57:29-debug: // ---- build task Query asset bundle ---- (8ms)
8-10-2026 02:57:29-log: run build task Query asset bundle success in 8 ms√, progress: 10%
8-10-2026 02:57:29-debug: [Build Memory track]: Query asset bundle start:226.77MB, end 226.09MB, increase: -696.97KB
8-10-2026 02:57:29-debug: Sort some build options to settings.json start, progress: 10%
8-10-2026 02:57:29-debug: // ---- build task Sort some build options to settings.json ----
8-10-2026 02:57:29-debug: // ---- build task Sort some build options to settings.json ---- (3ms)
8-10-2026 02:57:29-log: run build task Sort some build options to settings.json success in 3 ms√, progress: 12%
8-10-2026 02:57:29-debug: [Build Memory track]: Sort some build options to settings.json start:226.12MB, end 226.14MB, increase: 26.21KB
8-10-2026 02:57:29-debug: Fill script data to settings start, progress: 12%
8-10-2026 02:57:29-debug: // ---- build task Fill script data to settings ----
8-10-2026 02:57:29-debug: // ---- build task Fill script data to settings ---- (6ms)
8-10-2026 02:57:29-log: run build task Fill script data to settings success in 6 ms√, progress: 13%
8-10-2026 02:57:29-debug: Sort some build options to settings.json start, progress: 13%
8-10-2026 02:57:29-debug: [Build Memory track]: Fill script data to settings start:226.17MB, end 226.20MB, increase: 25.60KB
8-10-2026 02:57:29-debug: // ---- build task Sort some build options to settings.json ----
8-10-2026 02:57:30-debug: // ---- build task Sort some build options to settings.json ---- (22ms)
8-10-2026 02:57:30-log: run build task Sort some build options to settings.json success in 22 ms√, progress: 15%
8-10-2026 02:57:30-debug: [Build Memory track]: Sort some build options to settings.json start:226.23MB, end 226.35MB, increase: 132.32KB
8-10-2026 02:57:50-debug: Query all assets info in project
8-10-2026 02:57:50-debug: init custom config: keepNodeUuid: false, useCache: true
8-10-2026 02:57:50-debug: Skip compress image, progress: 0%
8-10-2026 02:57:50-debug: Init all bundles start..., progress: 0%
8-10-2026 02:57:50-debug: // ---- build task Query asset bundle ----
8-10-2026 02:57:50-debug: Num of bundles: 2..., progress: 0%
8-10-2026 02:57:50-debug: Init bundle root assets start..., progress: 0%
8-10-2026 02:57:50-debug: Query asset bundle start, progress: 0%
8-10-2026 02:57:50-debug: Query preload assets/scripts from cc.config.json: 60f7195c-ec2a-45eb-ba94-8955f60e81d0,1c02ae6f-4492-4915-b8f8-7492a3b1e4cd,810e96e4-e456-4468-9b59-f4e8f39732c0,efe8e2a3-eace-427b-b4f1-cb8a937ec77d,e9aa9a3e-5b2b-4ac7-a2c7-073de2b2b24f,8bbdbcdd-5cd4-4100-b6d5-b7c9625b6107,50f4348b-c883-4e2f-8f11-ce233b859fa1,fda095cb-831d-4601-ad94-846013963de8,f92806d7-1768-443f-afe8-12bcde84d0f0,dd3a144d-ab7f-41f0-82b8-2e43a090d496,f0416e68-0200-4b77-a926-4f9d16e494da,511d2633-09a7-4bdd-ac42-f778032124b3,5d45aa00-e064-4938-b314-4265f0c2258c,9361fd90-ba52-4f84-aa93-6e878fd576ca,970b0598-bcb0-4714-91fb-2e81440dccd8,bcd64cc6-2dd9-43f6-abbe-66318d332032,d930590d-bb92-4cc8-8bd1-23cd027f9edf,a3cd009f-0ab0-420d-9278-b9fdab939bbc,6a2d0734-bd9e-4ddf-946e-caa52498cb75,d9937e59-61fe-4ec6-92ab-7ac5a19c89b0,d1346436-ac96-4271-b863-1f4fdead95b0,971bdb23-3ff6-43eb-b422-1c30165a3663,17debcc3-0a6b-4b8a-b00b-dc58b885581e,711ebe11-f673-4cd9-9a83-63c60ba54c5b,c0143906-9aed-447e-9436-2ae8512d1b6e,14da1725-c4c2-42b4-ab08-ee0aeb6898b3,081cab31-dccd-428e-8652-f2404cc81c47,78e0584a-4343-4727-8f37-e14e65c2a2db,871c3b6c-7379-419d-bda3-794b239ab90d,ff9b0199-ce04-4cfe-86cc-6c719f08d6e4,de1c2107-70c8-4021-8459-6399f24d01c6,cbf30902-517f-40dc-af90-a550bac27cf1,5c601d96-e4c7-4698-991b-7ee674b11079
8-10-2026 02:57:50-debug:   Number of all scenes: 3
8-10-2026 02:57:50-debug:   Number of all scripts: 41
8-10-2026 02:57:50-debug: Init bundle root assets success..., progress: 0%
8-10-2026 02:57:50-debug:   Number of other assets: 486
8-10-2026 02:57:50-debug: // ---- build task Query asset bundle ---- (12ms)
8-10-2026 02:57:50-log: run build task Query asset bundle success in 12 ms√, progress: 5%
8-10-2026 02:57:50-debug: // ---- build task Query asset bundle ----
8-10-2026 02:57:50-debug: [Build Memory track]: Query asset bundle start:226.90MB, end 226.85MB, increase: -45.30KB
8-10-2026 02:57:50-debug: Query asset bundle start, progress: 5%
8-10-2026 02:57:50-debug: // ---- build task Query asset bundle ---- (10ms)
8-10-2026 02:57:50-log: run build task Query asset bundle success in 10 ms√, progress: 10%
8-10-2026 02:57:50-debug: [Build Memory track]: Query asset bundle start:226.88MB, end 226.21MB, increase: -684.08KB
8-10-2026 02:57:50-debug: Sort some build options to settings.json start, progress: 10%
8-10-2026 02:57:50-debug: // ---- build task Sort some build options to settings.json ----
8-10-2026 02:57:50-debug: // ---- build task Sort some build options to settings.json ---- (1ms)
8-10-2026 02:57:50-debug: [Build Memory track]: Sort some build options to settings.json start:226.24MB, end 226.27MB, increase: 26.21KB
8-10-2026 02:57:50-log: run build task Sort some build options to settings.json success in 1 ms√, progress: 12%
8-10-2026 02:57:50-debug: Fill script data to settings start, progress: 12%
8-10-2026 02:57:50-debug: // ---- build task Fill script data to settings ----
8-10-2026 02:57:50-debug: // ---- build task Fill script data to settings ---- (3ms)
8-10-2026 02:57:50-log: run build task Fill script data to settings success in 3 ms√, progress: 13%
8-10-2026 02:57:50-debug: [Build Memory track]: Fill script data to settings start:226.29MB, end 226.32MB, increase: 25.65KB
8-10-2026 02:57:50-debug: Sort some build options to settings.json start, progress: 13%
8-10-2026 02:57:50-debug: // ---- build task Sort some build options to settings.json ----
8-10-2026 02:57:50-debug: // ---- build task Sort some build options to settings.json ---- (15ms)
8-10-2026 02:57:50-log: run build task Sort some build options to settings.json success in 15 ms√, progress: 15%
8-10-2026 02:57:50-debug: [Build Memory track]: Sort some build options to settings.json start:226.35MB, end 226.47MB, increase: 126.10KB
8-10-2026 02:58:09-debug: Query all assets info in project
8-10-2026 02:58:09-debug: init custom config: keepNodeUuid: false, useCache: true
8-10-2026 02:58:09-debug: Skip compress image, progress: 0%
8-10-2026 02:58:09-debug: Init all bundles start..., progress: 0%
8-10-2026 02:58:09-debug: Num of bundles: 2..., progress: 0%
8-10-2026 02:58:09-debug: Query asset bundle start, progress: 0%
8-10-2026 02:58:09-debug: Init bundle root assets start..., progress: 0%
8-10-2026 02:58:09-debug: // ---- build task Query asset bundle ----
8-10-2026 02:58:09-debug: Query preload assets/scripts from cc.config.json: 60f7195c-ec2a-45eb-ba94-8955f60e81d0,1c02ae6f-4492-4915-b8f8-7492a3b1e4cd,810e96e4-e456-4468-9b59-f4e8f39732c0,efe8e2a3-eace-427b-b4f1-cb8a937ec77d,e9aa9a3e-5b2b-4ac7-a2c7-073de2b2b24f,8bbdbcdd-5cd4-4100-b6d5-b7c9625b6107,50f4348b-c883-4e2f-8f11-ce233b859fa1,fda095cb-831d-4601-ad94-846013963de8,f92806d7-1768-443f-afe8-12bcde84d0f0,dd3a144d-ab7f-41f0-82b8-2e43a090d496,f0416e68-0200-4b77-a926-4f9d16e494da,511d2633-09a7-4bdd-ac42-f778032124b3,5d45aa00-e064-4938-b314-4265f0c2258c,9361fd90-ba52-4f84-aa93-6e878fd576ca,970b0598-bcb0-4714-91fb-2e81440dccd8,bcd64cc6-2dd9-43f6-abbe-66318d332032,d930590d-bb92-4cc8-8bd1-23cd027f9edf,a3cd009f-0ab0-420d-9278-b9fdab939bbc,6a2d0734-bd9e-4ddf-946e-caa52498cb75,d9937e59-61fe-4ec6-92ab-7ac5a19c89b0,d1346436-ac96-4271-b863-1f4fdead95b0,971bdb23-3ff6-43eb-b422-1c30165a3663,17debcc3-0a6b-4b8a-b00b-dc58b885581e,711ebe11-f673-4cd9-9a83-63c60ba54c5b,c0143906-9aed-447e-9436-2ae8512d1b6e,14da1725-c4c2-42b4-ab08-ee0aeb6898b3,081cab31-dccd-428e-8652-f2404cc81c47,78e0584a-4343-4727-8f37-e14e65c2a2db,871c3b6c-7379-419d-bda3-794b239ab90d,ff9b0199-ce04-4cfe-86cc-6c719f08d6e4,de1c2107-70c8-4021-8459-6399f24d01c6,cbf30902-517f-40dc-af90-a550bac27cf1,5c601d96-e4c7-4698-991b-7ee674b11079
8-10-2026 02:58:09-debug:   Number of all scenes: 3
8-10-2026 02:58:09-debug:   Number of other assets: 486
8-10-2026 02:58:09-debug:   Number of all scripts: 41
8-10-2026 02:58:09-debug: Init bundle root assets success..., progress: 0%
8-10-2026 02:58:09-debug: // ---- build task Query asset bundle ---- (11ms)
8-10-2026 02:58:09-log: run build task Query asset bundle success in 11 ms√, progress: 5%
8-10-2026 02:58:09-debug: [Build Memory track]: Query asset bundle start:227.01MB, end 226.96MB, increase: -55.86KB
8-10-2026 02:58:09-debug: Query asset bundle start, progress: 5%
8-10-2026 02:58:09-debug: // ---- build task Query asset bundle ----
8-10-2026 02:58:09-debug: // ---- build task Query asset bundle ---- (6ms)
8-10-2026 02:58:09-log: run build task Query asset bundle success in 6 ms√, progress: 10%
8-10-2026 02:58:09-debug: [Build Memory track]: Query asset bundle start:226.99MB, end 226.31MB, increase: -690.48KB
8-10-2026 02:58:09-debug: Sort some build options to settings.json start, progress: 10%
8-10-2026 02:58:09-debug: // ---- build task Sort some build options to settings.json ----
8-10-2026 02:58:09-debug: // ---- build task Sort some build options to settings.json ---- (2ms)
8-10-2026 02:58:09-log: run build task Sort some build options to settings.json success in 2 ms√, progress: 12%
8-10-2026 02:58:09-debug: [Build Memory track]: Sort some build options to settings.json start:226.34MB, end 226.37MB, increase: 26.29KB
8-10-2026 02:58:09-debug: Fill script data to settings start, progress: 12%
8-10-2026 02:58:09-debug: // ---- build task Fill script data to settings ----
8-10-2026 02:58:09-debug: // ---- build task Fill script data to settings ---- (4ms)
8-10-2026 02:58:09-debug: [Build Memory track]: Fill script data to settings start:226.39MB, end 226.42MB, increase: 25.60KB
8-10-2026 02:58:09-debug: Sort some build options to settings.json start, progress: 13%
8-10-2026 02:58:09-log: run build task Fill script data to settings success in 4 ms√, progress: 13%
8-10-2026 02:58:09-debug: // ---- build task Sort some build options to settings.json ----
8-10-2026 02:58:09-debug: // ---- build task Sort some build options to settings.json ---- (16ms)
8-10-2026 02:58:09-log: run build task Sort some build options to settings.json success in 16 ms√, progress: 15%
8-10-2026 02:58:09-debug: [Build Memory track]: Sort some build options to settings.json start:226.45MB, end 226.57MB, increase: 126.32KB
8-10-2026 02:58:32-debug: Query all assets info in project
8-10-2026 02:58:32-debug: init custom config: keepNodeUuid: false, useCache: true
8-10-2026 02:58:32-debug: Skip compress image, progress: 0%
8-10-2026 02:58:32-debug: Init all bundles start..., progress: 0%
8-10-2026 02:58:32-debug: Num of bundles: 2..., progress: 0%
8-10-2026 02:58:32-debug: Query asset bundle start, progress: 0%
8-10-2026 02:58:32-debug: Init bundle root assets start..., progress: 0%
8-10-2026 02:58:32-debug: // ---- build task Query asset bundle ----
8-10-2026 02:58:32-debug: Query preload assets/scripts from cc.config.json: 60f7195c-ec2a-45eb-ba94-8955f60e81d0,1c02ae6f-4492-4915-b8f8-7492a3b1e4cd,810e96e4-e456-4468-9b59-f4e8f39732c0,efe8e2a3-eace-427b-b4f1-cb8a937ec77d,e9aa9a3e-5b2b-4ac7-a2c7-073de2b2b24f,8bbdbcdd-5cd4-4100-b6d5-b7c9625b6107,50f4348b-c883-4e2f-8f11-ce233b859fa1,fda095cb-831d-4601-ad94-846013963de8,f92806d7-1768-443f-afe8-12bcde84d0f0,dd3a144d-ab7f-41f0-82b8-2e43a090d496,f0416e68-0200-4b77-a926-4f9d16e494da,511d2633-09a7-4bdd-ac42-f778032124b3,5d45aa00-e064-4938-b314-4265f0c2258c,9361fd90-ba52-4f84-aa93-6e878fd576ca,970b0598-bcb0-4714-91fb-2e81440dccd8,bcd64cc6-2dd9-43f6-abbe-66318d332032,d930590d-bb92-4cc8-8bd1-23cd027f9edf,a3cd009f-0ab0-420d-9278-b9fdab939bbc,6a2d0734-bd9e-4ddf-946e-caa52498cb75,d9937e59-61fe-4ec6-92ab-7ac5a19c89b0,d1346436-ac96-4271-b863-1f4fdead95b0,971bdb23-3ff6-43eb-b422-1c30165a3663,17debcc3-0a6b-4b8a-b00b-dc58b885581e,711ebe11-f673-4cd9-9a83-63c60ba54c5b,c0143906-9aed-447e-9436-2ae8512d1b6e,14da1725-c4c2-42b4-ab08-ee0aeb6898b3,081cab31-dccd-428e-8652-f2404cc81c47,78e0584a-4343-4727-8f37-e14e65c2a2db,871c3b6c-7379-419d-bda3-794b239ab90d,ff9b0199-ce04-4cfe-86cc-6c719f08d6e4,de1c2107-70c8-4021-8459-6399f24d01c6,cbf30902-517f-40dc-af90-a550bac27cf1,5c601d96-e4c7-4698-991b-7ee674b11079
8-10-2026 02:58:32-debug:   Number of all scripts: 41
8-10-2026 02:58:32-debug:   Number of other assets: 486
8-10-2026 02:58:32-debug: Init bundle root assets success..., progress: 0%
8-10-2026 02:58:32-debug:   Number of all scenes: 3
8-10-2026 02:58:32-debug: [Build Memory track]: Query asset bundle start:227.08MB, end 227.06MB, increase: -20.45KB
8-10-2026 02:58:32-debug: // ---- build task Query asset bundle ---- (11ms)
8-10-2026 02:58:32-log: run build task Query asset bundle success in 11 ms√, progress: 5%
8-10-2026 02:58:32-debug: Query asset bundle start, progress: 5%
8-10-2026 02:58:32-debug: // ---- build task Query asset bundle ----
8-10-2026 02:58:32-debug: // ---- build task Query asset bundle ---- (6ms)
8-10-2026 02:58:32-log: run build task Query asset bundle success in 6 ms√, progress: 10%
8-10-2026 02:58:32-debug: [Build Memory track]: Query asset bundle start:227.09MB, end 226.41MB, increase: -697.63KB
8-10-2026 02:58:32-debug: Sort some build options to settings.json start, progress: 10%
8-10-2026 02:58:32-debug: // ---- build task Sort some build options to settings.json ----
8-10-2026 02:58:32-debug: // ---- build task Sort some build options to settings.json ---- (1ms)
8-10-2026 02:58:32-log: run build task Sort some build options to settings.json success in 1 ms√, progress: 12%
8-10-2026 02:58:32-debug: [Build Memory track]: Sort some build options to settings.json start:226.44MB, end 226.46MB, increase: 26.29KB
8-10-2026 02:58:32-debug: Fill script data to settings start, progress: 12%
8-10-2026 02:58:32-debug: // ---- build task Fill script data to settings ----
8-10-2026 02:58:32-debug: // ---- build task Fill script data to settings ---- (4ms)
8-10-2026 02:58:32-debug: [Build Memory track]: Fill script data to settings start:226.49MB, end 226.52MB, increase: 25.65KB
8-10-2026 02:58:32-log: run build task Fill script data to settings success in 4 ms√, progress: 13%
8-10-2026 02:58:32-debug: Sort some build options to settings.json start, progress: 13%
8-10-2026 02:58:32-debug: // ---- build task Sort some build options to settings.json ----
8-10-2026 02:58:32-debug: // ---- build task Sort some build options to settings.json ---- (16ms)
8-10-2026 02:58:32-debug: [Build Memory track]: Sort some build options to settings.json start:226.54MB, end 226.67MB, increase: 132.23KB
8-10-2026 02:58:32-log: run build task Sort some build options to settings.json success in 16 ms√, progress: 15%
8-10-2026 02:58:53-debug: Query all assets info in project
8-10-2026 02:58:53-debug: init custom config: keepNodeUuid: false, useCache: true
8-10-2026 02:58:53-debug: Skip compress image, progress: 0%
8-10-2026 02:58:53-debug: Init all bundles start..., progress: 0%
8-10-2026 02:58:53-debug: Query asset bundle start, progress: 0%
8-10-2026 02:58:53-debug: // ---- build task Query asset bundle ----
8-10-2026 02:58:53-debug: Init bundle root assets start..., progress: 0%
8-10-2026 02:58:53-debug: Num of bundles: 2..., progress: 0%
8-10-2026 02:58:53-debug: Query preload assets/scripts from cc.config.json: 60f7195c-ec2a-45eb-ba94-8955f60e81d0,1c02ae6f-4492-4915-b8f8-7492a3b1e4cd,810e96e4-e456-4468-9b59-f4e8f39732c0,efe8e2a3-eace-427b-b4f1-cb8a937ec77d,e9aa9a3e-5b2b-4ac7-a2c7-073de2b2b24f,8bbdbcdd-5cd4-4100-b6d5-b7c9625b6107,50f4348b-c883-4e2f-8f11-ce233b859fa1,fda095cb-831d-4601-ad94-846013963de8,f92806d7-1768-443f-afe8-12bcde84d0f0,dd3a144d-ab7f-41f0-82b8-2e43a090d496,f0416e68-0200-4b77-a926-4f9d16e494da,511d2633-09a7-4bdd-ac42-f778032124b3,5d45aa00-e064-4938-b314-4265f0c2258c,9361fd90-ba52-4f84-aa93-6e878fd576ca,970b0598-bcb0-4714-91fb-2e81440dccd8,bcd64cc6-2dd9-43f6-abbe-66318d332032,d930590d-bb92-4cc8-8bd1-23cd027f9edf,a3cd009f-0ab0-420d-9278-b9fdab939bbc,6a2d0734-bd9e-4ddf-946e-caa52498cb75,d9937e59-61fe-4ec6-92ab-7ac5a19c89b0,d1346436-ac96-4271-b863-1f4fdead95b0,971bdb23-3ff6-43eb-b422-1c30165a3663,17debcc3-0a6b-4b8a-b00b-dc58b885581e,711ebe11-f673-4cd9-9a83-63c60ba54c5b,c0143906-9aed-447e-9436-2ae8512d1b6e,14da1725-c4c2-42b4-ab08-ee0aeb6898b3,081cab31-dccd-428e-8652-f2404cc81c47,78e0584a-4343-4727-8f37-e14e65c2a2db,871c3b6c-7379-419d-bda3-794b239ab90d,ff9b0199-ce04-4cfe-86cc-6c719f08d6e4,de1c2107-70c8-4021-8459-6399f24d01c6,cbf30902-517f-40dc-af90-a550bac27cf1,5c601d96-e4c7-4698-991b-7ee674b11079
8-10-2026 02:58:53-debug:   Number of all scenes: 3
8-10-2026 02:58:53-debug:   Number of all scripts: 41
8-10-2026 02:58:53-debug:   Number of other assets: 486
8-10-2026 02:58:53-debug: Init bundle root assets success..., progress: 0%
8-10-2026 02:58:53-debug: // ---- build task Query asset bundle ---- (10ms)
8-10-2026 02:58:53-log: run build task Query asset bundle success in 10 ms√, progress: 5%
8-10-2026 02:58:53-debug: [Build Memory track]: Query asset bundle start:227.21MB, end 227.17MB, increase: -44.20KB
8-10-2026 02:58:53-debug: Query asset bundle start, progress: 5%
8-10-2026 02:58:53-debug: // ---- build task Query asset bundle ----
8-10-2026 02:58:53-debug: // ---- build task Query asset bundle ---- (5ms)
8-10-2026 02:58:53-log: run build task Query asset bundle success in 5 ms√, progress: 10%
8-10-2026 02:58:53-debug: [Build Memory track]: Query asset bundle start:227.19MB, end 226.51MB, increase: -704.65KB
8-10-2026 02:58:53-debug: Sort some build options to settings.json start, progress: 10%
8-10-2026 02:58:53-debug: // ---- build task Sort some build options to settings.json ----
8-10-2026 02:58:53-debug: // ---- build task Sort some build options to settings.json ---- (2ms)
8-10-2026 02:58:53-log: run build task Sort some build options to settings.json success in 2 ms√, progress: 12%
8-10-2026 02:58:53-debug: [Build Memory track]: Sort some build options to settings.json start:226.53MB, end 226.56MB, increase: 26.23KB
8-10-2026 02:58:53-debug: Fill script data to settings start, progress: 12%
8-10-2026 02:58:53-debug: // ---- build task Fill script data to settings ----
8-10-2026 02:58:53-debug: // ---- build task Fill script data to settings ---- (3ms)
8-10-2026 02:58:53-log: run build task Fill script data to settings success in 3 ms√, progress: 13%
8-10-2026 02:58:53-debug: [Build Memory track]: Fill script data to settings start:226.59MB, end 226.61MB, increase: 25.63KB
8-10-2026 02:58:53-debug: Sort some build options to settings.json start, progress: 13%
8-10-2026 02:58:53-debug: // ---- build task Sort some build options to settings.json ----
8-10-2026 02:58:53-debug: // ---- build task Sort some build options to settings.json ---- (19ms)
8-10-2026 02:58:53-debug: [Build Memory track]: Sort some build options to settings.json start:226.64MB, end 226.78MB, increase: 139.18KB
8-10-2026 02:58:53-log: run build task Sort some build options to settings.json success in 19 ms√, progress: 15%
8-10-2026 02:59:53-debug: Query all assets info in project
8-10-2026 02:59:53-debug: init custom config: keepNodeUuid: false, useCache: true
8-10-2026 02:59:53-debug: Skip compress image, progress: 0%
8-10-2026 02:59:53-debug: Init all bundles start..., progress: 0%
8-10-2026 02:59:53-debug: Query asset bundle start, progress: 0%
8-10-2026 02:59:53-debug: // ---- build task Query asset bundle ----
8-10-2026 02:59:53-debug: Init bundle root assets start..., progress: 0%
8-10-2026 02:59:53-debug: Num of bundles: 2..., progress: 0%
8-10-2026 02:59:53-debug: Query preload assets/scripts from cc.config.json: 60f7195c-ec2a-45eb-ba94-8955f60e81d0,1c02ae6f-4492-4915-b8f8-7492a3b1e4cd,810e96e4-e456-4468-9b59-f4e8f39732c0,efe8e2a3-eace-427b-b4f1-cb8a937ec77d,e9aa9a3e-5b2b-4ac7-a2c7-073de2b2b24f,8bbdbcdd-5cd4-4100-b6d5-b7c9625b6107,50f4348b-c883-4e2f-8f11-ce233b859fa1,fda095cb-831d-4601-ad94-846013963de8,f92806d7-1768-443f-afe8-12bcde84d0f0,dd3a144d-ab7f-41f0-82b8-2e43a090d496,f0416e68-0200-4b77-a926-4f9d16e494da,511d2633-09a7-4bdd-ac42-f778032124b3,5d45aa00-e064-4938-b314-4265f0c2258c,9361fd90-ba52-4f84-aa93-6e878fd576ca,970b0598-bcb0-4714-91fb-2e81440dccd8,bcd64cc6-2dd9-43f6-abbe-66318d332032,d930590d-bb92-4cc8-8bd1-23cd027f9edf,a3cd009f-0ab0-420d-9278-b9fdab939bbc,6a2d0734-bd9e-4ddf-946e-caa52498cb75,d9937e59-61fe-4ec6-92ab-7ac5a19c89b0,d1346436-ac96-4271-b863-1f4fdead95b0,971bdb23-3ff6-43eb-b422-1c30165a3663,17debcc3-0a6b-4b8a-b00b-dc58b885581e,711ebe11-f673-4cd9-9a83-63c60ba54c5b,c0143906-9aed-447e-9436-2ae8512d1b6e,14da1725-c4c2-42b4-ab08-ee0aeb6898b3,081cab31-dccd-428e-8652-f2404cc81c47,78e0584a-4343-4727-8f37-e14e65c2a2db,871c3b6c-7379-419d-bda3-794b239ab90d,ff9b0199-ce04-4cfe-86cc-6c719f08d6e4,de1c2107-70c8-4021-8459-6399f24d01c6,cbf30902-517f-40dc-af90-a550bac27cf1,5c601d96-e4c7-4698-991b-7ee674b11079
8-10-2026 02:59:53-debug:   Number of other assets: 486
8-10-2026 02:59:53-debug:   Number of all scripts: 41
8-10-2026 02:59:53-debug: Init bundle root assets success..., progress: 0%
8-10-2026 02:59:53-debug:   Number of all scenes: 3
8-10-2026 02:59:53-debug: // ---- build task Query asset bundle ---- (11ms)
8-10-2026 02:59:53-log: run build task Query asset bundle success in 11 ms√, progress: 5%
8-10-2026 02:59:53-debug: [Build Memory track]: Query asset bundle start:227.31MB, end 227.25MB, increase: -63.39KB
8-10-2026 02:59:53-debug: Query asset bundle start, progress: 5%
8-10-2026 02:59:53-debug: // ---- build task Query asset bundle ----
8-10-2026 02:59:53-debug: // ---- build task Query asset bundle ---- (7ms)
8-10-2026 02:59:53-log: run build task Query asset bundle success in 7 ms√, progress: 10%
8-10-2026 02:59:53-debug: [Build Memory track]: Query asset bundle start:227.27MB, end 226.62MB, increase: -670.37KB
8-10-2026 02:59:53-debug: Sort some build options to settings.json start, progress: 10%
8-10-2026 02:59:53-debug: // ---- build task Sort some build options to settings.json ----
8-10-2026 02:59:53-debug: // ---- build task Sort some build options to settings.json ---- (3ms)
8-10-2026 02:59:53-log: run build task Sort some build options to settings.json success in 3 ms√, progress: 12%
8-10-2026 02:59:53-debug: [Build Memory track]: Sort some build options to settings.json start:226.65MB, end 226.67MB, increase: 26.34KB
8-10-2026 02:59:53-debug: Fill script data to settings start, progress: 12%
8-10-2026 02:59:53-debug: // ---- build task Fill script data to settings ----
8-10-2026 02:59:53-debug: // ---- build task Fill script data to settings ---- (2ms)
8-10-2026 02:59:53-log: run build task Fill script data to settings success in 2 ms√, progress: 13%
8-10-2026 02:59:53-debug: // ---- build task Sort some build options to settings.json ----
8-10-2026 02:59:53-debug: [Build Memory track]: Fill script data to settings start:226.70MB, end 226.73MB, increase: 25.63KB
8-10-2026 02:59:53-debug: Sort some build options to settings.json start, progress: 13%
8-10-2026 02:59:53-debug: // ---- build task Sort some build options to settings.json ---- (17ms)
8-10-2026 02:59:53-debug: [Build Memory track]: Sort some build options to settings.json start:226.75MB, end 226.88MB, increase: 133.33KB
8-10-2026 02:59:53-log: run build task Sort some build options to settings.json success in 17 ms√, progress: 15%
8-10-2026 03:00:16-debug: Query all assets info in project
8-10-2026 03:00:16-debug: init custom config: keepNodeUuid: false, useCache: true
8-10-2026 03:00:16-debug: Skip compress image, progress: 0%
8-10-2026 03:00:16-debug: Init all bundles start..., progress: 0%
8-10-2026 03:00:16-debug: // ---- build task Query asset bundle ----
8-10-2026 03:00:16-debug: Init bundle root assets start..., progress: 0%
8-10-2026 03:00:16-debug: Query asset bundle start, progress: 0%
8-10-2026 03:00:16-debug: Num of bundles: 2..., progress: 0%
8-10-2026 03:00:16-debug: Query preload assets/scripts from cc.config.json: 60f7195c-ec2a-45eb-ba94-8955f60e81d0,1c02ae6f-4492-4915-b8f8-7492a3b1e4cd,810e96e4-e456-4468-9b59-f4e8f39732c0,efe8e2a3-eace-427b-b4f1-cb8a937ec77d,e9aa9a3e-5b2b-4ac7-a2c7-073de2b2b24f,8bbdbcdd-5cd4-4100-b6d5-b7c9625b6107,50f4348b-c883-4e2f-8f11-ce233b859fa1,fda095cb-831d-4601-ad94-846013963de8,f92806d7-1768-443f-afe8-12bcde84d0f0,dd3a144d-ab7f-41f0-82b8-2e43a090d496,f0416e68-0200-4b77-a926-4f9d16e494da,511d2633-09a7-4bdd-ac42-f778032124b3,5d45aa00-e064-4938-b314-4265f0c2258c,9361fd90-ba52-4f84-aa93-6e878fd576ca,970b0598-bcb0-4714-91fb-2e81440dccd8,bcd64cc6-2dd9-43f6-abbe-66318d332032,d930590d-bb92-4cc8-8bd1-23cd027f9edf,a3cd009f-0ab0-420d-9278-b9fdab939bbc,6a2d0734-bd9e-4ddf-946e-caa52498cb75,d9937e59-61fe-4ec6-92ab-7ac5a19c89b0,d1346436-ac96-4271-b863-1f4fdead95b0,971bdb23-3ff6-43eb-b422-1c30165a3663,17debcc3-0a6b-4b8a-b00b-dc58b885581e,711ebe11-f673-4cd9-9a83-63c60ba54c5b,c0143906-9aed-447e-9436-2ae8512d1b6e,14da1725-c4c2-42b4-ab08-ee0aeb6898b3,081cab31-dccd-428e-8652-f2404cc81c47,78e0584a-4343-4727-8f37-e14e65c2a2db,871c3b6c-7379-419d-bda3-794b239ab90d,ff9b0199-ce04-4cfe-86cc-6c719f08d6e4,de1c2107-70c8-4021-8459-6399f24d01c6,cbf30902-517f-40dc-af90-a550bac27cf1,5c601d96-e4c7-4698-991b-7ee674b11079
8-10-2026 03:00:16-debug:   Number of all scenes: 3
8-10-2026 03:00:16-debug:   Number of all scripts: 41
8-10-2026 03:00:16-debug: Init bundle root assets success..., progress: 0%
8-10-2026 03:00:16-debug:   Number of other assets: 486
8-10-2026 03:00:16-debug: // ---- build task Query asset bundle ---- (11ms)
8-10-2026 03:00:16-log: run build task Query asset bundle success in 11 ms√, progress: 5%
8-10-2026 03:00:16-debug: [Build Memory track]: Query asset bundle start:227.40MB, end 227.38MB, increase: -16.28KB
8-10-2026 03:00:16-debug: // ---- build task Query asset bundle ----
8-10-2026 03:00:16-debug: Query asset bundle start, progress: 5%
8-10-2026 03:00:16-debug: // ---- build task Query asset bundle ---- (8ms)
8-10-2026 03:00:16-debug: Sort some build options to settings.json start, progress: 10%
8-10-2026 03:00:16-log: run build task Query asset bundle success in 8 ms√, progress: 10%
8-10-2026 03:00:16-debug: [Build Memory track]: Query asset bundle start:227.41MB, end 226.74MB, increase: -693.32KB
8-10-2026 03:00:16-debug: // ---- build task Sort some build options to settings.json ----
8-10-2026 03:00:16-debug: // ---- build task Sort some build options to settings.json ---- (2ms)
8-10-2026 03:00:16-log: run build task Sort some build options to settings.json success in 2 ms√, progress: 12%
8-10-2026 03:00:16-debug: [Build Memory track]: Sort some build options to settings.json start:226.76MB, end 226.79MB, increase: 26.12KB
8-10-2026 03:00:16-debug: Fill script data to settings start, progress: 12%
8-10-2026 03:00:16-debug: // ---- build task Fill script data to settings ----
8-10-2026 03:00:16-debug: // ---- build task Fill script data to settings ---- (3ms)
8-10-2026 03:00:16-log: run build task Fill script data to settings success in 3 ms√, progress: 13%
8-10-2026 03:00:16-debug: Sort some build options to settings.json start, progress: 13%
8-10-2026 03:00:16-debug: // ---- build task Sort some build options to settings.json ----
8-10-2026 03:00:16-debug: [Build Memory track]: Fill script data to settings start:226.82MB, end 226.84MB, increase: 25.51KB
8-10-2026 03:00:16-debug: // ---- build task Sort some build options to settings.json ---- (14ms)
8-10-2026 03:00:16-log: run build task Sort some build options to settings.json success in 14 ms√, progress: 15%
8-10-2026 03:00:16-debug: [Build Memory track]: Sort some build options to settings.json start:226.87MB, end 226.99MB, increase: 128.62KB
8-10-2026 03:00:38-debug: Query all assets info in project
8-10-2026 03:00:38-debug: init custom config: keepNodeUuid: false, useCache: true
8-10-2026 03:00:38-debug: Skip compress image, progress: 0%
8-10-2026 03:00:38-debug: Init all bundles start..., progress: 0%
8-10-2026 03:00:38-debug: Query asset bundle start, progress: 0%
8-10-2026 03:00:38-debug: // ---- build task Query asset bundle ----
8-10-2026 03:00:38-debug: Num of bundles: 2..., progress: 0%
8-10-2026 03:00:38-debug: Init bundle root assets start..., progress: 0%
8-10-2026 03:00:38-debug: Query preload assets/scripts from cc.config.json: 60f7195c-ec2a-45eb-ba94-8955f60e81d0,1c02ae6f-4492-4915-b8f8-7492a3b1e4cd,810e96e4-e456-4468-9b59-f4e8f39732c0,efe8e2a3-eace-427b-b4f1-cb8a937ec77d,e9aa9a3e-5b2b-4ac7-a2c7-073de2b2b24f,8bbdbcdd-5cd4-4100-b6d5-b7c9625b6107,50f4348b-c883-4e2f-8f11-ce233b859fa1,fda095cb-831d-4601-ad94-846013963de8,f92806d7-1768-443f-afe8-12bcde84d0f0,dd3a144d-ab7f-41f0-82b8-2e43a090d496,f0416e68-0200-4b77-a926-4f9d16e494da,511d2633-09a7-4bdd-ac42-f778032124b3,5d45aa00-e064-4938-b314-4265f0c2258c,9361fd90-ba52-4f84-aa93-6e878fd576ca,970b0598-bcb0-4714-91fb-2e81440dccd8,bcd64cc6-2dd9-43f6-abbe-66318d332032,d930590d-bb92-4cc8-8bd1-23cd027f9edf,a3cd009f-0ab0-420d-9278-b9fdab939bbc,6a2d0734-bd9e-4ddf-946e-caa52498cb75,d9937e59-61fe-4ec6-92ab-7ac5a19c89b0,d1346436-ac96-4271-b863-1f4fdead95b0,971bdb23-3ff6-43eb-b422-1c30165a3663,17debcc3-0a6b-4b8a-b00b-dc58b885581e,711ebe11-f673-4cd9-9a83-63c60ba54c5b,c0143906-9aed-447e-9436-2ae8512d1b6e,14da1725-c4c2-42b4-ab08-ee0aeb6898b3,081cab31-dccd-428e-8652-f2404cc81c47,78e0584a-4343-4727-8f37-e14e65c2a2db,871c3b6c-7379-419d-bda3-794b239ab90d,ff9b0199-ce04-4cfe-86cc-6c719f08d6e4,de1c2107-70c8-4021-8459-6399f24d01c6,cbf30902-517f-40dc-af90-a550bac27cf1,5c601d96-e4c7-4698-991b-7ee674b11079
8-10-2026 03:00:38-debug:   Number of all scripts: 41
8-10-2026 03:00:38-debug:   Number of all scenes: 3
8-10-2026 03:00:38-debug:   Number of other assets: 486
8-10-2026 03:00:38-debug: Init bundle root assets success..., progress: 0%
8-10-2026 03:00:38-debug: // ---- build task Query asset bundle ---- (12ms)
8-10-2026 03:00:38-debug: [Build Memory track]: Query asset bundle start:227.53MB, end 227.49MB, increase: -43.46KB
8-10-2026 03:00:38-debug: Query asset bundle start, progress: 5%
8-10-2026 03:00:38-log: run build task Query asset bundle success in 12 ms√, progress: 5%
8-10-2026 03:00:38-debug: // ---- build task Query asset bundle ----
8-10-2026 03:00:38-debug: // ---- build task Query asset bundle ---- (7ms)
8-10-2026 03:00:38-log: run build task Query asset bundle success in 7 ms√, progress: 10%
8-10-2026 03:00:38-debug: [Build Memory track]: Query asset bundle start:227.52MB, end 226.84MB, increase: -688.05KB
8-10-2026 03:00:38-debug: Sort some build options to settings.json start, progress: 10%
8-10-2026 03:00:38-debug: // ---- build task Sort some build options to settings.json ----
8-10-2026 03:00:38-debug: // ---- build task Sort some build options to settings.json ---- (2ms)
8-10-2026 03:00:38-debug: [Build Memory track]: Sort some build options to settings.json start:226.87MB, end 226.90MB, increase: 26.14KB
8-10-2026 03:00:38-debug: Fill script data to settings start, progress: 12%
8-10-2026 03:00:38-log: run build task Sort some build options to settings.json success in 2 ms√, progress: 12%
8-10-2026 03:00:38-debug: // ---- build task Fill script data to settings ----
8-10-2026 03:00:38-debug: // ---- build task Fill script data to settings ---- (5ms)
8-10-2026 03:00:38-log: run build task Fill script data to settings success in 5 ms√, progress: 13%
8-10-2026 03:00:38-debug: [Build Memory track]: Fill script data to settings start:226.93MB, end 226.95MB, increase: 25.59KB
8-10-2026 03:00:38-debug: Sort some build options to settings.json start, progress: 13%
8-10-2026 03:00:38-debug: // ---- build task Sort some build options to settings.json ----
8-10-2026 03:00:38-debug: // ---- build task Sort some build options to settings.json ---- (20ms)
8-10-2026 03:00:38-log: run build task Sort some build options to settings.json success in 20 ms√, progress: 15%
8-10-2026 03:00:38-debug: [Build Memory track]: Sort some build options to settings.json start:226.98MB, end 227.10MB, increase: 125.68KB
8-10-2026 03:00:59-debug: Query all assets info in project
8-10-2026 03:00:59-debug: init custom config: keepNodeUuid: false, useCache: true
8-10-2026 03:00:59-debug: Skip compress image, progress: 0%
8-10-2026 03:00:59-debug: Init all bundles start..., progress: 0%
8-10-2026 03:00:59-debug: Query asset bundle start, progress: 0%
8-10-2026 03:00:59-debug: // ---- build task Query asset bundle ----
8-10-2026 03:00:59-debug: Init bundle root assets start..., progress: 0%
8-10-2026 03:00:59-debug: Num of bundles: 2..., progress: 0%
8-10-2026 03:00:59-debug: Query preload assets/scripts from cc.config.json: 60f7195c-ec2a-45eb-ba94-8955f60e81d0,1c02ae6f-4492-4915-b8f8-7492a3b1e4cd,810e96e4-e456-4468-9b59-f4e8f39732c0,efe8e2a3-eace-427b-b4f1-cb8a937ec77d,e9aa9a3e-5b2b-4ac7-a2c7-073de2b2b24f,8bbdbcdd-5cd4-4100-b6d5-b7c9625b6107,50f4348b-c883-4e2f-8f11-ce233b859fa1,fda095cb-831d-4601-ad94-846013963de8,f92806d7-1768-443f-afe8-12bcde84d0f0,dd3a144d-ab7f-41f0-82b8-2e43a090d496,f0416e68-0200-4b77-a926-4f9d16e494da,511d2633-09a7-4bdd-ac42-f778032124b3,5d45aa00-e064-4938-b314-4265f0c2258c,9361fd90-ba52-4f84-aa93-6e878fd576ca,970b0598-bcb0-4714-91fb-2e81440dccd8,bcd64cc6-2dd9-43f6-abbe-66318d332032,d930590d-bb92-4cc8-8bd1-23cd027f9edf,a3cd009f-0ab0-420d-9278-b9fdab939bbc,6a2d0734-bd9e-4ddf-946e-caa52498cb75,d9937e59-61fe-4ec6-92ab-7ac5a19c89b0,d1346436-ac96-4271-b863-1f4fdead95b0,971bdb23-3ff6-43eb-b422-1c30165a3663,17debcc3-0a6b-4b8a-b00b-dc58b885581e,711ebe11-f673-4cd9-9a83-63c60ba54c5b,c0143906-9aed-447e-9436-2ae8512d1b6e,14da1725-c4c2-42b4-ab08-ee0aeb6898b3,081cab31-dccd-428e-8652-f2404cc81c47,78e0584a-4343-4727-8f37-e14e65c2a2db,871c3b6c-7379-419d-bda3-794b239ab90d,ff9b0199-ce04-4cfe-86cc-6c719f08d6e4,de1c2107-70c8-4021-8459-6399f24d01c6,cbf30902-517f-40dc-af90-a550bac27cf1,5c601d96-e4c7-4698-991b-7ee674b11079
8-10-2026 03:00:59-debug:   Number of all scripts: 41
8-10-2026 03:00:59-debug: Init bundle root assets success..., progress: 0%
8-10-2026 03:00:59-debug:   Number of all scenes: 3
8-10-2026 03:00:59-debug:   Number of other assets: 486
8-10-2026 03:00:59-debug: // ---- build task Query asset bundle ---- (10ms)
8-10-2026 03:00:59-log: run build task Query asset bundle success in 10 ms√, progress: 5%
8-10-2026 03:00:59-debug: [Build Memory track]: Query asset bundle start:227.61MB, end 227.60MB, increase: -18.43KB
8-10-2026 03:00:59-debug: Query asset bundle start, progress: 5%
8-10-2026 03:00:59-debug: // ---- build task Query asset bundle ----
8-10-2026 03:00:59-debug: // ---- build task Query asset bundle ---- (5ms)
8-10-2026 03:00:59-debug: Sort some build options to settings.json start, progress: 10%
8-10-2026 03:00:59-log: run build task Query asset bundle success in 5 ms√, progress: 10%
8-10-2026 03:00:59-debug: [Build Memory track]: Query asset bundle start:227.62MB, end 226.95MB, increase: -692.84KB
8-10-2026 03:00:59-debug: // ---- build task Sort some build options to settings.json ----
8-10-2026 03:00:59-debug: // ---- build task Sort some build options to settings.json ---- (3ms)
8-10-2026 03:00:59-log: run build task Sort some build options to settings.json success in 3 ms√, progress: 12%
8-10-2026 03:00:59-debug: [Build Memory track]: Sort some build options to settings.json start:226.97MB, end 227.00MB, increase: 26.12KB
8-10-2026 03:00:59-debug: Fill script data to settings start, progress: 12%
8-10-2026 03:00:59-debug: // ---- build task Fill script data to settings ----
8-10-2026 03:00:59-debug: // ---- build task Fill script data to settings ---- (1ms)
8-10-2026 03:00:59-log: run build task Fill script data to settings success in 1 ms√, progress: 13%
8-10-2026 03:00:59-debug: [Build Memory track]: Fill script data to settings start:227.03MB, end 227.05MB, increase: 25.51KB
8-10-2026 03:00:59-debug: Sort some build options to settings.json start, progress: 13%
8-10-2026 03:00:59-debug: // ---- build task Sort some build options to settings.json ----
8-10-2026 03:00:59-debug: // ---- build task Sort some build options to settings.json ---- (14ms)
8-10-2026 03:00:59-log: run build task Sort some build options to settings.json success in 14 ms√, progress: 15%
8-10-2026 03:00:59-debug: [Build Memory track]: Sort some build options to settings.json start:227.08MB, end 227.21MB, increase: 131.86KB
8-10-2026 03:01:21-debug: Query all assets info in project
8-10-2026 03:01:21-debug: init custom config: keepNodeUuid: false, useCache: true
8-10-2026 03:01:21-debug: Skip compress image, progress: 0%
8-10-2026 03:01:21-debug: Init all bundles start..., progress: 0%
8-10-2026 03:01:21-debug: Query asset bundle start, progress: 0%
8-10-2026 03:01:21-debug: Num of bundles: 2..., progress: 0%
8-10-2026 03:01:21-debug: // ---- build task Query asset bundle ----
8-10-2026 03:01:21-debug: Init bundle root assets start..., progress: 0%
8-10-2026 03:01:21-debug: Query preload assets/scripts from cc.config.json: 60f7195c-ec2a-45eb-ba94-8955f60e81d0,1c02ae6f-4492-4915-b8f8-7492a3b1e4cd,810e96e4-e456-4468-9b59-f4e8f39732c0,efe8e2a3-eace-427b-b4f1-cb8a937ec77d,e9aa9a3e-5b2b-4ac7-a2c7-073de2b2b24f,8bbdbcdd-5cd4-4100-b6d5-b7c9625b6107,50f4348b-c883-4e2f-8f11-ce233b859fa1,fda095cb-831d-4601-ad94-846013963de8,f92806d7-1768-443f-afe8-12bcde84d0f0,dd3a144d-ab7f-41f0-82b8-2e43a090d496,f0416e68-0200-4b77-a926-4f9d16e494da,511d2633-09a7-4bdd-ac42-f778032124b3,5d45aa00-e064-4938-b314-4265f0c2258c,9361fd90-ba52-4f84-aa93-6e878fd576ca,970b0598-bcb0-4714-91fb-2e81440dccd8,bcd64cc6-2dd9-43f6-abbe-66318d332032,d930590d-bb92-4cc8-8bd1-23cd027f9edf,a3cd009f-0ab0-420d-9278-b9fdab939bbc,6a2d0734-bd9e-4ddf-946e-caa52498cb75,d9937e59-61fe-4ec6-92ab-7ac5a19c89b0,d1346436-ac96-4271-b863-1f4fdead95b0,971bdb23-3ff6-43eb-b422-1c30165a3663,17debcc3-0a6b-4b8a-b00b-dc58b885581e,711ebe11-f673-4cd9-9a83-63c60ba54c5b,c0143906-9aed-447e-9436-2ae8512d1b6e,14da1725-c4c2-42b4-ab08-ee0aeb6898b3,081cab31-dccd-428e-8652-f2404cc81c47,78e0584a-4343-4727-8f37-e14e65c2a2db,871c3b6c-7379-419d-bda3-794b239ab90d,ff9b0199-ce04-4cfe-86cc-6c719f08d6e4,de1c2107-70c8-4021-8459-6399f24d01c6,cbf30902-517f-40dc-af90-a550bac27cf1,5c601d96-e4c7-4698-991b-7ee674b11079
8-10-2026 03:01:21-debug:   Number of all scenes: 3
8-10-2026 03:01:21-debug:   Number of all scripts: 41
8-10-2026 03:01:21-debug: Init bundle root assets success..., progress: 0%
8-10-2026 03:01:21-debug:   Number of other assets: 486
8-10-2026 03:01:21-debug: // ---- build task Query asset bundle ---- (10ms)
8-10-2026 03:01:21-log: run build task Query asset bundle success in 10 ms√, progress: 5%
8-10-2026 03:01:21-debug: [Build Memory track]: Query asset bundle start:227.75MB, end 227.70MB, increase: -43.07KB
8-10-2026 03:01:21-debug: Query asset bundle start, progress: 5%
8-10-2026 03:01:21-debug: // ---- build task Query asset bundle ----
8-10-2026 03:01:21-debug: // ---- build task Query asset bundle ---- (6ms)
8-10-2026 03:01:21-log: run build task Query asset bundle success in 6 ms√, progress: 10%
8-10-2026 03:01:21-debug: [Build Memory track]: Query asset bundle start:227.73MB, end 227.05MB, increase: -698.01KB
8-10-2026 03:01:21-debug: Sort some build options to settings.json start, progress: 10%
8-10-2026 03:01:21-debug: // ---- build task Sort some build options to settings.json ----
8-10-2026 03:01:21-debug: // ---- build task Sort some build options to settings.json ---- (2ms)
8-10-2026 03:01:21-log: run build task Sort some build options to settings.json success in 2 ms√, progress: 12%
8-10-2026 03:01:21-debug: Fill script data to settings start, progress: 12%
8-10-2026 03:01:21-debug: [Build Memory track]: Sort some build options to settings.json start:227.08MB, end 227.10MB, increase: 26.12KB
8-10-2026 03:01:21-debug: // ---- build task Fill script data to settings ----
8-10-2026 03:01:21-debug: // ---- build task Fill script data to settings ---- (2ms)
8-10-2026 03:01:21-debug: [Build Memory track]: Fill script data to settings start:227.13MB, end 227.16MB, increase: 25.51KB
8-10-2026 03:01:21-debug: Sort some build options to settings.json start, progress: 13%
8-10-2026 03:01:21-log: run build task Fill script data to settings success in 2 ms√, progress: 13%
8-10-2026 03:01:21-debug: // ---- build task Sort some build options to settings.json ----
8-10-2026 03:01:21-debug: // ---- build task Sort some build options to settings.json ---- (13ms)
8-10-2026 03:01:21-log: run build task Sort some build options to settings.json success in 13 ms√, progress: 15%
8-10-2026 03:01:21-debug: [Build Memory track]: Sort some build options to settings.json start:227.18MB, end 227.33MB, increase: 146.68KB
8-10-2026 03:01:41-debug: Query all assets info in project
8-10-2026 03:01:41-debug: init custom config: keepNodeUuid: false, useCache: true
8-10-2026 03:01:41-debug: Skip compress image, progress: 0%
8-10-2026 03:01:41-debug: Init all bundles start..., progress: 0%
8-10-2026 03:01:41-debug: // ---- build task Query asset bundle ----
8-10-2026 03:01:41-debug: Num of bundles: 2..., progress: 0%
8-10-2026 03:01:41-debug: Query asset bundle start, progress: 0%
8-10-2026 03:01:41-debug: Init bundle root assets start..., progress: 0%
8-10-2026 03:01:41-debug: Query preload assets/scripts from cc.config.json: 60f7195c-ec2a-45eb-ba94-8955f60e81d0,1c02ae6f-4492-4915-b8f8-7492a3b1e4cd,810e96e4-e456-4468-9b59-f4e8f39732c0,efe8e2a3-eace-427b-b4f1-cb8a937ec77d,e9aa9a3e-5b2b-4ac7-a2c7-073de2b2b24f,8bbdbcdd-5cd4-4100-b6d5-b7c9625b6107,50f4348b-c883-4e2f-8f11-ce233b859fa1,fda095cb-831d-4601-ad94-846013963de8,f92806d7-1768-443f-afe8-12bcde84d0f0,dd3a144d-ab7f-41f0-82b8-2e43a090d496,f0416e68-0200-4b77-a926-4f9d16e494da,511d2633-09a7-4bdd-ac42-f778032124b3,5d45aa00-e064-4938-b314-4265f0c2258c,9361fd90-ba52-4f84-aa93-6e878fd576ca,970b0598-bcb0-4714-91fb-2e81440dccd8,bcd64cc6-2dd9-43f6-abbe-66318d332032,d930590d-bb92-4cc8-8bd1-23cd027f9edf,a3cd009f-0ab0-420d-9278-b9fdab939bbc,6a2d0734-bd9e-4ddf-946e-caa52498cb75,d9937e59-61fe-4ec6-92ab-7ac5a19c89b0,d1346436-ac96-4271-b863-1f4fdead95b0,971bdb23-3ff6-43eb-b422-1c30165a3663,17debcc3-0a6b-4b8a-b00b-dc58b885581e,711ebe11-f673-4cd9-9a83-63c60ba54c5b,c0143906-9aed-447e-9436-2ae8512d1b6e,14da1725-c4c2-42b4-ab08-ee0aeb6898b3,081cab31-dccd-428e-8652-f2404cc81c47,78e0584a-4343-4727-8f37-e14e65c2a2db,871c3b6c-7379-419d-bda3-794b239ab90d,ff9b0199-ce04-4cfe-86cc-6c719f08d6e4,de1c2107-70c8-4021-8459-6399f24d01c6,cbf30902-517f-40dc-af90-a550bac27cf1,5c601d96-e4c7-4698-991b-7ee674b11079
8-10-2026 03:01:41-debug:   Number of other assets: 486
8-10-2026 03:01:41-debug: Init bundle root assets success..., progress: 0%
8-10-2026 03:01:41-debug:   Number of all scripts: 41
8-10-2026 03:01:41-debug:   Number of all scenes: 3
8-10-2026 03:01:41-debug: // ---- build task Query asset bundle ---- (13ms)
8-10-2026 03:01:41-log: run build task Query asset bundle success in 13 ms√, progress: 5%
8-10-2026 03:01:41-debug: [Build Memory track]: Query asset bundle start:227.83MB, end 227.82MB, increase: -13.53KB
8-10-2026 03:01:41-debug: // ---- build task Query asset bundle ----
8-10-2026 03:01:41-debug: Query asset bundle start, progress: 5%
8-10-2026 03:01:41-debug: // ---- build task Query asset bundle ---- (7ms)
8-10-2026 03:01:41-log: run build task Query asset bundle success in 7 ms√, progress: 10%
8-10-2026 03:01:41-debug: [Build Memory track]: Query asset bundle start:227.85MB, end 227.17MB, increase: -691.90KB
8-10-2026 03:01:41-debug: Sort some build options to settings.json start, progress: 10%
8-10-2026 03:01:41-debug: // ---- build task Sort some build options to settings.json ----
8-10-2026 03:01:41-debug: // ---- build task Sort some build options to settings.json ---- (3ms)
8-10-2026 03:01:41-log: run build task Sort some build options to settings.json success in 3 ms√, progress: 12%
8-10-2026 03:01:41-debug: Fill script data to settings start, progress: 12%
8-10-2026 03:01:41-debug: [Build Memory track]: Sort some build options to settings.json start:227.20MB, end 227.23MB, increase: 28.05KB
8-10-2026 03:01:41-debug: // ---- build task Fill script data to settings ----
8-10-2026 03:01:41-debug: // ---- build task Fill script data to settings ---- (3ms)
8-10-2026 03:01:41-debug: [Build Memory track]: Fill script data to settings start:227.26MB, end 227.28MB, increase: 25.55KB
8-10-2026 03:01:41-debug: // ---- build task Sort some build options to settings.json ----
8-10-2026 03:01:41-log: run build task Fill script data to settings success in 3 ms√, progress: 13%
8-10-2026 03:01:41-debug: Sort some build options to settings.json start, progress: 13%
8-10-2026 03:01:41-debug: // ---- build task Sort some build options to settings.json ---- (16ms)
8-10-2026 03:01:41-log: run build task Sort some build options to settings.json success in 16 ms√, progress: 15%
8-10-2026 03:01:41-debug: [Build Memory track]: Sort some build options to settings.json start:227.31MB, end 227.43MB, increase: 127.38KB
8-10-2026 03:02:02-debug: Query all assets info in project
8-10-2026 03:02:02-debug: init custom config: keepNodeUuid: false, useCache: true
8-10-2026 03:02:02-debug: Skip compress image, progress: 0%
8-10-2026 03:02:02-debug: Num of bundles: 2..., progress: 0%
8-10-2026 03:02:02-debug: // ---- build task Query asset bundle ----
8-10-2026 03:02:02-debug: Init bundle root assets start..., progress: 0%
8-10-2026 03:02:02-debug: Query asset bundle start, progress: 0%
8-10-2026 03:02:02-debug: Init all bundles start..., progress: 0%
8-10-2026 03:02:02-debug: Query preload assets/scripts from cc.config.json: 60f7195c-ec2a-45eb-ba94-8955f60e81d0,1c02ae6f-4492-4915-b8f8-7492a3b1e4cd,810e96e4-e456-4468-9b59-f4e8f39732c0,efe8e2a3-eace-427b-b4f1-cb8a937ec77d,e9aa9a3e-5b2b-4ac7-a2c7-073de2b2b24f,8bbdbcdd-5cd4-4100-b6d5-b7c9625b6107,50f4348b-c883-4e2f-8f11-ce233b859fa1,fda095cb-831d-4601-ad94-846013963de8,f92806d7-1768-443f-afe8-12bcde84d0f0,dd3a144d-ab7f-41f0-82b8-2e43a090d496,f0416e68-0200-4b77-a926-4f9d16e494da,511d2633-09a7-4bdd-ac42-f778032124b3,5d45aa00-e064-4938-b314-4265f0c2258c,9361fd90-ba52-4f84-aa93-6e878fd576ca,970b0598-bcb0-4714-91fb-2e81440dccd8,bcd64cc6-2dd9-43f6-abbe-66318d332032,d930590d-bb92-4cc8-8bd1-23cd027f9edf,a3cd009f-0ab0-420d-9278-b9fdab939bbc,6a2d0734-bd9e-4ddf-946e-caa52498cb75,d9937e59-61fe-4ec6-92ab-7ac5a19c89b0,d1346436-ac96-4271-b863-1f4fdead95b0,971bdb23-3ff6-43eb-b422-1c30165a3663,17debcc3-0a6b-4b8a-b00b-dc58b885581e,711ebe11-f673-4cd9-9a83-63c60ba54c5b,c0143906-9aed-447e-9436-2ae8512d1b6e,14da1725-c4c2-42b4-ab08-ee0aeb6898b3,081cab31-dccd-428e-8652-f2404cc81c47,78e0584a-4343-4727-8f37-e14e65c2a2db,871c3b6c-7379-419d-bda3-794b239ab90d,ff9b0199-ce04-4cfe-86cc-6c719f08d6e4,de1c2107-70c8-4021-8459-6399f24d01c6,cbf30902-517f-40dc-af90-a550bac27cf1,5c601d96-e4c7-4698-991b-7ee674b11079
8-10-2026 03:02:02-debug:   Number of all scenes: 3
8-10-2026 03:02:02-debug:   Number of other assets: 486
8-10-2026 03:02:02-debug: Init bundle root assets success..., progress: 0%
8-10-2026 03:02:02-debug:   Number of all scripts: 41
8-10-2026 03:02:02-debug: // ---- build task Query asset bundle ---- (12ms)
8-10-2026 03:02:02-debug: [Build Memory track]: Query asset bundle start:227.95MB, end 227.93MB, increase: -22.92KB
8-10-2026 03:02:02-log: run build task Query asset bundle success in 12 ms√, progress: 5%
8-10-2026 03:02:02-debug: Query asset bundle start, progress: 5%
8-10-2026 03:02:02-debug: // ---- build task Query asset bundle ----
8-10-2026 03:02:02-debug: // ---- build task Query asset bundle ---- (8ms)
8-10-2026 03:02:02-log: run build task Query asset bundle success in 8 ms√, progress: 10%
8-10-2026 03:02:02-debug: Sort some build options to settings.json start, progress: 10%
8-10-2026 03:02:02-debug: [Build Memory track]: Query asset bundle start:227.96MB, end 227.28MB, increase: -697.97KB
8-10-2026 03:02:02-debug: // ---- build task Sort some build options to settings.json ----
8-10-2026 03:02:02-log: run build task Sort some build options to settings.json success in 2 ms√, progress: 12%
8-10-2026 03:02:02-debug: [Build Memory track]: Sort some build options to settings.json start:227.30MB, end 227.33MB, increase: 25.73KB
8-10-2026 03:02:02-debug: Fill script data to settings start, progress: 12%
8-10-2026 03:02:02-debug: // ---- build task Sort some build options to settings.json ---- (2ms)
8-10-2026 03:02:02-debug: // ---- build task Fill script data to settings ----
8-10-2026 03:02:02-debug: // ---- build task Fill script data to settings ---- (5ms)
8-10-2026 03:02:02-log: run build task Fill script data to settings success in 5 ms√, progress: 13%
8-10-2026 03:02:02-debug: [Build Memory track]: Fill script data to settings start:227.36MB, end 227.38MB, increase: 25.96KB
8-10-2026 03:02:02-debug: // ---- build task Sort some build options to settings.json ----
8-10-2026 03:02:02-debug: Sort some build options to settings.json start, progress: 13%
8-10-2026 03:02:02-debug: // ---- build task Sort some build options to settings.json ---- (20ms)
8-10-2026 03:02:02-log: run build task Sort some build options to settings.json success in 20 ms√, progress: 15%
8-10-2026 03:02:02-debug: [Build Memory track]: Sort some build options to settings.json start:227.41MB, end 227.54MB, increase: 133.47KB
8-10-2026 03:02:25-debug: Query all assets info in project
8-10-2026 03:02:25-debug: init custom config: keepNodeUuid: false, useCache: true
8-10-2026 03:02:25-debug: Skip compress image, progress: 0%
8-10-2026 03:02:25-debug: Init all bundles start..., progress: 0%
8-10-2026 03:02:25-debug: Num of bundles: 2..., progress: 0%
8-10-2026 03:02:25-debug: Query asset bundle start, progress: 0%
8-10-2026 03:02:25-debug: Init bundle root assets start..., progress: 0%
8-10-2026 03:02:25-debug: // ---- build task Query asset bundle ----
8-10-2026 03:02:25-debug: Query preload assets/scripts from cc.config.json: 60f7195c-ec2a-45eb-ba94-8955f60e81d0,1c02ae6f-4492-4915-b8f8-7492a3b1e4cd,810e96e4-e456-4468-9b59-f4e8f39732c0,efe8e2a3-eace-427b-b4f1-cb8a937ec77d,e9aa9a3e-5b2b-4ac7-a2c7-073de2b2b24f,8bbdbcdd-5cd4-4100-b6d5-b7c9625b6107,50f4348b-c883-4e2f-8f11-ce233b859fa1,fda095cb-831d-4601-ad94-846013963de8,f92806d7-1768-443f-afe8-12bcde84d0f0,dd3a144d-ab7f-41f0-82b8-2e43a090d496,f0416e68-0200-4b77-a926-4f9d16e494da,511d2633-09a7-4bdd-ac42-f778032124b3,5d45aa00-e064-4938-b314-4265f0c2258c,9361fd90-ba52-4f84-aa93-6e878fd576ca,970b0598-bcb0-4714-91fb-2e81440dccd8,bcd64cc6-2dd9-43f6-abbe-66318d332032,d930590d-bb92-4cc8-8bd1-23cd027f9edf,a3cd009f-0ab0-420d-9278-b9fdab939bbc,6a2d0734-bd9e-4ddf-946e-caa52498cb75,d9937e59-61fe-4ec6-92ab-7ac5a19c89b0,d1346436-ac96-4271-b863-1f4fdead95b0,971bdb23-3ff6-43eb-b422-1c30165a3663,17debcc3-0a6b-4b8a-b00b-dc58b885581e,711ebe11-f673-4cd9-9a83-63c60ba54c5b,c0143906-9aed-447e-9436-2ae8512d1b6e,14da1725-c4c2-42b4-ab08-ee0aeb6898b3,081cab31-dccd-428e-8652-f2404cc81c47,78e0584a-4343-4727-8f37-e14e65c2a2db,871c3b6c-7379-419d-bda3-794b239ab90d,ff9b0199-ce04-4cfe-86cc-6c719f08d6e4,de1c2107-70c8-4021-8459-6399f24d01c6,cbf30902-517f-40dc-af90-a550bac27cf1,5c601d96-e4c7-4698-991b-7ee674b11079
8-10-2026 03:02:25-debug:   Number of all scripts: 41
8-10-2026 03:02:25-debug:   Number of all scenes: 3
8-10-2026 03:02:25-debug:   Number of other assets: 486
8-10-2026 03:02:25-debug: Init bundle root assets success..., progress: 0%
8-10-2026 03:02:25-debug: // ---- build task Query asset bundle ---- (17ms)
8-10-2026 03:02:25-log: run build task Query asset bundle success in 17 ms√, progress: 5%
8-10-2026 03:02:25-debug: [Build Memory track]: Query asset bundle start:228.07MB, end 228.04MB, increase: -36.69KB
8-10-2026 03:02:25-debug: Query asset bundle start, progress: 5%
8-10-2026 03:02:25-debug: // ---- build task Query asset bundle ----
8-10-2026 03:02:25-debug: // ---- build task Query asset bundle ---- (12ms)
8-10-2026 03:02:25-log: run build task Query asset bundle success in 12 ms√, progress: 10%
8-10-2026 03:02:25-debug: [Build Memory track]: Query asset bundle start:228.06MB, end 227.39MB, increase: -687.87KB
8-10-2026 03:02:25-debug: Sort some build options to settings.json start, progress: 10%
8-10-2026 03:02:25-debug: // ---- build task Sort some build options to settings.json ----
8-10-2026 03:02:25-debug: // ---- build task Sort some build options to settings.json ---- (9ms)
8-10-2026 03:02:25-log: run build task Sort some build options to settings.json success in 9 ms√, progress: 12%
8-10-2026 03:02:25-debug: Fill script data to settings start, progress: 12%
8-10-2026 03:02:25-debug: [Build Memory track]: Sort some build options to settings.json start:227.42MB, end 227.44MB, increase: 26.14KB
8-10-2026 03:02:25-debug: // ---- build task Fill script data to settings ----
8-10-2026 03:02:25-debug: // ---- build task Fill script data to settings ---- (6ms)
8-10-2026 03:02:25-debug: Sort some build options to settings.json start, progress: 13%
8-10-2026 03:02:25-log: run build task Fill script data to settings success in 6 ms√, progress: 13%
8-10-2026 03:02:25-debug: [Build Memory track]: Fill script data to settings start:227.47MB, end 227.50MB, increase: 25.47KB
8-10-2026 03:02:25-debug: // ---- build task Sort some build options to settings.json ----
8-10-2026 03:02:25-debug: // ---- build task Sort some build options to settings.json ---- (13ms)
8-10-2026 03:02:25-log: run build task Sort some build options to settings.json success in 13 ms√, progress: 15%
8-10-2026 03:02:25-debug: [Build Memory track]: Sort some build options to settings.json start:227.52MB, end 227.65MB, increase: 125.63KB
8-10-2026 03:02:44-debug: Query all assets info in project
8-10-2026 03:02:44-debug: init custom config: keepNodeUuid: false, useCache: true
8-10-2026 03:02:44-debug: Skip compress image, progress: 0%
8-10-2026 03:02:44-debug: Init all bundles start..., progress: 0%
8-10-2026 03:02:44-debug: Query asset bundle start, progress: 0%
8-10-2026 03:02:44-debug: // ---- build task Query asset bundle ----
8-10-2026 03:02:44-debug: Num of bundles: 2..., progress: 0%
8-10-2026 03:02:44-debug: Init bundle root assets start..., progress: 0%
8-10-2026 03:02:44-debug: Query preload assets/scripts from cc.config.json: 60f7195c-ec2a-45eb-ba94-8955f60e81d0,1c02ae6f-4492-4915-b8f8-7492a3b1e4cd,810e96e4-e456-4468-9b59-f4e8f39732c0,efe8e2a3-eace-427b-b4f1-cb8a937ec77d,e9aa9a3e-5b2b-4ac7-a2c7-073de2b2b24f,8bbdbcdd-5cd4-4100-b6d5-b7c9625b6107,50f4348b-c883-4e2f-8f11-ce233b859fa1,fda095cb-831d-4601-ad94-846013963de8,f92806d7-1768-443f-afe8-12bcde84d0f0,dd3a144d-ab7f-41f0-82b8-2e43a090d496,f0416e68-0200-4b77-a926-4f9d16e494da,511d2633-09a7-4bdd-ac42-f778032124b3,5d45aa00-e064-4938-b314-4265f0c2258c,9361fd90-ba52-4f84-aa93-6e878fd576ca,970b0598-bcb0-4714-91fb-2e81440dccd8,bcd64cc6-2dd9-43f6-abbe-66318d332032,d930590d-bb92-4cc8-8bd1-23cd027f9edf,a3cd009f-0ab0-420d-9278-b9fdab939bbc,6a2d0734-bd9e-4ddf-946e-caa52498cb75,d9937e59-61fe-4ec6-92ab-7ac5a19c89b0,d1346436-ac96-4271-b863-1f4fdead95b0,971bdb23-3ff6-43eb-b422-1c30165a3663,17debcc3-0a6b-4b8a-b00b-dc58b885581e,711ebe11-f673-4cd9-9a83-63c60ba54c5b,c0143906-9aed-447e-9436-2ae8512d1b6e,14da1725-c4c2-42b4-ab08-ee0aeb6898b3,081cab31-dccd-428e-8652-f2404cc81c47,78e0584a-4343-4727-8f37-e14e65c2a2db,871c3b6c-7379-419d-bda3-794b239ab90d,ff9b0199-ce04-4cfe-86cc-6c719f08d6e4,de1c2107-70c8-4021-8459-6399f24d01c6,cbf30902-517f-40dc-af90-a550bac27cf1,5c601d96-e4c7-4698-991b-7ee674b11079
8-10-2026 03:02:44-debug:   Number of all scripts: 41
8-10-2026 03:02:44-debug: Init bundle root assets success..., progress: 0%
8-10-2026 03:02:44-debug:   Number of all scenes: 3
8-10-2026 03:02:44-debug:   Number of other assets: 486
8-10-2026 03:02:44-debug: // ---- build task Query asset bundle ---- (15ms)
8-10-2026 03:02:44-log: run build task Query asset bundle success in 15 ms√, progress: 5%
8-10-2026 03:02:44-debug: [Build Memory track]: Query asset bundle start:228.16MB, end 228.14MB, increase: -21.77KB
8-10-2026 03:02:44-debug: Query asset bundle start, progress: 5%
8-10-2026 03:02:44-debug: // ---- build task Query asset bundle ----
8-10-2026 03:02:44-debug: // ---- build task Query asset bundle ---- (7ms)
8-10-2026 03:02:44-log: run build task Query asset bundle success in 7 ms√, progress: 10%
8-10-2026 03:02:44-debug: [Build Memory track]: Query asset bundle start:228.16MB, end 227.49MB, increase: -687.10KB
8-10-2026 03:02:44-debug: Sort some build options to settings.json start, progress: 10%
8-10-2026 03:02:44-debug: // ---- build task Sort some build options to settings.json ----
8-10-2026 03:02:44-debug: // ---- build task Sort some build options to settings.json ---- (5ms)
8-10-2026 03:02:44-log: run build task Sort some build options to settings.json success in 5 ms√, progress: 12%
8-10-2026 03:02:44-debug: Fill script data to settings start, progress: 12%
8-10-2026 03:02:44-debug: [Build Memory track]: Sort some build options to settings.json start:227.52MB, end 227.55MB, increase: 27.18KB
8-10-2026 03:02:44-debug: // ---- build task Fill script data to settings ----
8-10-2026 03:02:44-debug: // ---- build task Fill script data to settings ---- (1ms)
8-10-2026 03:02:44-log: run build task Fill script data to settings success in 1 ms√, progress: 13%
8-10-2026 03:02:44-debug: [Build Memory track]: Fill script data to settings start:227.58MB, end 227.60MB, increase: 25.53KB
8-10-2026 03:02:44-debug: Sort some build options to settings.json start, progress: 13%
8-10-2026 03:02:44-debug: // ---- build task Sort some build options to settings.json ----
8-10-2026 03:02:44-debug: // ---- build task Sort some build options to settings.json ---- (22ms)
8-10-2026 03:02:44-log: run build task Sort some build options to settings.json success in 22 ms√, progress: 15%
8-10-2026 03:02:44-debug: [Build Memory track]: Sort some build options to settings.json start:227.63MB, end 227.75MB, increase: 125.73KB
8-10-2026 03:03:09-debug: Query all assets info in project
8-10-2026 03:03:09-debug: init custom config: keepNodeUuid: false, useCache: true
8-10-2026 03:03:09-debug: Skip compress image, progress: 0%
8-10-2026 03:03:09-debug: Init all bundles start..., progress: 0%
8-10-2026 03:03:09-debug: Num of bundles: 2..., progress: 0%
8-10-2026 03:03:09-debug: Query asset bundle start, progress: 0%
8-10-2026 03:03:09-debug: Init bundle root assets start..., progress: 0%
8-10-2026 03:03:09-debug: // ---- build task Query asset bundle ----
8-10-2026 03:03:09-debug: Query preload assets/scripts from cc.config.json: 60f7195c-ec2a-45eb-ba94-8955f60e81d0,1c02ae6f-4492-4915-b8f8-7492a3b1e4cd,810e96e4-e456-4468-9b59-f4e8f39732c0,efe8e2a3-eace-427b-b4f1-cb8a937ec77d,e9aa9a3e-5b2b-4ac7-a2c7-073de2b2b24f,8bbdbcdd-5cd4-4100-b6d5-b7c9625b6107,50f4348b-c883-4e2f-8f11-ce233b859fa1,fda095cb-831d-4601-ad94-846013963de8,f92806d7-1768-443f-afe8-12bcde84d0f0,dd3a144d-ab7f-41f0-82b8-2e43a090d496,f0416e68-0200-4b77-a926-4f9d16e494da,511d2633-09a7-4bdd-ac42-f778032124b3,5d45aa00-e064-4938-b314-4265f0c2258c,9361fd90-ba52-4f84-aa93-6e878fd576ca,970b0598-bcb0-4714-91fb-2e81440dccd8,bcd64cc6-2dd9-43f6-abbe-66318d332032,d930590d-bb92-4cc8-8bd1-23cd027f9edf,a3cd009f-0ab0-420d-9278-b9fdab939bbc,6a2d0734-bd9e-4ddf-946e-caa52498cb75,d9937e59-61fe-4ec6-92ab-7ac5a19c89b0,d1346436-ac96-4271-b863-1f4fdead95b0,971bdb23-3ff6-43eb-b422-1c30165a3663,17debcc3-0a6b-4b8a-b00b-dc58b885581e,711ebe11-f673-4cd9-9a83-63c60ba54c5b,c0143906-9aed-447e-9436-2ae8512d1b6e,14da1725-c4c2-42b4-ab08-ee0aeb6898b3,081cab31-dccd-428e-8652-f2404cc81c47,78e0584a-4343-4727-8f37-e14e65c2a2db,871c3b6c-7379-419d-bda3-794b239ab90d,ff9b0199-ce04-4cfe-86cc-6c719f08d6e4,de1c2107-70c8-4021-8459-6399f24d01c6,cbf30902-517f-40dc-af90-a550bac27cf1,5c601d96-e4c7-4698-991b-7ee674b11079
8-10-2026 03:03:09-debug:   Number of other assets: 486
8-10-2026 03:03:09-debug:   Number of all scripts: 41
8-10-2026 03:03:09-debug: Init bundle root assets success..., progress: 0%
8-10-2026 03:03:09-debug:   Number of all scenes: 3
8-10-2026 03:03:09-debug: // ---- build task Query asset bundle ---- (13ms)
8-10-2026 03:03:09-log: run build task Query asset bundle success in 13 ms√, progress: 5%
8-10-2026 03:03:09-debug: [Build Memory track]: Query asset bundle start:228.29MB, end 228.24MB, increase: -49.19KB
8-10-2026 03:03:09-debug: Query asset bundle start, progress: 5%
8-10-2026 03:03:09-debug: // ---- build task Query asset bundle ----
8-10-2026 03:03:09-debug: // ---- build task Query asset bundle ---- (9ms)
8-10-2026 03:03:09-log: run build task Query asset bundle success in 9 ms√, progress: 10%
8-10-2026 03:03:09-debug: Sort some build options to settings.json start, progress: 10%
8-10-2026 03:03:09-debug: [Build Memory track]: Query asset bundle start:228.27MB, end 227.60MB, increase: -691.30KB
8-10-2026 03:03:09-debug: // ---- build task Sort some build options to settings.json ----
8-10-2026 03:03:09-debug: // ---- build task Sort some build options to settings.json ---- (4ms)
8-10-2026 03:03:09-log: run build task Sort some build options to settings.json success in 4 ms√, progress: 12%
8-10-2026 03:03:09-debug: [Build Memory track]: Sort some build options to settings.json start:227.62MB, end 227.65MB, increase: 26.14KB
8-10-2026 03:03:09-debug: Fill script data to settings start, progress: 12%
8-10-2026 03:03:09-debug: // ---- build task Fill script data to settings ----
8-10-2026 03:03:09-debug: // ---- build task Fill script data to settings ---- (6ms)
8-10-2026 03:03:09-log: run build task Fill script data to settings success in 6 ms√, progress: 13%
8-10-2026 03:03:09-debug: [Build Memory track]: Fill script data to settings start:227.68MB, end 227.70MB, increase: 25.47KB
8-10-2026 03:03:09-debug: Sort some build options to settings.json start, progress: 13%
8-10-2026 03:03:09-debug: // ---- build task Sort some build options to settings.json ----
8-10-2026 03:03:09-debug: // ---- build task Sort some build options to settings.json ---- (14ms)
8-10-2026 03:03:09-log: run build task Sort some build options to settings.json success in 14 ms√, progress: 15%
8-10-2026 03:03:09-debug: [Build Memory track]: Sort some build options to settings.json start:227.73MB, end 227.85MB, increase: 126.73KB
8-10-2026 03:03:30-debug: Query all assets info in project
8-10-2026 03:03:30-debug: init custom config: keepNodeUuid: false, useCache: true
8-10-2026 03:03:30-debug: Skip compress image, progress: 0%
8-10-2026 03:03:30-debug: Init all bundles start..., progress: 0%
8-10-2026 03:03:30-debug: Query asset bundle start, progress: 0%
8-10-2026 03:03:30-debug: Num of bundles: 2..., progress: 0%
8-10-2026 03:03:30-debug: // ---- build task Query asset bundle ----
8-10-2026 03:03:30-debug: Init bundle root assets start..., progress: 0%
8-10-2026 03:03:30-debug: Query preload assets/scripts from cc.config.json: 60f7195c-ec2a-45eb-ba94-8955f60e81d0,1c02ae6f-4492-4915-b8f8-7492a3b1e4cd,810e96e4-e456-4468-9b59-f4e8f39732c0,efe8e2a3-eace-427b-b4f1-cb8a937ec77d,e9aa9a3e-5b2b-4ac7-a2c7-073de2b2b24f,8bbdbcdd-5cd4-4100-b6d5-b7c9625b6107,50f4348b-c883-4e2f-8f11-ce233b859fa1,fda095cb-831d-4601-ad94-846013963de8,f92806d7-1768-443f-afe8-12bcde84d0f0,dd3a144d-ab7f-41f0-82b8-2e43a090d496,f0416e68-0200-4b77-a926-4f9d16e494da,511d2633-09a7-4bdd-ac42-f778032124b3,5d45aa00-e064-4938-b314-4265f0c2258c,9361fd90-ba52-4f84-aa93-6e878fd576ca,970b0598-bcb0-4714-91fb-2e81440dccd8,bcd64cc6-2dd9-43f6-abbe-66318d332032,d930590d-bb92-4cc8-8bd1-23cd027f9edf,a3cd009f-0ab0-420d-9278-b9fdab939bbc,6a2d0734-bd9e-4ddf-946e-caa52498cb75,d9937e59-61fe-4ec6-92ab-7ac5a19c89b0,d1346436-ac96-4271-b863-1f4fdead95b0,971bdb23-3ff6-43eb-b422-1c30165a3663,17debcc3-0a6b-4b8a-b00b-dc58b885581e,711ebe11-f673-4cd9-9a83-63c60ba54c5b,c0143906-9aed-447e-9436-2ae8512d1b6e,14da1725-c4c2-42b4-ab08-ee0aeb6898b3,081cab31-dccd-428e-8652-f2404cc81c47,78e0584a-4343-4727-8f37-e14e65c2a2db,871c3b6c-7379-419d-bda3-794b239ab90d,ff9b0199-ce04-4cfe-86cc-6c719f08d6e4,de1c2107-70c8-4021-8459-6399f24d01c6,cbf30902-517f-40dc-af90-a550bac27cf1,5c601d96-e4c7-4698-991b-7ee674b11079
8-10-2026 03:03:30-debug:   Number of all scripts: 41
8-10-2026 03:03:30-debug: Init bundle root assets success..., progress: 0%
8-10-2026 03:03:30-debug:   Number of all scenes: 3
8-10-2026 03:03:30-debug:   Number of other assets: 486
8-10-2026 03:03:30-debug: // ---- build task Query asset bundle ---- (14ms)
8-10-2026 03:03:30-log: run build task Query asset bundle success in 14 ms√, progress: 5%
8-10-2026 03:03:30-debug: [Build Memory track]: Query asset bundle start:228.39MB, end 228.35MB, increase: -43.09KB
8-10-2026 03:03:30-debug: // ---- build task Query asset bundle ----
8-10-2026 03:03:30-debug: Query asset bundle start, progress: 5%
8-10-2026 03:03:30-debug: // ---- build task Query asset bundle ---- (5ms)
8-10-2026 03:03:30-log: run build task Query asset bundle success in 5 ms√, progress: 10%
8-10-2026 03:03:30-debug: [Build Memory track]: Query asset bundle start:228.37MB, end 227.72MB, increase: -672.36KB
8-10-2026 03:03:30-debug: Sort some build options to settings.json start, progress: 10%
8-10-2026 03:03:30-debug: // ---- build task Sort some build options to settings.json ----
8-10-2026 03:03:30-debug: // ---- build task Sort some build options to settings.json ---- (1ms)
8-10-2026 03:03:30-log: run build task Sort some build options to settings.json success in 1 ms√, progress: 12%
8-10-2026 03:03:30-debug: [Build Memory track]: Sort some build options to settings.json start:227.75MB, end 227.77MB, increase: 25.76KB
8-10-2026 03:03:30-debug: Fill script data to settings start, progress: 12%
8-10-2026 03:03:30-debug: // ---- build task Fill script data to settings ----
8-10-2026 03:03:30-debug: // ---- build task Fill script data to settings ---- (2ms)
8-10-2026 03:03:30-log: run build task Fill script data to settings success in 2 ms√, progress: 13%
8-10-2026 03:03:30-debug: Sort some build options to settings.json start, progress: 13%
8-10-2026 03:03:30-debug: [Build Memory track]: Fill script data to settings start:227.80MB, end 227.82MB, increase: 25.88KB
8-10-2026 03:03:30-debug: // ---- build task Sort some build options to settings.json ----
8-10-2026 03:03:30-debug: // ---- build task Sort some build options to settings.json ---- (19ms)
8-10-2026 03:03:30-log: run build task Sort some build options to settings.json success in 19 ms√, progress: 15%
8-10-2026 03:03:30-debug: [Build Memory track]: Sort some build options to settings.json start:227.85MB, end 227.99MB, increase: 136.48KB
8-10-2026 03:03:52-debug: Query all assets info in project
8-10-2026 03:03:52-debug: init custom config: keepNodeUuid: false, useCache: true
8-10-2026 03:03:52-debug: Skip compress image, progress: 0%
8-10-2026 03:03:52-debug: Init all bundles start..., progress: 0%
8-10-2026 03:03:52-debug: Num of bundles: 2..., progress: 0%
8-10-2026 03:03:52-debug: Query asset bundle start, progress: 0%
8-10-2026 03:03:52-debug: // ---- build task Query asset bundle ----
8-10-2026 03:03:52-debug: Init bundle root assets start..., progress: 0%
8-10-2026 03:03:52-debug: Query preload assets/scripts from cc.config.json: 60f7195c-ec2a-45eb-ba94-8955f60e81d0,1c02ae6f-4492-4915-b8f8-7492a3b1e4cd,810e96e4-e456-4468-9b59-f4e8f39732c0,efe8e2a3-eace-427b-b4f1-cb8a937ec77d,e9aa9a3e-5b2b-4ac7-a2c7-073de2b2b24f,8bbdbcdd-5cd4-4100-b6d5-b7c9625b6107,50f4348b-c883-4e2f-8f11-ce233b859fa1,fda095cb-831d-4601-ad94-846013963de8,f92806d7-1768-443f-afe8-12bcde84d0f0,dd3a144d-ab7f-41f0-82b8-2e43a090d496,f0416e68-0200-4b77-a926-4f9d16e494da,511d2633-09a7-4bdd-ac42-f778032124b3,5d45aa00-e064-4938-b314-4265f0c2258c,9361fd90-ba52-4f84-aa93-6e878fd576ca,970b0598-bcb0-4714-91fb-2e81440dccd8,bcd64cc6-2dd9-43f6-abbe-66318d332032,d930590d-bb92-4cc8-8bd1-23cd027f9edf,a3cd009f-0ab0-420d-9278-b9fdab939bbc,6a2d0734-bd9e-4ddf-946e-caa52498cb75,d9937e59-61fe-4ec6-92ab-7ac5a19c89b0,d1346436-ac96-4271-b863-1f4fdead95b0,971bdb23-3ff6-43eb-b422-1c30165a3663,17debcc3-0a6b-4b8a-b00b-dc58b885581e,711ebe11-f673-4cd9-9a83-63c60ba54c5b,c0143906-9aed-447e-9436-2ae8512d1b6e,14da1725-c4c2-42b4-ab08-ee0aeb6898b3,081cab31-dccd-428e-8652-f2404cc81c47,78e0584a-4343-4727-8f37-e14e65c2a2db,871c3b6c-7379-419d-bda3-794b239ab90d,ff9b0199-ce04-4cfe-86cc-6c719f08d6e4,de1c2107-70c8-4021-8459-6399f24d01c6,cbf30902-517f-40dc-af90-a550bac27cf1,5c601d96-e4c7-4698-991b-7ee674b11079
8-10-2026 03:03:52-debug:   Number of all scenes: 3
8-10-2026 03:03:52-debug:   Number of other assets: 486
8-10-2026 03:03:52-debug: Init bundle root assets success..., progress: 0%
8-10-2026 03:03:52-debug:   Number of all scripts: 41
8-10-2026 03:03:52-debug: // ---- build task Query asset bundle ---- (14ms)
8-10-2026 03:03:52-log: run build task Query asset bundle success in 14 ms√, progress: 5%
8-10-2026 03:03:52-debug: Query asset bundle start, progress: 5%
8-10-2026 03:03:52-debug: [Build Memory track]: Query asset bundle start:228.49MB, end 228.45MB, increase: -37.11KB
8-10-2026 03:03:52-debug: // ---- build task Query asset bundle ----
8-10-2026 03:03:52-debug: // ---- build task Query asset bundle ---- (7ms)
8-10-2026 03:03:52-log: run build task Query asset bundle success in 7 ms√, progress: 10%
8-10-2026 03:03:52-debug: [Build Memory track]: Query asset bundle start:228.48MB, end 227.80MB, increase: -698.13KB
8-10-2026 03:03:52-debug: Sort some build options to settings.json start, progress: 10%
8-10-2026 03:03:52-debug: // ---- build task Sort some build options to settings.json ----
8-10-2026 03:03:52-log: run build task Sort some build options to settings.json success in 4 ms√, progress: 12%
8-10-2026 03:03:52-debug: [Build Memory track]: Sort some build options to settings.json start:227.82MB, end 227.85MB, increase: 26.14KB
8-10-2026 03:03:52-debug: Fill script data to settings start, progress: 12%
8-10-2026 03:03:52-debug: // ---- build task Sort some build options to settings.json ---- (4ms)
8-10-2026 03:03:52-debug: // ---- build task Fill script data to settings ----
8-10-2026 03:03:52-debug: // ---- build task Fill script data to settings ---- (5ms)
8-10-2026 03:03:52-debug: [Build Memory track]: Fill script data to settings start:227.88MB, end 227.90MB, increase: 25.50KB
8-10-2026 03:03:52-debug: Sort some build options to settings.json start, progress: 13%
8-10-2026 03:03:52-log: run build task Fill script data to settings success in 5 ms√, progress: 13%
8-10-2026 03:03:52-debug: // ---- build task Sort some build options to settings.json ----
8-10-2026 03:03:52-debug: // ---- build task Sort some build options to settings.json ---- (12ms)
8-10-2026 03:03:52-log: run build task Sort some build options to settings.json success in 12 ms√, progress: 15%
8-10-2026 03:03:52-debug: [Build Memory track]: Sort some build options to settings.json start:227.93MB, end 228.06MB, increase: 133.48KB
8-10-2026 03:04:10-debug: Query all assets info in project
8-10-2026 03:04:10-debug: init custom config: keepNodeUuid: false, useCache: true
8-10-2026 03:04:10-debug: Skip compress image, progress: 0%
8-10-2026 03:04:10-debug: Num of bundles: 2..., progress: 0%
8-10-2026 03:04:10-debug: Init all bundles start..., progress: 0%
8-10-2026 03:04:10-debug: // ---- build task Query asset bundle ----
8-10-2026 03:04:10-debug: Query asset bundle start, progress: 0%
8-10-2026 03:04:10-debug: Init bundle root assets start..., progress: 0%
8-10-2026 03:04:10-debug: Query preload assets/scripts from cc.config.json: 60f7195c-ec2a-45eb-ba94-8955f60e81d0,1c02ae6f-4492-4915-b8f8-7492a3b1e4cd,810e96e4-e456-4468-9b59-f4e8f39732c0,efe8e2a3-eace-427b-b4f1-cb8a937ec77d,e9aa9a3e-5b2b-4ac7-a2c7-073de2b2b24f,8bbdbcdd-5cd4-4100-b6d5-b7c9625b6107,50f4348b-c883-4e2f-8f11-ce233b859fa1,fda095cb-831d-4601-ad94-846013963de8,f92806d7-1768-443f-afe8-12bcde84d0f0,dd3a144d-ab7f-41f0-82b8-2e43a090d496,f0416e68-0200-4b77-a926-4f9d16e494da,511d2633-09a7-4bdd-ac42-f778032124b3,5d45aa00-e064-4938-b314-4265f0c2258c,9361fd90-ba52-4f84-aa93-6e878fd576ca,970b0598-bcb0-4714-91fb-2e81440dccd8,bcd64cc6-2dd9-43f6-abbe-66318d332032,d930590d-bb92-4cc8-8bd1-23cd027f9edf,a3cd009f-0ab0-420d-9278-b9fdab939bbc,6a2d0734-bd9e-4ddf-946e-caa52498cb75,d9937e59-61fe-4ec6-92ab-7ac5a19c89b0,d1346436-ac96-4271-b863-1f4fdead95b0,971bdb23-3ff6-43eb-b422-1c30165a3663,17debcc3-0a6b-4b8a-b00b-dc58b885581e,711ebe11-f673-4cd9-9a83-63c60ba54c5b,c0143906-9aed-447e-9436-2ae8512d1b6e,14da1725-c4c2-42b4-ab08-ee0aeb6898b3,081cab31-dccd-428e-8652-f2404cc81c47,78e0584a-4343-4727-8f37-e14e65c2a2db,871c3b6c-7379-419d-bda3-794b239ab90d,ff9b0199-ce04-4cfe-86cc-6c719f08d6e4,de1c2107-70c8-4021-8459-6399f24d01c6,cbf30902-517f-40dc-af90-a550bac27cf1,5c601d96-e4c7-4698-991b-7ee674b11079
8-10-2026 03:04:10-debug:   Number of all scenes: 3
8-10-2026 03:04:10-debug:   Number of all scripts: 41
8-10-2026 03:04:10-debug: Init bundle root assets success..., progress: 0%
8-10-2026 03:04:10-debug:   Number of other assets: 486
8-10-2026 03:04:10-debug: // ---- build task Query asset bundle ---- (13ms)
8-10-2026 03:04:10-log: run build task Query asset bundle success in 13 ms√, progress: 5%
8-10-2026 03:04:10-debug: [Build Memory track]: Query asset bundle start:228.57MB, end 228.56MB, increase: -13.44KB
8-10-2026 03:04:10-debug: Query asset bundle start, progress: 5%
8-10-2026 03:04:10-debug: // ---- build task Query asset bundle ----
8-10-2026 03:04:10-debug: // ---- build task Query asset bundle ---- (7ms)
8-10-2026 03:04:10-log: run build task Query asset bundle success in 7 ms√, progress: 10%
8-10-2026 03:04:10-debug: [Build Memory track]: Query asset bundle start:228.58MB, end 227.91MB, increase: -685.27KB
8-10-2026 03:04:10-debug: Sort some build options to settings.json start, progress: 10%
8-10-2026 03:04:10-debug: // ---- build task Sort some build options to settings.json ----
8-10-2026 03:04:10-debug: // ---- build task Sort some build options to settings.json ---- (3ms)
8-10-2026 03:04:10-debug: [Build Memory track]: Sort some build options to settings.json start:227.94MB, end 227.97MB, increase: 26.14KB
8-10-2026 03:04:10-log: run build task Sort some build options to settings.json success in 3 ms√, progress: 12%
8-10-2026 03:04:10-debug: Fill script data to settings start, progress: 12%
8-10-2026 03:04:10-debug: // ---- build task Fill script data to settings ----
8-10-2026 03:04:10-debug: // ---- build task Fill script data to settings ---- (2ms)
8-10-2026 03:04:10-log: run build task Fill script data to settings success in 2 ms√, progress: 13%
8-10-2026 03:04:10-debug: [Build Memory track]: Fill script data to settings start:228.00MB, end 228.02MB, increase: 25.50KB
8-10-2026 03:04:10-debug: Sort some build options to settings.json start, progress: 13%
8-10-2026 03:04:10-debug: // ---- build task Sort some build options to settings.json ----
8-10-2026 03:04:10-debug: // ---- build task Sort some build options to settings.json ---- (15ms)
8-10-2026 03:04:10-log: run build task Sort some build options to settings.json success in 15 ms√, progress: 15%
8-10-2026 03:04:10-debug: [Build Memory track]: Sort some build options to settings.json start:228.05MB, end 228.17MB, increase: 125.61KB
8-10-2026 03:04:31-debug: Query all assets info in project
8-10-2026 03:04:31-debug: init custom config: keepNodeUuid: false, useCache: true
8-10-2026 03:04:31-debug: Skip compress image, progress: 0%
8-10-2026 03:04:32-debug: Init all bundles start..., progress: 0%
8-10-2026 03:04:32-debug: Num of bundles: 2..., progress: 0%
8-10-2026 03:04:32-debug: Init bundle root assets start..., progress: 0%
8-10-2026 03:04:32-debug: Query asset bundle start, progress: 0%
8-10-2026 03:04:32-debug: // ---- build task Query asset bundle ----
8-10-2026 03:04:32-debug: Query preload assets/scripts from cc.config.json: 60f7195c-ec2a-45eb-ba94-8955f60e81d0,1c02ae6f-4492-4915-b8f8-7492a3b1e4cd,810e96e4-e456-4468-9b59-f4e8f39732c0,efe8e2a3-eace-427b-b4f1-cb8a937ec77d,e9aa9a3e-5b2b-4ac7-a2c7-073de2b2b24f,8bbdbcdd-5cd4-4100-b6d5-b7c9625b6107,50f4348b-c883-4e2f-8f11-ce233b859fa1,fda095cb-831d-4601-ad94-846013963de8,f92806d7-1768-443f-afe8-12bcde84d0f0,dd3a144d-ab7f-41f0-82b8-2e43a090d496,f0416e68-0200-4b77-a926-4f9d16e494da,511d2633-09a7-4bdd-ac42-f778032124b3,5d45aa00-e064-4938-b314-4265f0c2258c,9361fd90-ba52-4f84-aa93-6e878fd576ca,970b0598-bcb0-4714-91fb-2e81440dccd8,bcd64cc6-2dd9-43f6-abbe-66318d332032,d930590d-bb92-4cc8-8bd1-23cd027f9edf,a3cd009f-0ab0-420d-9278-b9fdab939bbc,6a2d0734-bd9e-4ddf-946e-caa52498cb75,d9937e59-61fe-4ec6-92ab-7ac5a19c89b0,d1346436-ac96-4271-b863-1f4fdead95b0,971bdb23-3ff6-43eb-b422-1c30165a3663,17debcc3-0a6b-4b8a-b00b-dc58b885581e,711ebe11-f673-4cd9-9a83-63c60ba54c5b,c0143906-9aed-447e-9436-2ae8512d1b6e,14da1725-c4c2-42b4-ab08-ee0aeb6898b3,081cab31-dccd-428e-8652-f2404cc81c47,78e0584a-4343-4727-8f37-e14e65c2a2db,871c3b6c-7379-419d-bda3-794b239ab90d,ff9b0199-ce04-4cfe-86cc-6c719f08d6e4,de1c2107-70c8-4021-8459-6399f24d01c6,cbf30902-517f-40dc-af90-a550bac27cf1,5c601d96-e4c7-4698-991b-7ee674b11079
8-10-2026 03:04:32-debug:   Number of all scenes: 3
8-10-2026 03:04:32-debug:   Number of all scripts: 41
8-10-2026 03:04:32-debug: Init bundle root assets success..., progress: 0%
8-10-2026 03:04:32-debug:   Number of other assets: 486
8-10-2026 03:04:32-debug: // ---- build task Query asset bundle ---- (12ms)
8-10-2026 03:04:32-debug: Query asset bundle start, progress: 5%
8-10-2026 03:04:32-debug: [Build Memory track]: Query asset bundle start:228.71MB, end 228.66MB, increase: -48.25KB
8-10-2026 03:04:32-debug: // ---- build task Query asset bundle ----
8-10-2026 03:04:32-log: run build task Query asset bundle success in 12 ms√, progress: 5%
8-10-2026 03:04:32-debug: // ---- build task Query asset bundle ---- (5ms)
8-10-2026 03:04:32-log: run build task Query asset bundle success in 5 ms√, progress: 10%
8-10-2026 03:04:32-debug: [Build Memory track]: Query asset bundle start:228.69MB, end 228.01MB, increase: -697.47KB
8-10-2026 03:04:32-debug: Sort some build options to settings.json start, progress: 10%
8-10-2026 03:04:32-debug: // ---- build task Sort some build options to settings.json ----
8-10-2026 03:04:32-debug: // ---- build task Sort some build options to settings.json ---- (3ms)
8-10-2026 03:04:32-log: run build task Sort some build options to settings.json success in 3 ms√, progress: 12%
8-10-2026 03:04:32-debug: [Build Memory track]: Sort some build options to settings.json start:228.04MB, end 228.06MB, increase: 25.15KB
8-10-2026 03:04:32-debug: Fill script data to settings start, progress: 12%
8-10-2026 03:04:32-debug: // ---- build task Fill script data to settings ----
8-10-2026 03:04:32-debug: // ---- build task Fill script data to settings ---- (4ms)
8-10-2026 03:04:32-debug: [Build Memory track]: Fill script data to settings start:228.10MB, end 228.12MB, increase: 26.38KB
8-10-2026 03:04:32-log: run build task Fill script data to settings success in 4 ms√, progress: 13%
8-10-2026 03:04:32-debug: Sort some build options to settings.json start, progress: 13%
8-10-2026 03:04:32-debug: // ---- build task Sort some build options to settings.json ----
8-10-2026 03:04:32-debug: // ---- build task Sort some build options to settings.json ---- (20ms)
8-10-2026 03:04:32-log: run build task Sort some build options to settings.json success in 20 ms√, progress: 15%
8-10-2026 03:04:32-debug: [Build Memory track]: Sort some build options to settings.json start:228.15MB, end 228.28MB, increase: 132.25KB
8-10-2026 03:04:52-debug: Query all assets info in project
8-10-2026 03:04:52-debug: init custom config: keepNodeUuid: false, useCache: true
8-10-2026 03:04:52-debug: Skip compress image, progress: 0%
8-10-2026 03:04:52-debug: Init all bundles start..., progress: 0%
8-10-2026 03:04:52-debug: Query asset bundle start, progress: 0%
8-10-2026 03:04:52-debug: // ---- build task Query asset bundle ----
8-10-2026 03:04:52-debug: Init bundle root assets start..., progress: 0%
8-10-2026 03:04:52-debug: Num of bundles: 2..., progress: 0%
8-10-2026 03:04:52-debug: Query preload assets/scripts from cc.config.json: 60f7195c-ec2a-45eb-ba94-8955f60e81d0,1c02ae6f-4492-4915-b8f8-7492a3b1e4cd,810e96e4-e456-4468-9b59-f4e8f39732c0,efe8e2a3-eace-427b-b4f1-cb8a937ec77d,e9aa9a3e-5b2b-4ac7-a2c7-073de2b2b24f,8bbdbcdd-5cd4-4100-b6d5-b7c9625b6107,50f4348b-c883-4e2f-8f11-ce233b859fa1,fda095cb-831d-4601-ad94-846013963de8,f92806d7-1768-443f-afe8-12bcde84d0f0,dd3a144d-ab7f-41f0-82b8-2e43a090d496,f0416e68-0200-4b77-a926-4f9d16e494da,511d2633-09a7-4bdd-ac42-f778032124b3,5d45aa00-e064-4938-b314-4265f0c2258c,9361fd90-ba52-4f84-aa93-6e878fd576ca,970b0598-bcb0-4714-91fb-2e81440dccd8,bcd64cc6-2dd9-43f6-abbe-66318d332032,d930590d-bb92-4cc8-8bd1-23cd027f9edf,a3cd009f-0ab0-420d-9278-b9fdab939bbc,6a2d0734-bd9e-4ddf-946e-caa52498cb75,d9937e59-61fe-4ec6-92ab-7ac5a19c89b0,d1346436-ac96-4271-b863-1f4fdead95b0,971bdb23-3ff6-43eb-b422-1c30165a3663,17debcc3-0a6b-4b8a-b00b-dc58b885581e,711ebe11-f673-4cd9-9a83-63c60ba54c5b,c0143906-9aed-447e-9436-2ae8512d1b6e,14da1725-c4c2-42b4-ab08-ee0aeb6898b3,081cab31-dccd-428e-8652-f2404cc81c47,78e0584a-4343-4727-8f37-e14e65c2a2db,871c3b6c-7379-419d-bda3-794b239ab90d,ff9b0199-ce04-4cfe-86cc-6c719f08d6e4,de1c2107-70c8-4021-8459-6399f24d01c6,cbf30902-517f-40dc-af90-a550bac27cf1,5c601d96-e4c7-4698-991b-7ee674b11079
8-10-2026 03:04:52-debug:   Number of all scenes: 3
8-10-2026 03:04:52-debug:   Number of all scripts: 41
8-10-2026 03:04:52-debug: Init bundle root assets success..., progress: 0%
8-10-2026 03:04:52-debug:   Number of other assets: 486
8-10-2026 03:04:52-debug: // ---- build task Query asset bundle ---- (10ms)
8-10-2026 03:04:52-log: run build task Query asset bundle success in 10 ms√, progress: 5%
8-10-2026 03:04:52-debug: [Build Memory track]: Query asset bundle start:228.82MB, end 228.77MB, increase: -42.88KB
8-10-2026 03:04:52-debug: Query asset bundle start, progress: 5%
8-10-2026 03:04:52-debug: // ---- build task Query asset bundle ----
8-10-2026 03:04:52-debug: // ---- build task Query asset bundle ---- (9ms)
8-10-2026 03:04:52-log: run build task Query asset bundle success in 9 ms√, progress: 10%
8-10-2026 03:04:52-debug: Sort some build options to settings.json start, progress: 10%
8-10-2026 03:04:52-debug: [Build Memory track]: Query asset bundle start:228.80MB, end 228.12MB, increase: -697.69KB
8-10-2026 03:04:52-debug: // ---- build task Sort some build options to settings.json ----
8-10-2026 03:04:52-debug: // ---- build task Sort some build options to settings.json ---- (4ms)
8-10-2026 03:04:52-log: run build task Sort some build options to settings.json success in 4 ms√, progress: 12%
8-10-2026 03:04:52-debug: [Build Memory track]: Sort some build options to settings.json start:228.15MB, end 228.17MB, increase: 26.14KB
8-10-2026 03:04:52-debug: Fill script data to settings start, progress: 12%
8-10-2026 03:04:52-debug: // ---- build task Fill script data to settings ----
8-10-2026 03:04:52-debug: // ---- build task Fill script data to settings ---- (3ms)
8-10-2026 03:04:52-log: run build task Fill script data to settings success in 3 ms√, progress: 13%
8-10-2026 03:04:52-debug: [Build Memory track]: Fill script data to settings start:228.20MB, end 228.23MB, increase: 25.55KB
8-10-2026 03:04:52-debug: Sort some build options to settings.json start, progress: 13%
8-10-2026 03:04:52-debug: // ---- build task Sort some build options to settings.json ----
8-10-2026 03:04:52-debug: // ---- build task Sort some build options to settings.json ---- (15ms)
8-10-2026 03:04:52-log: run build task Sort some build options to settings.json success in 15 ms√, progress: 15%
8-10-2026 03:04:52-debug: [Build Memory track]: Sort some build options to settings.json start:228.26MB, end 228.39MB, increase: 133.37KB
8-10-2026 03:05:14-debug: Query all assets info in project
8-10-2026 03:05:14-debug: init custom config: keepNodeUuid: false, useCache: true
8-10-2026 03:05:14-debug: Skip compress image, progress: 0%
8-10-2026 03:05:14-debug: Init all bundles start..., progress: 0%
8-10-2026 03:05:14-debug: Query asset bundle start, progress: 0%
8-10-2026 03:05:14-debug: Num of bundles: 2..., progress: 0%
8-10-2026 03:05:14-debug: // ---- build task Query asset bundle ----
8-10-2026 03:05:14-debug: Init bundle root assets start..., progress: 0%
8-10-2026 03:05:14-debug: Query preload assets/scripts from cc.config.json: 60f7195c-ec2a-45eb-ba94-8955f60e81d0,1c02ae6f-4492-4915-b8f8-7492a3b1e4cd,810e96e4-e456-4468-9b59-f4e8f39732c0,efe8e2a3-eace-427b-b4f1-cb8a937ec77d,e9aa9a3e-5b2b-4ac7-a2c7-073de2b2b24f,8bbdbcdd-5cd4-4100-b6d5-b7c9625b6107,50f4348b-c883-4e2f-8f11-ce233b859fa1,fda095cb-831d-4601-ad94-846013963de8,f92806d7-1768-443f-afe8-12bcde84d0f0,dd3a144d-ab7f-41f0-82b8-2e43a090d496,f0416e68-0200-4b77-a926-4f9d16e494da,511d2633-09a7-4bdd-ac42-f778032124b3,5d45aa00-e064-4938-b314-4265f0c2258c,9361fd90-ba52-4f84-aa93-6e878fd576ca,970b0598-bcb0-4714-91fb-2e81440dccd8,bcd64cc6-2dd9-43f6-abbe-66318d332032,d930590d-bb92-4cc8-8bd1-23cd027f9edf,a3cd009f-0ab0-420d-9278-b9fdab939bbc,6a2d0734-bd9e-4ddf-946e-caa52498cb75,d9937e59-61fe-4ec6-92ab-7ac5a19c89b0,d1346436-ac96-4271-b863-1f4fdead95b0,971bdb23-3ff6-43eb-b422-1c30165a3663,17debcc3-0a6b-4b8a-b00b-dc58b885581e,711ebe11-f673-4cd9-9a83-63c60ba54c5b,c0143906-9aed-447e-9436-2ae8512d1b6e,14da1725-c4c2-42b4-ab08-ee0aeb6898b3,081cab31-dccd-428e-8652-f2404cc81c47,78e0584a-4343-4727-8f37-e14e65c2a2db,871c3b6c-7379-419d-bda3-794b239ab90d,ff9b0199-ce04-4cfe-86cc-6c719f08d6e4,de1c2107-70c8-4021-8459-6399f24d01c6,cbf30902-517f-40dc-af90-a550bac27cf1,5c601d96-e4c7-4698-991b-7ee674b11079
8-10-2026 03:05:14-debug:   Number of all scenes: 3
8-10-2026 03:05:14-debug:   Number of all scripts: 41
8-10-2026 03:05:14-debug: Init bundle root assets success..., progress: 0%
8-10-2026 03:05:14-debug:   Number of other assets: 486
8-10-2026 03:05:14-debug: // ---- build task Query asset bundle ---- (11ms)
8-10-2026 03:05:14-log: run build task Query asset bundle success in 11 ms√, progress: 5%
8-10-2026 03:05:14-debug: [Build Memory track]: Query asset bundle start:228.92MB, end 228.89MB, increase: -33.05KB
8-10-2026 03:05:14-debug: Query asset bundle start, progress: 5%
8-10-2026 03:05:14-debug: // ---- build task Query asset bundle ----
8-10-2026 03:05:14-debug: // ---- build task Query asset bundle ---- (7ms)
8-10-2026 03:05:14-log: run build task Query asset bundle success in 7 ms√, progress: 10%
8-10-2026 03:05:14-debug: [Build Memory track]: Query asset bundle start:228.91MB, end 228.24MB, increase: -693.17KB
8-10-2026 03:05:14-debug: Sort some build options to settings.json start, progress: 10%
8-10-2026 03:05:14-debug: // ---- build task Sort some build options to settings.json ----
8-10-2026 03:05:14-debug: // ---- build task Sort some build options to settings.json ---- (4ms)
8-10-2026 03:05:14-log: run build task Sort some build options to settings.json success in 4 ms√, progress: 12%
8-10-2026 03:05:14-debug: [Build Memory track]: Sort some build options to settings.json start:228.27MB, end 228.29MB, increase: 26.18KB
8-10-2026 03:05:14-debug: Fill script data to settings start, progress: 12%
8-10-2026 03:05:14-debug: // ---- build task Fill script data to settings ----
8-10-2026 03:05:14-debug: // ---- build task Fill script data to settings ---- (3ms)
8-10-2026 03:05:14-log: run build task Fill script data to settings success in 3 ms√, progress: 13%
8-10-2026 03:05:14-debug: [Build Memory track]: Fill script data to settings start:228.32MB, end 228.35MB, increase: 25.54KB
8-10-2026 03:05:14-debug: Sort some build options to settings.json start, progress: 13%
8-10-2026 03:05:14-debug: // ---- build task Sort some build options to settings.json ----
8-10-2026 03:05:14-debug: // ---- build task Sort some build options to settings.json ---- (14ms)
8-10-2026 03:05:14-debug: [Build Memory track]: Sort some build options to settings.json start:228.37MB, end 228.50MB, increase: 132.38KB
8-10-2026 03:05:14-log: run build task Sort some build options to settings.json success in 14 ms√, progress: 15%
8-10-2026 03:05:34-debug: Query all assets info in project
8-10-2026 03:05:34-debug: init custom config: keepNodeUuid: false, useCache: true
8-10-2026 03:05:34-debug: Skip compress image, progress: 0%
8-10-2026 03:05:34-debug: Init all bundles start..., progress: 0%
8-10-2026 03:05:34-debug: Num of bundles: 2..., progress: 0%
8-10-2026 03:05:34-debug: Query asset bundle start, progress: 0%
8-10-2026 03:05:34-debug: // ---- build task Query asset bundle ----
8-10-2026 03:05:34-debug: Init bundle root assets start..., progress: 0%
8-10-2026 03:05:34-debug: Query preload assets/scripts from cc.config.json: 60f7195c-ec2a-45eb-ba94-8955f60e81d0,1c02ae6f-4492-4915-b8f8-7492a3b1e4cd,810e96e4-e456-4468-9b59-f4e8f39732c0,efe8e2a3-eace-427b-b4f1-cb8a937ec77d,e9aa9a3e-5b2b-4ac7-a2c7-073de2b2b24f,8bbdbcdd-5cd4-4100-b6d5-b7c9625b6107,50f4348b-c883-4e2f-8f11-ce233b859fa1,fda095cb-831d-4601-ad94-846013963de8,f92806d7-1768-443f-afe8-12bcde84d0f0,dd3a144d-ab7f-41f0-82b8-2e43a090d496,f0416e68-0200-4b77-a926-4f9d16e494da,511d2633-09a7-4bdd-ac42-f778032124b3,5d45aa00-e064-4938-b314-4265f0c2258c,9361fd90-ba52-4f84-aa93-6e878fd576ca,970b0598-bcb0-4714-91fb-2e81440dccd8,bcd64cc6-2dd9-43f6-abbe-66318d332032,d930590d-bb92-4cc8-8bd1-23cd027f9edf,a3cd009f-0ab0-420d-9278-b9fdab939bbc,6a2d0734-bd9e-4ddf-946e-caa52498cb75,d9937e59-61fe-4ec6-92ab-7ac5a19c89b0,d1346436-ac96-4271-b863-1f4fdead95b0,971bdb23-3ff6-43eb-b422-1c30165a3663,17debcc3-0a6b-4b8a-b00b-dc58b885581e,711ebe11-f673-4cd9-9a83-63c60ba54c5b,c0143906-9aed-447e-9436-2ae8512d1b6e,14da1725-c4c2-42b4-ab08-ee0aeb6898b3,081cab31-dccd-428e-8652-f2404cc81c47,78e0584a-4343-4727-8f37-e14e65c2a2db,871c3b6c-7379-419d-bda3-794b239ab90d,ff9b0199-ce04-4cfe-86cc-6c719f08d6e4,de1c2107-70c8-4021-8459-6399f24d01c6,cbf30902-517f-40dc-af90-a550bac27cf1,5c601d96-e4c7-4698-991b-7ee674b11079
8-10-2026 03:05:34-debug:   Number of all scripts: 41
8-10-2026 03:05:34-debug:   Number of other assets: 486
8-10-2026 03:05:34-debug: Init bundle root assets success..., progress: 0%
8-10-2026 03:05:34-debug:   Number of all scenes: 3
8-10-2026 03:05:34-debug: // ---- build task Query asset bundle ---- (12ms)
8-10-2026 03:05:34-debug: Query asset bundle start, progress: 5%
8-10-2026 03:05:34-log: run build task Query asset bundle success in 12 ms√, progress: 5%
8-10-2026 03:05:34-debug: [Build Memory track]: Query asset bundle start:229.04MB, end 229.00MB, increase: -46.65KB
8-10-2026 03:05:34-debug: // ---- build task Query asset bundle ----
8-10-2026 03:05:34-debug: // ---- build task Query asset bundle ---- (6ms)
8-10-2026 03:05:34-log: run build task Query asset bundle success in 6 ms√, progress: 10%
8-10-2026 03:05:34-debug: [Build Memory track]: Query asset bundle start:229.03MB, end 228.34MB, increase: -697.96KB
8-10-2026 03:05:34-debug: Sort some build options to settings.json start, progress: 10%
8-10-2026 03:05:34-debug: // ---- build task Sort some build options to settings.json ----
8-10-2026 03:05:34-debug: // ---- build task Sort some build options to settings.json ---- (2ms)
8-10-2026 03:05:34-log: run build task Sort some build options to settings.json success in 2 ms√, progress: 12%
8-10-2026 03:05:34-debug: [Build Memory track]: Sort some build options to settings.json start:228.37MB, end 228.40MB, increase: 31.02KB
8-10-2026 03:05:34-debug: Fill script data to settings start, progress: 12%
8-10-2026 03:05:34-debug: // ---- build task Fill script data to settings ----
8-10-2026 03:05:34-debug: // ---- build task Fill script data to settings ---- (4ms)
8-10-2026 03:05:34-log: run build task Fill script data to settings success in 4 ms√, progress: 13%
8-10-2026 03:05:34-debug: [Build Memory track]: Fill script data to settings start:228.43MB, end 228.46MB, increase: 25.54KB
8-10-2026 03:05:34-debug: Sort some build options to settings.json start, progress: 13%
8-10-2026 03:05:34-debug: // ---- build task Sort some build options to settings.json ----
8-10-2026 03:05:34-debug: // ---- build task Sort some build options to settings.json ---- (21ms)
8-10-2026 03:05:34-log: run build task Sort some build options to settings.json success in 21 ms√, progress: 15%
8-10-2026 03:05:34-debug: [Build Memory track]: Sort some build options to settings.json start:228.48MB, end 228.61MB, increase: 133.33KB
8-10-2026 03:05:56-debug: Query all assets info in project
8-10-2026 03:05:56-debug: init custom config: keepNodeUuid: false, useCache: true
8-10-2026 03:05:56-debug: Skip compress image, progress: 0%
8-10-2026 03:05:56-debug: Init all bundles start..., progress: 0%
8-10-2026 03:05:56-debug: Query asset bundle start, progress: 0%
8-10-2026 03:05:56-debug: // ---- build task Query asset bundle ----
8-10-2026 03:05:56-debug: Init bundle root assets start..., progress: 0%
8-10-2026 03:05:56-debug: Num of bundles: 2..., progress: 0%
8-10-2026 03:05:56-debug: Query preload assets/scripts from cc.config.json: 60f7195c-ec2a-45eb-ba94-8955f60e81d0,1c02ae6f-4492-4915-b8f8-7492a3b1e4cd,810e96e4-e456-4468-9b59-f4e8f39732c0,efe8e2a3-eace-427b-b4f1-cb8a937ec77d,e9aa9a3e-5b2b-4ac7-a2c7-073de2b2b24f,8bbdbcdd-5cd4-4100-b6d5-b7c9625b6107,50f4348b-c883-4e2f-8f11-ce233b859fa1,fda095cb-831d-4601-ad94-846013963de8,f92806d7-1768-443f-afe8-12bcde84d0f0,dd3a144d-ab7f-41f0-82b8-2e43a090d496,f0416e68-0200-4b77-a926-4f9d16e494da,511d2633-09a7-4bdd-ac42-f778032124b3,5d45aa00-e064-4938-b314-4265f0c2258c,9361fd90-ba52-4f84-aa93-6e878fd576ca,970b0598-bcb0-4714-91fb-2e81440dccd8,bcd64cc6-2dd9-43f6-abbe-66318d332032,d930590d-bb92-4cc8-8bd1-23cd027f9edf,a3cd009f-0ab0-420d-9278-b9fdab939bbc,6a2d0734-bd9e-4ddf-946e-caa52498cb75,d9937e59-61fe-4ec6-92ab-7ac5a19c89b0,d1346436-ac96-4271-b863-1f4fdead95b0,971bdb23-3ff6-43eb-b422-1c30165a3663,17debcc3-0a6b-4b8a-b00b-dc58b885581e,711ebe11-f673-4cd9-9a83-63c60ba54c5b,c0143906-9aed-447e-9436-2ae8512d1b6e,14da1725-c4c2-42b4-ab08-ee0aeb6898b3,081cab31-dccd-428e-8652-f2404cc81c47,78e0584a-4343-4727-8f37-e14e65c2a2db,871c3b6c-7379-419d-bda3-794b239ab90d,ff9b0199-ce04-4cfe-86cc-6c719f08d6e4,de1c2107-70c8-4021-8459-6399f24d01c6,cbf30902-517f-40dc-af90-a550bac27cf1,5c601d96-e4c7-4698-991b-7ee674b11079
8-10-2026 03:05:56-debug:   Number of all scenes: 3
8-10-2026 03:05:56-debug:   Number of all scripts: 41
8-10-2026 03:05:56-debug:   Number of other assets: 486
8-10-2026 03:05:56-debug: Init bundle root assets success..., progress: 0%
8-10-2026 03:05:56-log: run build task Query asset bundle success in 15 ms√, progress: 5%
8-10-2026 03:05:56-debug: [Build Memory track]: Query asset bundle start:229.14MB, end 229.11MB, increase: -36.64KB
8-10-2026 03:05:56-debug: // ---- build task Query asset bundle ----
8-10-2026 03:05:56-debug: Query asset bundle start, progress: 5%
8-10-2026 03:05:56-debug: // ---- build task Query asset bundle ---- (15ms)
8-10-2026 03:05:56-debug: // ---- build task Query asset bundle ---- (12ms)
8-10-2026 03:05:56-debug: [Build Memory track]: Query asset bundle start:229.13MB, end 228.45MB, increase: -702.60KB
8-10-2026 03:05:56-debug: Sort some build options to settings.json start, progress: 10%
8-10-2026 03:05:56-log: run build task Query asset bundle success in 12 ms√, progress: 10%
8-10-2026 03:05:56-debug: // ---- build task Sort some build options to settings.json ----
8-10-2026 03:05:56-debug: // ---- build task Sort some build options to settings.json ---- (1ms)
8-10-2026 03:05:56-debug: [Build Memory track]: Sort some build options to settings.json start:228.48MB, end 228.50MB, increase: 26.10KB
8-10-2026 03:05:56-debug: Fill script data to settings start, progress: 12%
8-10-2026 03:05:56-log: run build task Sort some build options to settings.json success in 1 ms√, progress: 12%
8-10-2026 03:05:56-debug: // ---- build task Fill script data to settings ----
8-10-2026 03:05:56-debug: // ---- build task Fill script data to settings ---- (1ms)
8-10-2026 03:05:56-log: run build task Fill script data to settings success in 1 ms√, progress: 13%
8-10-2026 03:05:56-debug: [Build Memory track]: Fill script data to settings start:228.53MB, end 228.55MB, increase: 25.46KB
8-10-2026 03:05:56-debug: Sort some build options to settings.json start, progress: 13%
8-10-2026 03:05:56-debug: // ---- build task Sort some build options to settings.json ----
8-10-2026 03:05:56-debug: // ---- build task Sort some build options to settings.json ---- (16ms)
8-10-2026 03:05:56-log: run build task Sort some build options to settings.json success in 16 ms√, progress: 15%
8-10-2026 03:05:56-debug: [Build Memory track]: Sort some build options to settings.json start:228.58MB, end 228.72MB, increase: 137.97KB
8-10-2026 03:06:19-debug: Query all assets info in project
8-10-2026 03:06:19-debug: init custom config: keepNodeUuid: false, useCache: true
8-10-2026 03:06:19-debug: Skip compress image, progress: 0%
8-10-2026 03:06:19-debug: Init all bundles start..., progress: 0%
8-10-2026 03:06:19-debug: Num of bundles: 2..., progress: 0%
8-10-2026 03:06:19-debug: Query asset bundle start, progress: 0%
8-10-2026 03:06:19-debug: // ---- build task Query asset bundle ----
8-10-2026 03:06:19-debug: Init bundle root assets start..., progress: 0%
8-10-2026 03:06:19-debug: Query preload assets/scripts from cc.config.json: 60f7195c-ec2a-45eb-ba94-8955f60e81d0,1c02ae6f-4492-4915-b8f8-7492a3b1e4cd,810e96e4-e456-4468-9b59-f4e8f39732c0,efe8e2a3-eace-427b-b4f1-cb8a937ec77d,e9aa9a3e-5b2b-4ac7-a2c7-073de2b2b24f,8bbdbcdd-5cd4-4100-b6d5-b7c9625b6107,50f4348b-c883-4e2f-8f11-ce233b859fa1,fda095cb-831d-4601-ad94-846013963de8,f92806d7-1768-443f-afe8-12bcde84d0f0,dd3a144d-ab7f-41f0-82b8-2e43a090d496,f0416e68-0200-4b77-a926-4f9d16e494da,511d2633-09a7-4bdd-ac42-f778032124b3,5d45aa00-e064-4938-b314-4265f0c2258c,9361fd90-ba52-4f84-aa93-6e878fd576ca,970b0598-bcb0-4714-91fb-2e81440dccd8,bcd64cc6-2dd9-43f6-abbe-66318d332032,d930590d-bb92-4cc8-8bd1-23cd027f9edf,a3cd009f-0ab0-420d-9278-b9fdab939bbc,6a2d0734-bd9e-4ddf-946e-caa52498cb75,d9937e59-61fe-4ec6-92ab-7ac5a19c89b0,d1346436-ac96-4271-b863-1f4fdead95b0,971bdb23-3ff6-43eb-b422-1c30165a3663,17debcc3-0a6b-4b8a-b00b-dc58b885581e,711ebe11-f673-4cd9-9a83-63c60ba54c5b,c0143906-9aed-447e-9436-2ae8512d1b6e,14da1725-c4c2-42b4-ab08-ee0aeb6898b3,081cab31-dccd-428e-8652-f2404cc81c47,78e0584a-4343-4727-8f37-e14e65c2a2db,871c3b6c-7379-419d-bda3-794b239ab90d,ff9b0199-ce04-4cfe-86cc-6c719f08d6e4,de1c2107-70c8-4021-8459-6399f24d01c6,cbf30902-517f-40dc-af90-a550bac27cf1,5c601d96-e4c7-4698-991b-7ee674b11079
8-10-2026 03:06:19-debug:   Number of all scripts: 41
8-10-2026 03:06:19-debug:   Number of other assets: 486
8-10-2026 03:06:19-debug: Init bundle root assets success..., progress: 0%
8-10-2026 03:06:19-debug:   Number of all scenes: 3
8-10-2026 03:06:19-debug: // ---- build task Query asset bundle ---- (15ms)
8-10-2026 03:06:19-log: run build task Query asset bundle success in 15 ms√, progress: 5%
8-10-2026 03:06:19-debug: [Build Memory track]: Query asset bundle start:229.22MB, end 229.21MB, increase: -13.97KB
8-10-2026 03:06:19-debug: Query asset bundle start, progress: 5%
8-10-2026 03:06:19-debug: // ---- build task Query asset bundle ----
8-10-2026 03:06:19-debug: // ---- build task Query asset bundle ---- (13ms)
8-10-2026 03:06:19-log: run build task Query asset bundle success in 13 ms√, progress: 10%
8-10-2026 03:06:19-debug: [Build Memory track]: Query asset bundle start:229.24MB, end 228.58MB, increase: -672.04KB
8-10-2026 03:06:19-debug: Sort some build options to settings.json start, progress: 10%
8-10-2026 03:06:19-debug: // ---- build task Sort some build options to settings.json ----
8-10-2026 03:06:19-debug: // ---- build task Sort some build options to settings.json ---- (2ms)
8-10-2026 03:06:19-debug: [Build Memory track]: Sort some build options to settings.json start:228.61MB, end 228.64MB, increase: 26.10KB
8-10-2026 03:06:19-log: run build task Sort some build options to settings.json success in 2 ms√, progress: 12%
8-10-2026 03:06:19-debug: Fill script data to settings start, progress: 12%
8-10-2026 03:06:19-debug: // ---- build task Fill script data to settings ----
8-10-2026 03:06:19-debug: // ---- build task Fill script data to settings ---- (7ms)
8-10-2026 03:06:19-log: run build task Fill script data to settings success in 7 ms√, progress: 13%
8-10-2026 03:06:19-debug: [Build Memory track]: Fill script data to settings start:228.66MB, end 228.69MB, increase: 25.62KB
8-10-2026 03:06:19-debug: Sort some build options to settings.json start, progress: 13%
8-10-2026 03:06:19-debug: // ---- build task Sort some build options to settings.json ----
8-10-2026 03:06:19-debug: // ---- build task Sort some build options to settings.json ---- (16ms)
8-10-2026 03:06:19-log: run build task Sort some build options to settings.json success in 16 ms√, progress: 15%
8-10-2026 03:06:19-debug: [Build Memory track]: Sort some build options to settings.json start:228.72MB, end 228.85MB, increase: 136.61KB
8-10-2026 03:06:42-debug: Query all assets info in project
8-10-2026 03:06:42-debug: init custom config: keepNodeUuid: false, useCache: true
8-10-2026 03:06:42-debug: Skip compress image, progress: 0%
8-10-2026 03:06:42-debug: Init all bundles start..., progress: 0%
8-10-2026 03:06:42-debug: Num of bundles: 2..., progress: 0%
8-10-2026 03:06:42-debug: Query asset bundle start, progress: 0%
8-10-2026 03:06:42-debug: // ---- build task Query asset bundle ----
8-10-2026 03:06:42-debug: Init bundle root assets start..., progress: 0%
8-10-2026 03:06:42-debug:   Number of all scenes: 3
8-10-2026 03:06:42-debug: Query preload assets/scripts from cc.config.json: 60f7195c-ec2a-45eb-ba94-8955f60e81d0,1c02ae6f-4492-4915-b8f8-7492a3b1e4cd,810e96e4-e456-4468-9b59-f4e8f39732c0,efe8e2a3-eace-427b-b4f1-cb8a937ec77d,e9aa9a3e-5b2b-4ac7-a2c7-073de2b2b24f,8bbdbcdd-5cd4-4100-b6d5-b7c9625b6107,50f4348b-c883-4e2f-8f11-ce233b859fa1,fda095cb-831d-4601-ad94-846013963de8,f92806d7-1768-443f-afe8-12bcde84d0f0,dd3a144d-ab7f-41f0-82b8-2e43a090d496,f0416e68-0200-4b77-a926-4f9d16e494da,511d2633-09a7-4bdd-ac42-f778032124b3,5d45aa00-e064-4938-b314-4265f0c2258c,9361fd90-ba52-4f84-aa93-6e878fd576ca,970b0598-bcb0-4714-91fb-2e81440dccd8,bcd64cc6-2dd9-43f6-abbe-66318d332032,d930590d-bb92-4cc8-8bd1-23cd027f9edf,a3cd009f-0ab0-420d-9278-b9fdab939bbc,6a2d0734-bd9e-4ddf-946e-caa52498cb75,d9937e59-61fe-4ec6-92ab-7ac5a19c89b0,d1346436-ac96-4271-b863-1f4fdead95b0,971bdb23-3ff6-43eb-b422-1c30165a3663,17debcc3-0a6b-4b8a-b00b-dc58b885581e,711ebe11-f673-4cd9-9a83-63c60ba54c5b,c0143906-9aed-447e-9436-2ae8512d1b6e,14da1725-c4c2-42b4-ab08-ee0aeb6898b3,081cab31-dccd-428e-8652-f2404cc81c47,78e0584a-4343-4727-8f37-e14e65c2a2db,871c3b6c-7379-419d-bda3-794b239ab90d,ff9b0199-ce04-4cfe-86cc-6c719f08d6e4,de1c2107-70c8-4021-8459-6399f24d01c6,cbf30902-517f-40dc-af90-a550bac27cf1,5c601d96-e4c7-4698-991b-7ee674b11079
8-10-2026 03:06:42-debug:   Number of all scripts: 41
8-10-2026 03:06:42-debug: Init bundle root assets success..., progress: 0%
8-10-2026 03:06:42-debug:   Number of other assets: 486
8-10-2026 03:06:42-debug: // ---- build task Query asset bundle ---- (11ms)
8-10-2026 03:06:42-log: run build task Query asset bundle success in 11 ms√, progress: 5%
8-10-2026 03:06:42-debug: [Build Memory track]: Query asset bundle start:229.38MB, end 229.32MB, increase: -67.48KB
8-10-2026 03:06:42-debug: Query asset bundle start, progress: 5%
8-10-2026 03:06:42-debug: // ---- build task Query asset bundle ----
8-10-2026 03:06:42-debug: // ---- build task Query asset bundle ---- (8ms)
8-10-2026 03:06:42-debug: Sort some build options to settings.json start, progress: 10%
8-10-2026 03:06:42-log: run build task Query asset bundle success in 8 ms√, progress: 10%
8-10-2026 03:06:42-debug: [Build Memory track]: Query asset bundle start:229.34MB, end 228.66MB, increase: -697.38KB
8-10-2026 03:06:42-debug: // ---- build task Sort some build options to settings.json ----
8-10-2026 03:06:42-debug: // ---- build task Sort some build options to settings.json ---- (3ms)
8-10-2026 03:06:42-debug: [Build Memory track]: Sort some build options to settings.json start:228.69MB, end 228.72MB, increase: 26.07KB
8-10-2026 03:06:42-debug: Fill script data to settings start, progress: 12%
8-10-2026 03:06:42-log: run build task Sort some build options to settings.json success in 3 ms√, progress: 12%
8-10-2026 03:06:42-debug: // ---- build task Fill script data to settings ----
8-10-2026 03:06:42-debug: // ---- build task Fill script data to settings ---- (3ms)
8-10-2026 03:06:42-log: run build task Fill script data to settings success in 3 ms√, progress: 13%
8-10-2026 03:06:42-debug: [Build Memory track]: Fill script data to settings start:228.74MB, end 228.77MB, increase: 25.46KB
8-10-2026 03:06:42-debug: Sort some build options to settings.json start, progress: 13%
8-10-2026 03:06:42-debug: // ---- build task Sort some build options to settings.json ----
8-10-2026 03:06:42-debug: // ---- build task Sort some build options to settings.json ---- (17ms)
8-10-2026 03:06:42-log: run build task Sort some build options to settings.json success in 17 ms√, progress: 15%
8-10-2026 03:06:42-debug: [Build Memory track]: Sort some build options to settings.json start:228.80MB, end 228.94MB, increase: 148.73KB
8-10-2026 03:07:01-debug: Query all assets info in project
8-10-2026 03:07:01-debug: init custom config: keepNodeUuid: false, useCache: true
8-10-2026 03:07:01-debug: Skip compress image, progress: 0%
8-10-2026 03:07:01-debug: Num of bundles: 2..., progress: 0%
8-10-2026 03:07:01-debug: // ---- build task Query asset bundle ----
8-10-2026 03:07:01-debug: Init bundle root assets start..., progress: 0%
8-10-2026 03:07:01-debug: Query asset bundle start, progress: 0%
8-10-2026 03:07:01-debug: Init all bundles start..., progress: 0%
8-10-2026 03:07:01-debug: Query preload assets/scripts from cc.config.json: 60f7195c-ec2a-45eb-ba94-8955f60e81d0,1c02ae6f-4492-4915-b8f8-7492a3b1e4cd,810e96e4-e456-4468-9b59-f4e8f39732c0,efe8e2a3-eace-427b-b4f1-cb8a937ec77d,e9aa9a3e-5b2b-4ac7-a2c7-073de2b2b24f,8bbdbcdd-5cd4-4100-b6d5-b7c9625b6107,50f4348b-c883-4e2f-8f11-ce233b859fa1,fda095cb-831d-4601-ad94-846013963de8,f92806d7-1768-443f-afe8-12bcde84d0f0,dd3a144d-ab7f-41f0-82b8-2e43a090d496,f0416e68-0200-4b77-a926-4f9d16e494da,511d2633-09a7-4bdd-ac42-f778032124b3,5d45aa00-e064-4938-b314-4265f0c2258c,9361fd90-ba52-4f84-aa93-6e878fd576ca,970b0598-bcb0-4714-91fb-2e81440dccd8,bcd64cc6-2dd9-43f6-abbe-66318d332032,d930590d-bb92-4cc8-8bd1-23cd027f9edf,a3cd009f-0ab0-420d-9278-b9fdab939bbc,6a2d0734-bd9e-4ddf-946e-caa52498cb75,d9937e59-61fe-4ec6-92ab-7ac5a19c89b0,d1346436-ac96-4271-b863-1f4fdead95b0,971bdb23-3ff6-43eb-b422-1c30165a3663,17debcc3-0a6b-4b8a-b00b-dc58b885581e,711ebe11-f673-4cd9-9a83-63c60ba54c5b,c0143906-9aed-447e-9436-2ae8512d1b6e,14da1725-c4c2-42b4-ab08-ee0aeb6898b3,081cab31-dccd-428e-8652-f2404cc81c47,78e0584a-4343-4727-8f37-e14e65c2a2db,871c3b6c-7379-419d-bda3-794b239ab90d,ff9b0199-ce04-4cfe-86cc-6c719f08d6e4,de1c2107-70c8-4021-8459-6399f24d01c6,cbf30902-517f-40dc-af90-a550bac27cf1,5c601d96-e4c7-4698-991b-7ee674b11079
8-10-2026 03:07:01-debug:   Number of all scenes: 3
8-10-2026 03:07:01-debug:   Number of all scripts: 41
8-10-2026 03:07:01-debug: Init bundle root assets success..., progress: 0%
8-10-2026 03:07:01-debug:   Number of other assets: 486
8-10-2026 03:07:01-debug: // ---- build task Query asset bundle ---- (13ms)
8-10-2026 03:07:01-log: run build task Query asset bundle success in 13 ms√, progress: 5%
8-10-2026 03:07:01-debug: [Build Memory track]: Query asset bundle start:229.48MB, end 229.44MB, increase: -42.45KB
8-10-2026 03:07:01-debug: Query asset bundle start, progress: 5%
8-10-2026 03:07:01-debug: // ---- build task Query asset bundle ----
8-10-2026 03:07:01-debug: // ---- build task Query asset bundle ---- (7ms)
8-10-2026 03:07:01-log: run build task Query asset bundle success in 7 ms√, progress: 10%
8-10-2026 03:07:01-debug: Sort some build options to settings.json start, progress: 10%
8-10-2026 03:07:01-debug: [Build Memory track]: Query asset bundle start:229.46MB, end 228.78MB, increase: -695.65KB
8-10-2026 03:07:01-debug: // ---- build task Sort some build options to settings.json ----
8-10-2026 03:07:01-debug: // ---- build task Sort some build options to settings.json ---- (4ms)
8-10-2026 03:07:01-log: run build task Sort some build options to settings.json success in 4 ms√, progress: 12%
8-10-2026 03:07:01-debug: [Build Memory track]: Sort some build options to settings.json start:228.81MB, end 228.84MB, increase: 25.96KB
8-10-2026 03:07:01-debug: Fill script data to settings start, progress: 12%
8-10-2026 03:07:01-debug: // ---- build task Fill script data to settings ----
8-10-2026 03:07:01-debug: // ---- build task Fill script data to settings ---- (5ms)
8-10-2026 03:07:01-log: run build task Fill script data to settings success in 5 ms√, progress: 13%
8-10-2026 03:07:01-debug: [Build Memory track]: Fill script data to settings start:228.86MB, end 228.89MB, increase: 25.33KB
8-10-2026 03:07:01-debug: // ---- build task Sort some build options to settings.json ----
8-10-2026 03:07:01-debug: Sort some build options to settings.json start, progress: 13%
8-10-2026 03:07:01-debug: // ---- build task Sort some build options to settings.json ---- (16ms)
8-10-2026 03:07:01-log: run build task Sort some build options to settings.json success in 16 ms√, progress: 15%
8-10-2026 03:07:01-debug: [Build Memory track]: Sort some build options to settings.json start:228.92MB, end 229.05MB, increase: 132.77KB
8-10-2026 03:07:23-debug: Query all assets info in project
8-10-2026 03:07:23-debug: init custom config: keepNodeUuid: false, useCache: true
8-10-2026 03:07:23-debug: Skip compress image, progress: 0%
8-10-2026 03:07:23-debug: Init all bundles start..., progress: 0%
8-10-2026 03:07:23-debug: Num of bundles: 2..., progress: 0%
8-10-2026 03:07:23-debug: Init bundle root assets start..., progress: 0%
8-10-2026 03:07:23-debug: Query asset bundle start, progress: 0%
8-10-2026 03:07:23-debug: // ---- build task Query asset bundle ----
8-10-2026 03:07:23-debug: Query preload assets/scripts from cc.config.json: 60f7195c-ec2a-45eb-ba94-8955f60e81d0,1c02ae6f-4492-4915-b8f8-7492a3b1e4cd,810e96e4-e456-4468-9b59-f4e8f39732c0,efe8e2a3-eace-427b-b4f1-cb8a937ec77d,e9aa9a3e-5b2b-4ac7-a2c7-073de2b2b24f,8bbdbcdd-5cd4-4100-b6d5-b7c9625b6107,50f4348b-c883-4e2f-8f11-ce233b859fa1,fda095cb-831d-4601-ad94-846013963de8,f92806d7-1768-443f-afe8-12bcde84d0f0,dd3a144d-ab7f-41f0-82b8-2e43a090d496,f0416e68-0200-4b77-a926-4f9d16e494da,511d2633-09a7-4bdd-ac42-f778032124b3,5d45aa00-e064-4938-b314-4265f0c2258c,9361fd90-ba52-4f84-aa93-6e878fd576ca,970b0598-bcb0-4714-91fb-2e81440dccd8,bcd64cc6-2dd9-43f6-abbe-66318d332032,d930590d-bb92-4cc8-8bd1-23cd027f9edf,a3cd009f-0ab0-420d-9278-b9fdab939bbc,6a2d0734-bd9e-4ddf-946e-caa52498cb75,d9937e59-61fe-4ec6-92ab-7ac5a19c89b0,d1346436-ac96-4271-b863-1f4fdead95b0,971bdb23-3ff6-43eb-b422-1c30165a3663,17debcc3-0a6b-4b8a-b00b-dc58b885581e,711ebe11-f673-4cd9-9a83-63c60ba54c5b,c0143906-9aed-447e-9436-2ae8512d1b6e,14da1725-c4c2-42b4-ab08-ee0aeb6898b3,081cab31-dccd-428e-8652-f2404cc81c47,78e0584a-4343-4727-8f37-e14e65c2a2db,871c3b6c-7379-419d-bda3-794b239ab90d,ff9b0199-ce04-4cfe-86cc-6c719f08d6e4,de1c2107-70c8-4021-8459-6399f24d01c6,cbf30902-517f-40dc-af90-a550bac27cf1,5c601d96-e4c7-4698-991b-7ee674b11079
8-10-2026 03:07:23-debug:   Number of other assets: 486
8-10-2026 03:07:23-debug: Init bundle root assets success..., progress: 0%
8-10-2026 03:07:23-debug:   Number of all scripts: 41
8-10-2026 03:07:23-debug:   Number of all scenes: 3
8-10-2026 03:07:23-debug: // ---- build task Query asset bundle ---- (11ms)
8-10-2026 03:07:23-log: run build task Query asset bundle success in 11 ms√, progress: 5%
8-10-2026 03:07:23-debug: [Build Memory track]: Query asset bundle start:229.55MB, end 229.54MB, increase: -14.07KB
8-10-2026 03:07:23-debug: Query asset bundle start, progress: 5%
8-10-2026 03:07:23-debug: // ---- build task Query asset bundle ----
8-10-2026 03:07:23-debug: // ---- build task Query asset bundle ---- (6ms)
8-10-2026 03:07:23-log: run build task Query asset bundle success in 6 ms√, progress: 10%
8-10-2026 03:07:23-debug: Sort some build options to settings.json start, progress: 10%
8-10-2026 03:07:23-debug: [Build Memory track]: Query asset bundle start:229.57MB, end 228.91MB, increase: -671.95KB
8-10-2026 03:07:23-debug: // ---- build task Sort some build options to settings.json ----
8-10-2026 03:07:24-debug: // ---- build task Sort some build options to settings.json ---- (4ms)
8-10-2026 03:07:24-log: run build task Sort some build options to settings.json success in 4 ms√, progress: 12%
8-10-2026 03:07:24-debug: [Build Memory track]: Sort some build options to settings.json start:228.94MB, end 228.96MB, increase: 25.98KB
8-10-2026 03:07:24-debug: Fill script data to settings start, progress: 12%
8-10-2026 03:07:24-debug: // ---- build task Fill script data to settings ----
8-10-2026 03:07:24-debug: // ---- build task Fill script data to settings ---- (3ms)
8-10-2026 03:07:24-log: run build task Fill script data to settings success in 3 ms√, progress: 13%
8-10-2026 03:07:24-debug: [Build Memory track]: Fill script data to settings start:228.99MB, end 229.02MB, increase: 28.69KB
8-10-2026 03:07:24-debug: // ---- build task Sort some build options to settings.json ----
8-10-2026 03:07:24-debug: Sort some build options to settings.json start, progress: 13%
8-10-2026 03:07:24-debug: // ---- build task Sort some build options to settings.json ---- (14ms)
8-10-2026 03:07:24-log: run build task Sort some build options to settings.json success in 14 ms√, progress: 15%
8-10-2026 03:07:24-debug: [Build Memory track]: Sort some build options to settings.json start:229.05MB, end 229.18MB, increase: 137.68KB
8-10-2026 03:07:44-debug: Query all assets info in project
8-10-2026 03:07:44-debug: init custom config: keepNodeUuid: false, useCache: true
8-10-2026 03:07:44-debug: Skip compress image, progress: 0%
8-10-2026 03:07:44-debug: Init all bundles start..., progress: 0%
8-10-2026 03:07:44-debug: // ---- build task Query asset bundle ----
8-10-2026 03:07:44-debug: Init bundle root assets start..., progress: 0%
8-10-2026 03:07:44-debug: Num of bundles: 2..., progress: 0%
8-10-2026 03:07:44-debug: Query asset bundle start, progress: 0%
8-10-2026 03:07:44-debug: Query preload assets/scripts from cc.config.json: 60f7195c-ec2a-45eb-ba94-8955f60e81d0,1c02ae6f-4492-4915-b8f8-7492a3b1e4cd,810e96e4-e456-4468-9b59-f4e8f39732c0,efe8e2a3-eace-427b-b4f1-cb8a937ec77d,e9aa9a3e-5b2b-4ac7-a2c7-073de2b2b24f,8bbdbcdd-5cd4-4100-b6d5-b7c9625b6107,50f4348b-c883-4e2f-8f11-ce233b859fa1,fda095cb-831d-4601-ad94-846013963de8,f92806d7-1768-443f-afe8-12bcde84d0f0,dd3a144d-ab7f-41f0-82b8-2e43a090d496,f0416e68-0200-4b77-a926-4f9d16e494da,511d2633-09a7-4bdd-ac42-f778032124b3,5d45aa00-e064-4938-b314-4265f0c2258c,9361fd90-ba52-4f84-aa93-6e878fd576ca,970b0598-bcb0-4714-91fb-2e81440dccd8,bcd64cc6-2dd9-43f6-abbe-66318d332032,d930590d-bb92-4cc8-8bd1-23cd027f9edf,a3cd009f-0ab0-420d-9278-b9fdab939bbc,6a2d0734-bd9e-4ddf-946e-caa52498cb75,d9937e59-61fe-4ec6-92ab-7ac5a19c89b0,d1346436-ac96-4271-b863-1f4fdead95b0,971bdb23-3ff6-43eb-b422-1c30165a3663,17debcc3-0a6b-4b8a-b00b-dc58b885581e,711ebe11-f673-4cd9-9a83-63c60ba54c5b,c0143906-9aed-447e-9436-2ae8512d1b6e,14da1725-c4c2-42b4-ab08-ee0aeb6898b3,081cab31-dccd-428e-8652-f2404cc81c47,78e0584a-4343-4727-8f37-e14e65c2a2db,871c3b6c-7379-419d-bda3-794b239ab90d,ff9b0199-ce04-4cfe-86cc-6c719f08d6e4,de1c2107-70c8-4021-8459-6399f24d01c6,cbf30902-517f-40dc-af90-a550bac27cf1,5c601d96-e4c7-4698-991b-7ee674b11079
8-10-2026 03:07:44-debug:   Number of all scenes: 3
8-10-2026 03:07:44-debug:   Number of other assets: 486
8-10-2026 03:07:44-debug: Init bundle root assets success..., progress: 0%
8-10-2026 03:07:44-debug:   Number of all scripts: 41
8-10-2026 03:07:44-debug: // ---- build task Query asset bundle ---- (14ms)
8-10-2026 03:07:44-log: run build task Query asset bundle success in 14 ms√, progress: 5%
8-10-2026 03:07:44-debug: [Build Memory track]: Query asset bundle start:229.68MB, end 229.65MB, increase: -36.07KB
8-10-2026 03:07:44-debug: Query asset bundle start, progress: 5%
8-10-2026 03:07:44-debug: // ---- build task Query asset bundle ----
8-10-2026 03:07:44-debug: // ---- build task Query asset bundle ---- (6ms)
8-10-2026 03:07:44-log: run build task Query asset bundle success in 6 ms√, progress: 10%
8-10-2026 03:07:44-debug: Sort some build options to settings.json start, progress: 10%
8-10-2026 03:07:44-debug: [Build Memory track]: Query asset bundle start:229.67MB, end 229.00MB, increase: -693.38KB
8-10-2026 03:07:44-debug: // ---- build task Sort some build options to settings.json ----
8-10-2026 03:07:44-debug: // ---- build task Sort some build options to settings.json ---- (5ms)
8-10-2026 03:07:44-log: run build task Sort some build options to settings.json success in 5 ms√, progress: 12%
8-10-2026 03:07:44-debug: [Build Memory track]: Sort some build options to settings.json start:229.02MB, end 229.05MB, increase: 25.93KB
8-10-2026 03:07:44-debug: Fill script data to settings start, progress: 12%
8-10-2026 03:07:44-debug: // ---- build task Fill script data to settings ----
8-10-2026 03:07:44-debug: // ---- build task Fill script data to settings ---- (6ms)
8-10-2026 03:07:44-log: run build task Fill script data to settings success in 6 ms√, progress: 13%
8-10-2026 03:07:44-debug: [Build Memory track]: Fill script data to settings start:229.08MB, end 229.10MB, increase: 25.46KB
8-10-2026 03:07:44-debug: // ---- build task Sort some build options to settings.json ----
8-10-2026 03:07:44-debug: Sort some build options to settings.json start, progress: 13%
8-10-2026 03:07:44-debug: // ---- build task Sort some build options to settings.json ---- (17ms)
8-10-2026 03:07:44-log: run build task Sort some build options to settings.json success in 17 ms√, progress: 15%
8-10-2026 03:07:44-debug: [Build Memory track]: Sort some build options to settings.json start:229.13MB, end 229.26MB, increase: 133.56KB
8-10-2026 03:08:05-debug: Query all assets info in project
8-10-2026 03:08:05-debug: init custom config: keepNodeUuid: false, useCache: true
8-10-2026 03:08:05-debug: Skip compress image, progress: 0%
8-10-2026 03:08:05-debug: Init all bundles start..., progress: 0%
8-10-2026 03:08:05-debug: Query asset bundle start, progress: 0%
8-10-2026 03:08:05-debug: // ---- build task Query asset bundle ----
8-10-2026 03:08:05-debug: Init bundle root assets start..., progress: 0%
8-10-2026 03:08:05-debug: Num of bundles: 2..., progress: 0%
8-10-2026 03:08:05-debug: Query preload assets/scripts from cc.config.json: 60f7195c-ec2a-45eb-ba94-8955f60e81d0,1c02ae6f-4492-4915-b8f8-7492a3b1e4cd,810e96e4-e456-4468-9b59-f4e8f39732c0,efe8e2a3-eace-427b-b4f1-cb8a937ec77d,e9aa9a3e-5b2b-4ac7-a2c7-073de2b2b24f,8bbdbcdd-5cd4-4100-b6d5-b7c9625b6107,50f4348b-c883-4e2f-8f11-ce233b859fa1,fda095cb-831d-4601-ad94-846013963de8,f92806d7-1768-443f-afe8-12bcde84d0f0,dd3a144d-ab7f-41f0-82b8-2e43a090d496,f0416e68-0200-4b77-a926-4f9d16e494da,511d2633-09a7-4bdd-ac42-f778032124b3,5d45aa00-e064-4938-b314-4265f0c2258c,9361fd90-ba52-4f84-aa93-6e878fd576ca,970b0598-bcb0-4714-91fb-2e81440dccd8,bcd64cc6-2dd9-43f6-abbe-66318d332032,d930590d-bb92-4cc8-8bd1-23cd027f9edf,a3cd009f-0ab0-420d-9278-b9fdab939bbc,6a2d0734-bd9e-4ddf-946e-caa52498cb75,d9937e59-61fe-4ec6-92ab-7ac5a19c89b0,d1346436-ac96-4271-b863-1f4fdead95b0,971bdb23-3ff6-43eb-b422-1c30165a3663,17debcc3-0a6b-4b8a-b00b-dc58b885581e,711ebe11-f673-4cd9-9a83-63c60ba54c5b,c0143906-9aed-447e-9436-2ae8512d1b6e,14da1725-c4c2-42b4-ab08-ee0aeb6898b3,081cab31-dccd-428e-8652-f2404cc81c47,78e0584a-4343-4727-8f37-e14e65c2a2db,871c3b6c-7379-419d-bda3-794b239ab90d,ff9b0199-ce04-4cfe-86cc-6c719f08d6e4,de1c2107-70c8-4021-8459-6399f24d01c6,cbf30902-517f-40dc-af90-a550bac27cf1,5c601d96-e4c7-4698-991b-7ee674b11079
8-10-2026 03:08:05-debug:   Number of all scripts: 41
8-10-2026 03:08:05-debug:   Number of other assets: 486
8-10-2026 03:08:05-debug: Init bundle root assets success..., progress: 0%
8-10-2026 03:08:05-debug:   Number of all scenes: 3
8-10-2026 03:08:05-debug: // ---- build task Query asset bundle ---- (9ms)
8-10-2026 03:08:05-log: run build task Query asset bundle success in 9 ms√, progress: 5%
8-10-2026 03:08:05-debug: [Build Memory track]: Query asset bundle start:229.78MB, end 229.77MB, increase: -11.80KB
8-10-2026 03:08:05-debug: // ---- build task Query asset bundle ----
8-10-2026 03:08:05-debug: Query asset bundle start, progress: 5%
8-10-2026 03:08:05-debug: // ---- build task Query asset bundle ---- (5ms)
8-10-2026 03:08:05-log: run build task Query asset bundle success in 5 ms√, progress: 10%
8-10-2026 03:08:05-debug: [Build Memory track]: Query asset bundle start:229.79MB, end 229.12MB, increase: -692.92KB
8-10-2026 03:08:05-debug: Sort some build options to settings.json start, progress: 10%
8-10-2026 03:08:05-debug: // ---- build task Sort some build options to settings.json ----
8-10-2026 03:08:05-debug: // ---- build task Sort some build options to settings.json ---- (3ms)
8-10-2026 03:08:05-log: run build task Sort some build options to settings.json success in 3 ms√, progress: 12%
8-10-2026 03:08:05-debug: [Build Memory track]: Sort some build options to settings.json start:229.15MB, end 229.17MB, increase: 25.92KB
8-10-2026 03:08:05-debug: Fill script data to settings start, progress: 12%
8-10-2026 03:08:05-debug: // ---- build task Fill script data to settings ----
8-10-2026 03:08:05-debug: // ---- build task Fill script data to settings ---- (1ms)
8-10-2026 03:08:05-log: run build task Fill script data to settings success in 1 ms√, progress: 13%
8-10-2026 03:08:05-debug: [Build Memory track]: Fill script data to settings start:229.20MB, end 229.22MB, increase: 25.34KB
8-10-2026 03:08:05-debug: Sort some build options to settings.json start, progress: 13%
8-10-2026 03:08:05-debug: // ---- build task Sort some build options to settings.json ----
8-10-2026 03:08:05-debug: // ---- build task Sort some build options to settings.json ---- (15ms)
8-10-2026 03:08:05-log: run build task Sort some build options to settings.json success in 15 ms√, progress: 15%
8-10-2026 03:08:05-debug: [Build Memory track]: Sort some build options to settings.json start:229.25MB, end 229.38MB, increase: 130.26KB
8-10-2026 03:08:27-debug: Query all assets info in project
8-10-2026 03:08:27-debug: init custom config: keepNodeUuid: false, useCache: true
8-10-2026 03:08:27-debug: Skip compress image, progress: 0%
8-10-2026 03:08:27-debug: Init all bundles start..., progress: 0%
8-10-2026 03:08:27-debug: // ---- build task Query asset bundle ----
8-10-2026 03:08:27-debug: Num of bundles: 2..., progress: 0%
8-10-2026 03:08:27-debug: Init bundle root assets start..., progress: 0%
8-10-2026 03:08:27-debug: Query asset bundle start, progress: 0%
8-10-2026 03:08:27-debug: Query preload assets/scripts from cc.config.json: 60f7195c-ec2a-45eb-ba94-8955f60e81d0,1c02ae6f-4492-4915-b8f8-7492a3b1e4cd,810e96e4-e456-4468-9b59-f4e8f39732c0,efe8e2a3-eace-427b-b4f1-cb8a937ec77d,e9aa9a3e-5b2b-4ac7-a2c7-073de2b2b24f,8bbdbcdd-5cd4-4100-b6d5-b7c9625b6107,50f4348b-c883-4e2f-8f11-ce233b859fa1,fda095cb-831d-4601-ad94-846013963de8,f92806d7-1768-443f-afe8-12bcde84d0f0,dd3a144d-ab7f-41f0-82b8-2e43a090d496,f0416e68-0200-4b77-a926-4f9d16e494da,511d2633-09a7-4bdd-ac42-f778032124b3,5d45aa00-e064-4938-b314-4265f0c2258c,9361fd90-ba52-4f84-aa93-6e878fd576ca,970b0598-bcb0-4714-91fb-2e81440dccd8,bcd64cc6-2dd9-43f6-abbe-66318d332032,d930590d-bb92-4cc8-8bd1-23cd027f9edf,a3cd009f-0ab0-420d-9278-b9fdab939bbc,6a2d0734-bd9e-4ddf-946e-caa52498cb75,d9937e59-61fe-4ec6-92ab-7ac5a19c89b0,d1346436-ac96-4271-b863-1f4fdead95b0,971bdb23-3ff6-43eb-b422-1c30165a3663,17debcc3-0a6b-4b8a-b00b-dc58b885581e,711ebe11-f673-4cd9-9a83-63c60ba54c5b,c0143906-9aed-447e-9436-2ae8512d1b6e,14da1725-c4c2-42b4-ab08-ee0aeb6898b3,081cab31-dccd-428e-8652-f2404cc81c47,78e0584a-4343-4727-8f37-e14e65c2a2db,871c3b6c-7379-419d-bda3-794b239ab90d,ff9b0199-ce04-4cfe-86cc-6c719f08d6e4,de1c2107-70c8-4021-8459-6399f24d01c6,cbf30902-517f-40dc-af90-a550bac27cf1,5c601d96-e4c7-4698-991b-7ee674b11079
8-10-2026 03:08:27-debug:   Number of all scenes: 3
8-10-2026 03:08:27-debug:   Number of all scripts: 41
8-10-2026 03:08:27-debug: Init bundle root assets success..., progress: 0%
8-10-2026 03:08:27-debug:   Number of other assets: 486
8-10-2026 03:08:27-debug: // ---- build task Query asset bundle ---- (10ms)
8-10-2026 03:08:27-log: run build task Query asset bundle success in 10 ms√, progress: 5%
8-10-2026 03:08:27-debug: [Build Memory track]: Query asset bundle start:229.89MB, end 229.87MB, increase: -14.26KB
8-10-2026 03:08:27-debug: Query asset bundle start, progress: 5%
8-10-2026 03:08:27-debug: // ---- build task Query asset bundle ----
8-10-2026 03:08:27-debug: // ---- build task Query asset bundle ---- (9ms)
8-10-2026 03:08:27-debug: [Build Memory track]: Query asset bundle start:229.90MB, end 229.24MB, increase: -673.48KB
8-10-2026 03:08:27-debug: // ---- build task Sort some build options to settings.json ----
8-10-2026 03:08:27-log: run build task Query asset bundle success in 9 ms√, progress: 10%
8-10-2026 03:08:27-debug: Sort some build options to settings.json start, progress: 10%
8-10-2026 03:08:27-debug: // ---- build task Sort some build options to settings.json ---- (2ms)
8-10-2026 03:08:27-debug: [Build Memory track]: Sort some build options to settings.json start:229.27MB, end 229.29MB, increase: 25.92KB
8-10-2026 03:08:27-log: run build task Sort some build options to settings.json success in 2 ms√, progress: 12%
8-10-2026 03:08:27-debug: Fill script data to settings start, progress: 12%
8-10-2026 03:08:27-debug: // ---- build task Fill script data to settings ----
8-10-2026 03:08:27-debug: // ---- build task Fill script data to settings ---- (2ms)
8-10-2026 03:08:27-log: run build task Fill script data to settings success in 2 ms√, progress: 13%
8-10-2026 03:08:27-debug: [Build Memory track]: Fill script data to settings start:229.32MB, end 229.35MB, increase: 25.28KB
8-10-2026 03:08:27-debug: Sort some build options to settings.json start, progress: 13%
8-10-2026 03:08:27-debug: // ---- build task Sort some build options to settings.json ----
8-10-2026 03:08:27-debug: // ---- build task Sort some build options to settings.json ---- (17ms)
8-10-2026 03:08:27-debug: [Build Memory track]: Sort some build options to settings.json start:229.37MB, end 229.51MB, increase: 141.05KB
8-10-2026 03:08:27-log: run build task Sort some build options to settings.json success in 17 ms√, progress: 15%
8-10-2026 03:08:47-debug: Query all assets info in project
8-10-2026 03:08:47-debug: init custom config: keepNodeUuid: false, useCache: true
8-10-2026 03:08:47-debug: Skip compress image, progress: 0%
8-10-2026 03:08:47-debug: Init all bundles start..., progress: 0%
8-10-2026 03:08:47-debug: Query asset bundle start, progress: 0%
8-10-2026 03:08:47-debug: // ---- build task Query asset bundle ----
8-10-2026 03:08:47-debug: Init bundle root assets start..., progress: 0%
8-10-2026 03:08:47-debug: Num of bundles: 2..., progress: 0%
8-10-2026 03:08:47-debug: Query preload assets/scripts from cc.config.json: 60f7195c-ec2a-45eb-ba94-8955f60e81d0,1c02ae6f-4492-4915-b8f8-7492a3b1e4cd,810e96e4-e456-4468-9b59-f4e8f39732c0,efe8e2a3-eace-427b-b4f1-cb8a937ec77d,e9aa9a3e-5b2b-4ac7-a2c7-073de2b2b24f,8bbdbcdd-5cd4-4100-b6d5-b7c9625b6107,50f4348b-c883-4e2f-8f11-ce233b859fa1,fda095cb-831d-4601-ad94-846013963de8,f92806d7-1768-443f-afe8-12bcde84d0f0,dd3a144d-ab7f-41f0-82b8-2e43a090d496,f0416e68-0200-4b77-a926-4f9d16e494da,511d2633-09a7-4bdd-ac42-f778032124b3,5d45aa00-e064-4938-b314-4265f0c2258c,9361fd90-ba52-4f84-aa93-6e878fd576ca,970b0598-bcb0-4714-91fb-2e81440dccd8,bcd64cc6-2dd9-43f6-abbe-66318d332032,d930590d-bb92-4cc8-8bd1-23cd027f9edf,a3cd009f-0ab0-420d-9278-b9fdab939bbc,6a2d0734-bd9e-4ddf-946e-caa52498cb75,d9937e59-61fe-4ec6-92ab-7ac5a19c89b0,d1346436-ac96-4271-b863-1f4fdead95b0,971bdb23-3ff6-43eb-b422-1c30165a3663,17debcc3-0a6b-4b8a-b00b-dc58b885581e,711ebe11-f673-4cd9-9a83-63c60ba54c5b,c0143906-9aed-447e-9436-2ae8512d1b6e,14da1725-c4c2-42b4-ab08-ee0aeb6898b3,081cab31-dccd-428e-8652-f2404cc81c47,78e0584a-4343-4727-8f37-e14e65c2a2db,871c3b6c-7379-419d-bda3-794b239ab90d,ff9b0199-ce04-4cfe-86cc-6c719f08d6e4,de1c2107-70c8-4021-8459-6399f24d01c6,cbf30902-517f-40dc-af90-a550bac27cf1,5c601d96-e4c7-4698-991b-7ee674b11079
8-10-2026 03:08:47-debug:   Number of all scripts: 41
8-10-2026 03:08:47-debug:   Number of other assets: 486
8-10-2026 03:08:47-debug: Init bundle root assets success..., progress: 0%
8-10-2026 03:08:47-debug:   Number of all scenes: 3
8-10-2026 03:08:47-debug: // ---- build task Query asset bundle ---- (12ms)
8-10-2026 03:08:47-log: run build task Query asset bundle success in 12 ms√, progress: 5%
8-10-2026 03:08:47-debug: [Build Memory track]: Query asset bundle start:230.04MB, end 229.98MB, increase: -63.28KB
8-10-2026 03:08:47-debug: Query asset bundle start, progress: 5%
8-10-2026 03:08:47-debug: // ---- build task Query asset bundle ----
8-10-2026 03:08:47-debug: // ---- build task Query asset bundle ---- (10ms)
8-10-2026 03:08:47-log: run build task Query asset bundle success in 10 ms√, progress: 10%
8-10-2026 03:08:47-debug: [Build Memory track]: Query asset bundle start:230.00MB, end 229.33MB, increase: -690.31KB
8-10-2026 03:08:47-debug: Sort some build options to settings.json start, progress: 10%
8-10-2026 03:08:47-debug: // ---- build task Sort some build options to settings.json ----
8-10-2026 03:08:47-debug: // ---- build task Sort some build options to settings.json ---- (3ms)
8-10-2026 03:08:47-log: run build task Sort some build options to settings.json success in 3 ms√, progress: 12%
8-10-2026 03:08:47-debug: [Build Memory track]: Sort some build options to settings.json start:229.36MB, end 229.38MB, increase: 25.95KB
8-10-2026 03:08:47-debug: Fill script data to settings start, progress: 12%
8-10-2026 03:08:47-debug: // ---- build task Fill script data to settings ----
8-10-2026 03:08:47-debug: // ---- build task Fill script data to settings ---- (3ms)
8-10-2026 03:08:47-log: run build task Fill script data to settings success in 3 ms√, progress: 13%
8-10-2026 03:08:47-debug: [Build Memory track]: Fill script data to settings start:229.41MB, end 229.44MB, increase: 25.31KB
8-10-2026 03:08:47-debug: Sort some build options to settings.json start, progress: 13%
8-10-2026 03:08:47-debug: // ---- build task Sort some build options to settings.json ----
8-10-2026 03:08:47-debug: // ---- build task Sort some build options to settings.json ---- (16ms)
8-10-2026 03:08:47-log: run build task Sort some build options to settings.json success in 16 ms√, progress: 15%
8-10-2026 03:08:47-debug: [Build Memory track]: Sort some build options to settings.json start:229.46MB, end 229.59MB, increase: 127.70KB
8-10-2026 03:09:07-debug: Query all assets info in project
8-10-2026 03:09:07-debug: init custom config: keepNodeUuid: false, useCache: true
8-10-2026 03:09:07-debug: Skip compress image, progress: 0%
8-10-2026 03:09:07-debug: Init all bundles start..., progress: 0%
8-10-2026 03:09:07-debug: Query asset bundle start, progress: 0%
8-10-2026 03:09:07-debug: // ---- build task Query asset bundle ----
8-10-2026 03:09:07-debug: Init bundle root assets start..., progress: 0%
8-10-2026 03:09:07-debug: Num of bundles: 2..., progress: 0%
8-10-2026 03:09:07-debug:   Number of all scenes: 3
8-10-2026 03:09:07-debug: Query preload assets/scripts from cc.config.json: 60f7195c-ec2a-45eb-ba94-8955f60e81d0,1c02ae6f-4492-4915-b8f8-7492a3b1e4cd,810e96e4-e456-4468-9b59-f4e8f39732c0,efe8e2a3-eace-427b-b4f1-cb8a937ec77d,e9aa9a3e-5b2b-4ac7-a2c7-073de2b2b24f,8bbdbcdd-5cd4-4100-b6d5-b7c9625b6107,50f4348b-c883-4e2f-8f11-ce233b859fa1,fda095cb-831d-4601-ad94-846013963de8,f92806d7-1768-443f-afe8-12bcde84d0f0,dd3a144d-ab7f-41f0-82b8-2e43a090d496,f0416e68-0200-4b77-a926-4f9d16e494da,511d2633-09a7-4bdd-ac42-f778032124b3,5d45aa00-e064-4938-b314-4265f0c2258c,9361fd90-ba52-4f84-aa93-6e878fd576ca,970b0598-bcb0-4714-91fb-2e81440dccd8,bcd64cc6-2dd9-43f6-abbe-66318d332032,d930590d-bb92-4cc8-8bd1-23cd027f9edf,a3cd009f-0ab0-420d-9278-b9fdab939bbc,6a2d0734-bd9e-4ddf-946e-caa52498cb75,d9937e59-61fe-4ec6-92ab-7ac5a19c89b0,d1346436-ac96-4271-b863-1f4fdead95b0,971bdb23-3ff6-43eb-b422-1c30165a3663,17debcc3-0a6b-4b8a-b00b-dc58b885581e,711ebe11-f673-4cd9-9a83-63c60ba54c5b,c0143906-9aed-447e-9436-2ae8512d1b6e,14da1725-c4c2-42b4-ab08-ee0aeb6898b3,081cab31-dccd-428e-8652-f2404cc81c47,78e0584a-4343-4727-8f37-e14e65c2a2db,871c3b6c-7379-419d-bda3-794b239ab90d,ff9b0199-ce04-4cfe-86cc-6c719f08d6e4,de1c2107-70c8-4021-8459-6399f24d01c6,cbf30902-517f-40dc-af90-a550bac27cf1,5c601d96-e4c7-4698-991b-7ee674b11079
8-10-2026 03:09:07-debug:   Number of other assets: 486
8-10-2026 03:09:07-debug: Init bundle root assets success..., progress: 0%
8-10-2026 03:09:07-debug:   Number of all scripts: 41
8-10-2026 03:09:07-debug: // ---- build task Query asset bundle ---- (12ms)
8-10-2026 03:09:07-log: run build task Query asset bundle success in 12 ms√, progress: 5%
8-10-2026 03:09:07-debug: // ---- build task Query asset bundle ----
8-10-2026 03:09:07-debug: [Build Memory track]: Query asset bundle start:230.12MB, end 230.08MB, increase: -43.21KB
8-10-2026 03:09:07-debug: Query asset bundle start, progress: 5%
8-10-2026 03:09:07-debug: // ---- build task Query asset bundle ---- (7ms)
8-10-2026 03:09:07-log: run build task Query asset bundle success in 7 ms√, progress: 10%
8-10-2026 03:09:07-debug: // ---- build task Sort some build options to settings.json ----
8-10-2026 03:09:07-debug: [Build Memory track]: Query asset bundle start:230.11MB, end 229.42MB, increase: -703.73KB
8-10-2026 03:09:07-debug: Sort some build options to settings.json start, progress: 10%
8-10-2026 03:09:07-debug: // ---- build task Sort some build options to settings.json ---- (4ms)
8-10-2026 03:09:07-log: run build task Sort some build options to settings.json success in 4 ms√, progress: 12%
8-10-2026 03:09:07-debug: Fill script data to settings start, progress: 12%
8-10-2026 03:09:07-debug: [Build Memory track]: Sort some build options to settings.json start:229.45MB, end 229.47MB, increase: 26.00KB
8-10-2026 03:09:07-debug: // ---- build task Fill script data to settings ----
8-10-2026 03:09:07-debug: // ---- build task Fill script data to settings ---- (5ms)
8-10-2026 03:09:07-log: run build task Fill script data to settings success in 5 ms√, progress: 13%
8-10-2026 03:09:07-debug: [Build Memory track]: Fill script data to settings start:229.50MB, end 229.53MB, increase: 25.28KB
8-10-2026 03:09:07-debug: Sort some build options to settings.json start, progress: 13%
8-10-2026 03:09:07-debug: // ---- build task Sort some build options to settings.json ----
8-10-2026 03:09:07-debug: // ---- build task Sort some build options to settings.json ---- (18ms)
8-10-2026 03:09:07-log: run build task Sort some build options to settings.json success in 18 ms√, progress: 15%
8-10-2026 03:09:07-debug: [Build Memory track]: Sort some build options to settings.json start:229.55MB, end 229.69MB, increase: 140.96KB
8-10-2026 03:09:29-debug: Query all assets info in project
8-10-2026 03:09:29-debug: init custom config: keepNodeUuid: false, useCache: true
8-10-2026 03:09:29-debug: Skip compress image, progress: 0%
8-10-2026 03:09:29-debug: Init all bundles start..., progress: 0%
8-10-2026 03:09:29-debug: Num of bundles: 2..., progress: 0%
8-10-2026 03:09:29-debug: Query asset bundle start, progress: 0%
8-10-2026 03:09:29-debug: Init bundle root assets start..., progress: 0%
8-10-2026 03:09:29-debug: // ---- build task Query asset bundle ----
8-10-2026 03:09:29-debug: Query preload assets/scripts from cc.config.json: 60f7195c-ec2a-45eb-ba94-8955f60e81d0,1c02ae6f-4492-4915-b8f8-7492a3b1e4cd,810e96e4-e456-4468-9b59-f4e8f39732c0,efe8e2a3-eace-427b-b4f1-cb8a937ec77d,e9aa9a3e-5b2b-4ac7-a2c7-073de2b2b24f,8bbdbcdd-5cd4-4100-b6d5-b7c9625b6107,50f4348b-c883-4e2f-8f11-ce233b859fa1,fda095cb-831d-4601-ad94-846013963de8,f92806d7-1768-443f-afe8-12bcde84d0f0,dd3a144d-ab7f-41f0-82b8-2e43a090d496,f0416e68-0200-4b77-a926-4f9d16e494da,511d2633-09a7-4bdd-ac42-f778032124b3,5d45aa00-e064-4938-b314-4265f0c2258c,9361fd90-ba52-4f84-aa93-6e878fd576ca,970b0598-bcb0-4714-91fb-2e81440dccd8,bcd64cc6-2dd9-43f6-abbe-66318d332032,d930590d-bb92-4cc8-8bd1-23cd027f9edf,a3cd009f-0ab0-420d-9278-b9fdab939bbc,6a2d0734-bd9e-4ddf-946e-caa52498cb75,d9937e59-61fe-4ec6-92ab-7ac5a19c89b0,d1346436-ac96-4271-b863-1f4fdead95b0,971bdb23-3ff6-43eb-b422-1c30165a3663,17debcc3-0a6b-4b8a-b00b-dc58b885581e,711ebe11-f673-4cd9-9a83-63c60ba54c5b,c0143906-9aed-447e-9436-2ae8512d1b6e,14da1725-c4c2-42b4-ab08-ee0aeb6898b3,081cab31-dccd-428e-8652-f2404cc81c47,78e0584a-4343-4727-8f37-e14e65c2a2db,871c3b6c-7379-419d-bda3-794b239ab90d,ff9b0199-ce04-4cfe-86cc-6c719f08d6e4,de1c2107-70c8-4021-8459-6399f24d01c6,cbf30902-517f-40dc-af90-a550bac27cf1,5c601d96-e4c7-4698-991b-7ee674b11079
8-10-2026 03:09:29-debug:   Number of all scenes: 3
8-10-2026 03:09:29-debug:   Number of other assets: 486
8-10-2026 03:09:29-debug: Init bundle root assets success..., progress: 0%
8-10-2026 03:09:29-debug:   Number of all scripts: 41
8-10-2026 03:09:29-debug: // ---- build task Query asset bundle ---- (12ms)
8-10-2026 03:09:29-log: run build task Query asset bundle success in 12 ms√, progress: 5%
8-10-2026 03:09:29-debug: [Build Memory track]: Query asset bundle start:230.22MB, end 230.18MB, increase: -36.14KB
8-10-2026 03:09:29-debug: Query asset bundle start, progress: 5%
8-10-2026 03:09:29-debug: // ---- build task Query asset bundle ----
8-10-2026 03:09:29-log: run build task Query asset bundle success in 7 ms√, progress: 10%
8-10-2026 03:09:29-debug: [Build Memory track]: Query asset bundle start:230.21MB, end 229.53MB, increase: -696.86KB
8-10-2026 03:09:29-debug: Sort some build options to settings.json start, progress: 10%
8-10-2026 03:09:29-debug: // ---- build task Query asset bundle ---- (7ms)
8-10-2026 03:09:29-debug: // ---- build task Sort some build options to settings.json ----
8-10-2026 03:09:29-debug: // ---- build task Sort some build options to settings.json ---- (2ms)
8-10-2026 03:09:29-log: run build task Sort some build options to settings.json success in 2 ms√, progress: 12%
8-10-2026 03:09:29-debug: [Build Memory track]: Sort some build options to settings.json start:229.56MB, end 229.58MB, increase: 25.95KB
8-10-2026 03:09:29-debug: Fill script data to settings start, progress: 12%
8-10-2026 03:09:29-debug: // ---- build task Fill script data to settings ----
8-10-2026 03:09:29-debug: // ---- build task Fill script data to settings ---- (4ms)
8-10-2026 03:09:29-debug: [Build Memory track]: Fill script data to settings start:229.61MB, end 229.64MB, increase: 25.31KB
8-10-2026 03:09:29-debug: Sort some build options to settings.json start, progress: 13%
8-10-2026 03:09:29-log: run build task Fill script data to settings success in 4 ms√, progress: 13%
8-10-2026 03:09:29-debug: // ---- build task Sort some build options to settings.json ----
8-10-2026 03:09:29-debug: // ---- build task Sort some build options to settings.json ---- (20ms)
8-10-2026 03:09:29-log: run build task Sort some build options to settings.json success in 20 ms√, progress: 15%
8-10-2026 03:09:29-debug: [Build Memory track]: Sort some build options to settings.json start:229.66MB, end 229.80MB, increase: 134.23KB
8-10-2026 03:09:48-debug: Query all assets info in project
8-10-2026 03:09:48-debug: init custom config: keepNodeUuid: false, useCache: true
8-10-2026 03:09:48-debug: Skip compress image, progress: 0%
8-10-2026 03:09:48-debug: Init all bundles start..., progress: 0%
8-10-2026 03:09:48-debug: Query asset bundle start, progress: 0%
8-10-2026 03:09:48-debug: // ---- build task Query asset bundle ----
8-10-2026 03:09:48-debug: Init bundle root assets start..., progress: 0%
8-10-2026 03:09:48-debug: Num of bundles: 2..., progress: 0%
8-10-2026 03:09:48-debug: Query preload assets/scripts from cc.config.json: 60f7195c-ec2a-45eb-ba94-8955f60e81d0,1c02ae6f-4492-4915-b8f8-7492a3b1e4cd,810e96e4-e456-4468-9b59-f4e8f39732c0,efe8e2a3-eace-427b-b4f1-cb8a937ec77d,e9aa9a3e-5b2b-4ac7-a2c7-073de2b2b24f,8bbdbcdd-5cd4-4100-b6d5-b7c9625b6107,50f4348b-c883-4e2f-8f11-ce233b859fa1,fda095cb-831d-4601-ad94-846013963de8,f92806d7-1768-443f-afe8-12bcde84d0f0,dd3a144d-ab7f-41f0-82b8-2e43a090d496,f0416e68-0200-4b77-a926-4f9d16e494da,511d2633-09a7-4bdd-ac42-f778032124b3,5d45aa00-e064-4938-b314-4265f0c2258c,9361fd90-ba52-4f84-aa93-6e878fd576ca,970b0598-bcb0-4714-91fb-2e81440dccd8,bcd64cc6-2dd9-43f6-abbe-66318d332032,d930590d-bb92-4cc8-8bd1-23cd027f9edf,a3cd009f-0ab0-420d-9278-b9fdab939bbc,6a2d0734-bd9e-4ddf-946e-caa52498cb75,d9937e59-61fe-4ec6-92ab-7ac5a19c89b0,d1346436-ac96-4271-b863-1f4fdead95b0,971bdb23-3ff6-43eb-b422-1c30165a3663,17debcc3-0a6b-4b8a-b00b-dc58b885581e,711ebe11-f673-4cd9-9a83-63c60ba54c5b,c0143906-9aed-447e-9436-2ae8512d1b6e,14da1725-c4c2-42b4-ab08-ee0aeb6898b3,081cab31-dccd-428e-8652-f2404cc81c47,78e0584a-4343-4727-8f37-e14e65c2a2db,871c3b6c-7379-419d-bda3-794b239ab90d,ff9b0199-ce04-4cfe-86cc-6c719f08d6e4,de1c2107-70c8-4021-8459-6399f24d01c6,cbf30902-517f-40dc-af90-a550bac27cf1,5c601d96-e4c7-4698-991b-7ee674b11079
8-10-2026 03:09:48-debug:   Number of all scripts: 41
8-10-2026 03:09:48-debug:   Number of other assets: 486
8-10-2026 03:09:48-debug: Init bundle root assets success..., progress: 0%
8-10-2026 03:09:48-debug:   Number of all scenes: 3
8-10-2026 03:09:48-debug: // ---- build task Query asset bundle ---- (13ms)
8-10-2026 03:09:48-log: run build task Query asset bundle success in 13 ms√, progress: 5%
8-10-2026 03:09:48-debug: // ---- build task Query asset bundle ----
8-10-2026 03:09:48-debug: [Build Memory track]: Query asset bundle start:230.32MB, end 230.29MB, increase: -36.75KB
8-10-2026 03:09:48-debug: Query asset bundle start, progress: 5%
8-10-2026 03:09:48-debug: // ---- build task Query asset bundle ---- (10ms)
8-10-2026 03:09:48-log: run build task Query asset bundle success in 10 ms√, progress: 10%
8-10-2026 03:09:48-debug: [Build Memory track]: Query asset bundle start:230.32MB, end 229.64MB, increase: -694.30KB
8-10-2026 03:09:48-debug: // ---- build task Sort some build options to settings.json ----
8-10-2026 03:09:48-debug: Sort some build options to settings.json start, progress: 10%
8-10-2026 03:09:48-debug: // ---- build task Sort some build options to settings.json ---- (3ms)
8-10-2026 03:09:48-log: run build task Sort some build options to settings.json success in 3 ms√, progress: 12%
8-10-2026 03:09:48-debug: [Build Memory track]: Sort some build options to settings.json start:229.67MB, end 229.69MB, increase: 25.92KB
8-10-2026 03:09:48-debug: Fill script data to settings start, progress: 12%
8-10-2026 03:09:48-debug: // ---- build task Fill script data to settings ----
8-10-2026 03:09:48-debug: // ---- build task Fill script data to settings ---- (1ms)
8-10-2026 03:09:48-debug: [Build Memory track]: Fill script data to settings start:229.72MB, end 229.74MB, increase: 25.04KB
8-10-2026 03:09:48-debug: Sort some build options to settings.json start, progress: 13%
8-10-2026 03:09:48-log: run build task Fill script data to settings success in 1 ms√, progress: 13%
8-10-2026 03:09:48-debug: // ---- build task Sort some build options to settings.json ----
8-10-2026 03:09:48-debug: // ---- build task Sort some build options to settings.json ---- (20ms)
8-10-2026 03:09:48-log: run build task Sort some build options to settings.json success in 20 ms√, progress: 15%
8-10-2026 03:09:48-debug: [Build Memory track]: Sort some build options to settings.json start:229.77MB, end 229.90MB, increase: 132.00KB
8-10-2026 03:10:09-debug: Query all assets info in project
8-10-2026 03:10:09-debug: init custom config: keepNodeUuid: false, useCache: true
8-10-2026 03:10:09-debug: Skip compress image, progress: 0%
8-10-2026 03:10:09-debug: Init all bundles start..., progress: 0%
8-10-2026 03:10:09-debug: Query asset bundle start, progress: 0%
8-10-2026 03:10:09-debug: // ---- build task Query asset bundle ----
8-10-2026 03:10:09-debug: Init bundle root assets start..., progress: 0%
8-10-2026 03:10:09-debug: Num of bundles: 2..., progress: 0%
8-10-2026 03:10:09-debug: Query preload assets/scripts from cc.config.json: 60f7195c-ec2a-45eb-ba94-8955f60e81d0,1c02ae6f-4492-4915-b8f8-7492a3b1e4cd,810e96e4-e456-4468-9b59-f4e8f39732c0,efe8e2a3-eace-427b-b4f1-cb8a937ec77d,e9aa9a3e-5b2b-4ac7-a2c7-073de2b2b24f,8bbdbcdd-5cd4-4100-b6d5-b7c9625b6107,50f4348b-c883-4e2f-8f11-ce233b859fa1,fda095cb-831d-4601-ad94-846013963de8,f92806d7-1768-443f-afe8-12bcde84d0f0,dd3a144d-ab7f-41f0-82b8-2e43a090d496,f0416e68-0200-4b77-a926-4f9d16e494da,511d2633-09a7-4bdd-ac42-f778032124b3,5d45aa00-e064-4938-b314-4265f0c2258c,9361fd90-ba52-4f84-aa93-6e878fd576ca,970b0598-bcb0-4714-91fb-2e81440dccd8,bcd64cc6-2dd9-43f6-abbe-66318d332032,d930590d-bb92-4cc8-8bd1-23cd027f9edf,a3cd009f-0ab0-420d-9278-b9fdab939bbc,6a2d0734-bd9e-4ddf-946e-caa52498cb75,d9937e59-61fe-4ec6-92ab-7ac5a19c89b0,d1346436-ac96-4271-b863-1f4fdead95b0,971bdb23-3ff6-43eb-b422-1c30165a3663,17debcc3-0a6b-4b8a-b00b-dc58b885581e,711ebe11-f673-4cd9-9a83-63c60ba54c5b,c0143906-9aed-447e-9436-2ae8512d1b6e,14da1725-c4c2-42b4-ab08-ee0aeb6898b3,081cab31-dccd-428e-8652-f2404cc81c47,78e0584a-4343-4727-8f37-e14e65c2a2db,871c3b6c-7379-419d-bda3-794b239ab90d,ff9b0199-ce04-4cfe-86cc-6c719f08d6e4,de1c2107-70c8-4021-8459-6399f24d01c6,cbf30902-517f-40dc-af90-a550bac27cf1,5c601d96-e4c7-4698-991b-7ee674b11079
8-10-2026 03:10:09-debug:   Number of all scenes: 3
8-10-2026 03:10:09-debug:   Number of all scripts: 41
8-10-2026 03:10:09-debug:   Number of other assets: 486
8-10-2026 03:10:09-debug: Init bundle root assets success..., progress: 0%
8-10-2026 03:10:09-debug: // ---- build task Query asset bundle ---- (12ms)
8-10-2026 03:10:09-log: run build task Query asset bundle success in 12 ms√, progress: 5%
8-10-2026 03:10:09-debug: [Build Memory track]: Query asset bundle start:230.43MB, end 230.39MB, increase: -43.39KB
8-10-2026 03:10:09-debug: Query asset bundle start, progress: 5%
8-10-2026 03:10:09-debug: // ---- build task Query asset bundle ----
8-10-2026 03:10:09-debug: // ---- build task Query asset bundle ---- (6ms)
8-10-2026 03:10:09-log: run build task Query asset bundle success in 6 ms√, progress: 10%
8-10-2026 03:10:09-debug: [Build Memory track]: Query asset bundle start:230.42MB, end 229.75MB, increase: -686.21KB
8-10-2026 03:10:09-debug: Sort some build options to settings.json start, progress: 10%
8-10-2026 03:10:09-debug: // ---- build task Sort some build options to settings.json ----
8-10-2026 03:10:09-debug: // ---- build task Sort some build options to settings.json ---- (1ms)
8-10-2026 03:10:09-debug: [Build Memory track]: Sort some build options to settings.json start:229.78MB, end 229.80MB, increase: 25.74KB
8-10-2026 03:10:09-log: run build task Sort some build options to settings.json success in 1 ms√, progress: 12%
8-10-2026 03:10:09-debug: Fill script data to settings start, progress: 12%
8-10-2026 03:10:09-debug: // ---- build task Fill script data to settings ----
8-10-2026 03:10:09-debug: // ---- build task Fill script data to settings ---- (2ms)
8-10-2026 03:10:09-log: run build task Fill script data to settings success in 2 ms√, progress: 13%
8-10-2026 03:10:09-debug: [Build Memory track]: Fill script data to settings start:229.83MB, end 229.85MB, increase: 25.43KB
8-10-2026 03:10:09-debug: Sort some build options to settings.json start, progress: 13%
8-10-2026 03:10:09-debug: // ---- build task Sort some build options to settings.json ----
8-10-2026 03:10:09-debug: // ---- build task Sort some build options to settings.json ---- (15ms)
8-10-2026 03:10:09-log: run build task Sort some build options to settings.json success in 15 ms√, progress: 15%
8-10-2026 03:10:09-debug: [Build Memory track]: Sort some build options to settings.json start:229.88MB, end 230.00MB, increase: 125.39KB
8-10-2026 03:10:29-debug: Query all assets info in project
8-10-2026 03:10:29-debug: init custom config: keepNodeUuid: false, useCache: true
8-10-2026 03:10:29-debug: Skip compress image, progress: 0%
8-10-2026 03:10:29-debug: Init all bundles start..., progress: 0%
8-10-2026 03:10:29-debug: // ---- build task Query asset bundle ----
8-10-2026 03:10:29-debug: Num of bundles: 2..., progress: 0%
8-10-2026 03:10:29-debug: Init bundle root assets start..., progress: 0%
8-10-2026 03:10:29-debug: Query asset bundle start, progress: 0%
8-10-2026 03:10:29-debug: Query preload assets/scripts from cc.config.json: 60f7195c-ec2a-45eb-ba94-8955f60e81d0,1c02ae6f-4492-4915-b8f8-7492a3b1e4cd,810e96e4-e456-4468-9b59-f4e8f39732c0,efe8e2a3-eace-427b-b4f1-cb8a937ec77d,e9aa9a3e-5b2b-4ac7-a2c7-073de2b2b24f,8bbdbcdd-5cd4-4100-b6d5-b7c9625b6107,50f4348b-c883-4e2f-8f11-ce233b859fa1,fda095cb-831d-4601-ad94-846013963de8,f92806d7-1768-443f-afe8-12bcde84d0f0,dd3a144d-ab7f-41f0-82b8-2e43a090d496,f0416e68-0200-4b77-a926-4f9d16e494da,511d2633-09a7-4bdd-ac42-f778032124b3,5d45aa00-e064-4938-b314-4265f0c2258c,9361fd90-ba52-4f84-aa93-6e878fd576ca,970b0598-bcb0-4714-91fb-2e81440dccd8,bcd64cc6-2dd9-43f6-abbe-66318d332032,d930590d-bb92-4cc8-8bd1-23cd027f9edf,a3cd009f-0ab0-420d-9278-b9fdab939bbc,6a2d0734-bd9e-4ddf-946e-caa52498cb75,d9937e59-61fe-4ec6-92ab-7ac5a19c89b0,d1346436-ac96-4271-b863-1f4fdead95b0,971bdb23-3ff6-43eb-b422-1c30165a3663,17debcc3-0a6b-4b8a-b00b-dc58b885581e,711ebe11-f673-4cd9-9a83-63c60ba54c5b,c0143906-9aed-447e-9436-2ae8512d1b6e,14da1725-c4c2-42b4-ab08-ee0aeb6898b3,081cab31-dccd-428e-8652-f2404cc81c47,78e0584a-4343-4727-8f37-e14e65c2a2db,871c3b6c-7379-419d-bda3-794b239ab90d,ff9b0199-ce04-4cfe-86cc-6c719f08d6e4,de1c2107-70c8-4021-8459-6399f24d01c6,cbf30902-517f-40dc-af90-a550bac27cf1,5c601d96-e4c7-4698-991b-7ee674b11079
8-10-2026 03:10:29-debug:   Number of all scenes: 3
8-10-2026 03:10:29-debug:   Number of all scripts: 41
8-10-2026 03:10:29-debug: Init bundle root assets success..., progress: 0%
8-10-2026 03:10:29-debug:   Number of other assets: 486
8-10-2026 03:10:29-debug: // ---- build task Query asset bundle ---- (11ms)
8-10-2026 03:10:29-log: run build task Query asset bundle success in 11 ms√, progress: 5%
8-10-2026 03:10:29-debug: [Build Memory track]: Query asset bundle start:230.55MB, end 230.47MB, increase: -74.32KB
8-10-2026 03:10:29-debug: Query asset bundle start, progress: 5%
8-10-2026 03:10:29-debug: // ---- build task Query asset bundle ----
8-10-2026 03:10:29-debug: // ---- build task Query asset bundle ---- (9ms)
8-10-2026 03:10:29-log: run build task Query asset bundle success in 9 ms√, progress: 10%
8-10-2026 03:10:29-debug: [Build Memory track]: Query asset bundle start:230.50MB, end 229.84MB, increase: -672.36KB
8-10-2026 03:10:29-debug: // ---- build task Sort some build options to settings.json ----
8-10-2026 03:10:29-debug: Sort some build options to settings.json start, progress: 10%
8-10-2026 03:10:29-debug: // ---- build task Sort some build options to settings.json ---- (1ms)
8-10-2026 03:10:29-log: run build task Sort some build options to settings.json success in 1 ms√, progress: 12%
8-10-2026 03:10:29-debug: [Build Memory track]: Sort some build options to settings.json start:229.87MB, end 229.90MB, increase: 25.92KB
8-10-2026 03:10:29-debug: Fill script data to settings start, progress: 12%
8-10-2026 03:10:29-debug: // ---- build task Fill script data to settings ----
8-10-2026 03:10:29-debug: // ---- build task Fill script data to settings ---- (5ms)
8-10-2026 03:10:29-log: run build task Fill script data to settings success in 5 ms√, progress: 13%
8-10-2026 03:10:29-debug: [Build Memory track]: Fill script data to settings start:229.92MB, end 229.95MB, increase: 25.34KB
8-10-2026 03:10:29-debug: Sort some build options to settings.json start, progress: 13%
8-10-2026 03:10:29-debug: // ---- build task Sort some build options to settings.json ----
8-10-2026 03:10:29-debug: // ---- build task Sort some build options to settings.json ---- (18ms)
8-10-2026 03:10:29-debug: [Build Memory track]: Sort some build options to settings.json start:229.98MB, end 230.11MB, increase: 134.69KB
8-10-2026 03:10:29-log: run build task Sort some build options to settings.json success in 18 ms√, progress: 15%
8-10-2026 03:10:48-debug: Query all assets info in project
8-10-2026 03:10:48-debug: init custom config: keepNodeUuid: false, useCache: true
8-10-2026 03:10:48-debug: Skip compress image, progress: 0%
8-10-2026 03:10:48-debug: Init all bundles start..., progress: 0%
8-10-2026 03:10:48-debug: // ---- build task Query asset bundle ----
8-10-2026 03:10:48-debug: Num of bundles: 2..., progress: 0%
8-10-2026 03:10:48-debug: Query asset bundle start, progress: 0%
8-10-2026 03:10:48-debug: Init bundle root assets start..., progress: 0%
8-10-2026 03:10:48-debug: Query preload assets/scripts from cc.config.json: 60f7195c-ec2a-45eb-ba94-8955f60e81d0,1c02ae6f-4492-4915-b8f8-7492a3b1e4cd,810e96e4-e456-4468-9b59-f4e8f39732c0,efe8e2a3-eace-427b-b4f1-cb8a937ec77d,e9aa9a3e-5b2b-4ac7-a2c7-073de2b2b24f,8bbdbcdd-5cd4-4100-b6d5-b7c9625b6107,50f4348b-c883-4e2f-8f11-ce233b859fa1,fda095cb-831d-4601-ad94-846013963de8,f92806d7-1768-443f-afe8-12bcde84d0f0,dd3a144d-ab7f-41f0-82b8-2e43a090d496,f0416e68-0200-4b77-a926-4f9d16e494da,511d2633-09a7-4bdd-ac42-f778032124b3,5d45aa00-e064-4938-b314-4265f0c2258c,9361fd90-ba52-4f84-aa93-6e878fd576ca,970b0598-bcb0-4714-91fb-2e81440dccd8,bcd64cc6-2dd9-43f6-abbe-66318d332032,d930590d-bb92-4cc8-8bd1-23cd027f9edf,a3cd009f-0ab0-420d-9278-b9fdab939bbc,6a2d0734-bd9e-4ddf-946e-caa52498cb75,d9937e59-61fe-4ec6-92ab-7ac5a19c89b0,d1346436-ac96-4271-b863-1f4fdead95b0,971bdb23-3ff6-43eb-b422-1c30165a3663,17debcc3-0a6b-4b8a-b00b-dc58b885581e,711ebe11-f673-4cd9-9a83-63c60ba54c5b,c0143906-9aed-447e-9436-2ae8512d1b6e,14da1725-c4c2-42b4-ab08-ee0aeb6898b3,081cab31-dccd-428e-8652-f2404cc81c47,78e0584a-4343-4727-8f37-e14e65c2a2db,871c3b6c-7379-419d-bda3-794b239ab90d,ff9b0199-ce04-4cfe-86cc-6c719f08d6e4,de1c2107-70c8-4021-8459-6399f24d01c6,cbf30902-517f-40dc-af90-a550bac27cf1,5c601d96-e4c7-4698-991b-7ee674b11079
8-10-2026 03:10:48-debug:   Number of all scenes: 3
8-10-2026 03:10:48-debug:   Number of all scripts: 41
8-10-2026 03:10:48-debug: Init bundle root assets success..., progress: 0%
8-10-2026 03:10:48-debug:   Number of other assets: 486
8-10-2026 03:10:48-debug: // ---- build task Query asset bundle ---- (10ms)
8-10-2026 03:10:48-log: run build task Query asset bundle success in 10 ms√, progress: 5%
8-10-2026 03:10:48-debug: [Build Memory track]: Query asset bundle start:230.61MB, end 230.60MB, increase: -15.79KB
8-10-2026 03:10:48-debug: // ---- build task Query asset bundle ----
8-10-2026 03:10:48-debug: Query asset bundle start, progress: 5%
8-10-2026 03:10:48-debug: // ---- build task Query asset bundle ---- (6ms)
8-10-2026 03:10:48-log: run build task Query asset bundle success in 6 ms√, progress: 10%
8-10-2026 03:10:48-debug: [Build Memory track]: Query asset bundle start:230.63MB, end 229.96MB, increase: -686.88KB
8-10-2026 03:10:48-debug: Sort some build options to settings.json start, progress: 10%
8-10-2026 03:10:48-debug: // ---- build task Sort some build options to settings.json ----
8-10-2026 03:10:48-debug: // ---- build task Sort some build options to settings.json ---- (4ms)
8-10-2026 03:10:48-log: run build task Sort some build options to settings.json success in 4 ms√, progress: 12%
8-10-2026 03:10:48-debug: [Build Memory track]: Sort some build options to settings.json start:229.98MB, end 230.01MB, increase: 25.92KB
8-10-2026 03:10:48-debug: Fill script data to settings start, progress: 12%
8-10-2026 03:10:48-debug: // ---- build task Fill script data to settings ----
8-10-2026 03:10:48-debug: // ---- build task Fill script data to settings ---- (1ms)
8-10-2026 03:10:48-debug: [Build Memory track]: Fill script data to settings start:230.04MB, end 230.06MB, increase: 25.31KB
8-10-2026 03:10:48-log: run build task Fill script data to settings success in 1 ms√, progress: 13%
8-10-2026 03:10:48-debug: Sort some build options to settings.json start, progress: 13%
8-10-2026 03:10:48-debug: // ---- build task Sort some build options to settings.json ----
8-10-2026 03:10:48-debug: // ---- build task Sort some build options to settings.json ---- (14ms)
8-10-2026 03:10:48-debug: [Build Memory track]: Sort some build options to settings.json start:230.09MB, end 230.21MB, increase: 125.57KB
8-10-2026 03:10:48-log: run build task Sort some build options to settings.json success in 14 ms√, progress: 15%
8-10-2026 03:11:07-debug: Query all assets info in project
8-10-2026 03:11:07-debug: init custom config: keepNodeUuid: false, useCache: true
8-10-2026 03:11:07-debug: Skip compress image, progress: 0%
8-10-2026 03:11:07-debug: Init all bundles start..., progress: 0%
8-10-2026 03:11:07-debug: Query asset bundle start, progress: 0%
8-10-2026 03:11:07-debug: // ---- build task Query asset bundle ----
8-10-2026 03:11:07-debug: Init bundle root assets start..., progress: 0%
8-10-2026 03:11:07-debug: Num of bundles: 2..., progress: 0%
8-10-2026 03:11:07-debug:   Number of all scenes: 3
8-10-2026 03:11:07-debug: Query preload assets/scripts from cc.config.json: 60f7195c-ec2a-45eb-ba94-8955f60e81d0,1c02ae6f-4492-4915-b8f8-7492a3b1e4cd,810e96e4-e456-4468-9b59-f4e8f39732c0,efe8e2a3-eace-427b-b4f1-cb8a937ec77d,e9aa9a3e-5b2b-4ac7-a2c7-073de2b2b24f,8bbdbcdd-5cd4-4100-b6d5-b7c9625b6107,50f4348b-c883-4e2f-8f11-ce233b859fa1,fda095cb-831d-4601-ad94-846013963de8,f92806d7-1768-443f-afe8-12bcde84d0f0,dd3a144d-ab7f-41f0-82b8-2e43a090d496,f0416e68-0200-4b77-a926-4f9d16e494da,511d2633-09a7-4bdd-ac42-f778032124b3,5d45aa00-e064-4938-b314-4265f0c2258c,9361fd90-ba52-4f84-aa93-6e878fd576ca,970b0598-bcb0-4714-91fb-2e81440dccd8,bcd64cc6-2dd9-43f6-abbe-66318d332032,d930590d-bb92-4cc8-8bd1-23cd027f9edf,a3cd009f-0ab0-420d-9278-b9fdab939bbc,6a2d0734-bd9e-4ddf-946e-caa52498cb75,d9937e59-61fe-4ec6-92ab-7ac5a19c89b0,d1346436-ac96-4271-b863-1f4fdead95b0,971bdb23-3ff6-43eb-b422-1c30165a3663,17debcc3-0a6b-4b8a-b00b-dc58b885581e,711ebe11-f673-4cd9-9a83-63c60ba54c5b,c0143906-9aed-447e-9436-2ae8512d1b6e,14da1725-c4c2-42b4-ab08-ee0aeb6898b3,081cab31-dccd-428e-8652-f2404cc81c47,78e0584a-4343-4727-8f37-e14e65c2a2db,871c3b6c-7379-419d-bda3-794b239ab90d,ff9b0199-ce04-4cfe-86cc-6c719f08d6e4,de1c2107-70c8-4021-8459-6399f24d01c6,cbf30902-517f-40dc-af90-a550bac27cf1,5c601d96-e4c7-4698-991b-7ee674b11079
8-10-2026 03:11:07-debug:   Number of all scripts: 41
8-10-2026 03:11:07-debug:   Number of other assets: 486
8-10-2026 03:11:07-debug: Init bundle root assets success..., progress: 0%
8-10-2026 03:11:08-log: run build task Query asset bundle success in 10 ms√, progress: 5%
8-10-2026 03:11:08-debug: [Build Memory track]: Query asset bundle start:230.73MB, end 230.71MB, increase: -19.63KB
8-10-2026 03:11:08-debug: // ---- build task Query asset bundle ---- (10ms)
8-10-2026 03:11:08-debug: Query asset bundle start, progress: 5%
8-10-2026 03:11:08-debug: // ---- build task Query asset bundle ----
8-10-2026 03:11:08-debug: // ---- build task Query asset bundle ---- (4ms)
8-10-2026 03:11:08-log: run build task Query asset bundle success in 4 ms√, progress: 10%
8-10-2026 03:11:08-debug: [Build Memory track]: Query asset bundle start:230.74MB, end 230.08MB, increase: -671.79KB
8-10-2026 03:11:08-debug: Sort some build options to settings.json start, progress: 10%
8-10-2026 03:11:08-debug: // ---- build task Sort some build options to settings.json ----
8-10-2026 03:11:08-debug: // ---- build task Sort some build options to settings.json ---- (2ms)
8-10-2026 03:11:08-debug: [Build Memory track]: Sort some build options to settings.json start:230.11MB, end 230.14MB, increase: 26.00KB
8-10-2026 03:11:08-log: run build task Sort some build options to settings.json success in 2 ms√, progress: 12%
8-10-2026 03:11:08-debug: Fill script data to settings start, progress: 12%
8-10-2026 03:11:08-debug: // ---- build task Fill script data to settings ----
8-10-2026 03:11:08-debug: // ---- build task Fill script data to settings ---- (2ms)
8-10-2026 03:11:08-log: run build task Fill script data to settings success in 2 ms√, progress: 13%
8-10-2026 03:11:08-debug: [Build Memory track]: Fill script data to settings start:230.17MB, end 230.19MB, increase: 25.28KB
8-10-2026 03:11:08-debug: Sort some build options to settings.json start, progress: 13%
8-10-2026 03:11:08-debug: // ---- build task Sort some build options to settings.json ----
8-10-2026 03:11:08-debug: // ---- build task Sort some build options to settings.json ---- (15ms)
8-10-2026 03:11:08-log: run build task Sort some build options to settings.json success in 15 ms√, progress: 15%
8-10-2026 03:11:08-debug: [Build Memory track]: Sort some build options to settings.json start:230.22MB, end 230.35MB, increase: 137.76KB
8-10-2026 03:11:27-debug: Query all assets info in project
8-10-2026 03:11:27-debug: init custom config: keepNodeUuid: false, useCache: true
8-10-2026 03:11:27-debug: Skip compress image, progress: 0%
8-10-2026 03:11:27-debug: Init all bundles start..., progress: 0%
8-10-2026 03:11:27-debug: Num of bundles: 2..., progress: 0%
8-10-2026 03:11:27-debug: Query asset bundle start, progress: 0%
8-10-2026 03:11:27-debug: Init bundle root assets start..., progress: 0%
8-10-2026 03:11:27-debug: // ---- build task Query asset bundle ----
8-10-2026 03:11:27-debug: Query preload assets/scripts from cc.config.json: 60f7195c-ec2a-45eb-ba94-8955f60e81d0,1c02ae6f-4492-4915-b8f8-7492a3b1e4cd,810e96e4-e456-4468-9b59-f4e8f39732c0,efe8e2a3-eace-427b-b4f1-cb8a937ec77d,e9aa9a3e-5b2b-4ac7-a2c7-073de2b2b24f,8bbdbcdd-5cd4-4100-b6d5-b7c9625b6107,50f4348b-c883-4e2f-8f11-ce233b859fa1,fda095cb-831d-4601-ad94-846013963de8,f92806d7-1768-443f-afe8-12bcde84d0f0,dd3a144d-ab7f-41f0-82b8-2e43a090d496,f0416e68-0200-4b77-a926-4f9d16e494da,511d2633-09a7-4bdd-ac42-f778032124b3,5d45aa00-e064-4938-b314-4265f0c2258c,9361fd90-ba52-4f84-aa93-6e878fd576ca,970b0598-bcb0-4714-91fb-2e81440dccd8,bcd64cc6-2dd9-43f6-abbe-66318d332032,d930590d-bb92-4cc8-8bd1-23cd027f9edf,a3cd009f-0ab0-420d-9278-b9fdab939bbc,6a2d0734-bd9e-4ddf-946e-caa52498cb75,d9937e59-61fe-4ec6-92ab-7ac5a19c89b0,d1346436-ac96-4271-b863-1f4fdead95b0,971bdb23-3ff6-43eb-b422-1c30165a3663,17debcc3-0a6b-4b8a-b00b-dc58b885581e,711ebe11-f673-4cd9-9a83-63c60ba54c5b,c0143906-9aed-447e-9436-2ae8512d1b6e,14da1725-c4c2-42b4-ab08-ee0aeb6898b3,081cab31-dccd-428e-8652-f2404cc81c47,78e0584a-4343-4727-8f37-e14e65c2a2db,871c3b6c-7379-419d-bda3-794b239ab90d,ff9b0199-ce04-4cfe-86cc-6c719f08d6e4,de1c2107-70c8-4021-8459-6399f24d01c6,cbf30902-517f-40dc-af90-a550bac27cf1,5c601d96-e4c7-4698-991b-7ee674b11079
8-10-2026 03:11:27-debug:   Number of all scenes: 3
8-10-2026 03:11:27-debug:   Number of all scripts: 41
8-10-2026 03:11:27-debug: Init bundle root assets success..., progress: 0%
8-10-2026 03:11:27-debug:   Number of other assets: 486
8-10-2026 03:11:27-debug: // ---- build task Query asset bundle ---- (11ms)
8-10-2026 03:11:27-debug: [Build Memory track]: Query asset bundle start:230.85MB, end 230.82MB, increase: -36.24KB
8-10-2026 03:11:27-log: run build task Query asset bundle success in 11 ms√, progress: 5%
8-10-2026 03:11:27-debug: Query asset bundle start, progress: 5%
8-10-2026 03:11:27-debug: // ---- build task Query asset bundle ----
8-10-2026 03:11:27-debug: // ---- build task Query asset bundle ---- (6ms)
8-10-2026 03:11:27-log: run build task Query asset bundle success in 6 ms√, progress: 10%
8-10-2026 03:11:27-debug: // ---- build task Sort some build options to settings.json ----
8-10-2026 03:11:27-debug: [Build Memory track]: Query asset bundle start:230.84MB, end 230.16MB, increase: -696.82KB
8-10-2026 03:11:27-debug: Sort some build options to settings.json start, progress: 10%
8-10-2026 03:11:27-debug: // ---- build task Sort some build options to settings.json ---- (4ms)
8-10-2026 03:11:27-log: run build task Sort some build options to settings.json success in 4 ms√, progress: 12%
8-10-2026 03:11:27-debug: [Build Memory track]: Sort some build options to settings.json start:230.19MB, end 230.22MB, increase: 25.89KB
8-10-2026 03:11:27-debug: Fill script data to settings start, progress: 12%
8-10-2026 03:11:27-debug: // ---- build task Fill script data to settings ----
8-10-2026 03:11:27-log: run build task Fill script data to settings success in √, progress: 13%
8-10-2026 03:11:27-debug: [Build Memory track]: Fill script data to settings start:230.24MB, end 230.26MB, increase: 16.10KB
8-10-2026 03:11:27-debug: Sort some build options to settings.json start, progress: 13%
8-10-2026 03:11:27-debug: // ---- build task Sort some build options to settings.json ----
8-10-2026 03:11:27-debug: // ---- build task Sort some build options to settings.json ---- (19ms)
8-10-2026 03:11:27-log: run build task Sort some build options to settings.json success in 19 ms√, progress: 15%
8-10-2026 03:11:27-debug: [Build Memory track]: Sort some build options to settings.json start:230.29MB, end 230.43MB, increase: 143.49KB
8-10-2026 03:11:48-debug: Query all assets info in project
8-10-2026 03:11:48-debug: init custom config: keepNodeUuid: false, useCache: true
8-10-2026 03:11:48-debug: Skip compress image, progress: 0%
8-10-2026 03:11:48-debug: Init all bundles start..., progress: 0%
8-10-2026 03:11:48-debug: Query asset bundle start, progress: 0%
8-10-2026 03:11:48-debug: // ---- build task Query asset bundle ----
8-10-2026 03:11:48-debug: Init bundle root assets start..., progress: 0%
8-10-2026 03:11:48-debug: Num of bundles: 2..., progress: 0%
8-10-2026 03:11:48-debug: Query preload assets/scripts from cc.config.json: 60f7195c-ec2a-45eb-ba94-8955f60e81d0,1c02ae6f-4492-4915-b8f8-7492a3b1e4cd,810e96e4-e456-4468-9b59-f4e8f39732c0,efe8e2a3-eace-427b-b4f1-cb8a937ec77d,e9aa9a3e-5b2b-4ac7-a2c7-073de2b2b24f,8bbdbcdd-5cd4-4100-b6d5-b7c9625b6107,50f4348b-c883-4e2f-8f11-ce233b859fa1,fda095cb-831d-4601-ad94-846013963de8,f92806d7-1768-443f-afe8-12bcde84d0f0,dd3a144d-ab7f-41f0-82b8-2e43a090d496,f0416e68-0200-4b77-a926-4f9d16e494da,511d2633-09a7-4bdd-ac42-f778032124b3,5d45aa00-e064-4938-b314-4265f0c2258c,9361fd90-ba52-4f84-aa93-6e878fd576ca,970b0598-bcb0-4714-91fb-2e81440dccd8,bcd64cc6-2dd9-43f6-abbe-66318d332032,d930590d-bb92-4cc8-8bd1-23cd027f9edf,a3cd009f-0ab0-420d-9278-b9fdab939bbc,6a2d0734-bd9e-4ddf-946e-caa52498cb75,d9937e59-61fe-4ec6-92ab-7ac5a19c89b0,d1346436-ac96-4271-b863-1f4fdead95b0,971bdb23-3ff6-43eb-b422-1c30165a3663,17debcc3-0a6b-4b8a-b00b-dc58b885581e,711ebe11-f673-4cd9-9a83-63c60ba54c5b,c0143906-9aed-447e-9436-2ae8512d1b6e,14da1725-c4c2-42b4-ab08-ee0aeb6898b3,081cab31-dccd-428e-8652-f2404cc81c47,78e0584a-4343-4727-8f37-e14e65c2a2db,871c3b6c-7379-419d-bda3-794b239ab90d,ff9b0199-ce04-4cfe-86cc-6c719f08d6e4,de1c2107-70c8-4021-8459-6399f24d01c6,cbf30902-517f-40dc-af90-a550bac27cf1,5c601d96-e4c7-4698-991b-7ee674b11079
8-10-2026 03:11:48-debug:   Number of all scenes: 3
8-10-2026 03:11:48-debug:   Number of all scripts: 41
8-10-2026 03:11:48-debug: Init bundle root assets success..., progress: 0%
8-10-2026 03:11:48-debug:   Number of other assets: 486
8-10-2026 03:11:48-debug: // ---- build task Query asset bundle ---- (11ms)
8-10-2026 03:11:48-log: run build task Query asset bundle success in 11 ms√, progress: 5%
8-10-2026 03:11:48-debug: [Build Memory track]: Query asset bundle start:230.95MB, end 230.92MB, increase: -27.23KB
8-10-2026 03:11:48-debug: Query asset bundle start, progress: 5%
8-10-2026 03:11:48-debug: // ---- build task Query asset bundle ----
8-10-2026 03:11:48-debug: // ---- build task Query asset bundle ---- (6ms)
8-10-2026 03:11:48-log: run build task Query asset bundle success in 6 ms√, progress: 10%
8-10-2026 03:11:48-debug: Sort some build options to settings.json start, progress: 10%
8-10-2026 03:11:48-debug: [Build Memory track]: Query asset bundle start:230.95MB, end 230.28MB, increase: -685.19KB
8-10-2026 03:11:48-debug: // ---- build task Sort some build options to settings.json ----
8-10-2026 03:11:48-debug: // ---- build task Sort some build options to settings.json ---- (1ms)
8-10-2026 03:11:48-debug: [Build Memory track]: Sort some build options to settings.json start:230.31MB, end 230.33MB, increase: 25.95KB
8-10-2026 03:11:48-log: run build task Sort some build options to settings.json success in 1 ms√, progress: 12%
8-10-2026 03:11:48-debug: Fill script data to settings start, progress: 12%
8-10-2026 03:11:48-debug: // ---- build task Fill script data to settings ----
8-10-2026 03:11:48-debug: // ---- build task Fill script data to settings ---- (3ms)
8-10-2026 03:11:48-log: run build task Fill script data to settings success in 3 ms√, progress: 13%
8-10-2026 03:11:48-debug: [Build Memory track]: Fill script data to settings start:230.36MB, end 230.39MB, increase: 26.09KB
8-10-2026 03:11:48-debug: Sort some build options to settings.json start, progress: 13%
8-10-2026 03:11:48-debug: // ---- build task Sort some build options to settings.json ----
8-10-2026 03:11:48-debug: // ---- build task Sort some build options to settings.json ---- (29ms)
8-10-2026 03:11:48-debug: [Build Memory track]: Sort some build options to settings.json start:230.41MB, end 230.54MB, increase: 125.83KB
8-10-2026 03:11:48-log: run build task Sort some build options to settings.json success in 29 ms√, progress: 15%
8-10-2026 03:12:11-debug: Query all assets info in project
8-10-2026 03:12:11-debug: init custom config: keepNodeUuid: false, useCache: true
8-10-2026 03:12:11-debug: Skip compress image, progress: 0%
8-10-2026 03:12:11-debug: Init all bundles start..., progress: 0%
8-10-2026 03:12:11-debug: // ---- build task Query asset bundle ----
8-10-2026 03:12:11-debug: Init bundle root assets start..., progress: 0%
8-10-2026 03:12:11-debug: Query asset bundle start, progress: 0%
8-10-2026 03:12:11-debug: Num of bundles: 2..., progress: 0%
8-10-2026 03:12:11-debug: Query preload assets/scripts from cc.config.json: 60f7195c-ec2a-45eb-ba94-8955f60e81d0,1c02ae6f-4492-4915-b8f8-7492a3b1e4cd,810e96e4-e456-4468-9b59-f4e8f39732c0,efe8e2a3-eace-427b-b4f1-cb8a937ec77d,e9aa9a3e-5b2b-4ac7-a2c7-073de2b2b24f,8bbdbcdd-5cd4-4100-b6d5-b7c9625b6107,50f4348b-c883-4e2f-8f11-ce233b859fa1,fda095cb-831d-4601-ad94-846013963de8,f92806d7-1768-443f-afe8-12bcde84d0f0,dd3a144d-ab7f-41f0-82b8-2e43a090d496,f0416e68-0200-4b77-a926-4f9d16e494da,511d2633-09a7-4bdd-ac42-f778032124b3,5d45aa00-e064-4938-b314-4265f0c2258c,9361fd90-ba52-4f84-aa93-6e878fd576ca,970b0598-bcb0-4714-91fb-2e81440dccd8,bcd64cc6-2dd9-43f6-abbe-66318d332032,d930590d-bb92-4cc8-8bd1-23cd027f9edf,a3cd009f-0ab0-420d-9278-b9fdab939bbc,6a2d0734-bd9e-4ddf-946e-caa52498cb75,d9937e59-61fe-4ec6-92ab-7ac5a19c89b0,d1346436-ac96-4271-b863-1f4fdead95b0,971bdb23-3ff6-43eb-b422-1c30165a3663,17debcc3-0a6b-4b8a-b00b-dc58b885581e,711ebe11-f673-4cd9-9a83-63c60ba54c5b,c0143906-9aed-447e-9436-2ae8512d1b6e,14da1725-c4c2-42b4-ab08-ee0aeb6898b3,081cab31-dccd-428e-8652-f2404cc81c47,78e0584a-4343-4727-8f37-e14e65c2a2db,871c3b6c-7379-419d-bda3-794b239ab90d,ff9b0199-ce04-4cfe-86cc-6c719f08d6e4,de1c2107-70c8-4021-8459-6399f24d01c6,cbf30902-517f-40dc-af90-a550bac27cf1,5c601d96-e4c7-4698-991b-7ee674b11079
8-10-2026 03:12:11-debug:   Number of other assets: 486
8-10-2026 03:12:11-debug: Init bundle root assets success..., progress: 0%
8-10-2026 03:12:11-debug:   Number of all scenes: 3
8-10-2026 03:12:11-debug:   Number of all scripts: 41
8-10-2026 03:12:11-debug: // ---- build task Query asset bundle ---- (13ms)
8-10-2026 03:12:11-log: run build task Query asset bundle success in 13 ms√, progress: 5%
8-10-2026 03:12:11-debug: Query asset bundle start, progress: 5%
8-10-2026 03:12:11-debug: [Build Memory track]: Query asset bundle start:231.07MB, end 231.03MB, increase: -49.35KB
8-10-2026 03:12:11-debug: // ---- build task Query asset bundle ----
8-10-2026 03:12:11-debug: // ---- build task Query asset bundle ---- (4ms)
8-10-2026 03:12:11-log: run build task Query asset bundle success in 4 ms√, progress: 10%
8-10-2026 03:12:11-debug: Sort some build options to settings.json start, progress: 10%
8-10-2026 03:12:11-debug: [Build Memory track]: Query asset bundle start:231.05MB, end 230.37MB, increase: -697.46KB
8-10-2026 03:12:11-debug: // ---- build task Sort some build options to settings.json ----
8-10-2026 03:12:11-debug: // ---- build task Sort some build options to settings.json ---- (2ms)
8-10-2026 03:12:11-debug: [Build Memory track]: Sort some build options to settings.json start:230.40MB, end 230.43MB, increase: 25.92KB
8-10-2026 03:12:11-log: run build task Sort some build options to settings.json success in 2 ms√, progress: 12%
8-10-2026 03:12:11-debug: // ---- build task Fill script data to settings ----
8-10-2026 03:12:11-debug: Fill script data to settings start, progress: 12%
8-10-2026 03:12:11-debug: // ---- build task Fill script data to settings ---- (1ms)
8-10-2026 03:12:11-log: run build task Fill script data to settings success in 1 ms√, progress: 13%
8-10-2026 03:12:11-debug: [Build Memory track]: Fill script data to settings start:230.45MB, end 230.48MB, increase: 25.28KB
8-10-2026 03:12:11-debug: Sort some build options to settings.json start, progress: 13%
8-10-2026 03:12:11-debug: // ---- build task Sort some build options to settings.json ----
8-10-2026 03:12:11-debug: // ---- build task Sort some build options to settings.json ---- (15ms)
8-10-2026 03:12:11-log: run build task Sort some build options to settings.json success in 15 ms√, progress: 15%
8-10-2026 03:12:11-debug: [Build Memory track]: Sort some build options to settings.json start:230.51MB, end 230.64MB, increase: 134.57KB
8-10-2026 03:12:32-debug: Query all assets info in project
8-10-2026 03:12:32-debug: init custom config: keepNodeUuid: false, useCache: true
8-10-2026 03:12:32-debug: Skip compress image, progress: 0%
8-10-2026 03:12:32-debug: Init all bundles start..., progress: 0%
8-10-2026 03:12:32-debug: Num of bundles: 2..., progress: 0%
8-10-2026 03:12:32-debug: Query asset bundle start, progress: 0%
8-10-2026 03:12:32-debug: Init bundle root assets start..., progress: 0%
8-10-2026 03:12:32-debug: // ---- build task Query asset bundle ----
8-10-2026 03:12:32-debug: Query preload assets/scripts from cc.config.json: 60f7195c-ec2a-45eb-ba94-8955f60e81d0,1c02ae6f-4492-4915-b8f8-7492a3b1e4cd,810e96e4-e456-4468-9b59-f4e8f39732c0,efe8e2a3-eace-427b-b4f1-cb8a937ec77d,e9aa9a3e-5b2b-4ac7-a2c7-073de2b2b24f,8bbdbcdd-5cd4-4100-b6d5-b7c9625b6107,50f4348b-c883-4e2f-8f11-ce233b859fa1,fda095cb-831d-4601-ad94-846013963de8,f92806d7-1768-443f-afe8-12bcde84d0f0,dd3a144d-ab7f-41f0-82b8-2e43a090d496,f0416e68-0200-4b77-a926-4f9d16e494da,511d2633-09a7-4bdd-ac42-f778032124b3,5d45aa00-e064-4938-b314-4265f0c2258c,9361fd90-ba52-4f84-aa93-6e878fd576ca,970b0598-bcb0-4714-91fb-2e81440dccd8,bcd64cc6-2dd9-43f6-abbe-66318d332032,d930590d-bb92-4cc8-8bd1-23cd027f9edf,a3cd009f-0ab0-420d-9278-b9fdab939bbc,6a2d0734-bd9e-4ddf-946e-caa52498cb75,d9937e59-61fe-4ec6-92ab-7ac5a19c89b0,d1346436-ac96-4271-b863-1f4fdead95b0,971bdb23-3ff6-43eb-b422-1c30165a3663,17debcc3-0a6b-4b8a-b00b-dc58b885581e,711ebe11-f673-4cd9-9a83-63c60ba54c5b,c0143906-9aed-447e-9436-2ae8512d1b6e,14da1725-c4c2-42b4-ab08-ee0aeb6898b3,081cab31-dccd-428e-8652-f2404cc81c47,78e0584a-4343-4727-8f37-e14e65c2a2db,871c3b6c-7379-419d-bda3-794b239ab90d,ff9b0199-ce04-4cfe-86cc-6c719f08d6e4,de1c2107-70c8-4021-8459-6399f24d01c6,cbf30902-517f-40dc-af90-a550bac27cf1,5c601d96-e4c7-4698-991b-7ee674b11079
8-10-2026 03:12:32-debug:   Number of all scripts: 41
8-10-2026 03:12:32-debug:   Number of other assets: 486
8-10-2026 03:12:32-debug: Init bundle root assets success..., progress: 0%
8-10-2026 03:12:32-debug:   Number of all scenes: 3
8-10-2026 03:12:32-log: run build task Query asset bundle success in 16 ms√, progress: 5%
8-10-2026 03:12:32-debug: [Build Memory track]: Query asset bundle start:231.17MB, end 231.13MB, increase: -36.87KB
8-10-2026 03:12:32-debug: // ---- build task Query asset bundle ---- (16ms)
8-10-2026 03:12:32-debug: Query asset bundle start, progress: 5%
8-10-2026 03:12:32-debug: // ---- build task Query asset bundle ----
8-10-2026 03:12:32-debug: // ---- build task Query asset bundle ---- (8ms)
8-10-2026 03:12:32-log: run build task Query asset bundle success in 8 ms√, progress: 10%
8-10-2026 03:12:32-debug: [Build Memory track]: Query asset bundle start:231.16MB, end 230.49MB, increase: -687.90KB
8-10-2026 03:12:32-debug: Sort some build options to settings.json start, progress: 10%
8-10-2026 03:12:32-debug: // ---- build task Sort some build options to settings.json ----
8-10-2026 03:12:32-log: run build task Sort some build options to settings.json success in 4 ms√, progress: 12%
8-10-2026 03:12:32-debug: [Build Memory track]: Sort some build options to settings.json start:230.51MB, end 230.54MB, increase: 25.95KB
8-10-2026 03:12:32-debug: // ---- build task Sort some build options to settings.json ---- (4ms)
8-10-2026 03:12:32-debug: Fill script data to settings start, progress: 12%
8-10-2026 03:12:32-debug: // ---- build task Fill script data to settings ----
8-10-2026 03:12:32-debug: // ---- build task Fill script data to settings ---- (3ms)
8-10-2026 03:12:32-debug: [Build Memory track]: Fill script data to settings start:230.57MB, end 230.59MB, increase: 25.28KB
8-10-2026 03:12:32-debug: Sort some build options to settings.json start, progress: 13%
8-10-2026 03:12:32-log: run build task Fill script data to settings success in 3 ms√, progress: 13%
8-10-2026 03:12:32-debug: // ---- build task Sort some build options to settings.json ----
8-10-2026 03:12:32-debug: // ---- build task Sort some build options to settings.json ---- (22ms)
8-10-2026 03:12:32-log: run build task Sort some build options to settings.json success in 22 ms√, progress: 15%
8-10-2026 03:12:32-debug: [Build Memory track]: Sort some build options to settings.json start:230.62MB, end 230.74MB, increase: 125.40KB
8-10-2026 03:12:51-debug: Query all assets info in project
8-10-2026 03:12:51-debug: init custom config: keepNodeUuid: false, useCache: true
8-10-2026 03:12:51-debug: Skip compress image, progress: 0%
8-10-2026 03:12:51-debug: Num of bundles: 2..., progress: 0%
8-10-2026 03:12:51-debug: Query asset bundle start, progress: 0%
8-10-2026 03:12:51-debug: Init bundle root assets start..., progress: 0%
8-10-2026 03:12:51-debug: Init all bundles start..., progress: 0%
8-10-2026 03:12:51-debug: // ---- build task Query asset bundle ----
8-10-2026 03:12:51-debug: Query preload assets/scripts from cc.config.json: 60f7195c-ec2a-45eb-ba94-8955f60e81d0,1c02ae6f-4492-4915-b8f8-7492a3b1e4cd,810e96e4-e456-4468-9b59-f4e8f39732c0,efe8e2a3-eace-427b-b4f1-cb8a937ec77d,e9aa9a3e-5b2b-4ac7-a2c7-073de2b2b24f,8bbdbcdd-5cd4-4100-b6d5-b7c9625b6107,50f4348b-c883-4e2f-8f11-ce233b859fa1,fda095cb-831d-4601-ad94-846013963de8,f92806d7-1768-443f-afe8-12bcde84d0f0,dd3a144d-ab7f-41f0-82b8-2e43a090d496,f0416e68-0200-4b77-a926-4f9d16e494da,511d2633-09a7-4bdd-ac42-f778032124b3,5d45aa00-e064-4938-b314-4265f0c2258c,9361fd90-ba52-4f84-aa93-6e878fd576ca,970b0598-bcb0-4714-91fb-2e81440dccd8,bcd64cc6-2dd9-43f6-abbe-66318d332032,d930590d-bb92-4cc8-8bd1-23cd027f9edf,a3cd009f-0ab0-420d-9278-b9fdab939bbc,6a2d0734-bd9e-4ddf-946e-caa52498cb75,d9937e59-61fe-4ec6-92ab-7ac5a19c89b0,d1346436-ac96-4271-b863-1f4fdead95b0,971bdb23-3ff6-43eb-b422-1c30165a3663,17debcc3-0a6b-4b8a-b00b-dc58b885581e,711ebe11-f673-4cd9-9a83-63c60ba54c5b,c0143906-9aed-447e-9436-2ae8512d1b6e,14da1725-c4c2-42b4-ab08-ee0aeb6898b3,081cab31-dccd-428e-8652-f2404cc81c47,78e0584a-4343-4727-8f37-e14e65c2a2db,871c3b6c-7379-419d-bda3-794b239ab90d,ff9b0199-ce04-4cfe-86cc-6c719f08d6e4,de1c2107-70c8-4021-8459-6399f24d01c6,cbf30902-517f-40dc-af90-a550bac27cf1,5c601d96-e4c7-4698-991b-7ee674b11079
8-10-2026 03:12:51-debug:   Number of all scripts: 41
8-10-2026 03:12:51-debug: Init bundle root assets success..., progress: 0%
8-10-2026 03:12:51-debug:   Number of other assets: 486
8-10-2026 03:12:51-debug:   Number of all scenes: 3
8-10-2026 03:12:51-debug: // ---- build task Query asset bundle ---- (13ms)
8-10-2026 03:12:51-log: run build task Query asset bundle success in 13 ms√, progress: 5%
8-10-2026 03:12:51-debug: [Build Memory track]: Query asset bundle start:231.25MB, end 231.24MB, increase: -19.58KB
8-10-2026 03:12:51-debug: Query asset bundle start, progress: 5%
8-10-2026 03:12:51-debug: // ---- build task Query asset bundle ----
8-10-2026 03:12:51-debug: // ---- build task Query asset bundle ---- (7ms)
8-10-2026 03:12:51-log: run build task Query asset bundle success in 7 ms√, progress: 10%
8-10-2026 03:12:51-debug: [Build Memory track]: Query asset bundle start:231.26MB, end 230.59MB, increase: -692.43KB
8-10-2026 03:12:51-debug: // ---- build task Sort some build options to settings.json ----
8-10-2026 03:12:51-debug: Sort some build options to settings.json start, progress: 10%
8-10-2026 03:12:51-debug: // ---- build task Sort some build options to settings.json ---- (3ms)
8-10-2026 03:12:51-log: run build task Sort some build options to settings.json success in 3 ms√, progress: 12%
8-10-2026 03:12:51-debug: [Build Memory track]: Sort some build options to settings.json start:230.61MB, end 230.64MB, increase: 25.89KB
8-10-2026 03:12:51-debug: Fill script data to settings start, progress: 12%
8-10-2026 03:12:51-debug: // ---- build task Fill script data to settings ----
8-10-2026 03:12:51-debug: // ---- build task Fill script data to settings ---- (5ms)
8-10-2026 03:12:51-log: run build task Fill script data to settings success in 5 ms√, progress: 13%
8-10-2026 03:12:51-debug: Sort some build options to settings.json start, progress: 13%
8-10-2026 03:12:51-debug: [Build Memory track]: Fill script data to settings start:230.67MB, end 230.69MB, increase: 25.28KB
8-10-2026 03:12:51-debug: // ---- build task Sort some build options to settings.json ----
8-10-2026 03:12:51-debug: // ---- build task Sort some build options to settings.json ---- (16ms)
8-10-2026 03:12:51-debug: [Build Memory track]: Sort some build options to settings.json start:230.72MB, end 230.85MB, increase: 129.76KB
8-10-2026 03:12:51-log: run build task Sort some build options to settings.json success in 16 ms√, progress: 15%
8-10-2026 03:13:08-debug: Query all assets info in project
8-10-2026 03:13:08-debug: init custom config: keepNodeUuid: false, useCache: true
8-10-2026 03:13:08-debug: Skip compress image, progress: 0%
8-10-2026 03:13:08-debug: Init all bundles start..., progress: 0%
8-10-2026 03:13:08-debug: Num of bundles: 2..., progress: 0%
8-10-2026 03:13:08-debug: Query asset bundle start, progress: 0%
8-10-2026 03:13:08-debug: // ---- build task Query asset bundle ----
8-10-2026 03:13:08-debug: Init bundle root assets start..., progress: 0%
8-10-2026 03:13:08-debug: Query preload assets/scripts from cc.config.json: 60f7195c-ec2a-45eb-ba94-8955f60e81d0,1c02ae6f-4492-4915-b8f8-7492a3b1e4cd,810e96e4-e456-4468-9b59-f4e8f39732c0,efe8e2a3-eace-427b-b4f1-cb8a937ec77d,e9aa9a3e-5b2b-4ac7-a2c7-073de2b2b24f,8bbdbcdd-5cd4-4100-b6d5-b7c9625b6107,50f4348b-c883-4e2f-8f11-ce233b859fa1,fda095cb-831d-4601-ad94-846013963de8,f92806d7-1768-443f-afe8-12bcde84d0f0,dd3a144d-ab7f-41f0-82b8-2e43a090d496,f0416e68-0200-4b77-a926-4f9d16e494da,511d2633-09a7-4bdd-ac42-f778032124b3,5d45aa00-e064-4938-b314-4265f0c2258c,9361fd90-ba52-4f84-aa93-6e878fd576ca,970b0598-bcb0-4714-91fb-2e81440dccd8,bcd64cc6-2dd9-43f6-abbe-66318d332032,d930590d-bb92-4cc8-8bd1-23cd027f9edf,a3cd009f-0ab0-420d-9278-b9fdab939bbc,6a2d0734-bd9e-4ddf-946e-caa52498cb75,d9937e59-61fe-4ec6-92ab-7ac5a19c89b0,d1346436-ac96-4271-b863-1f4fdead95b0,971bdb23-3ff6-43eb-b422-1c30165a3663,17debcc3-0a6b-4b8a-b00b-dc58b885581e,711ebe11-f673-4cd9-9a83-63c60ba54c5b,c0143906-9aed-447e-9436-2ae8512d1b6e,14da1725-c4c2-42b4-ab08-ee0aeb6898b3,081cab31-dccd-428e-8652-f2404cc81c47,78e0584a-4343-4727-8f37-e14e65c2a2db,871c3b6c-7379-419d-bda3-794b239ab90d,ff9b0199-ce04-4cfe-86cc-6c719f08d6e4,de1c2107-70c8-4021-8459-6399f24d01c6,cbf30902-517f-40dc-af90-a550bac27cf1,5c601d96-e4c7-4698-991b-7ee674b11079
8-10-2026 03:13:08-debug:   Number of all scenes: 3
8-10-2026 03:13:08-debug:   Number of all scripts: 41
8-10-2026 03:13:08-debug:   Number of other assets: 486
8-10-2026 03:13:08-debug: Init bundle root assets success..., progress: 0%
8-10-2026 03:13:08-debug: // ---- build task Query asset bundle ---- (47ms)
8-10-2026 03:13:08-log: run build task Query asset bundle success in 47 ms√, progress: 5%
8-10-2026 03:13:08-debug: [Build Memory track]: Query asset bundle start:231.38MB, end 231.34MB, increase: -37.98KB
8-10-2026 03:13:08-debug: Query asset bundle start, progress: 5%
8-10-2026 03:13:08-debug: // ---- build task Query asset bundle ----
8-10-2026 03:13:08-debug: // ---- build task Query asset bundle ---- (9ms)
8-10-2026 03:13:08-log: run build task Query asset bundle success in 9 ms√, progress: 10%
8-10-2026 03:13:08-debug: [Build Memory track]: Query asset bundle start:231.37MB, end 230.69MB, increase: -702.73KB
8-10-2026 03:13:08-debug: Sort some build options to settings.json start, progress: 10%
8-10-2026 03:13:08-debug: // ---- build task Sort some build options to settings.json ----
8-10-2026 03:13:08-debug: // ---- build task Sort some build options to settings.json ---- (4ms)
8-10-2026 03:13:08-log: run build task Sort some build options to settings.json success in 4 ms√, progress: 12%
8-10-2026 03:13:08-debug: [Build Memory track]: Sort some build options to settings.json start:230.71MB, end 230.74MB, increase: 26.68KB
8-10-2026 03:13:08-debug: Fill script data to settings start, progress: 12%
8-10-2026 03:13:08-debug: // ---- build task Fill script data to settings ----
8-10-2026 03:13:08-debug: // ---- build task Fill script data to settings ---- (4ms)
8-10-2026 03:13:08-log: run build task Fill script data to settings success in 4 ms√, progress: 13%
8-10-2026 03:13:08-debug: [Build Memory track]: Fill script data to settings start:230.77MB, end 230.79MB, increase: 25.75KB
8-10-2026 03:13:08-debug: Sort some build options to settings.json start, progress: 13%
8-10-2026 03:13:08-debug: // ---- build task Sort some build options to settings.json ----
8-10-2026 03:13:08-debug: // ---- build task Sort some build options to settings.json ---- (9ms)
8-10-2026 03:13:08-log: run build task Sort some build options to settings.json success in 9 ms√, progress: 15%
8-10-2026 03:13:08-debug: [Build Memory track]: Sort some build options to settings.json start:230.82MB, end 230.95MB, increase: 133.51KB
8-10-2026 03:13:34-debug: Query all assets info in project
8-10-2026 03:13:34-debug: init custom config: keepNodeUuid: false, useCache: true
8-10-2026 03:13:34-debug: Skip compress image, progress: 0%
8-10-2026 03:13:34-debug: Init all bundles start..., progress: 0%
8-10-2026 03:13:34-debug: Query asset bundle start, progress: 0%
8-10-2026 03:13:34-debug: // ---- build task Query asset bundle ----
8-10-2026 03:13:34-debug: Init bundle root assets start..., progress: 0%
8-10-2026 03:13:34-debug: Num of bundles: 2..., progress: 0%
8-10-2026 03:13:34-debug: Query preload assets/scripts from cc.config.json: 60f7195c-ec2a-45eb-ba94-8955f60e81d0,1c02ae6f-4492-4915-b8f8-7492a3b1e4cd,810e96e4-e456-4468-9b59-f4e8f39732c0,efe8e2a3-eace-427b-b4f1-cb8a937ec77d,e9aa9a3e-5b2b-4ac7-a2c7-073de2b2b24f,8bbdbcdd-5cd4-4100-b6d5-b7c9625b6107,50f4348b-c883-4e2f-8f11-ce233b859fa1,fda095cb-831d-4601-ad94-846013963de8,f92806d7-1768-443f-afe8-12bcde84d0f0,dd3a144d-ab7f-41f0-82b8-2e43a090d496,f0416e68-0200-4b77-a926-4f9d16e494da,511d2633-09a7-4bdd-ac42-f778032124b3,5d45aa00-e064-4938-b314-4265f0c2258c,9361fd90-ba52-4f84-aa93-6e878fd576ca,970b0598-bcb0-4714-91fb-2e81440dccd8,bcd64cc6-2dd9-43f6-abbe-66318d332032,d930590d-bb92-4cc8-8bd1-23cd027f9edf,a3cd009f-0ab0-420d-9278-b9fdab939bbc,6a2d0734-bd9e-4ddf-946e-caa52498cb75,d9937e59-61fe-4ec6-92ab-7ac5a19c89b0,d1346436-ac96-4271-b863-1f4fdead95b0,971bdb23-3ff6-43eb-b422-1c30165a3663,17debcc3-0a6b-4b8a-b00b-dc58b885581e,711ebe11-f673-4cd9-9a83-63c60ba54c5b,c0143906-9aed-447e-9436-2ae8512d1b6e,14da1725-c4c2-42b4-ab08-ee0aeb6898b3,081cab31-dccd-428e-8652-f2404cc81c47,78e0584a-4343-4727-8f37-e14e65c2a2db,871c3b6c-7379-419d-bda3-794b239ab90d,ff9b0199-ce04-4cfe-86cc-6c719f08d6e4,de1c2107-70c8-4021-8459-6399f24d01c6,cbf30902-517f-40dc-af90-a550bac27cf1,5c601d96-e4c7-4698-991b-7ee674b11079
8-10-2026 03:13:34-debug:   Number of all scenes: 3
8-10-2026 03:13:34-debug:   Number of all scripts: 41
8-10-2026 03:13:34-debug:   Number of other assets: 486
8-10-2026 03:13:34-debug: Init bundle root assets success..., progress: 0%
8-10-2026 03:13:34-debug: // ---- build task Query asset bundle ---- (13ms)
8-10-2026 03:13:34-log: run build task Query asset bundle success in 13 ms√, progress: 5%
8-10-2026 03:13:34-debug: Query asset bundle start, progress: 5%
8-10-2026 03:13:34-debug: [Build Memory track]: Query asset bundle start:231.46MB, end 231.44MB, increase: -14.09KB
8-10-2026 03:13:34-debug: // ---- build task Query asset bundle ----
8-10-2026 03:13:34-debug: // ---- build task Query asset bundle ---- (8ms)
8-10-2026 03:13:34-log: run build task Query asset bundle success in 8 ms√, progress: 10%
8-10-2026 03:13:34-debug: [Build Memory track]: Query asset bundle start:231.47MB, end 230.79MB, increase: -697.45KB
8-10-2026 03:13:34-debug: Sort some build options to settings.json start, progress: 10%
8-10-2026 03:13:34-debug: // ---- build task Sort some build options to settings.json ----
8-10-2026 03:13:34-debug: // ---- build task Sort some build options to settings.json ---- (5ms)
8-10-2026 03:13:34-log: run build task Sort some build options to settings.json success in 5 ms√, progress: 12%
8-10-2026 03:13:34-debug: [Build Memory track]: Sort some build options to settings.json start:230.82MB, end 230.84MB, increase: 25.95KB
8-10-2026 03:13:34-debug: Fill script data to settings start, progress: 12%
8-10-2026 03:13:34-debug: // ---- build task Fill script data to settings ----
8-10-2026 03:13:34-log: run build task Fill script data to settings success in 2 ms√, progress: 13%
8-10-2026 03:13:34-debug: [Build Memory track]: Fill script data to settings start:230.87MB, end 230.89MB, increase: 25.39KB
8-10-2026 03:13:34-debug: Sort some build options to settings.json start, progress: 13%
8-10-2026 03:13:34-debug: // ---- build task Fill script data to settings ---- (2ms)
8-10-2026 03:13:34-debug: // ---- build task Sort some build options to settings.json ----
8-10-2026 03:13:34-debug: // ---- build task Sort some build options to settings.json ---- (17ms)
8-10-2026 03:13:34-log: run build task Sort some build options to settings.json success in 17 ms√, progress: 15%
8-10-2026 03:13:34-debug: [Build Memory track]: Sort some build options to settings.json start:230.92MB, end 231.05MB, increase: 134.61KB
8-10-2026 03:13:55-debug: Query all assets info in project
8-10-2026 03:13:55-debug: init custom config: keepNodeUuid: false, useCache: true
8-10-2026 03:13:55-debug: Skip compress image, progress: 0%
8-10-2026 03:13:55-debug: Init all bundles start..., progress: 0%
8-10-2026 03:13:56-debug: Init bundle root assets start..., progress: 0%
8-10-2026 03:13:56-debug: Query asset bundle start, progress: 0%
8-10-2026 03:13:56-debug: // ---- build task Query asset bundle ----
8-10-2026 03:13:56-debug: Num of bundles: 2..., progress: 0%
8-10-2026 03:13:56-debug: Query preload assets/scripts from cc.config.json: 60f7195c-ec2a-45eb-ba94-8955f60e81d0,1c02ae6f-4492-4915-b8f8-7492a3b1e4cd,810e96e4-e456-4468-9b59-f4e8f39732c0,efe8e2a3-eace-427b-b4f1-cb8a937ec77d,e9aa9a3e-5b2b-4ac7-a2c7-073de2b2b24f,8bbdbcdd-5cd4-4100-b6d5-b7c9625b6107,50f4348b-c883-4e2f-8f11-ce233b859fa1,fda095cb-831d-4601-ad94-846013963de8,f92806d7-1768-443f-afe8-12bcde84d0f0,dd3a144d-ab7f-41f0-82b8-2e43a090d496,f0416e68-0200-4b77-a926-4f9d16e494da,511d2633-09a7-4bdd-ac42-f778032124b3,5d45aa00-e064-4938-b314-4265f0c2258c,9361fd90-ba52-4f84-aa93-6e878fd576ca,970b0598-bcb0-4714-91fb-2e81440dccd8,bcd64cc6-2dd9-43f6-abbe-66318d332032,d930590d-bb92-4cc8-8bd1-23cd027f9edf,a3cd009f-0ab0-420d-9278-b9fdab939bbc,6a2d0734-bd9e-4ddf-946e-caa52498cb75,d9937e59-61fe-4ec6-92ab-7ac5a19c89b0,d1346436-ac96-4271-b863-1f4fdead95b0,971bdb23-3ff6-43eb-b422-1c30165a3663,17debcc3-0a6b-4b8a-b00b-dc58b885581e,711ebe11-f673-4cd9-9a83-63c60ba54c5b,c0143906-9aed-447e-9436-2ae8512d1b6e,14da1725-c4c2-42b4-ab08-ee0aeb6898b3,081cab31-dccd-428e-8652-f2404cc81c47,78e0584a-4343-4727-8f37-e14e65c2a2db,871c3b6c-7379-419d-bda3-794b239ab90d,ff9b0199-ce04-4cfe-86cc-6c719f08d6e4,de1c2107-70c8-4021-8459-6399f24d01c6,cbf30902-517f-40dc-af90-a550bac27cf1,5c601d96-e4c7-4698-991b-7ee674b11079
8-10-2026 03:13:56-debug:   Number of all scenes: 3
8-10-2026 03:13:56-debug:   Number of all scripts: 41
8-10-2026 03:13:56-debug: Init bundle root assets success..., progress: 0%
8-10-2026 03:13:56-debug:   Number of other assets: 486
8-10-2026 03:13:56-debug: // ---- build task Query asset bundle ---- (13ms)
8-10-2026 03:13:56-log: run build task Query asset bundle success in 13 ms√, progress: 5%
8-10-2026 03:13:56-debug: [Build Memory track]: Query asset bundle start:231.58MB, end 231.55MB, increase: -36.91KB
8-10-2026 03:13:56-debug: Query asset bundle start, progress: 5%
8-10-2026 03:13:56-debug: // ---- build task Query asset bundle ----
8-10-2026 03:13:56-debug: // ---- build task Query asset bundle ---- (8ms)
8-10-2026 03:13:56-log: run build task Query asset bundle success in 8 ms√, progress: 10%
8-10-2026 03:13:56-debug: [Build Memory track]: Query asset bundle start:231.57MB, end 230.90MB, increase: -689.48KB
8-10-2026 03:13:56-debug: Sort some build options to settings.json start, progress: 10%
8-10-2026 03:13:56-debug: // ---- build task Sort some build options to settings.json ----
8-10-2026 03:13:56-debug: // ---- build task Sort some build options to settings.json ---- (4ms)
8-10-2026 03:13:56-log: run build task Sort some build options to settings.json success in 4 ms√, progress: 12%
8-10-2026 03:13:56-debug: [Build Memory track]: Sort some build options to settings.json start:230.93MB, end 230.95MB, increase: 25.95KB
8-10-2026 03:13:56-debug: Fill script data to settings start, progress: 12%
8-10-2026 03:13:56-debug: // ---- build task Fill script data to settings ----
8-10-2026 03:13:56-debug: // ---- build task Fill script data to settings ---- (1ms)
8-10-2026 03:13:56-log: run build task Fill script data to settings success in 1 ms√, progress: 13%
8-10-2026 03:13:56-debug: [Build Memory track]: Fill script data to settings start:230.98MB, end 231.01MB, increase: 25.27KB
8-10-2026 03:13:56-debug: Sort some build options to settings.json start, progress: 13%
8-10-2026 03:13:56-debug: // ---- build task Sort some build options to settings.json ----
8-10-2026 03:13:56-debug: // ---- build task Sort some build options to settings.json ---- (21ms)
8-10-2026 03:13:56-debug: [Build Memory track]: Sort some build options to settings.json start:231.03MB, end 231.16MB, increase: 132.41KB
8-10-2026 03:13:56-log: run build task Sort some build options to settings.json success in 21 ms√, progress: 15%
8-10-2026 03:14:17-debug: Query all assets info in project
8-10-2026 03:14:17-debug: init custom config: keepNodeUuid: false, useCache: true
8-10-2026 03:14:17-debug: Skip compress image, progress: 0%
8-10-2026 03:14:17-debug: Init all bundles start..., progress: 0%
8-10-2026 03:14:17-debug: Num of bundles: 2..., progress: 0%
8-10-2026 03:14:17-debug: Query asset bundle start, progress: 0%
8-10-2026 03:14:17-debug: Init bundle root assets start..., progress: 0%
8-10-2026 03:14:17-debug: // ---- build task Query asset bundle ----
8-10-2026 03:14:17-debug: Query preload assets/scripts from cc.config.json: 60f7195c-ec2a-45eb-ba94-8955f60e81d0,1c02ae6f-4492-4915-b8f8-7492a3b1e4cd,810e96e4-e456-4468-9b59-f4e8f39732c0,efe8e2a3-eace-427b-b4f1-cb8a937ec77d,e9aa9a3e-5b2b-4ac7-a2c7-073de2b2b24f,8bbdbcdd-5cd4-4100-b6d5-b7c9625b6107,50f4348b-c883-4e2f-8f11-ce233b859fa1,fda095cb-831d-4601-ad94-846013963de8,f92806d7-1768-443f-afe8-12bcde84d0f0,dd3a144d-ab7f-41f0-82b8-2e43a090d496,f0416e68-0200-4b77-a926-4f9d16e494da,511d2633-09a7-4bdd-ac42-f778032124b3,5d45aa00-e064-4938-b314-4265f0c2258c,9361fd90-ba52-4f84-aa93-6e878fd576ca,970b0598-bcb0-4714-91fb-2e81440dccd8,bcd64cc6-2dd9-43f6-abbe-66318d332032,d930590d-bb92-4cc8-8bd1-23cd027f9edf,a3cd009f-0ab0-420d-9278-b9fdab939bbc,6a2d0734-bd9e-4ddf-946e-caa52498cb75,d9937e59-61fe-4ec6-92ab-7ac5a19c89b0,d1346436-ac96-4271-b863-1f4fdead95b0,971bdb23-3ff6-43eb-b422-1c30165a3663,17debcc3-0a6b-4b8a-b00b-dc58b885581e,711ebe11-f673-4cd9-9a83-63c60ba54c5b,c0143906-9aed-447e-9436-2ae8512d1b6e,14da1725-c4c2-42b4-ab08-ee0aeb6898b3,081cab31-dccd-428e-8652-f2404cc81c47,78e0584a-4343-4727-8f37-e14e65c2a2db,871c3b6c-7379-419d-bda3-794b239ab90d,ff9b0199-ce04-4cfe-86cc-6c719f08d6e4,de1c2107-70c8-4021-8459-6399f24d01c6,cbf30902-517f-40dc-af90-a550bac27cf1,5c601d96-e4c7-4698-991b-7ee674b11079
8-10-2026 03:14:17-debug:   Number of all scenes: 3
8-10-2026 03:14:17-debug:   Number of all scripts: 41
8-10-2026 03:14:17-debug: Init bundle root assets success..., progress: 0%
8-10-2026 03:14:17-debug:   Number of other assets: 486
8-10-2026 03:14:17-debug: // ---- build task Query asset bundle ---- (10ms)
8-10-2026 03:14:17-log: run build task Query asset bundle success in 10 ms√, progress: 5%
8-10-2026 03:14:17-debug: [Build Memory track]: Query asset bundle start:231.70MB, end 231.66MB, increase: -43.29KB
8-10-2026 03:14:17-debug: Query asset bundle start, progress: 5%
8-10-2026 03:14:17-debug: // ---- build task Query asset bundle ----
8-10-2026 03:14:17-debug: // ---- build task Query asset bundle ---- (5ms)
8-10-2026 03:14:17-log: run build task Query asset bundle success in 5 ms√, progress: 10%
8-10-2026 03:14:17-debug: [Build Memory track]: Query asset bundle start:231.68MB, end 231.01MB, increase: -686.63KB
8-10-2026 03:14:17-debug: Sort some build options to settings.json start, progress: 10%
8-10-2026 03:14:17-debug: // ---- build task Sort some build options to settings.json ----
8-10-2026 03:14:17-debug: // ---- build task Sort some build options to settings.json ---- (2ms)
8-10-2026 03:14:17-log: run build task Sort some build options to settings.json success in 2 ms√, progress: 12%
8-10-2026 03:14:17-debug: [Build Memory track]: Sort some build options to settings.json start:231.04MB, end 231.07MB, increase: 25.95KB
8-10-2026 03:14:17-debug: // ---- build task Fill script data to settings ----
8-10-2026 03:14:17-debug: Fill script data to settings start, progress: 12%
8-10-2026 03:14:17-debug: // ---- build task Fill script data to settings ---- (2ms)
8-10-2026 03:14:17-log: run build task Fill script data to settings success in 2 ms√, progress: 13%
8-10-2026 03:14:17-debug: [Build Memory track]: Fill script data to settings start:231.09MB, end 231.12MB, increase: 26.47KB
8-10-2026 03:14:17-debug: Sort some build options to settings.json start, progress: 13%
8-10-2026 03:14:17-debug: // ---- build task Sort some build options to settings.json ----
8-10-2026 03:14:17-debug: // ---- build task Sort some build options to settings.json ---- (16ms)
8-10-2026 03:14:17-log: run build task Sort some build options to settings.json success in 16 ms√, progress: 15%
8-10-2026 03:14:17-debug: [Build Memory track]: Sort some build options to settings.json start:231.15MB, end 231.27MB, increase: 127.45KB
8-10-2026 03:14:36-debug: Query all assets info in project
8-10-2026 03:14:36-debug: init custom config: keepNodeUuid: false, useCache: true
8-10-2026 03:14:36-debug: Skip compress image, progress: 0%
8-10-2026 03:14:36-debug: Init all bundles start..., progress: 0%
8-10-2026 03:14:36-debug: Query asset bundle start, progress: 0%
8-10-2026 03:14:36-debug: // ---- build task Query asset bundle ----
8-10-2026 03:14:36-debug: Init bundle root assets start..., progress: 0%
8-10-2026 03:14:36-debug: Num of bundles: 2..., progress: 0%
8-10-2026 03:14:36-debug: Query preload assets/scripts from cc.config.json: 60f7195c-ec2a-45eb-ba94-8955f60e81d0,1c02ae6f-4492-4915-b8f8-7492a3b1e4cd,810e96e4-e456-4468-9b59-f4e8f39732c0,efe8e2a3-eace-427b-b4f1-cb8a937ec77d,e9aa9a3e-5b2b-4ac7-a2c7-073de2b2b24f,8bbdbcdd-5cd4-4100-b6d5-b7c9625b6107,50f4348b-c883-4e2f-8f11-ce233b859fa1,fda095cb-831d-4601-ad94-846013963de8,f92806d7-1768-443f-afe8-12bcde84d0f0,dd3a144d-ab7f-41f0-82b8-2e43a090d496,f0416e68-0200-4b77-a926-4f9d16e494da,511d2633-09a7-4bdd-ac42-f778032124b3,5d45aa00-e064-4938-b314-4265f0c2258c,9361fd90-ba52-4f84-aa93-6e878fd576ca,970b0598-bcb0-4714-91fb-2e81440dccd8,bcd64cc6-2dd9-43f6-abbe-66318d332032,d930590d-bb92-4cc8-8bd1-23cd027f9edf,a3cd009f-0ab0-420d-9278-b9fdab939bbc,6a2d0734-bd9e-4ddf-946e-caa52498cb75,d9937e59-61fe-4ec6-92ab-7ac5a19c89b0,d1346436-ac96-4271-b863-1f4fdead95b0,971bdb23-3ff6-43eb-b422-1c30165a3663,17debcc3-0a6b-4b8a-b00b-dc58b885581e,711ebe11-f673-4cd9-9a83-63c60ba54c5b,c0143906-9aed-447e-9436-2ae8512d1b6e,14da1725-c4c2-42b4-ab08-ee0aeb6898b3,081cab31-dccd-428e-8652-f2404cc81c47,78e0584a-4343-4727-8f37-e14e65c2a2db,871c3b6c-7379-419d-bda3-794b239ab90d,ff9b0199-ce04-4cfe-86cc-6c719f08d6e4,de1c2107-70c8-4021-8459-6399f24d01c6,cbf30902-517f-40dc-af90-a550bac27cf1,5c601d96-e4c7-4698-991b-7ee674b11079
8-10-2026 03:14:36-debug:   Number of all scenes: 3
8-10-2026 03:14:36-debug:   Number of all scripts: 41
8-10-2026 03:14:36-debug:   Number of other assets: 486
8-10-2026 03:14:36-debug: Init bundle root assets success..., progress: 0%
8-10-2026 03:14:36-debug: // ---- build task Query asset bundle ---- (11ms)
8-10-2026 03:14:36-log: run build task Query asset bundle success in 11 ms√, progress: 5%
8-10-2026 03:14:36-debug: Query asset bundle start, progress: 5%
8-10-2026 03:14:36-debug: [Build Memory track]: Query asset bundle start:231.78MB, end 231.76MB, increase: -19.50KB
8-10-2026 03:14:36-debug: // ---- build task Query asset bundle ----
8-10-2026 03:14:36-log: run build task Query asset bundle success in 6 ms√, progress: 10%
8-10-2026 03:14:36-debug: [Build Memory track]: Query asset bundle start:231.79MB, end 231.11MB, increase: -696.83KB
8-10-2026 03:14:36-debug: // ---- build task Query asset bundle ---- (6ms)
8-10-2026 03:14:36-debug: Sort some build options to settings.json start, progress: 10%
8-10-2026 03:14:36-debug: // ---- build task Sort some build options to settings.json ----
8-10-2026 03:14:36-debug: // ---- build task Sort some build options to settings.json ---- (4ms)
8-10-2026 03:14:36-log: run build task Sort some build options to settings.json success in 4 ms√, progress: 12%
8-10-2026 03:14:36-debug: [Build Memory track]: Sort some build options to settings.json start:231.14MB, end 231.16MB, increase: 25.95KB
8-10-2026 03:14:36-debug: // ---- build task Fill script data to settings ----
8-10-2026 03:14:36-debug: Fill script data to settings start, progress: 12%
8-10-2026 03:14:36-debug: // ---- build task Fill script data to settings ---- (7ms)
8-10-2026 03:14:36-log: run build task Fill script data to settings success in 7 ms√, progress: 13%
8-10-2026 03:14:36-debug: [Build Memory track]: Fill script data to settings start:231.19MB, end 231.22MB, increase: 25.28KB
8-10-2026 03:14:36-debug: Sort some build options to settings.json start, progress: 13%
8-10-2026 03:14:36-debug: // ---- build task Sort some build options to settings.json ----
8-10-2026 03:14:36-debug: // ---- build task Sort some build options to settings.json ---- (15ms)
8-10-2026 03:14:36-debug: [Build Memory track]: Sort some build options to settings.json start:231.24MB, end 231.37MB, increase: 134.42KB
8-10-2026 03:14:36-log: run build task Sort some build options to settings.json success in 15 ms√, progress: 15%
8-10-2026 03:14:55-debug: Query all assets info in project
8-10-2026 03:14:55-debug: init custom config: keepNodeUuid: false, useCache: true
8-10-2026 03:14:55-debug: Skip compress image, progress: 0%
8-10-2026 03:14:55-debug: Init all bundles start..., progress: 0%
8-10-2026 03:14:55-debug: // ---- build task Query asset bundle ----
8-10-2026 03:14:55-debug: Num of bundles: 2..., progress: 0%
8-10-2026 03:14:55-debug: Query asset bundle start, progress: 0%
8-10-2026 03:14:55-debug: Init bundle root assets start..., progress: 0%
8-10-2026 03:14:55-debug: Query preload assets/scripts from cc.config.json: 60f7195c-ec2a-45eb-ba94-8955f60e81d0,1c02ae6f-4492-4915-b8f8-7492a3b1e4cd,810e96e4-e456-4468-9b59-f4e8f39732c0,efe8e2a3-eace-427b-b4f1-cb8a937ec77d,e9aa9a3e-5b2b-4ac7-a2c7-073de2b2b24f,8bbdbcdd-5cd4-4100-b6d5-b7c9625b6107,50f4348b-c883-4e2f-8f11-ce233b859fa1,fda095cb-831d-4601-ad94-846013963de8,f92806d7-1768-443f-afe8-12bcde84d0f0,dd3a144d-ab7f-41f0-82b8-2e43a090d496,f0416e68-0200-4b77-a926-4f9d16e494da,511d2633-09a7-4bdd-ac42-f778032124b3,5d45aa00-e064-4938-b314-4265f0c2258c,9361fd90-ba52-4f84-aa93-6e878fd576ca,970b0598-bcb0-4714-91fb-2e81440dccd8,bcd64cc6-2dd9-43f6-abbe-66318d332032,d930590d-bb92-4cc8-8bd1-23cd027f9edf,a3cd009f-0ab0-420d-9278-b9fdab939bbc,6a2d0734-bd9e-4ddf-946e-caa52498cb75,d9937e59-61fe-4ec6-92ab-7ac5a19c89b0,d1346436-ac96-4271-b863-1f4fdead95b0,971bdb23-3ff6-43eb-b422-1c30165a3663,17debcc3-0a6b-4b8a-b00b-dc58b885581e,711ebe11-f673-4cd9-9a83-63c60ba54c5b,c0143906-9aed-447e-9436-2ae8512d1b6e,14da1725-c4c2-42b4-ab08-ee0aeb6898b3,081cab31-dccd-428e-8652-f2404cc81c47,78e0584a-4343-4727-8f37-e14e65c2a2db,871c3b6c-7379-419d-bda3-794b239ab90d,ff9b0199-ce04-4cfe-86cc-6c719f08d6e4,de1c2107-70c8-4021-8459-6399f24d01c6,cbf30902-517f-40dc-af90-a550bac27cf1,5c601d96-e4c7-4698-991b-7ee674b11079
8-10-2026 03:14:55-debug:   Number of all scripts: 41
8-10-2026 03:14:55-debug:   Number of other assets: 486
8-10-2026 03:14:55-debug: Init bundle root assets success..., progress: 0%
8-10-2026 03:14:55-debug:   Number of all scenes: 3
8-10-2026 03:14:55-debug: // ---- build task Query asset bundle ---- (13ms)
8-10-2026 03:14:55-debug: Query asset bundle start, progress: 5%
8-10-2026 03:14:55-debug: [Build Memory track]: Query asset bundle start:231.88MB, end 231.87MB, increase: -16.44KB
8-10-2026 03:14:55-log: run build task Query asset bundle success in 13 ms√, progress: 5%
8-10-2026 03:14:55-debug: // ---- build task Query asset bundle ----
8-10-2026 03:14:55-debug: // ---- build task Query asset bundle ---- (6ms)
8-10-2026 03:14:55-debug: [Build Memory track]: Query asset bundle start:231.89MB, end 231.21MB, increase: -701.48KB
8-10-2026 03:14:55-debug: Sort some build options to settings.json start, progress: 10%
8-10-2026 03:14:55-log: run build task Query asset bundle success in 6 ms√, progress: 10%
8-10-2026 03:14:55-debug: // ---- build task Sort some build options to settings.json ----
8-10-2026 03:14:55-debug: // ---- build task Sort some build options to settings.json ---- (3ms)
8-10-2026 03:14:55-log: run build task Sort some build options to settings.json success in 3 ms√, progress: 12%
8-10-2026 03:14:55-debug: [Build Memory track]: Sort some build options to settings.json start:231.24MB, end 231.26MB, increase: 26.00KB
8-10-2026 03:14:55-debug: Fill script data to settings start, progress: 12%
8-10-2026 03:14:55-debug: // ---- build task Fill script data to settings ----
8-10-2026 03:14:55-debug: // ---- build task Fill script data to settings ---- (4ms)
8-10-2026 03:14:55-log: run build task Fill script data to settings success in 4 ms√, progress: 13%
8-10-2026 03:14:55-debug: [Build Memory track]: Fill script data to settings start:231.29MB, end 231.31MB, increase: 25.31KB
8-10-2026 03:14:55-debug: Sort some build options to settings.json start, progress: 13%
8-10-2026 03:14:55-debug: // ---- build task Sort some build options to settings.json ----
8-10-2026 03:14:55-debug: // ---- build task Sort some build options to settings.json ---- (13ms)
8-10-2026 03:14:55-debug: [Build Memory track]: Sort some build options to settings.json start:231.34MB, end 231.48MB, increase: 141.11KB
8-10-2026 03:14:55-log: run build task Sort some build options to settings.json success in 13 ms√, progress: 15%
8-10-2026 03:15:16-debug: Query all assets info in project
8-10-2026 03:15:16-debug: init custom config: keepNodeUuid: false, useCache: true
8-10-2026 03:15:16-debug: Skip compress image, progress: 0%
8-10-2026 03:15:16-debug: Init all bundles start..., progress: 0%
8-10-2026 03:15:16-debug: // ---- build task Query asset bundle ----
8-10-2026 03:15:16-debug: Query asset bundle start, progress: 0%
8-10-2026 03:15:16-debug: Init bundle root assets start..., progress: 0%
8-10-2026 03:15:16-debug: Num of bundles: 2..., progress: 0%
8-10-2026 03:15:16-debug: Query preload assets/scripts from cc.config.json: 60f7195c-ec2a-45eb-ba94-8955f60e81d0,1c02ae6f-4492-4915-b8f8-7492a3b1e4cd,810e96e4-e456-4468-9b59-f4e8f39732c0,efe8e2a3-eace-427b-b4f1-cb8a937ec77d,e9aa9a3e-5b2b-4ac7-a2c7-073de2b2b24f,8bbdbcdd-5cd4-4100-b6d5-b7c9625b6107,50f4348b-c883-4e2f-8f11-ce233b859fa1,fda095cb-831d-4601-ad94-846013963de8,f92806d7-1768-443f-afe8-12bcde84d0f0,dd3a144d-ab7f-41f0-82b8-2e43a090d496,f0416e68-0200-4b77-a926-4f9d16e494da,511d2633-09a7-4bdd-ac42-f778032124b3,5d45aa00-e064-4938-b314-4265f0c2258c,9361fd90-ba52-4f84-aa93-6e878fd576ca,970b0598-bcb0-4714-91fb-2e81440dccd8,bcd64cc6-2dd9-43f6-abbe-66318d332032,d930590d-bb92-4cc8-8bd1-23cd027f9edf,a3cd009f-0ab0-420d-9278-b9fdab939bbc,6a2d0734-bd9e-4ddf-946e-caa52498cb75,d9937e59-61fe-4ec6-92ab-7ac5a19c89b0,d1346436-ac96-4271-b863-1f4fdead95b0,971bdb23-3ff6-43eb-b422-1c30165a3663,17debcc3-0a6b-4b8a-b00b-dc58b885581e,711ebe11-f673-4cd9-9a83-63c60ba54c5b,c0143906-9aed-447e-9436-2ae8512d1b6e,14da1725-c4c2-42b4-ab08-ee0aeb6898b3,081cab31-dccd-428e-8652-f2404cc81c47,78e0584a-4343-4727-8f37-e14e65c2a2db,871c3b6c-7379-419d-bda3-794b239ab90d,ff9b0199-ce04-4cfe-86cc-6c719f08d6e4,de1c2107-70c8-4021-8459-6399f24d01c6,cbf30902-517f-40dc-af90-a550bac27cf1,5c601d96-e4c7-4698-991b-7ee674b11079
8-10-2026 03:15:16-debug:   Number of all scripts: 41
8-10-2026 03:15:16-debug:   Number of all scenes: 3
8-10-2026 03:15:16-debug: Init bundle root assets success..., progress: 0%
8-10-2026 03:15:16-debug:   Number of other assets: 486
8-10-2026 03:15:16-debug: // ---- build task Query asset bundle ---- (11ms)
8-10-2026 03:15:16-log: run build task Query asset bundle success in 11 ms√, progress: 5%
8-10-2026 03:15:16-debug: [Build Memory track]: Query asset bundle start:231.99MB, end 231.97MB, increase: -14.20KB
8-10-2026 03:15:16-debug: Query asset bundle start, progress: 5%
8-10-2026 03:15:16-debug: // ---- build task Query asset bundle ----
8-10-2026 03:15:16-debug: // ---- build task Query asset bundle ---- (8ms)
8-10-2026 03:15:16-log: run build task Query asset bundle success in 8 ms√, progress: 10%
8-10-2026 03:15:16-debug: [Build Memory track]: Query asset bundle start:232.00MB, end 231.32MB, increase: -697.36KB
8-10-2026 03:15:16-debug: // ---- build task Sort some build options to settings.json ----
8-10-2026 03:15:16-debug: Sort some build options to settings.json start, progress: 10%
8-10-2026 03:15:16-debug: // ---- build task Sort some build options to settings.json ---- (4ms)
8-10-2026 03:15:16-debug: [Build Memory track]: Sort some build options to settings.json start:231.35MB, end 231.37MB, increase: 25.92KB
8-10-2026 03:15:16-log: run build task Sort some build options to settings.json success in 4 ms√, progress: 12%
8-10-2026 03:15:16-debug: Fill script data to settings start, progress: 12%
8-10-2026 03:15:16-debug: // ---- build task Fill script data to settings ----
8-10-2026 03:15:16-debug: // ---- build task Fill script data to settings ---- (2ms)
8-10-2026 03:15:16-log: run build task Fill script data to settings success in 2 ms√, progress: 13%
8-10-2026 03:15:16-debug: [Build Memory track]: Fill script data to settings start:231.40MB, end 231.42MB, increase: 25.31KB
8-10-2026 03:15:16-debug: // ---- build task Sort some build options to settings.json ----
8-10-2026 03:15:16-debug: Sort some build options to settings.json start, progress: 13%
8-10-2026 03:15:16-debug: // ---- build task Sort some build options to settings.json ---- (19ms)
8-10-2026 03:15:16-log: run build task Sort some build options to settings.json success in 19 ms√, progress: 15%
8-10-2026 03:15:16-debug: [Build Memory track]: Sort some build options to settings.json start:231.45MB, end 231.58MB, increase: 134.63KB
8-10-2026 03:15:35-debug: Query all assets info in project
8-10-2026 03:15:35-debug: init custom config: keepNodeUuid: false, useCache: true
8-10-2026 03:15:35-debug: Skip compress image, progress: 0%
8-10-2026 03:15:35-debug: Init all bundles start..., progress: 0%
8-10-2026 03:15:35-debug: Num of bundles: 2..., progress: 0%
8-10-2026 03:15:35-debug: Query asset bundle start, progress: 0%
8-10-2026 03:15:35-debug: // ---- build task Query asset bundle ----
8-10-2026 03:15:35-debug: Init bundle root assets start..., progress: 0%
8-10-2026 03:15:35-debug: Query preload assets/scripts from cc.config.json: 60f7195c-ec2a-45eb-ba94-8955f60e81d0,1c02ae6f-4492-4915-b8f8-7492a3b1e4cd,810e96e4-e456-4468-9b59-f4e8f39732c0,efe8e2a3-eace-427b-b4f1-cb8a937ec77d,e9aa9a3e-5b2b-4ac7-a2c7-073de2b2b24f,8bbdbcdd-5cd4-4100-b6d5-b7c9625b6107,50f4348b-c883-4e2f-8f11-ce233b859fa1,fda095cb-831d-4601-ad94-846013963de8,f92806d7-1768-443f-afe8-12bcde84d0f0,dd3a144d-ab7f-41f0-82b8-2e43a090d496,f0416e68-0200-4b77-a926-4f9d16e494da,511d2633-09a7-4bdd-ac42-f778032124b3,5d45aa00-e064-4938-b314-4265f0c2258c,9361fd90-ba52-4f84-aa93-6e878fd576ca,970b0598-bcb0-4714-91fb-2e81440dccd8,bcd64cc6-2dd9-43f6-abbe-66318d332032,d930590d-bb92-4cc8-8bd1-23cd027f9edf,a3cd009f-0ab0-420d-9278-b9fdab939bbc,6a2d0734-bd9e-4ddf-946e-caa52498cb75,d9937e59-61fe-4ec6-92ab-7ac5a19c89b0,d1346436-ac96-4271-b863-1f4fdead95b0,971bdb23-3ff6-43eb-b422-1c30165a3663,17debcc3-0a6b-4b8a-b00b-dc58b885581e,711ebe11-f673-4cd9-9a83-63c60ba54c5b,c0143906-9aed-447e-9436-2ae8512d1b6e,14da1725-c4c2-42b4-ab08-ee0aeb6898b3,081cab31-dccd-428e-8652-f2404cc81c47,78e0584a-4343-4727-8f37-e14e65c2a2db,871c3b6c-7379-419d-bda3-794b239ab90d,ff9b0199-ce04-4cfe-86cc-6c719f08d6e4,de1c2107-70c8-4021-8459-6399f24d01c6,cbf30902-517f-40dc-af90-a550bac27cf1,5c601d96-e4c7-4698-991b-7ee674b11079
8-10-2026 03:15:35-debug:   Number of all scenes: 3
8-10-2026 03:15:35-debug:   Number of all scripts: 41
8-10-2026 03:15:35-debug: Init bundle root assets success..., progress: 0%
8-10-2026 03:15:35-debug:   Number of other assets: 486
8-10-2026 03:15:35-debug: // ---- build task Query asset bundle ---- (11ms)
8-10-2026 03:15:35-log: run build task Query asset bundle success in 11 ms√, progress: 5%
8-10-2026 03:15:35-debug: [Build Memory track]: Query asset bundle start:232.12MB, end 232.08MB, increase: -36.75KB
8-10-2026 03:15:35-debug: Query asset bundle start, progress: 5%
8-10-2026 03:15:35-debug: // ---- build task Query asset bundle ----
8-10-2026 03:15:35-debug: // ---- build task Query asset bundle ---- (7ms)
8-10-2026 03:15:35-log: run build task Query asset bundle success in 7 ms√, progress: 10%
8-10-2026 03:15:35-debug: [Build Memory track]: Query asset bundle start:232.11MB, end 231.44MB, increase: -686.57KB
8-10-2026 03:15:35-debug: Sort some build options to settings.json start, progress: 10%
8-10-2026 03:15:35-debug: // ---- build task Sort some build options to settings.json ----
8-10-2026 03:15:35-debug: // ---- build task Sort some build options to settings.json ---- (3ms)
8-10-2026 03:15:35-log: run build task Sort some build options to settings.json success in 3 ms√, progress: 12%
8-10-2026 03:15:35-debug: [Build Memory track]: Sort some build options to settings.json start:231.46MB, end 231.49MB, increase: 25.92KB
8-10-2026 03:15:35-debug: Fill script data to settings start, progress: 12%
8-10-2026 03:15:35-debug: // ---- build task Fill script data to settings ----
8-10-2026 03:15:35-debug: // ---- build task Fill script data to settings ---- (4ms)
8-10-2026 03:15:35-log: run build task Fill script data to settings success in 4 ms√, progress: 13%
8-10-2026 03:15:35-debug: Sort some build options to settings.json start, progress: 13%
8-10-2026 03:15:35-debug: [Build Memory track]: Fill script data to settings start:231.52MB, end 231.54MB, increase: 25.28KB
8-10-2026 03:15:35-debug: // ---- build task Sort some build options to settings.json ----
8-10-2026 03:15:35-debug: // ---- build task Sort some build options to settings.json ---- (14ms)
8-10-2026 03:15:35-log: run build task Sort some build options to settings.json success in 14 ms√, progress: 15%
8-10-2026 03:15:35-debug: [Build Memory track]: Sort some build options to settings.json start:231.57MB, end 231.69MB, increase: 125.43KB
8-10-2026 03:15:56-debug: Query all assets info in project
8-10-2026 03:15:56-debug: init custom config: keepNodeUuid: false, useCache: true
8-10-2026 03:15:56-debug: Skip compress image, progress: 0%
8-10-2026 03:15:56-debug: Init all bundles start..., progress: 0%
8-10-2026 03:15:56-debug: Num of bundles: 2..., progress: 0%
8-10-2026 03:15:56-debug: Query asset bundle start, progress: 0%
8-10-2026 03:15:56-debug: // ---- build task Query asset bundle ----
8-10-2026 03:15:56-debug: Init bundle root assets start..., progress: 0%
8-10-2026 03:15:56-debug:   Number of all scenes: 3
8-10-2026 03:15:56-debug: Query preload assets/scripts from cc.config.json: 60f7195c-ec2a-45eb-ba94-8955f60e81d0,1c02ae6f-4492-4915-b8f8-7492a3b1e4cd,810e96e4-e456-4468-9b59-f4e8f39732c0,efe8e2a3-eace-427b-b4f1-cb8a937ec77d,e9aa9a3e-5b2b-4ac7-a2c7-073de2b2b24f,8bbdbcdd-5cd4-4100-b6d5-b7c9625b6107,50f4348b-c883-4e2f-8f11-ce233b859fa1,fda095cb-831d-4601-ad94-846013963de8,f92806d7-1768-443f-afe8-12bcde84d0f0,dd3a144d-ab7f-41f0-82b8-2e43a090d496,f0416e68-0200-4b77-a926-4f9d16e494da,511d2633-09a7-4bdd-ac42-f778032124b3,5d45aa00-e064-4938-b314-4265f0c2258c,9361fd90-ba52-4f84-aa93-6e878fd576ca,970b0598-bcb0-4714-91fb-2e81440dccd8,bcd64cc6-2dd9-43f6-abbe-66318d332032,d930590d-bb92-4cc8-8bd1-23cd027f9edf,a3cd009f-0ab0-420d-9278-b9fdab939bbc,6a2d0734-bd9e-4ddf-946e-caa52498cb75,d9937e59-61fe-4ec6-92ab-7ac5a19c89b0,d1346436-ac96-4271-b863-1f4fdead95b0,971bdb23-3ff6-43eb-b422-1c30165a3663,17debcc3-0a6b-4b8a-b00b-dc58b885581e,711ebe11-f673-4cd9-9a83-63c60ba54c5b,c0143906-9aed-447e-9436-2ae8512d1b6e,14da1725-c4c2-42b4-ab08-ee0aeb6898b3,081cab31-dccd-428e-8652-f2404cc81c47,78e0584a-4343-4727-8f37-e14e65c2a2db,871c3b6c-7379-419d-bda3-794b239ab90d,ff9b0199-ce04-4cfe-86cc-6c719f08d6e4,de1c2107-70c8-4021-8459-6399f24d01c6,cbf30902-517f-40dc-af90-a550bac27cf1,5c601d96-e4c7-4698-991b-7ee674b11079
8-10-2026 03:15:56-debug: Init bundle root assets success..., progress: 0%
8-10-2026 03:15:56-debug:   Number of other assets: 486
8-10-2026 03:15:56-debug:   Number of all scripts: 41
8-10-2026 03:15:56-debug: // ---- build task Query asset bundle ---- (10ms)
8-10-2026 03:15:56-log: run build task Query asset bundle success in 10 ms√, progress: 5%
8-10-2026 03:15:56-debug: [Build Memory track]: Query asset bundle start:232.21MB, end 232.18MB, increase: -29.82KB
8-10-2026 03:15:56-debug: Query asset bundle start, progress: 5%
8-10-2026 03:15:56-debug: // ---- build task Query asset bundle ----
8-10-2026 03:15:56-debug: // ---- build task Query asset bundle ---- (5ms)
8-10-2026 03:15:56-log: run build task Query asset bundle success in 5 ms√, progress: 10%
8-10-2026 03:15:56-debug: [Build Memory track]: Query asset bundle start:232.21MB, end 231.53MB, increase: -697.32KB
8-10-2026 03:15:56-debug: Sort some build options to settings.json start, progress: 10%
8-10-2026 03:15:56-debug: // ---- build task Sort some build options to settings.json ----
8-10-2026 03:15:56-debug: // ---- build task Sort some build options to settings.json ---- (4ms)
8-10-2026 03:15:56-log: run build task Sort some build options to settings.json success in 4 ms√, progress: 12%
8-10-2026 03:15:56-debug: [Build Memory track]: Sort some build options to settings.json start:231.56MB, end 231.58MB, increase: 25.89KB
8-10-2026 03:15:56-debug: // ---- build task Fill script data to settings ----
8-10-2026 03:15:56-debug: Fill script data to settings start, progress: 12%
8-10-2026 03:15:56-debug: // ---- build task Fill script data to settings ---- (1ms)
8-10-2026 03:15:56-debug: [Build Memory track]: Fill script data to settings start:231.61MB, end 231.63MB, increase: 25.28KB
8-10-2026 03:15:56-log: run build task Fill script data to settings success in 1 ms√, progress: 13%
8-10-2026 03:15:56-debug: Sort some build options to settings.json start, progress: 13%
8-10-2026 03:15:56-debug: // ---- build task Sort some build options to settings.json ----
8-10-2026 03:15:56-log: run build task Sort some build options to settings.json success in 17 ms√, progress: 15%
8-10-2026 03:15:56-debug: [Build Memory track]: Sort some build options to settings.json start:231.66MB, end 231.79MB, increase: 134.59KB
8-10-2026 03:15:56-debug: // ---- build task Sort some build options to settings.json ---- (17ms)
8-10-2026 03:16:15-debug: Query all assets info in project
8-10-2026 03:16:15-debug: init custom config: keepNodeUuid: false, useCache: true
8-10-2026 03:16:15-debug: Skip compress image, progress: 0%
8-10-2026 03:16:15-debug: Init all bundles start..., progress: 0%
8-10-2026 03:16:15-debug: Num of bundles: 2..., progress: 0%
8-10-2026 03:16:15-debug: // ---- build task Query asset bundle ----
8-10-2026 03:16:15-debug: Query asset bundle start, progress: 0%
8-10-2026 03:16:15-debug: Init bundle root assets start..., progress: 0%
8-10-2026 03:16:15-debug: Query preload assets/scripts from cc.config.json: 60f7195c-ec2a-45eb-ba94-8955f60e81d0,1c02ae6f-4492-4915-b8f8-7492a3b1e4cd,810e96e4-e456-4468-9b59-f4e8f39732c0,efe8e2a3-eace-427b-b4f1-cb8a937ec77d,e9aa9a3e-5b2b-4ac7-a2c7-073de2b2b24f,8bbdbcdd-5cd4-4100-b6d5-b7c9625b6107,50f4348b-c883-4e2f-8f11-ce233b859fa1,fda095cb-831d-4601-ad94-846013963de8,f92806d7-1768-443f-afe8-12bcde84d0f0,dd3a144d-ab7f-41f0-82b8-2e43a090d496,f0416e68-0200-4b77-a926-4f9d16e494da,511d2633-09a7-4bdd-ac42-f778032124b3,5d45aa00-e064-4938-b314-4265f0c2258c,9361fd90-ba52-4f84-aa93-6e878fd576ca,970b0598-bcb0-4714-91fb-2e81440dccd8,bcd64cc6-2dd9-43f6-abbe-66318d332032,d930590d-bb92-4cc8-8bd1-23cd027f9edf,a3cd009f-0ab0-420d-9278-b9fdab939bbc,6a2d0734-bd9e-4ddf-946e-caa52498cb75,d9937e59-61fe-4ec6-92ab-7ac5a19c89b0,d1346436-ac96-4271-b863-1f4fdead95b0,971bdb23-3ff6-43eb-b422-1c30165a3663,17debcc3-0a6b-4b8a-b00b-dc58b885581e,711ebe11-f673-4cd9-9a83-63c60ba54c5b,c0143906-9aed-447e-9436-2ae8512d1b6e,14da1725-c4c2-42b4-ab08-ee0aeb6898b3,081cab31-dccd-428e-8652-f2404cc81c47,78e0584a-4343-4727-8f37-e14e65c2a2db,871c3b6c-7379-419d-bda3-794b239ab90d,ff9b0199-ce04-4cfe-86cc-6c719f08d6e4,de1c2107-70c8-4021-8459-6399f24d01c6,cbf30902-517f-40dc-af90-a550bac27cf1,5c601d96-e4c7-4698-991b-7ee674b11079
8-10-2026 03:16:15-debug:   Number of all scenes: 3
8-10-2026 03:16:15-debug:   Number of other assets: 486
8-10-2026 03:16:15-debug: Init bundle root assets success..., progress: 0%
8-10-2026 03:16:15-debug:   Number of all scripts: 41
8-10-2026 03:16:15-debug: // ---- build task Query asset bundle ---- (11ms)
8-10-2026 03:16:15-log: run build task Query asset bundle success in 11 ms√, progress: 5%
8-10-2026 03:16:15-debug: [Build Memory track]: Query asset bundle start:232.32MB, end 232.29MB, increase: -38.23KB
8-10-2026 03:16:15-debug: Query asset bundle start, progress: 5%
8-10-2026 03:16:15-debug: // ---- build task Query asset bundle ----
8-10-2026 03:16:15-debug: // ---- build task Query asset bundle ---- (8ms)
8-10-2026 03:16:15-log: run build task Query asset bundle success in 8 ms√, progress: 10%
8-10-2026 03:16:15-debug: [Build Memory track]: Query asset bundle start:232.31MB, end 231.63MB, increase: -696.19KB
8-10-2026 03:16:15-debug: Sort some build options to settings.json start, progress: 10%
8-10-2026 03:16:15-debug: // ---- build task Sort some build options to settings.json ----
8-10-2026 03:16:15-debug: // ---- build task Sort some build options to settings.json ---- (3ms)
8-10-2026 03:16:15-log: run build task Sort some build options to settings.json success in 3 ms√, progress: 12%
8-10-2026 03:16:15-debug: [Build Memory track]: Sort some build options to settings.json start:231.66MB, end 231.69MB, increase: 26.03KB
8-10-2026 03:16:15-debug: Fill script data to settings start, progress: 12%
8-10-2026 03:16:15-debug: // ---- build task Fill script data to settings ----
8-10-2026 03:16:15-debug: // ---- build task Fill script data to settings ---- (3ms)
8-10-2026 03:16:15-log: run build task Fill script data to settings success in 3 ms√, progress: 13%
8-10-2026 03:16:15-debug: [Build Memory track]: Fill script data to settings start:231.71MB, end 231.74MB, increase: 25.28KB
8-10-2026 03:16:15-debug: Sort some build options to settings.json start, progress: 13%
8-10-2026 03:16:15-debug: // ---- build task Sort some build options to settings.json ----
8-10-2026 03:16:15-debug: // ---- build task Sort some build options to settings.json ---- (19ms)
8-10-2026 03:16:15-log: run build task Sort some build options to settings.json success in 19 ms√, progress: 15%
8-10-2026 03:16:15-debug: [Build Memory track]: Sort some build options to settings.json start:231.77MB, end 231.90MB, increase: 134.66KB
8-10-2026 03:16:33-debug: Query all assets info in project
8-10-2026 03:16:33-debug: init custom config: keepNodeUuid: false, useCache: true
8-10-2026 03:16:33-debug: Skip compress image, progress: 0%
8-10-2026 03:16:33-debug: Init all bundles start..., progress: 0%
8-10-2026 03:16:33-debug: // ---- build task Query asset bundle ----
8-10-2026 03:16:33-debug: Num of bundles: 2..., progress: 0%
8-10-2026 03:16:33-debug: Init bundle root assets start..., progress: 0%
8-10-2026 03:16:33-debug: Query asset bundle start, progress: 0%
8-10-2026 03:16:33-debug: Query preload assets/scripts from cc.config.json: 60f7195c-ec2a-45eb-ba94-8955f60e81d0,1c02ae6f-4492-4915-b8f8-7492a3b1e4cd,810e96e4-e456-4468-9b59-f4e8f39732c0,efe8e2a3-eace-427b-b4f1-cb8a937ec77d,e9aa9a3e-5b2b-4ac7-a2c7-073de2b2b24f,8bbdbcdd-5cd4-4100-b6d5-b7c9625b6107,50f4348b-c883-4e2f-8f11-ce233b859fa1,fda095cb-831d-4601-ad94-846013963de8,f92806d7-1768-443f-afe8-12bcde84d0f0,dd3a144d-ab7f-41f0-82b8-2e43a090d496,f0416e68-0200-4b77-a926-4f9d16e494da,511d2633-09a7-4bdd-ac42-f778032124b3,5d45aa00-e064-4938-b314-4265f0c2258c,9361fd90-ba52-4f84-aa93-6e878fd576ca,970b0598-bcb0-4714-91fb-2e81440dccd8,bcd64cc6-2dd9-43f6-abbe-66318d332032,d930590d-bb92-4cc8-8bd1-23cd027f9edf,a3cd009f-0ab0-420d-9278-b9fdab939bbc,6a2d0734-bd9e-4ddf-946e-caa52498cb75,d9937e59-61fe-4ec6-92ab-7ac5a19c89b0,d1346436-ac96-4271-b863-1f4fdead95b0,971bdb23-3ff6-43eb-b422-1c30165a3663,17debcc3-0a6b-4b8a-b00b-dc58b885581e,711ebe11-f673-4cd9-9a83-63c60ba54c5b,c0143906-9aed-447e-9436-2ae8512d1b6e,14da1725-c4c2-42b4-ab08-ee0aeb6898b3,081cab31-dccd-428e-8652-f2404cc81c47,78e0584a-4343-4727-8f37-e14e65c2a2db,871c3b6c-7379-419d-bda3-794b239ab90d,ff9b0199-ce04-4cfe-86cc-6c719f08d6e4,de1c2107-70c8-4021-8459-6399f24d01c6,cbf30902-517f-40dc-af90-a550bac27cf1,5c601d96-e4c7-4698-991b-7ee674b11079
8-10-2026 03:16:33-debug:   Number of all scripts: 41
8-10-2026 03:16:33-debug:   Number of other assets: 486
8-10-2026 03:16:33-debug: Init bundle root assets success..., progress: 0%
8-10-2026 03:16:33-debug:   Number of all scenes: 3
8-10-2026 03:16:33-debug: // ---- build task Query asset bundle ---- (12ms)
8-10-2026 03:16:33-log: run build task Query asset bundle success in 12 ms√, progress: 5%
8-10-2026 03:16:33-debug: [Build Memory track]: Query asset bundle start:232.43MB, end 232.39MB, increase: -36.81KB
8-10-2026 03:16:33-debug: Query asset bundle start, progress: 5%
8-10-2026 03:16:33-debug: // ---- build task Query asset bundle ----
8-10-2026 03:16:33-debug: // ---- build task Query asset bundle ---- (9ms)
8-10-2026 03:16:33-log: run build task Query asset bundle success in 9 ms√, progress: 10%
8-10-2026 03:16:33-debug: [Build Memory track]: Query asset bundle start:232.42MB, end 231.74MB, increase: -697.45KB
8-10-2026 03:16:33-debug: Sort some build options to settings.json start, progress: 10%
8-10-2026 03:16:33-debug: // ---- build task Sort some build options to settings.json ----
8-10-2026 03:16:33-debug: // ---- build task Sort some build options to settings.json ---- (5ms)
8-10-2026 03:16:33-log: run build task Sort some build options to settings.json success in 5 ms√, progress: 12%
8-10-2026 03:16:33-debug: [Build Memory track]: Sort some build options to settings.json start:231.77MB, end 231.79MB, increase: 26.00KB
8-10-2026 03:16:33-debug: Fill script data to settings start, progress: 12%
8-10-2026 03:16:33-debug: // ---- build task Fill script data to settings ----
8-10-2026 03:16:33-debug: // ---- build task Fill script data to settings ---- (7ms)
8-10-2026 03:16:33-log: run build task Fill script data to settings success in 7 ms√, progress: 13%
8-10-2026 03:16:33-debug: Sort some build options to settings.json start, progress: 13%
8-10-2026 03:16:33-debug: [Build Memory track]: Fill script data to settings start:231.82MB, end 231.84MB, increase: 25.28KB
8-10-2026 03:16:33-debug: // ---- build task Sort some build options to settings.json ----
8-10-2026 03:16:33-debug: // ---- build task Sort some build options to settings.json ---- (13ms)
8-10-2026 03:16:33-log: run build task Sort some build options to settings.json success in 13 ms√, progress: 15%
8-10-2026 03:16:33-debug: [Build Memory track]: Sort some build options to settings.json start:231.87MB, end 232.00MB, increase: 134.68KB
8-10-2026 03:16:53-debug: Query all assets info in project
8-10-2026 03:16:53-debug: init custom config: keepNodeUuid: false, useCache: true
8-10-2026 03:16:53-debug: Skip compress image, progress: 0%
8-10-2026 03:16:53-debug: Init all bundles start..., progress: 0%
8-10-2026 03:16:53-debug: Num of bundles: 2..., progress: 0%
8-10-2026 03:16:53-debug: Query asset bundle start, progress: 0%
8-10-2026 03:16:53-debug: Init bundle root assets start..., progress: 0%
8-10-2026 03:16:53-debug: // ---- build task Query asset bundle ----
8-10-2026 03:16:53-debug: Query preload assets/scripts from cc.config.json: 60f7195c-ec2a-45eb-ba94-8955f60e81d0,1c02ae6f-4492-4915-b8f8-7492a3b1e4cd,810e96e4-e456-4468-9b59-f4e8f39732c0,efe8e2a3-eace-427b-b4f1-cb8a937ec77d,e9aa9a3e-5b2b-4ac7-a2c7-073de2b2b24f,8bbdbcdd-5cd4-4100-b6d5-b7c9625b6107,50f4348b-c883-4e2f-8f11-ce233b859fa1,fda095cb-831d-4601-ad94-846013963de8,f92806d7-1768-443f-afe8-12bcde84d0f0,dd3a144d-ab7f-41f0-82b8-2e43a090d496,f0416e68-0200-4b77-a926-4f9d16e494da,511d2633-09a7-4bdd-ac42-f778032124b3,5d45aa00-e064-4938-b314-4265f0c2258c,9361fd90-ba52-4f84-aa93-6e878fd576ca,970b0598-bcb0-4714-91fb-2e81440dccd8,bcd64cc6-2dd9-43f6-abbe-66318d332032,d930590d-bb92-4cc8-8bd1-23cd027f9edf,a3cd009f-0ab0-420d-9278-b9fdab939bbc,6a2d0734-bd9e-4ddf-946e-caa52498cb75,d9937e59-61fe-4ec6-92ab-7ac5a19c89b0,d1346436-ac96-4271-b863-1f4fdead95b0,971bdb23-3ff6-43eb-b422-1c30165a3663,17debcc3-0a6b-4b8a-b00b-dc58b885581e,711ebe11-f673-4cd9-9a83-63c60ba54c5b,c0143906-9aed-447e-9436-2ae8512d1b6e,14da1725-c4c2-42b4-ab08-ee0aeb6898b3,081cab31-dccd-428e-8652-f2404cc81c47,78e0584a-4343-4727-8f37-e14e65c2a2db,871c3b6c-7379-419d-bda3-794b239ab90d,ff9b0199-ce04-4cfe-86cc-6c719f08d6e4,de1c2107-70c8-4021-8459-6399f24d01c6,cbf30902-517f-40dc-af90-a550bac27cf1,5c601d96-e4c7-4698-991b-7ee674b11079
8-10-2026 03:16:53-debug:   Number of all scenes: 3
8-10-2026 03:16:53-debug:   Number of all scripts: 41
8-10-2026 03:16:53-debug: Init bundle root assets success..., progress: 0%
8-10-2026 03:16:53-debug:   Number of other assets: 486
8-10-2026 03:16:53-debug: // ---- build task Query asset bundle ---- (14ms)
8-10-2026 03:16:53-log: run build task Query asset bundle success in 14 ms√, progress: 5%
8-10-2026 03:16:53-debug: [Build Memory track]: Query asset bundle start:232.53MB, end 232.50MB, increase: -37.04KB
8-10-2026 03:16:53-debug: Query asset bundle start, progress: 5%
8-10-2026 03:16:53-debug: // ---- build task Query asset bundle ----
8-10-2026 03:16:53-debug: // ---- build task Query asset bundle ---- (8ms)
8-10-2026 03:16:53-debug: [Build Memory track]: Query asset bundle start:232.52MB, end 231.84MB, increase: -697.30KB
8-10-2026 03:16:53-log: run build task Query asset bundle success in 8 ms√, progress: 10%
8-10-2026 03:16:53-debug: Sort some build options to settings.json start, progress: 10%
8-10-2026 03:16:53-debug: // ---- build task Sort some build options to settings.json ----
8-10-2026 03:16:53-debug: // ---- build task Sort some build options to settings.json ---- (3ms)
8-10-2026 03:16:53-log: run build task Sort some build options to settings.json success in 3 ms√, progress: 12%
8-10-2026 03:16:53-debug: Fill script data to settings start, progress: 12%
8-10-2026 03:16:53-debug: [Build Memory track]: Sort some build options to settings.json start:231.87MB, end 231.90MB, increase: 25.92KB
8-10-2026 03:16:53-debug: // ---- build task Fill script data to settings ----
8-10-2026 03:16:53-debug: // ---- build task Fill script data to settings ---- (3ms)
8-10-2026 03:16:53-log: run build task Fill script data to settings success in 3 ms√, progress: 13%
8-10-2026 03:16:53-debug: [Build Memory track]: Fill script data to settings start:231.92MB, end 231.95MB, increase: 25.31KB
8-10-2026 03:16:53-debug: Sort some build options to settings.json start, progress: 13%
8-10-2026 03:16:53-debug: // ---- build task Sort some build options to settings.json ----
8-10-2026 03:16:53-debug: // ---- build task Sort some build options to settings.json ---- (13ms)
8-10-2026 03:16:53-log: run build task Sort some build options to settings.json success in 13 ms√, progress: 15%
8-10-2026 03:16:53-debug: [Build Memory track]: Sort some build options to settings.json start:231.98MB, end 232.11MB, increase: 141.13KB
8-10-2026 03:17:10-debug: Query all assets info in project
8-10-2026 03:17:10-debug: init custom config: keepNodeUuid: false, useCache: true
8-10-2026 03:17:10-debug: Skip compress image, progress: 0%
8-10-2026 03:17:10-debug: Init all bundles start..., progress: 0%
8-10-2026 03:17:10-debug: Num of bundles: 2..., progress: 0%
8-10-2026 03:17:10-debug: // ---- build task Query asset bundle ----
8-10-2026 03:17:10-debug: Init bundle root assets start..., progress: 0%
8-10-2026 03:17:10-debug: Query asset bundle start, progress: 0%
8-10-2026 03:17:10-debug: Query preload assets/scripts from cc.config.json: 60f7195c-ec2a-45eb-ba94-8955f60e81d0,1c02ae6f-4492-4915-b8f8-7492a3b1e4cd,810e96e4-e456-4468-9b59-f4e8f39732c0,efe8e2a3-eace-427b-b4f1-cb8a937ec77d,e9aa9a3e-5b2b-4ac7-a2c7-073de2b2b24f,8bbdbcdd-5cd4-4100-b6d5-b7c9625b6107,50f4348b-c883-4e2f-8f11-ce233b859fa1,fda095cb-831d-4601-ad94-846013963de8,f92806d7-1768-443f-afe8-12bcde84d0f0,dd3a144d-ab7f-41f0-82b8-2e43a090d496,f0416e68-0200-4b77-a926-4f9d16e494da,511d2633-09a7-4bdd-ac42-f778032124b3,5d45aa00-e064-4938-b314-4265f0c2258c,9361fd90-ba52-4f84-aa93-6e878fd576ca,970b0598-bcb0-4714-91fb-2e81440dccd8,bcd64cc6-2dd9-43f6-abbe-66318d332032,d930590d-bb92-4cc8-8bd1-23cd027f9edf,a3cd009f-0ab0-420d-9278-b9fdab939bbc,6a2d0734-bd9e-4ddf-946e-caa52498cb75,d9937e59-61fe-4ec6-92ab-7ac5a19c89b0,d1346436-ac96-4271-b863-1f4fdead95b0,971bdb23-3ff6-43eb-b422-1c30165a3663,17debcc3-0a6b-4b8a-b00b-dc58b885581e,711ebe11-f673-4cd9-9a83-63c60ba54c5b,c0143906-9aed-447e-9436-2ae8512d1b6e,14da1725-c4c2-42b4-ab08-ee0aeb6898b3,081cab31-dccd-428e-8652-f2404cc81c47,78e0584a-4343-4727-8f37-e14e65c2a2db,871c3b6c-7379-419d-bda3-794b239ab90d,ff9b0199-ce04-4cfe-86cc-6c719f08d6e4,de1c2107-70c8-4021-8459-6399f24d01c6,cbf30902-517f-40dc-af90-a550bac27cf1,5c601d96-e4c7-4698-991b-7ee674b11079
8-10-2026 03:17:10-debug:   Number of all scenes: 3
8-10-2026 03:17:10-debug:   Number of all scripts: 41
8-10-2026 03:17:10-debug: Init bundle root assets success..., progress: 0%
8-10-2026 03:17:10-debug:   Number of other assets: 486
8-10-2026 03:17:10-debug: // ---- build task Query asset bundle ---- (10ms)
8-10-2026 03:17:10-log: run build task Query asset bundle success in 10 ms√, progress: 5%
8-10-2026 03:17:10-debug: [Build Memory track]: Query asset bundle start:232.64MB, end 232.61MB, increase: -36.75KB
8-10-2026 03:17:10-debug: Query asset bundle start, progress: 5%
8-10-2026 03:17:10-debug: // ---- build task Query asset bundle ----
8-10-2026 03:17:10-debug: // ---- build task Query asset bundle ---- (5ms)
8-10-2026 03:17:10-log: run build task Query asset bundle success in 5 ms√, progress: 10%
8-10-2026 03:17:10-debug: Sort some build options to settings.json start, progress: 10%
8-10-2026 03:17:10-debug: [Build Memory track]: Query asset bundle start:232.63MB, end 231.95MB, increase: -697.77KB
8-10-2026 03:17:10-debug: // ---- build task Sort some build options to settings.json ----
8-10-2026 03:17:10-debug: // ---- build task Sort some build options to settings.json ---- (2ms)
8-10-2026 03:17:10-log: run build task Sort some build options to settings.json success in 2 ms√, progress: 12%
8-10-2026 03:17:10-debug: // ---- build task Fill script data to settings ----
8-10-2026 03:17:10-debug: [Build Memory track]: Sort some build options to settings.json start:231.98MB, end 232.01MB, increase: 25.95KB
8-10-2026 03:17:10-debug: Fill script data to settings start, progress: 12%
8-10-2026 03:17:10-debug: // ---- build task Fill script data to settings ---- (2ms)
8-10-2026 03:17:10-log: run build task Fill script data to settings success in 2 ms√, progress: 13%
8-10-2026 03:17:10-debug: Sort some build options to settings.json start, progress: 13%
8-10-2026 03:17:10-debug: [Build Memory track]: Fill script data to settings start:232.03MB, end 232.06MB, increase: 25.25KB
8-10-2026 03:17:10-debug: // ---- build task Sort some build options to settings.json ----
8-10-2026 03:17:10-debug: // ---- build task Sort some build options to settings.json ---- (16ms)
8-10-2026 03:17:10-log: run build task Sort some build options to settings.json success in 16 ms√, progress: 15%
8-10-2026 03:17:10-debug: [Build Memory track]: Sort some build options to settings.json start:232.09MB, end 232.22MB, increase: 135.99KB
8-10-2026 03:17:28-debug: Query all assets info in project
8-10-2026 03:17:28-debug: init custom config: keepNodeUuid: false, useCache: true
8-10-2026 03:17:28-debug: Skip compress image, progress: 0%
8-10-2026 03:17:28-debug: Init all bundles start..., progress: 0%
8-10-2026 03:17:28-debug: // ---- build task Query asset bundle ----
8-10-2026 03:17:28-debug: Init bundle root assets start..., progress: 0%
8-10-2026 03:17:28-debug: Num of bundles: 2..., progress: 0%
8-10-2026 03:17:28-debug: Query asset bundle start, progress: 0%
8-10-2026 03:17:28-debug: Query preload assets/scripts from cc.config.json: 60f7195c-ec2a-45eb-ba94-8955f60e81d0,1c02ae6f-4492-4915-b8f8-7492a3b1e4cd,810e96e4-e456-4468-9b59-f4e8f39732c0,efe8e2a3-eace-427b-b4f1-cb8a937ec77d,e9aa9a3e-5b2b-4ac7-a2c7-073de2b2b24f,8bbdbcdd-5cd4-4100-b6d5-b7c9625b6107,50f4348b-c883-4e2f-8f11-ce233b859fa1,fda095cb-831d-4601-ad94-846013963de8,f92806d7-1768-443f-afe8-12bcde84d0f0,dd3a144d-ab7f-41f0-82b8-2e43a090d496,f0416e68-0200-4b77-a926-4f9d16e494da,511d2633-09a7-4bdd-ac42-f778032124b3,5d45aa00-e064-4938-b314-4265f0c2258c,9361fd90-ba52-4f84-aa93-6e878fd576ca,970b0598-bcb0-4714-91fb-2e81440dccd8,bcd64cc6-2dd9-43f6-abbe-66318d332032,d930590d-bb92-4cc8-8bd1-23cd027f9edf,a3cd009f-0ab0-420d-9278-b9fdab939bbc,6a2d0734-bd9e-4ddf-946e-caa52498cb75,d9937e59-61fe-4ec6-92ab-7ac5a19c89b0,d1346436-ac96-4271-b863-1f4fdead95b0,971bdb23-3ff6-43eb-b422-1c30165a3663,17debcc3-0a6b-4b8a-b00b-dc58b885581e,711ebe11-f673-4cd9-9a83-63c60ba54c5b,c0143906-9aed-447e-9436-2ae8512d1b6e,14da1725-c4c2-42b4-ab08-ee0aeb6898b3,081cab31-dccd-428e-8652-f2404cc81c47,78e0584a-4343-4727-8f37-e14e65c2a2db,871c3b6c-7379-419d-bda3-794b239ab90d,ff9b0199-ce04-4cfe-86cc-6c719f08d6e4,de1c2107-70c8-4021-8459-6399f24d01c6,cbf30902-517f-40dc-af90-a550bac27cf1,5c601d96-e4c7-4698-991b-7ee674b11079
8-10-2026 03:17:28-debug:   Number of all scripts: 41
8-10-2026 03:17:28-debug:   Number of other assets: 486
8-10-2026 03:17:28-debug: Init bundle root assets success..., progress: 0%
8-10-2026 03:17:28-debug:   Number of all scenes: 3
8-10-2026 03:17:28-debug: // ---- build task Query asset bundle ---- (12ms)
8-10-2026 03:17:28-log: run build task Query asset bundle success in 12 ms√, progress: 5%
8-10-2026 03:17:28-debug: [Build Memory track]: Query asset bundle start:232.75MB, end 232.71MB, increase: -36.03KB
8-10-2026 03:17:28-debug: Query asset bundle start, progress: 5%
8-10-2026 03:17:28-debug: // ---- build task Query asset bundle ----
8-10-2026 03:17:28-debug: // ---- build task Query asset bundle ---- (8ms)
8-10-2026 03:17:28-log: run build task Query asset bundle success in 8 ms√, progress: 10%
8-10-2026 03:17:28-debug: [Build Memory track]: Query asset bundle start:232.74MB, end 232.08MB, increase: -672.43KB
8-10-2026 03:17:28-debug: Sort some build options to settings.json start, progress: 10%
8-10-2026 03:17:28-debug: // ---- build task Sort some build options to settings.json ----
8-10-2026 03:17:28-debug: // ---- build task Sort some build options to settings.json ---- (5ms)
8-10-2026 03:17:28-log: run build task Sort some build options to settings.json success in 5 ms√, progress: 12%
8-10-2026 03:17:28-debug: [Build Memory track]: Sort some build options to settings.json start:232.11MB, end 232.14MB, increase: 26.05KB
8-10-2026 03:17:28-debug: Fill script data to settings start, progress: 12%
8-10-2026 03:17:28-debug: // ---- build task Fill script data to settings ----
8-10-2026 03:17:28-debug: // ---- build task Fill script data to settings ---- (3ms)
8-10-2026 03:17:28-log: run build task Fill script data to settings success in 3 ms√, progress: 13%
8-10-2026 03:17:28-debug: [Build Memory track]: Fill script data to settings start:232.16MB, end 232.19MB, increase: 25.28KB
8-10-2026 03:17:28-debug: Sort some build options to settings.json start, progress: 13%
8-10-2026 03:17:28-debug: // ---- build task Sort some build options to settings.json ----
8-10-2026 03:17:28-debug: // ---- build task Sort some build options to settings.json ---- (18ms)
8-10-2026 03:17:28-log: run build task Sort some build options to settings.json success in 18 ms√, progress: 15%
8-10-2026 03:17:28-debug: [Build Memory track]: Sort some build options to settings.json start:232.22MB, end 232.35MB, increase: 138.45KB
8-10-2026 03:17:48-debug: Query all assets info in project
8-10-2026 03:17:48-debug: init custom config: keepNodeUuid: false, useCache: true
8-10-2026 03:17:48-debug: Skip compress image, progress: 0%
8-10-2026 03:17:48-debug: Init all bundles start..., progress: 0%
8-10-2026 03:17:48-debug: Num of bundles: 2..., progress: 0%
8-10-2026 03:17:48-debug: Query asset bundle start, progress: 0%
8-10-2026 03:17:48-debug: Init bundle root assets start..., progress: 0%
8-10-2026 03:17:48-debug: // ---- build task Query asset bundle ----
8-10-2026 03:17:48-debug: Query preload assets/scripts from cc.config.json: 60f7195c-ec2a-45eb-ba94-8955f60e81d0,1c02ae6f-4492-4915-b8f8-7492a3b1e4cd,810e96e4-e456-4468-9b59-f4e8f39732c0,efe8e2a3-eace-427b-b4f1-cb8a937ec77d,e9aa9a3e-5b2b-4ac7-a2c7-073de2b2b24f,8bbdbcdd-5cd4-4100-b6d5-b7c9625b6107,50f4348b-c883-4e2f-8f11-ce233b859fa1,fda095cb-831d-4601-ad94-846013963de8,f92806d7-1768-443f-afe8-12bcde84d0f0,dd3a144d-ab7f-41f0-82b8-2e43a090d496,f0416e68-0200-4b77-a926-4f9d16e494da,511d2633-09a7-4bdd-ac42-f778032124b3,5d45aa00-e064-4938-b314-4265f0c2258c,9361fd90-ba52-4f84-aa93-6e878fd576ca,970b0598-bcb0-4714-91fb-2e81440dccd8,bcd64cc6-2dd9-43f6-abbe-66318d332032,d930590d-bb92-4cc8-8bd1-23cd027f9edf,a3cd009f-0ab0-420d-9278-b9fdab939bbc,6a2d0734-bd9e-4ddf-946e-caa52498cb75,d9937e59-61fe-4ec6-92ab-7ac5a19c89b0,d1346436-ac96-4271-b863-1f4fdead95b0,971bdb23-3ff6-43eb-b422-1c30165a3663,17debcc3-0a6b-4b8a-b00b-dc58b885581e,711ebe11-f673-4cd9-9a83-63c60ba54c5b,c0143906-9aed-447e-9436-2ae8512d1b6e,14da1725-c4c2-42b4-ab08-ee0aeb6898b3,081cab31-dccd-428e-8652-f2404cc81c47,78e0584a-4343-4727-8f37-e14e65c2a2db,871c3b6c-7379-419d-bda3-794b239ab90d,ff9b0199-ce04-4cfe-86cc-6c719f08d6e4,de1c2107-70c8-4021-8459-6399f24d01c6,cbf30902-517f-40dc-af90-a550bac27cf1,5c601d96-e4c7-4698-991b-7ee674b11079
8-10-2026 03:17:48-debug:   Number of all scenes: 3
8-10-2026 03:17:48-debug:   Number of other assets: 486
8-10-2026 03:17:48-debug: Init bundle root assets success..., progress: 0%
8-10-2026 03:17:48-debug:   Number of all scripts: 41
8-10-2026 03:17:48-debug: // ---- build task Query asset bundle ---- (11ms)
8-10-2026 03:17:48-log: run build task Query asset bundle success in 11 ms√, progress: 5%
8-10-2026 03:17:48-debug: // ---- build task Query asset bundle ----
8-10-2026 03:17:48-debug: [Build Memory track]: Query asset bundle start:232.85MB, end 232.82MB, increase: -36.21KB
8-10-2026 03:17:48-debug: Query asset bundle start, progress: 5%
8-10-2026 03:17:48-debug: // ---- build task Query asset bundle ---- (5ms)
8-10-2026 03:17:48-log: run build task Query asset bundle success in 5 ms√, progress: 10%
8-10-2026 03:17:48-debug: [Build Memory track]: Query asset bundle start:232.84MB, end 232.16MB, increase: -696.19KB
8-10-2026 03:17:48-debug: Sort some build options to settings.json start, progress: 10%
8-10-2026 03:17:48-debug: // ---- build task Sort some build options to settings.json ----
8-10-2026 03:17:48-debug: // ---- build task Sort some build options to settings.json ---- (2ms)
8-10-2026 03:17:48-log: run build task Sort some build options to settings.json success in 2 ms√, progress: 12%
8-10-2026 03:17:48-debug: [Build Memory track]: Sort some build options to settings.json start:232.19MB, end 232.22MB, increase: 25.92KB
8-10-2026 03:17:48-debug: Fill script data to settings start, progress: 12%
8-10-2026 03:17:48-debug: // ---- build task Fill script data to settings ----
8-10-2026 03:17:48-debug: // ---- build task Fill script data to settings ---- (3ms)
8-10-2026 03:17:48-log: run build task Fill script data to settings success in 3 ms√, progress: 13%
8-10-2026 03:17:48-debug: [Build Memory track]: Fill script data to settings start:232.24MB, end 232.27MB, increase: 25.28KB
8-10-2026 03:17:48-debug: Sort some build options to settings.json start, progress: 13%
8-10-2026 03:17:48-debug: // ---- build task Sort some build options to settings.json ----
8-10-2026 03:17:48-debug: // ---- build task Sort some build options to settings.json ---- (12ms)
8-10-2026 03:17:48-log: run build task Sort some build options to settings.json success in 12 ms√, progress: 15%
8-10-2026 03:17:48-debug: [Build Memory track]: Sort some build options to settings.json start:232.30MB, end 232.43MB, increase: 134.29KB
8-10-2026 03:18:05-debug: Query all assets info in project
8-10-2026 03:18:05-debug: init custom config: keepNodeUuid: false, useCache: true
8-10-2026 03:18:05-debug: Skip compress image, progress: 0%
8-10-2026 03:18:05-debug: Init all bundles start..., progress: 0%
8-10-2026 03:18:05-debug: // ---- build task Query asset bundle ----
8-10-2026 03:18:05-debug: Num of bundles: 2..., progress: 0%
8-10-2026 03:18:05-debug: Init bundle root assets start..., progress: 0%
8-10-2026 03:18:05-debug: Query asset bundle start, progress: 0%
8-10-2026 03:18:05-debug: Query preload assets/scripts from cc.config.json: 60f7195c-ec2a-45eb-ba94-8955f60e81d0,1c02ae6f-4492-4915-b8f8-7492a3b1e4cd,810e96e4-e456-4468-9b59-f4e8f39732c0,efe8e2a3-eace-427b-b4f1-cb8a937ec77d,e9aa9a3e-5b2b-4ac7-a2c7-073de2b2b24f,8bbdbcdd-5cd4-4100-b6d5-b7c9625b6107,50f4348b-c883-4e2f-8f11-ce233b859fa1,fda095cb-831d-4601-ad94-846013963de8,f92806d7-1768-443f-afe8-12bcde84d0f0,dd3a144d-ab7f-41f0-82b8-2e43a090d496,f0416e68-0200-4b77-a926-4f9d16e494da,511d2633-09a7-4bdd-ac42-f778032124b3,5d45aa00-e064-4938-b314-4265f0c2258c,9361fd90-ba52-4f84-aa93-6e878fd576ca,970b0598-bcb0-4714-91fb-2e81440dccd8,bcd64cc6-2dd9-43f6-abbe-66318d332032,d930590d-bb92-4cc8-8bd1-23cd027f9edf,a3cd009f-0ab0-420d-9278-b9fdab939bbc,6a2d0734-bd9e-4ddf-946e-caa52498cb75,d9937e59-61fe-4ec6-92ab-7ac5a19c89b0,d1346436-ac96-4271-b863-1f4fdead95b0,971bdb23-3ff6-43eb-b422-1c30165a3663,17debcc3-0a6b-4b8a-b00b-dc58b885581e,711ebe11-f673-4cd9-9a83-63c60ba54c5b,c0143906-9aed-447e-9436-2ae8512d1b6e,14da1725-c4c2-42b4-ab08-ee0aeb6898b3,081cab31-dccd-428e-8652-f2404cc81c47,78e0584a-4343-4727-8f37-e14e65c2a2db,871c3b6c-7379-419d-bda3-794b239ab90d,ff9b0199-ce04-4cfe-86cc-6c719f08d6e4,de1c2107-70c8-4021-8459-6399f24d01c6,cbf30902-517f-40dc-af90-a550bac27cf1,5c601d96-e4c7-4698-991b-7ee674b11079
8-10-2026 03:18:05-debug:   Number of all scripts: 41
8-10-2026 03:18:05-debug:   Number of all scenes: 3
8-10-2026 03:18:05-debug: Init bundle root assets success..., progress: 0%
8-10-2026 03:18:05-debug:   Number of other assets: 486
8-10-2026 03:18:05-debug: // ---- build task Query asset bundle ---- (11ms)
8-10-2026 03:18:05-log: run build task Query asset bundle success in 11 ms√, progress: 5%
8-10-2026 03:18:05-debug: [Build Memory track]: Query asset bundle start:232.96MB, end 232.92MB, increase: -37.02KB
8-10-2026 03:18:05-debug: Query asset bundle start, progress: 5%
8-10-2026 03:18:05-debug: // ---- build task Query asset bundle ----
8-10-2026 03:18:05-debug: // ---- build task Query asset bundle ---- (7ms)
8-10-2026 03:18:05-debug: [Build Memory track]: Query asset bundle start:232.95MB, end 232.26MB, increase: -701.82KB
8-10-2026 03:18:05-log: run build task Query asset bundle success in 7 ms√, progress: 10%
8-10-2026 03:18:05-debug: Sort some build options to settings.json start, progress: 10%
8-10-2026 03:18:05-debug: // ---- build task Sort some build options to settings.json ----
8-10-2026 03:18:05-debug: // ---- build task Sort some build options to settings.json ---- (3ms)
8-10-2026 03:18:05-log: run build task Sort some build options to settings.json success in 3 ms√, progress: 12%
8-10-2026 03:18:05-debug: [Build Memory track]: Sort some build options to settings.json start:232.29MB, end 232.32MB, increase: 25.95KB
8-10-2026 03:18:05-debug: Fill script data to settings start, progress: 12%
8-10-2026 03:18:05-debug: // ---- build task Fill script data to settings ----
8-10-2026 03:18:05-log: run build task Fill script data to settings success in √, progress: 13%
8-10-2026 03:18:05-debug: [Build Memory track]: Fill script data to settings start:232.34MB, end 232.36MB, increase: 15.72KB
8-10-2026 03:18:05-debug: Sort some build options to settings.json start, progress: 13%
8-10-2026 03:18:05-debug: // ---- build task Sort some build options to settings.json ----
8-10-2026 03:18:05-debug: // ---- build task Sort some build options to settings.json ---- (12ms)
8-10-2026 03:18:05-log: run build task Sort some build options to settings.json success in 12 ms√, progress: 15%
8-10-2026 03:18:05-debug: [Build Memory track]: Sort some build options to settings.json start:232.39MB, end 232.51MB, increase: 129.53KB
8-10-2026 03:18:24-debug: Query all assets info in project
8-10-2026 03:18:24-debug: init custom config: keepNodeUuid: false, useCache: true
8-10-2026 03:18:24-debug: Skip compress image, progress: 0%
8-10-2026 03:18:24-debug: Init all bundles start..., progress: 0%
8-10-2026 03:18:24-debug: // ---- build task Query asset bundle ----
8-10-2026 03:18:24-debug: Init bundle root assets start..., progress: 0%
8-10-2026 03:18:24-debug: Num of bundles: 2..., progress: 0%
8-10-2026 03:18:24-debug: Query asset bundle start, progress: 0%
8-10-2026 03:18:24-debug: Query preload assets/scripts from cc.config.json: 60f7195c-ec2a-45eb-ba94-8955f60e81d0,1c02ae6f-4492-4915-b8f8-7492a3b1e4cd,810e96e4-e456-4468-9b59-f4e8f39732c0,efe8e2a3-eace-427b-b4f1-cb8a937ec77d,e9aa9a3e-5b2b-4ac7-a2c7-073de2b2b24f,8bbdbcdd-5cd4-4100-b6d5-b7c9625b6107,50f4348b-c883-4e2f-8f11-ce233b859fa1,fda095cb-831d-4601-ad94-846013963de8,f92806d7-1768-443f-afe8-12bcde84d0f0,dd3a144d-ab7f-41f0-82b8-2e43a090d496,f0416e68-0200-4b77-a926-4f9d16e494da,511d2633-09a7-4bdd-ac42-f778032124b3,5d45aa00-e064-4938-b314-4265f0c2258c,9361fd90-ba52-4f84-aa93-6e878fd576ca,970b0598-bcb0-4714-91fb-2e81440dccd8,bcd64cc6-2dd9-43f6-abbe-66318d332032,d930590d-bb92-4cc8-8bd1-23cd027f9edf,a3cd009f-0ab0-420d-9278-b9fdab939bbc,6a2d0734-bd9e-4ddf-946e-caa52498cb75,d9937e59-61fe-4ec6-92ab-7ac5a19c89b0,d1346436-ac96-4271-b863-1f4fdead95b0,971bdb23-3ff6-43eb-b422-1c30165a3663,17debcc3-0a6b-4b8a-b00b-dc58b885581e,711ebe11-f673-4cd9-9a83-63c60ba54c5b,c0143906-9aed-447e-9436-2ae8512d1b6e,14da1725-c4c2-42b4-ab08-ee0aeb6898b3,081cab31-dccd-428e-8652-f2404cc81c47,78e0584a-4343-4727-8f37-e14e65c2a2db,871c3b6c-7379-419d-bda3-794b239ab90d,ff9b0199-ce04-4cfe-86cc-6c719f08d6e4,de1c2107-70c8-4021-8459-6399f24d01c6,cbf30902-517f-40dc-af90-a550bac27cf1,5c601d96-e4c7-4698-991b-7ee674b11079
8-10-2026 03:18:24-debug:   Number of all scenes: 3
8-10-2026 03:18:24-debug:   Number of other assets: 486
8-10-2026 03:18:24-debug: Init bundle root assets success..., progress: 0%
8-10-2026 03:18:24-debug:   Number of all scripts: 41
8-10-2026 03:18:24-debug: // ---- build task Query asset bundle ---- (12ms)
8-10-2026 03:18:24-log: run build task Query asset bundle success in 12 ms√, progress: 5%
8-10-2026 03:18:24-debug: [Build Memory track]: Query asset bundle start:233.02MB, end 232.83MB, increase: -189.31KB
8-10-2026 03:18:24-debug: Query asset bundle start, progress: 5%
8-10-2026 03:18:24-debug: // ---- build task Query asset bundle ----
8-10-2026 03:18:24-debug: // ---- build task Query asset bundle ---- (5ms)
8-10-2026 03:18:24-log: run build task Query asset bundle success in 5 ms√, progress: 10%
8-10-2026 03:18:24-debug: [Build Memory track]: Query asset bundle start:232.86MB, end 233.00MB, increase: 138.84KB
8-10-2026 03:18:24-debug: Sort some build options to settings.json start, progress: 10%
8-10-2026 03:18:24-debug: // ---- build task Sort some build options to settings.json ----
8-10-2026 03:18:24-log: run build task Sort some build options to settings.json success in √, progress: 12%
8-10-2026 03:18:24-debug: [Build Memory track]: Sort some build options to settings.json start:233.03MB, end 233.04MB, increase: 16.56KB
8-10-2026 03:18:24-debug: Fill script data to settings start, progress: 12%
8-10-2026 03:18:24-debug: // ---- build task Fill script data to settings ----
8-10-2026 03:18:24-debug: // ---- build task Fill script data to settings ---- (1ms)
8-10-2026 03:18:24-debug: Sort some build options to settings.json start, progress: 13%
8-10-2026 03:18:24-log: run build task Fill script data to settings success in 1 ms√, progress: 13%
8-10-2026 03:18:24-debug: [Build Memory track]: Fill script data to settings start:233.07MB, end 233.09MB, increase: 25.23KB
8-10-2026 03:18:24-debug: // ---- build task Sort some build options to settings.json ----
8-10-2026 03:18:24-debug: // ---- build task Sort some build options to settings.json ---- (17ms)
8-10-2026 03:18:24-debug: [Build Memory track]: Sort some build options to settings.json start:233.12MB, end 232.52MB, increase: -611.82KB
8-10-2026 03:18:24-log: run build task Sort some build options to settings.json success in 17 ms√, progress: 15%
8-10-2026 03:18:44-debug: Query all assets info in project
8-10-2026 03:18:44-debug: init custom config: keepNodeUuid: false, useCache: true
8-10-2026 03:18:44-debug: Skip compress image, progress: 0%
8-10-2026 03:18:44-debug: Init all bundles start..., progress: 0%
8-10-2026 03:18:44-debug: // ---- build task Query asset bundle ----
8-10-2026 03:18:44-debug: Num of bundles: 2..., progress: 0%
8-10-2026 03:18:44-debug: Query asset bundle start, progress: 0%
8-10-2026 03:18:44-debug: Init bundle root assets start..., progress: 0%
8-10-2026 03:18:44-debug: Query preload assets/scripts from cc.config.json: 60f7195c-ec2a-45eb-ba94-8955f60e81d0,1c02ae6f-4492-4915-b8f8-7492a3b1e4cd,810e96e4-e456-4468-9b59-f4e8f39732c0,efe8e2a3-eace-427b-b4f1-cb8a937ec77d,e9aa9a3e-5b2b-4ac7-a2c7-073de2b2b24f,8bbdbcdd-5cd4-4100-b6d5-b7c9625b6107,50f4348b-c883-4e2f-8f11-ce233b859fa1,fda095cb-831d-4601-ad94-846013963de8,f92806d7-1768-443f-afe8-12bcde84d0f0,dd3a144d-ab7f-41f0-82b8-2e43a090d496,f0416e68-0200-4b77-a926-4f9d16e494da,511d2633-09a7-4bdd-ac42-f778032124b3,5d45aa00-e064-4938-b314-4265f0c2258c,9361fd90-ba52-4f84-aa93-6e878fd576ca,970b0598-bcb0-4714-91fb-2e81440dccd8,bcd64cc6-2dd9-43f6-abbe-66318d332032,d930590d-bb92-4cc8-8bd1-23cd027f9edf,a3cd009f-0ab0-420d-9278-b9fdab939bbc,6a2d0734-bd9e-4ddf-946e-caa52498cb75,d9937e59-61fe-4ec6-92ab-7ac5a19c89b0,d1346436-ac96-4271-b863-1f4fdead95b0,971bdb23-3ff6-43eb-b422-1c30165a3663,17debcc3-0a6b-4b8a-b00b-dc58b885581e,711ebe11-f673-4cd9-9a83-63c60ba54c5b,c0143906-9aed-447e-9436-2ae8512d1b6e,14da1725-c4c2-42b4-ab08-ee0aeb6898b3,081cab31-dccd-428e-8652-f2404cc81c47,78e0584a-4343-4727-8f37-e14e65c2a2db,871c3b6c-7379-419d-bda3-794b239ab90d,ff9b0199-ce04-4cfe-86cc-6c719f08d6e4,de1c2107-70c8-4021-8459-6399f24d01c6,cbf30902-517f-40dc-af90-a550bac27cf1,5c601d96-e4c7-4698-991b-7ee674b11079
8-10-2026 03:18:44-debug:   Number of all scripts: 41
8-10-2026 03:18:44-debug:   Number of other assets: 486
8-10-2026 03:18:44-debug: Init bundle root assets success..., progress: 0%
8-10-2026 03:18:44-debug:   Number of all scenes: 3
8-10-2026 03:18:44-debug: // ---- build task Query asset bundle ---- (15ms)
8-10-2026 03:18:44-log: run build task Query asset bundle success in 15 ms√, progress: 5%
8-10-2026 03:18:44-debug: [Build Memory track]: Query asset bundle start:233.03MB, end 232.85MB, increase: -190.02KB
8-10-2026 03:18:44-debug: Query asset bundle start, progress: 5%
8-10-2026 03:18:44-debug: // ---- build task Query asset bundle ----
8-10-2026 03:18:44-debug: // ---- build task Query asset bundle ---- (6ms)
8-10-2026 03:18:44-log: run build task Query asset bundle success in 6 ms√, progress: 10%
8-10-2026 03:18:44-debug: [Build Memory track]: Query asset bundle start:232.87MB, end 233.01MB, increase: 139.05KB
8-10-2026 03:18:44-debug: Sort some build options to settings.json start, progress: 10%
8-10-2026 03:18:44-debug: // ---- build task Sort some build options to settings.json ----
8-10-2026 03:18:44-debug: // ---- build task Sort some build options to settings.json ---- (1ms)
8-10-2026 03:18:44-log: run build task Sort some build options to settings.json success in 1 ms√, progress: 12%
8-10-2026 03:18:44-debug: // ---- build task Fill script data to settings ----
8-10-2026 03:18:44-debug: [Build Memory track]: Sort some build options to settings.json start:233.04MB, end 233.06MB, increase: 25.95KB
8-10-2026 03:18:44-debug: Fill script data to settings start, progress: 12%
8-10-2026 03:18:44-debug: // ---- build task Fill script data to settings ---- (1ms)
8-10-2026 03:18:44-log: run build task Fill script data to settings success in 1 ms√, progress: 13%
8-10-2026 03:18:44-debug: [Build Memory track]: Fill script data to settings start:233.09MB, end 233.11MB, increase: 25.28KB
8-10-2026 03:18:44-debug: Sort some build options to settings.json start, progress: 13%
8-10-2026 03:18:44-debug: // ---- build task Sort some build options to settings.json ----
8-10-2026 03:18:44-debug: // ---- build task Sort some build options to settings.json ---- (17ms)
8-10-2026 03:18:44-log: run build task Sort some build options to settings.json success in 17 ms√, progress: 15%
8-10-2026 03:18:44-debug: [Build Memory track]: Sort some build options to settings.json start:233.14MB, end 232.57MB, increase: -588.64KB
8-10-2026 03:19:05-debug: Query all assets info in project
8-10-2026 03:19:05-debug: init custom config: keepNodeUuid: false, useCache: true
8-10-2026 03:19:05-debug: Skip compress image, progress: 0%
8-10-2026 03:19:05-debug: Init all bundles start..., progress: 0%
8-10-2026 03:19:05-debug: Query asset bundle start, progress: 0%
8-10-2026 03:19:05-debug: // ---- build task Query asset bundle ----
8-10-2026 03:19:05-debug: Num of bundles: 2..., progress: 0%
8-10-2026 03:19:05-debug: Init bundle root assets start..., progress: 0%
8-10-2026 03:19:05-debug: Query preload assets/scripts from cc.config.json: 60f7195c-ec2a-45eb-ba94-8955f60e81d0,1c02ae6f-4492-4915-b8f8-7492a3b1e4cd,810e96e4-e456-4468-9b59-f4e8f39732c0,efe8e2a3-eace-427b-b4f1-cb8a937ec77d,e9aa9a3e-5b2b-4ac7-a2c7-073de2b2b24f,8bbdbcdd-5cd4-4100-b6d5-b7c9625b6107,50f4348b-c883-4e2f-8f11-ce233b859fa1,fda095cb-831d-4601-ad94-846013963de8,f92806d7-1768-443f-afe8-12bcde84d0f0,dd3a144d-ab7f-41f0-82b8-2e43a090d496,f0416e68-0200-4b77-a926-4f9d16e494da,511d2633-09a7-4bdd-ac42-f778032124b3,5d45aa00-e064-4938-b314-4265f0c2258c,9361fd90-ba52-4f84-aa93-6e878fd576ca,970b0598-bcb0-4714-91fb-2e81440dccd8,bcd64cc6-2dd9-43f6-abbe-66318d332032,d930590d-bb92-4cc8-8bd1-23cd027f9edf,a3cd009f-0ab0-420d-9278-b9fdab939bbc,6a2d0734-bd9e-4ddf-946e-caa52498cb75,d9937e59-61fe-4ec6-92ab-7ac5a19c89b0,d1346436-ac96-4271-b863-1f4fdead95b0,971bdb23-3ff6-43eb-b422-1c30165a3663,17debcc3-0a6b-4b8a-b00b-dc58b885581e,711ebe11-f673-4cd9-9a83-63c60ba54c5b,c0143906-9aed-447e-9436-2ae8512d1b6e,14da1725-c4c2-42b4-ab08-ee0aeb6898b3,081cab31-dccd-428e-8652-f2404cc81c47,78e0584a-4343-4727-8f37-e14e65c2a2db,871c3b6c-7379-419d-bda3-794b239ab90d,ff9b0199-ce04-4cfe-86cc-6c719f08d6e4,de1c2107-70c8-4021-8459-6399f24d01c6,cbf30902-517f-40dc-af90-a550bac27cf1,5c601d96-e4c7-4698-991b-7ee674b11079
8-10-2026 03:19:05-debug:   Number of all scenes: 3
8-10-2026 03:19:05-debug:   Number of all scripts: 41
8-10-2026 03:19:05-debug:   Number of other assets: 486
8-10-2026 03:19:05-debug: Init bundle root assets success..., progress: 0%
8-10-2026 03:19:05-debug: // ---- build task Query asset bundle ---- (14ms)
8-10-2026 03:19:05-log: run build task Query asset bundle success in 14 ms√, progress: 5%
8-10-2026 03:19:05-debug: [Build Memory track]: Query asset bundle start:233.09MB, end 232.88MB, increase: -216.07KB
8-10-2026 03:19:05-debug: Query asset bundle start, progress: 5%
8-10-2026 03:19:05-debug: // ---- build task Query asset bundle ----
8-10-2026 03:19:05-log: run build task Query asset bundle success in 4 ms√, progress: 10%
8-10-2026 03:19:05-debug: Sort some build options to settings.json start, progress: 10%
8-10-2026 03:19:05-debug: [Build Memory track]: Query asset bundle start:232.90MB, end 233.04MB, increase: 139.84KB
8-10-2026 03:19:05-debug: // ---- build task Query asset bundle ---- (4ms)
8-10-2026 03:19:05-debug: // ---- build task Sort some build options to settings.json ----
8-10-2026 03:19:05-debug: // ---- build task Sort some build options to settings.json ---- (2ms)
8-10-2026 03:19:05-log: run build task Sort some build options to settings.json success in 2 ms√, progress: 12%
8-10-2026 03:19:05-debug: [Build Memory track]: Sort some build options to settings.json start:233.07MB, end 233.09MB, increase: 25.92KB
8-10-2026 03:19:05-debug: Fill script data to settings start, progress: 12%
8-10-2026 03:19:05-debug: // ---- build task Fill script data to settings ----
8-10-2026 03:19:05-log: run build task Fill script data to settings success in √, progress: 13%
8-10-2026 03:19:05-debug: [Build Memory track]: Fill script data to settings start:233.12MB, end 233.14MB, increase: 16.36KB
8-10-2026 03:19:05-debug: Sort some build options to settings.json start, progress: 13%
8-10-2026 03:19:05-debug: // ---- build task Sort some build options to settings.json ----
8-10-2026 03:19:05-debug: // ---- build task Sort some build options to settings.json ---- (17ms)
8-10-2026 03:19:05-debug: [Build Memory track]: Sort some build options to settings.json start:233.16MB, end 233.29MB, increase: 124.80KB
8-10-2026 03:19:05-log: run build task Sort some build options to settings.json success in 17 ms√, progress: 15%
8-10-2026 03:19:25-debug: Query all assets info in project
8-10-2026 03:19:25-debug: init custom config: keepNodeUuid: false, useCache: true
8-10-2026 03:19:25-debug: Skip compress image, progress: 0%
8-10-2026 03:19:25-debug: Init all bundles start..., progress: 0%
8-10-2026 03:19:25-debug: Num of bundles: 2..., progress: 0%
8-10-2026 03:19:25-debug: Query asset bundle start, progress: 0%
8-10-2026 03:19:25-debug: // ---- build task Query asset bundle ----
8-10-2026 03:19:25-debug: Init bundle root assets start..., progress: 0%
8-10-2026 03:19:25-debug: Query preload assets/scripts from cc.config.json: 60f7195c-ec2a-45eb-ba94-8955f60e81d0,1c02ae6f-4492-4915-b8f8-7492a3b1e4cd,810e96e4-e456-4468-9b59-f4e8f39732c0,efe8e2a3-eace-427b-b4f1-cb8a937ec77d,e9aa9a3e-5b2b-4ac7-a2c7-073de2b2b24f,8bbdbcdd-5cd4-4100-b6d5-b7c9625b6107,50f4348b-c883-4e2f-8f11-ce233b859fa1,fda095cb-831d-4601-ad94-846013963de8,f92806d7-1768-443f-afe8-12bcde84d0f0,dd3a144d-ab7f-41f0-82b8-2e43a090d496,f0416e68-0200-4b77-a926-4f9d16e494da,511d2633-09a7-4bdd-ac42-f778032124b3,5d45aa00-e064-4938-b314-4265f0c2258c,9361fd90-ba52-4f84-aa93-6e878fd576ca,970b0598-bcb0-4714-91fb-2e81440dccd8,bcd64cc6-2dd9-43f6-abbe-66318d332032,d930590d-bb92-4cc8-8bd1-23cd027f9edf,a3cd009f-0ab0-420d-9278-b9fdab939bbc,6a2d0734-bd9e-4ddf-946e-caa52498cb75,d9937e59-61fe-4ec6-92ab-7ac5a19c89b0,d1346436-ac96-4271-b863-1f4fdead95b0,971bdb23-3ff6-43eb-b422-1c30165a3663,17debcc3-0a6b-4b8a-b00b-dc58b885581e,711ebe11-f673-4cd9-9a83-63c60ba54c5b,c0143906-9aed-447e-9436-2ae8512d1b6e,14da1725-c4c2-42b4-ab08-ee0aeb6898b3,081cab31-dccd-428e-8652-f2404cc81c47,78e0584a-4343-4727-8f37-e14e65c2a2db,871c3b6c-7379-419d-bda3-794b239ab90d,ff9b0199-ce04-4cfe-86cc-6c719f08d6e4,de1c2107-70c8-4021-8459-6399f24d01c6,cbf30902-517f-40dc-af90-a550bac27cf1,5c601d96-e4c7-4698-991b-7ee674b11079
8-10-2026 03:19:25-debug:   Number of all scenes: 3
8-10-2026 03:19:25-debug:   Number of other assets: 486
8-10-2026 03:19:25-debug: Init bundle root assets success..., progress: 0%
8-10-2026 03:19:25-debug:   Number of all scripts: 41
8-10-2026 03:19:25-debug: // ---- build task Query asset bundle ---- (10ms)
8-10-2026 03:19:25-log: run build task Query asset bundle success in 10 ms√, progress: 5%
8-10-2026 03:19:25-debug: Query asset bundle start, progress: 5%
8-10-2026 03:19:25-debug: [Build Memory track]: Query asset bundle start:232.99MB, end 232.78MB, increase: -221.46KB
8-10-2026 03:19:25-debug: // ---- build task Query asset bundle ----
8-10-2026 03:19:25-debug: // ---- build task Query asset bundle ---- (7ms)
8-10-2026 03:19:25-log: run build task Query asset bundle success in 7 ms√, progress: 10%
8-10-2026 03:19:25-debug: [Build Memory track]: Query asset bundle start:232.80MB, end 232.94MB, increase: 139.71KB
8-10-2026 03:19:25-debug: // ---- build task Sort some build options to settings.json ----
8-10-2026 03:19:25-debug: Sort some build options to settings.json start, progress: 10%
8-10-2026 03:19:25-debug: // ---- build task Sort some build options to settings.json ---- (2ms)
8-10-2026 03:19:25-debug: [Build Memory track]: Sort some build options to settings.json start:232.97MB, end 233.00MB, increase: 26.74KB
8-10-2026 03:19:25-log: run build task Sort some build options to settings.json success in 2 ms√, progress: 12%
8-10-2026 03:19:25-debug: // ---- build task Fill script data to settings ----
8-10-2026 03:19:25-debug: Fill script data to settings start, progress: 12%
8-10-2026 03:19:25-debug: // ---- build task Fill script data to settings ---- (1ms)
8-10-2026 03:19:25-log: run build task Fill script data to settings success in 1 ms√, progress: 13%
8-10-2026 03:19:25-debug: [Build Memory track]: Fill script data to settings start:233.02MB, end 233.05MB, increase: 25.28KB
8-10-2026 03:19:25-debug: // ---- build task Sort some build options to settings.json ----
8-10-2026 03:19:25-debug: Sort some build options to settings.json start, progress: 13%
8-10-2026 03:19:25-debug: // ---- build task Sort some build options to settings.json ---- (14ms)
8-10-2026 03:19:25-log: run build task Sort some build options to settings.json success in 14 ms√, progress: 15%
8-10-2026 03:19:25-debug: [Build Memory track]: Sort some build options to settings.json start:233.07MB, end 233.20MB, increase: 131.75KB
8-10-2026 03:19:44-debug: Query all assets info in project
8-10-2026 03:19:44-debug: init custom config: keepNodeUuid: false, useCache: true
8-10-2026 03:19:44-debug: Skip compress image, progress: 0%
8-10-2026 03:19:44-debug: Init all bundles start..., progress: 0%
8-10-2026 03:19:44-debug: // ---- build task Query asset bundle ----
8-10-2026 03:19:44-debug: Init bundle root assets start..., progress: 0%
8-10-2026 03:19:44-debug: Query asset bundle start, progress: 0%
8-10-2026 03:19:44-debug: Num of bundles: 2..., progress: 0%
8-10-2026 03:19:44-debug: Query preload assets/scripts from cc.config.json: 60f7195c-ec2a-45eb-ba94-8955f60e81d0,1c02ae6f-4492-4915-b8f8-7492a3b1e4cd,810e96e4-e456-4468-9b59-f4e8f39732c0,efe8e2a3-eace-427b-b4f1-cb8a937ec77d,e9aa9a3e-5b2b-4ac7-a2c7-073de2b2b24f,8bbdbcdd-5cd4-4100-b6d5-b7c9625b6107,50f4348b-c883-4e2f-8f11-ce233b859fa1,fda095cb-831d-4601-ad94-846013963de8,f92806d7-1768-443f-afe8-12bcde84d0f0,dd3a144d-ab7f-41f0-82b8-2e43a090d496,f0416e68-0200-4b77-a926-4f9d16e494da,511d2633-09a7-4bdd-ac42-f778032124b3,5d45aa00-e064-4938-b314-4265f0c2258c,9361fd90-ba52-4f84-aa93-6e878fd576ca,970b0598-bcb0-4714-91fb-2e81440dccd8,bcd64cc6-2dd9-43f6-abbe-66318d332032,d930590d-bb92-4cc8-8bd1-23cd027f9edf,a3cd009f-0ab0-420d-9278-b9fdab939bbc,6a2d0734-bd9e-4ddf-946e-caa52498cb75,d9937e59-61fe-4ec6-92ab-7ac5a19c89b0,d1346436-ac96-4271-b863-1f4fdead95b0,971bdb23-3ff6-43eb-b422-1c30165a3663,17debcc3-0a6b-4b8a-b00b-dc58b885581e,711ebe11-f673-4cd9-9a83-63c60ba54c5b,c0143906-9aed-447e-9436-2ae8512d1b6e,14da1725-c4c2-42b4-ab08-ee0aeb6898b3,081cab31-dccd-428e-8652-f2404cc81c47,78e0584a-4343-4727-8f37-e14e65c2a2db,871c3b6c-7379-419d-bda3-794b239ab90d,ff9b0199-ce04-4cfe-86cc-6c719f08d6e4,de1c2107-70c8-4021-8459-6399f24d01c6,cbf30902-517f-40dc-af90-a550bac27cf1,5c601d96-e4c7-4698-991b-7ee674b11079
8-10-2026 03:19:44-debug:   Number of all scripts: 41
8-10-2026 03:19:44-debug:   Number of other assets: 486
8-10-2026 03:19:44-debug:   Number of all scenes: 3
8-10-2026 03:19:44-debug: Init bundle root assets success..., progress: 0%
8-10-2026 03:19:44-debug: // ---- build task Query asset bundle ---- (11ms)
8-10-2026 03:19:44-log: run build task Query asset bundle success in 11 ms√, progress: 5%
8-10-2026 03:19:44-debug: [Build Memory track]: Query asset bundle start:232.87MB, end 232.76MB, increase: -114.17KB
8-10-2026 03:19:44-debug: Query asset bundle start, progress: 5%
8-10-2026 03:19:44-debug: // ---- build task Query asset bundle ----
8-10-2026 03:19:44-debug: // ---- build task Query asset bundle ---- (5ms)
8-10-2026 03:19:44-log: run build task Query asset bundle success in 5 ms√, progress: 10%
8-10-2026 03:19:44-debug: [Build Memory track]: Query asset bundle start:232.79MB, end 232.92MB, increase: 138.96KB
8-10-2026 03:19:44-debug: Sort some build options to settings.json start, progress: 10%
8-10-2026 03:19:44-debug: // ---- build task Sort some build options to settings.json ----
8-10-2026 03:19:44-debug: // ---- build task Sort some build options to settings.json ---- (3ms)
8-10-2026 03:19:44-log: run build task Sort some build options to settings.json success in 3 ms√, progress: 12%
8-10-2026 03:19:44-debug: [Build Memory track]: Sort some build options to settings.json start:232.95MB, end 232.98MB, increase: 25.95KB
8-10-2026 03:19:44-debug: Fill script data to settings start, progress: 12%
8-10-2026 03:19:44-debug: // ---- build task Fill script data to settings ----
8-10-2026 03:19:44-debug: // ---- build task Fill script data to settings ---- (3ms)
8-10-2026 03:19:44-log: run build task Fill script data to settings success in 3 ms√, progress: 13%
8-10-2026 03:19:44-debug: [Build Memory track]: Fill script data to settings start:233.00MB, end 233.03MB, increase: 25.28KB
8-10-2026 03:19:44-debug: // ---- build task Sort some build options to settings.json ----
8-10-2026 03:19:44-debug: Sort some build options to settings.json start, progress: 13%
8-10-2026 03:19:44-debug: // ---- build task Sort some build options to settings.json ---- (16ms)
8-10-2026 03:19:44-log: run build task Sort some build options to settings.json success in 16 ms√, progress: 15%
8-10-2026 03:19:44-debug: [Build Memory track]: Sort some build options to settings.json start:233.06MB, end 233.18MB, increase: 125.42KB
8-10-2026 03:20:03-debug: Query all assets info in project
8-10-2026 03:20:03-debug: init custom config: keepNodeUuid: false, useCache: true
8-10-2026 03:20:03-debug: Skip compress image, progress: 0%
8-10-2026 03:20:03-debug: Init all bundles start..., progress: 0%
8-10-2026 03:20:03-debug: // ---- build task Query asset bundle ----
8-10-2026 03:20:03-debug: Query asset bundle start, progress: 0%
8-10-2026 03:20:03-debug: Num of bundles: 2..., progress: 0%
8-10-2026 03:20:03-debug: Init bundle root assets start..., progress: 0%
8-10-2026 03:20:03-debug: Query preload assets/scripts from cc.config.json: 60f7195c-ec2a-45eb-ba94-8955f60e81d0,1c02ae6f-4492-4915-b8f8-7492a3b1e4cd,810e96e4-e456-4468-9b59-f4e8f39732c0,efe8e2a3-eace-427b-b4f1-cb8a937ec77d,e9aa9a3e-5b2b-4ac7-a2c7-073de2b2b24f,8bbdbcdd-5cd4-4100-b6d5-b7c9625b6107,50f4348b-c883-4e2f-8f11-ce233b859fa1,fda095cb-831d-4601-ad94-846013963de8,f92806d7-1768-443f-afe8-12bcde84d0f0,dd3a144d-ab7f-41f0-82b8-2e43a090d496,f0416e68-0200-4b77-a926-4f9d16e494da,511d2633-09a7-4bdd-ac42-f778032124b3,5d45aa00-e064-4938-b314-4265f0c2258c,9361fd90-ba52-4f84-aa93-6e878fd576ca,970b0598-bcb0-4714-91fb-2e81440dccd8,bcd64cc6-2dd9-43f6-abbe-66318d332032,d930590d-bb92-4cc8-8bd1-23cd027f9edf,a3cd009f-0ab0-420d-9278-b9fdab939bbc,6a2d0734-bd9e-4ddf-946e-caa52498cb75,d9937e59-61fe-4ec6-92ab-7ac5a19c89b0,d1346436-ac96-4271-b863-1f4fdead95b0,971bdb23-3ff6-43eb-b422-1c30165a3663,17debcc3-0a6b-4b8a-b00b-dc58b885581e,711ebe11-f673-4cd9-9a83-63c60ba54c5b,c0143906-9aed-447e-9436-2ae8512d1b6e,14da1725-c4c2-42b4-ab08-ee0aeb6898b3,081cab31-dccd-428e-8652-f2404cc81c47,78e0584a-4343-4727-8f37-e14e65c2a2db,871c3b6c-7379-419d-bda3-794b239ab90d,ff9b0199-ce04-4cfe-86cc-6c719f08d6e4,de1c2107-70c8-4021-8459-6399f24d01c6,cbf30902-517f-40dc-af90-a550bac27cf1,5c601d96-e4c7-4698-991b-7ee674b11079
8-10-2026 03:20:03-debug:   Number of all scenes: 3
8-10-2026 03:20:03-debug:   Number of all scripts: 41
8-10-2026 03:20:03-debug:   Number of other assets: 486
8-10-2026 03:20:03-debug: Init bundle root assets success..., progress: 0%
8-10-2026 03:20:03-debug: // ---- build task Query asset bundle ---- (12ms)
8-10-2026 03:20:03-log: run build task Query asset bundle success in 12 ms√, progress: 5%
8-10-2026 03:20:03-debug: [Build Memory track]: Query asset bundle start:232.98MB, end 232.86MB, increase: -121.62KB
8-10-2026 03:20:03-debug: Query asset bundle start, progress: 5%
8-10-2026 03:20:03-debug: // ---- build task Query asset bundle ----
8-10-2026 03:20:03-debug: // ---- build task Query asset bundle ---- (6ms)
8-10-2026 03:20:03-log: run build task Query asset bundle success in 6 ms√, progress: 10%
8-10-2026 03:20:03-debug: [Build Memory track]: Query asset bundle start:232.89MB, end 233.03MB, increase: 138.79KB
8-10-2026 03:20:03-debug: // ---- build task Sort some build options to settings.json ----
8-10-2026 03:20:03-debug: Sort some build options to settings.json start, progress: 10%
8-10-2026 03:20:03-debug: // ---- build task Sort some build options to settings.json ---- (2ms)
8-10-2026 03:20:03-log: run build task Sort some build options to settings.json success in 2 ms√, progress: 12%
8-10-2026 03:20:03-debug: [Build Memory track]: Sort some build options to settings.json start:233.06MB, end 233.08MB, increase: 25.89KB
8-10-2026 03:20:03-debug: Fill script data to settings start, progress: 12%
8-10-2026 03:20:03-debug: // ---- build task Fill script data to settings ----
8-10-2026 03:20:03-debug: // ---- build task Fill script data to settings ---- (4ms)
8-10-2026 03:20:03-debug: [Build Memory track]: Fill script data to settings start:233.11MB, end 233.14MB, increase: 25.31KB
8-10-2026 03:20:03-log: run build task Fill script data to settings success in 4 ms√, progress: 13%
8-10-2026 03:20:03-debug: // ---- build task Sort some build options to settings.json ----
8-10-2026 03:20:03-debug: Sort some build options to settings.json start, progress: 13%
8-10-2026 03:20:03-debug: // ---- build task Sort some build options to settings.json ---- (13ms)
8-10-2026 03:20:03-log: run build task Sort some build options to settings.json success in 13 ms√, progress: 15%
8-10-2026 03:20:03-debug: [Build Memory track]: Sort some build options to settings.json start:233.16MB, end 233.29MB, increase: 125.36KB
8-10-2026 03:20:22-debug: Query all assets info in project
8-10-2026 03:20:22-debug: init custom config: keepNodeUuid: false, useCache: true
8-10-2026 03:20:22-debug: Skip compress image, progress: 0%
8-10-2026 03:20:22-debug: Init all bundles start..., progress: 0%
8-10-2026 03:20:22-debug: Query asset bundle start, progress: 0%
8-10-2026 03:20:22-debug: // ---- build task Query asset bundle ----
8-10-2026 03:20:22-debug: Num of bundles: 2..., progress: 0%
8-10-2026 03:20:22-debug: Init bundle root assets start..., progress: 0%
8-10-2026 03:20:22-debug: Query preload assets/scripts from cc.config.json: 60f7195c-ec2a-45eb-ba94-8955f60e81d0,1c02ae6f-4492-4915-b8f8-7492a3b1e4cd,810e96e4-e456-4468-9b59-f4e8f39732c0,efe8e2a3-eace-427b-b4f1-cb8a937ec77d,e9aa9a3e-5b2b-4ac7-a2c7-073de2b2b24f,8bbdbcdd-5cd4-4100-b6d5-b7c9625b6107,50f4348b-c883-4e2f-8f11-ce233b859fa1,fda095cb-831d-4601-ad94-846013963de8,f92806d7-1768-443f-afe8-12bcde84d0f0,dd3a144d-ab7f-41f0-82b8-2e43a090d496,f0416e68-0200-4b77-a926-4f9d16e494da,511d2633-09a7-4bdd-ac42-f778032124b3,5d45aa00-e064-4938-b314-4265f0c2258c,9361fd90-ba52-4f84-aa93-6e878fd576ca,970b0598-bcb0-4714-91fb-2e81440dccd8,bcd64cc6-2dd9-43f6-abbe-66318d332032,d930590d-bb92-4cc8-8bd1-23cd027f9edf,a3cd009f-0ab0-420d-9278-b9fdab939bbc,6a2d0734-bd9e-4ddf-946e-caa52498cb75,d9937e59-61fe-4ec6-92ab-7ac5a19c89b0,d1346436-ac96-4271-b863-1f4fdead95b0,971bdb23-3ff6-43eb-b422-1c30165a3663,17debcc3-0a6b-4b8a-b00b-dc58b885581e,711ebe11-f673-4cd9-9a83-63c60ba54c5b,c0143906-9aed-447e-9436-2ae8512d1b6e,14da1725-c4c2-42b4-ab08-ee0aeb6898b3,081cab31-dccd-428e-8652-f2404cc81c47,78e0584a-4343-4727-8f37-e14e65c2a2db,871c3b6c-7379-419d-bda3-794b239ab90d,ff9b0199-ce04-4cfe-86cc-6c719f08d6e4,de1c2107-70c8-4021-8459-6399f24d01c6,cbf30902-517f-40dc-af90-a550bac27cf1,5c601d96-e4c7-4698-991b-7ee674b11079
8-10-2026 03:20:22-debug:   Number of other assets: 486
8-10-2026 03:20:22-debug:   Number of all scripts: 41
8-10-2026 03:20:22-debug: Init bundle root assets success..., progress: 0%
8-10-2026 03:20:22-debug:   Number of all scenes: 3
8-10-2026 03:20:22-debug: // ---- build task Query asset bundle ---- (13ms)
8-10-2026 03:20:22-log: run build task Query asset bundle success in 13 ms√, progress: 5%
8-10-2026 03:20:22-debug: [Build Memory track]: Query asset bundle start:233.08MB, end 232.97MB, increase: -112.24KB
8-10-2026 03:20:22-debug: Query asset bundle start, progress: 5%
8-10-2026 03:20:22-debug: // ---- build task Query asset bundle ----
8-10-2026 03:20:22-debug: // ---- build task Query asset bundle ---- (7ms)
8-10-2026 03:20:22-log: run build task Query asset bundle success in 7 ms√, progress: 10%
8-10-2026 03:20:22-debug: [Build Memory track]: Query asset bundle start:233.00MB, end 233.14MB, increase: 138.95KB
8-10-2026 03:20:22-debug: Sort some build options to settings.json start, progress: 10%
8-10-2026 03:20:22-debug: // ---- build task Sort some build options to settings.json ----
8-10-2026 03:20:22-debug: // ---- build task Sort some build options to settings.json ---- (3ms)
8-10-2026 03:20:22-log: run build task Sort some build options to settings.json success in 3 ms√, progress: 12%
8-10-2026 03:20:22-debug: [Build Memory track]: Sort some build options to settings.json start:233.17MB, end 233.19MB, increase: 27.38KB
8-10-2026 03:20:22-debug: Fill script data to settings start, progress: 12%
8-10-2026 03:20:22-debug: // ---- build task Fill script data to settings ----
8-10-2026 03:20:22-debug: // ---- build task Fill script data to settings ---- (2ms)
8-10-2026 03:20:22-debug: [Build Memory track]: Fill script data to settings start:233.22MB, end 233.24MB, increase: 25.31KB
8-10-2026 03:20:22-log: run build task Fill script data to settings success in 2 ms√, progress: 13%
8-10-2026 03:20:22-debug: // ---- build task Sort some build options to settings.json ----
8-10-2026 03:20:22-debug: Sort some build options to settings.json start, progress: 13%
8-10-2026 03:20:22-debug: // ---- build task Sort some build options to settings.json ---- (17ms)
8-10-2026 03:20:22-debug: [Build Memory track]: Sort some build options to settings.json start:233.27MB, end 233.39MB, increase: 125.61KB
8-10-2026 03:20:22-log: run build task Sort some build options to settings.json success in 17 ms√, progress: 15%
8-10-2026 03:20:40-debug: Query all assets info in project
8-10-2026 03:20:40-debug: init custom config: keepNodeUuid: false, useCache: true
8-10-2026 03:20:40-debug: Skip compress image, progress: 0%
8-10-2026 03:20:40-debug: Init all bundles start..., progress: 0%
8-10-2026 03:20:40-debug: Num of bundles: 2..., progress: 0%
8-10-2026 03:20:40-debug: Query asset bundle start, progress: 0%
8-10-2026 03:20:40-debug: // ---- build task Query asset bundle ----
8-10-2026 03:20:40-debug: Init bundle root assets start..., progress: 0%
8-10-2026 03:20:40-debug: Query preload assets/scripts from cc.config.json: 60f7195c-ec2a-45eb-ba94-8955f60e81d0,1c02ae6f-4492-4915-b8f8-7492a3b1e4cd,810e96e4-e456-4468-9b59-f4e8f39732c0,efe8e2a3-eace-427b-b4f1-cb8a937ec77d,e9aa9a3e-5b2b-4ac7-a2c7-073de2b2b24f,8bbdbcdd-5cd4-4100-b6d5-b7c9625b6107,50f4348b-c883-4e2f-8f11-ce233b859fa1,fda095cb-831d-4601-ad94-846013963de8,f92806d7-1768-443f-afe8-12bcde84d0f0,dd3a144d-ab7f-41f0-82b8-2e43a090d496,f0416e68-0200-4b77-a926-4f9d16e494da,511d2633-09a7-4bdd-ac42-f778032124b3,5d45aa00-e064-4938-b314-4265f0c2258c,9361fd90-ba52-4f84-aa93-6e878fd576ca,970b0598-bcb0-4714-91fb-2e81440dccd8,bcd64cc6-2dd9-43f6-abbe-66318d332032,d930590d-bb92-4cc8-8bd1-23cd027f9edf,a3cd009f-0ab0-420d-9278-b9fdab939bbc,6a2d0734-bd9e-4ddf-946e-caa52498cb75,d9937e59-61fe-4ec6-92ab-7ac5a19c89b0,d1346436-ac96-4271-b863-1f4fdead95b0,971bdb23-3ff6-43eb-b422-1c30165a3663,17debcc3-0a6b-4b8a-b00b-dc58b885581e,711ebe11-f673-4cd9-9a83-63c60ba54c5b,c0143906-9aed-447e-9436-2ae8512d1b6e,14da1725-c4c2-42b4-ab08-ee0aeb6898b3,081cab31-dccd-428e-8652-f2404cc81c47,78e0584a-4343-4727-8f37-e14e65c2a2db,871c3b6c-7379-419d-bda3-794b239ab90d,ff9b0199-ce04-4cfe-86cc-6c719f08d6e4,de1c2107-70c8-4021-8459-6399f24d01c6,cbf30902-517f-40dc-af90-a550bac27cf1,5c601d96-e4c7-4698-991b-7ee674b11079
8-10-2026 03:20:40-debug:   Number of other assets: 486
8-10-2026 03:20:40-debug: Init bundle root assets success..., progress: 0%
8-10-2026 03:20:40-debug:   Number of all scenes: 3
8-10-2026 03:20:40-debug:   Number of all scripts: 41
8-10-2026 03:20:40-log: run build task Query asset bundle success in 11 ms√, progress: 5%
8-10-2026 03:20:40-debug: [Build Memory track]: Query asset bundle start:233.17MB, end 233.08MB, increase: -92.77KB
8-10-2026 03:20:40-debug: Query asset bundle start, progress: 5%
8-10-2026 03:20:40-debug: // ---- build task Query asset bundle ---- (11ms)
8-10-2026 03:20:40-debug: // ---- build task Query asset bundle ----
8-10-2026 03:20:40-debug: // ---- build task Query asset bundle ---- (5ms)
8-10-2026 03:20:40-log: run build task Query asset bundle success in 5 ms√, progress: 10%
8-10-2026 03:20:40-debug: [Build Memory track]: Query asset bundle start:233.11MB, end 233.24MB, increase: 138.84KB
8-10-2026 03:20:40-debug: // ---- build task Sort some build options to settings.json ----
8-10-2026 03:20:40-debug: Sort some build options to settings.json start, progress: 10%
8-10-2026 03:20:40-debug: // ---- build task Sort some build options to settings.json ---- (2ms)
8-10-2026 03:20:40-log: run build task Sort some build options to settings.json success in 2 ms√, progress: 12%
8-10-2026 03:20:40-debug: [Build Memory track]: Sort some build options to settings.json start:233.27MB, end 233.29MB, increase: 26.05KB
8-10-2026 03:20:40-debug: Fill script data to settings start, progress: 12%
8-10-2026 03:20:40-debug: // ---- build task Fill script data to settings ----
8-10-2026 03:20:40-debug: // ---- build task Fill script data to settings ---- (4ms)
8-10-2026 03:20:40-log: run build task Fill script data to settings success in 4 ms√, progress: 13%
8-10-2026 03:20:40-debug: [Build Memory track]: Fill script data to settings start:233.32MB, end 233.35MB, increase: 25.28KB
8-10-2026 03:20:40-debug: Sort some build options to settings.json start, progress: 13%
8-10-2026 03:20:40-debug: // ---- build task Sort some build options to settings.json ----
8-10-2026 03:20:40-debug: // ---- build task Sort some build options to settings.json ---- (16ms)
8-10-2026 03:20:40-log: run build task Sort some build options to settings.json success in 16 ms√, progress: 15%
8-10-2026 03:20:40-debug: [Build Memory track]: Sort some build options to settings.json start:233.37MB, end 233.50MB, increase: 125.53KB
8-10-2026 03:20:59-debug: Query all assets info in project
8-10-2026 03:20:59-debug: init custom config: keepNodeUuid: false, useCache: true
8-10-2026 03:20:59-debug: Skip compress image, progress: 0%
8-10-2026 03:20:59-debug: Init all bundles start..., progress: 0%
8-10-2026 03:20:59-debug: Num of bundles: 2..., progress: 0%
8-10-2026 03:20:59-debug: Query asset bundle start, progress: 0%
8-10-2026 03:20:59-debug: // ---- build task Query asset bundle ----
8-10-2026 03:20:59-debug: Init bundle root assets start..., progress: 0%
8-10-2026 03:20:59-debug: Query preload assets/scripts from cc.config.json: 60f7195c-ec2a-45eb-ba94-8955f60e81d0,1c02ae6f-4492-4915-b8f8-7492a3b1e4cd,810e96e4-e456-4468-9b59-f4e8f39732c0,efe8e2a3-eace-427b-b4f1-cb8a937ec77d,e9aa9a3e-5b2b-4ac7-a2c7-073de2b2b24f,8bbdbcdd-5cd4-4100-b6d5-b7c9625b6107,50f4348b-c883-4e2f-8f11-ce233b859fa1,fda095cb-831d-4601-ad94-846013963de8,f92806d7-1768-443f-afe8-12bcde84d0f0,dd3a144d-ab7f-41f0-82b8-2e43a090d496,f0416e68-0200-4b77-a926-4f9d16e494da,511d2633-09a7-4bdd-ac42-f778032124b3,5d45aa00-e064-4938-b314-4265f0c2258c,9361fd90-ba52-4f84-aa93-6e878fd576ca,970b0598-bcb0-4714-91fb-2e81440dccd8,bcd64cc6-2dd9-43f6-abbe-66318d332032,d930590d-bb92-4cc8-8bd1-23cd027f9edf,a3cd009f-0ab0-420d-9278-b9fdab939bbc,6a2d0734-bd9e-4ddf-946e-caa52498cb75,d9937e59-61fe-4ec6-92ab-7ac5a19c89b0,d1346436-ac96-4271-b863-1f4fdead95b0,971bdb23-3ff6-43eb-b422-1c30165a3663,17debcc3-0a6b-4b8a-b00b-dc58b885581e,711ebe11-f673-4cd9-9a83-63c60ba54c5b,c0143906-9aed-447e-9436-2ae8512d1b6e,14da1725-c4c2-42b4-ab08-ee0aeb6898b3,081cab31-dccd-428e-8652-f2404cc81c47,78e0584a-4343-4727-8f37-e14e65c2a2db,871c3b6c-7379-419d-bda3-794b239ab90d,ff9b0199-ce04-4cfe-86cc-6c719f08d6e4,de1c2107-70c8-4021-8459-6399f24d01c6,cbf30902-517f-40dc-af90-a550bac27cf1,5c601d96-e4c7-4698-991b-7ee674b11079
8-10-2026 03:20:59-debug:   Number of other assets: 486
8-10-2026 03:20:59-debug:   Number of all scenes: 3
8-10-2026 03:20:59-debug:   Number of all scripts: 41
8-10-2026 03:20:59-debug: Init bundle root assets success..., progress: 0%
8-10-2026 03:20:59-debug: // ---- build task Query asset bundle ---- (11ms)
8-10-2026 03:20:59-log: run build task Query asset bundle success in 11 ms√, progress: 5%
8-10-2026 03:20:59-debug: Query asset bundle start, progress: 5%
8-10-2026 03:20:59-debug: [Build Memory track]: Query asset bundle start:233.30MB, end 233.18MB, increase: -117.79KB
8-10-2026 03:20:59-debug: // ---- build task Query asset bundle ----
8-10-2026 03:20:59-debug: // ---- build task Query asset bundle ---- (5ms)
8-10-2026 03:20:59-debug: [Build Memory track]: Query asset bundle start:233.21MB, end 233.34MB, increase: 138.81KB
8-10-2026 03:20:59-log: run build task Query asset bundle success in 5 ms√, progress: 10%
8-10-2026 03:20:59-debug: Sort some build options to settings.json start, progress: 10%
8-10-2026 03:20:59-debug: // ---- build task Sort some build options to settings.json ----
8-10-2026 03:20:59-debug: // ---- build task Sort some build options to settings.json ---- (4ms)
8-10-2026 03:20:59-log: run build task Sort some build options to settings.json success in 4 ms√, progress: 12%
8-10-2026 03:20:59-debug: [Build Memory track]: Sort some build options to settings.json start:233.37MB, end 233.40MB, increase: 25.97KB
8-10-2026 03:20:59-debug: Fill script data to settings start, progress: 12%
8-10-2026 03:20:59-debug: // ---- build task Fill script data to settings ----
8-10-2026 03:20:59-debug: // ---- build task Fill script data to settings ---- (2ms)
8-10-2026 03:20:59-log: run build task Fill script data to settings success in 2 ms√, progress: 13%
8-10-2026 03:20:59-debug: [Build Memory track]: Fill script data to settings start:233.43MB, end 233.45MB, increase: 25.31KB
8-10-2026 03:20:59-debug: Sort some build options to settings.json start, progress: 13%
8-10-2026 03:20:59-debug: // ---- build task Sort some build options to settings.json ----
8-10-2026 03:20:59-debug: // ---- build task Sort some build options to settings.json ---- (15ms)
8-10-2026 03:20:59-log: run build task Sort some build options to settings.json success in 15 ms√, progress: 15%
8-10-2026 03:20:59-debug: [Build Memory track]: Sort some build options to settings.json start:233.48MB, end 233.60MB, increase: 125.42KB
8-10-2026 03:21:20-debug: Query all assets info in project
8-10-2026 03:21:20-debug: init custom config: keepNodeUuid: false, useCache: true
8-10-2026 03:21:20-debug: Skip compress image, progress: 0%
8-10-2026 03:21:20-debug: Init all bundles start..., progress: 0%
8-10-2026 03:21:20-debug: Num of bundles: 2..., progress: 0%
8-10-2026 03:21:20-debug: Query asset bundle start, progress: 0%
8-10-2026 03:21:20-debug: // ---- build task Query asset bundle ----
8-10-2026 03:21:20-debug: Init bundle root assets start..., progress: 0%
8-10-2026 03:21:20-debug: Query preload assets/scripts from cc.config.json: 60f7195c-ec2a-45eb-ba94-8955f60e81d0,1c02ae6f-4492-4915-b8f8-7492a3b1e4cd,810e96e4-e456-4468-9b59-f4e8f39732c0,efe8e2a3-eace-427b-b4f1-cb8a937ec77d,e9aa9a3e-5b2b-4ac7-a2c7-073de2b2b24f,8bbdbcdd-5cd4-4100-b6d5-b7c9625b6107,50f4348b-c883-4e2f-8f11-ce233b859fa1,fda095cb-831d-4601-ad94-846013963de8,f92806d7-1768-443f-afe8-12bcde84d0f0,dd3a144d-ab7f-41f0-82b8-2e43a090d496,f0416e68-0200-4b77-a926-4f9d16e494da,511d2633-09a7-4bdd-ac42-f778032124b3,5d45aa00-e064-4938-b314-4265f0c2258c,9361fd90-ba52-4f84-aa93-6e878fd576ca,970b0598-bcb0-4714-91fb-2e81440dccd8,bcd64cc6-2dd9-43f6-abbe-66318d332032,d930590d-bb92-4cc8-8bd1-23cd027f9edf,a3cd009f-0ab0-420d-9278-b9fdab939bbc,6a2d0734-bd9e-4ddf-946e-caa52498cb75,d9937e59-61fe-4ec6-92ab-7ac5a19c89b0,d1346436-ac96-4271-b863-1f4fdead95b0,971bdb23-3ff6-43eb-b422-1c30165a3663,17debcc3-0a6b-4b8a-b00b-dc58b885581e,711ebe11-f673-4cd9-9a83-63c60ba54c5b,c0143906-9aed-447e-9436-2ae8512d1b6e,14da1725-c4c2-42b4-ab08-ee0aeb6898b3,081cab31-dccd-428e-8652-f2404cc81c47,78e0584a-4343-4727-8f37-e14e65c2a2db,871c3b6c-7379-419d-bda3-794b239ab90d,ff9b0199-ce04-4cfe-86cc-6c719f08d6e4,de1c2107-70c8-4021-8459-6399f24d01c6,cbf30902-517f-40dc-af90-a550bac27cf1,5c601d96-e4c7-4698-991b-7ee674b11079
8-10-2026 03:21:20-debug:   Number of all scripts: 41
8-10-2026 03:21:20-debug:   Number of other assets: 486
8-10-2026 03:21:20-debug: Init bundle root assets success..., progress: 0%
8-10-2026 03:21:20-debug:   Number of all scenes: 3
8-10-2026 03:21:20-debug: // ---- build task Query asset bundle ---- (13ms)
8-10-2026 03:21:20-log: run build task Query asset bundle success in 13 ms√, progress: 5%
8-10-2026 03:21:20-debug: [Build Memory track]: Query asset bundle start:233.40MB, end 233.28MB, increase: -114.41KB
8-10-2026 03:21:20-debug: Query asset bundle start, progress: 5%
8-10-2026 03:21:20-debug: // ---- build task Query asset bundle ----
8-10-2026 03:21:20-debug: // ---- build task Query asset bundle ---- (6ms)
8-10-2026 03:21:20-log: run build task Query asset bundle success in 6 ms√, progress: 10%
8-10-2026 03:21:20-debug: [Build Memory track]: Query asset bundle start:233.31MB, end 233.45MB, increase: 139.72KB
8-10-2026 03:21:20-debug: Sort some build options to settings.json start, progress: 10%
8-10-2026 03:21:20-debug: // ---- build task Sort some build options to settings.json ----
8-10-2026 03:21:20-debug: // ---- build task Sort some build options to settings.json ---- (2ms)
8-10-2026 03:21:20-debug: [Build Memory track]: Sort some build options to settings.json start:233.48MB, end 233.50MB, increase: 25.97KB
8-10-2026 03:21:20-log: run build task Sort some build options to settings.json success in 2 ms√, progress: 12%
8-10-2026 03:21:20-debug: Fill script data to settings start, progress: 12%
8-10-2026 03:21:20-debug: // ---- build task Fill script data to settings ----
8-10-2026 03:21:20-debug: // ---- build task Fill script data to settings ---- (6ms)
8-10-2026 03:21:20-log: run build task Fill script data to settings success in 6 ms√, progress: 13%
8-10-2026 03:21:20-debug: [Build Memory track]: Fill script data to settings start:233.53MB, end 233.55MB, increase: 25.31KB
8-10-2026 03:21:20-debug: Sort some build options to settings.json start, progress: 13%
8-10-2026 03:21:20-debug: // ---- build task Sort some build options to settings.json ----
8-10-2026 03:21:20-debug: // ---- build task Sort some build options to settings.json ---- (12ms)
8-10-2026 03:21:20-log: run build task Sort some build options to settings.json success in 12 ms√, progress: 15%
8-10-2026 03:21:20-debug: [Build Memory track]: Sort some build options to settings.json start:233.58MB, end 233.70MB, increase: 125.39KB
8-10-2026 03:21:41-debug: Query all assets info in project
8-10-2026 03:21:41-debug: init custom config: keepNodeUuid: false, useCache: true
8-10-2026 03:21:41-debug: Skip compress image, progress: 0%
8-10-2026 03:21:41-debug: Init all bundles start..., progress: 0%
8-10-2026 03:21:41-debug: Query asset bundle start, progress: 0%
8-10-2026 03:21:41-debug: // ---- build task Query asset bundle ----
8-10-2026 03:21:41-debug: Init bundle root assets start..., progress: 0%
8-10-2026 03:21:41-debug: Num of bundles: 2..., progress: 0%
8-10-2026 03:21:41-debug: Query preload assets/scripts from cc.config.json: 60f7195c-ec2a-45eb-ba94-8955f60e81d0,1c02ae6f-4492-4915-b8f8-7492a3b1e4cd,810e96e4-e456-4468-9b59-f4e8f39732c0,efe8e2a3-eace-427b-b4f1-cb8a937ec77d,e9aa9a3e-5b2b-4ac7-a2c7-073de2b2b24f,8bbdbcdd-5cd4-4100-b6d5-b7c9625b6107,50f4348b-c883-4e2f-8f11-ce233b859fa1,fda095cb-831d-4601-ad94-846013963de8,f92806d7-1768-443f-afe8-12bcde84d0f0,dd3a144d-ab7f-41f0-82b8-2e43a090d496,f0416e68-0200-4b77-a926-4f9d16e494da,511d2633-09a7-4bdd-ac42-f778032124b3,5d45aa00-e064-4938-b314-4265f0c2258c,9361fd90-ba52-4f84-aa93-6e878fd576ca,970b0598-bcb0-4714-91fb-2e81440dccd8,bcd64cc6-2dd9-43f6-abbe-66318d332032,d930590d-bb92-4cc8-8bd1-23cd027f9edf,a3cd009f-0ab0-420d-9278-b9fdab939bbc,6a2d0734-bd9e-4ddf-946e-caa52498cb75,d9937e59-61fe-4ec6-92ab-7ac5a19c89b0,d1346436-ac96-4271-b863-1f4fdead95b0,971bdb23-3ff6-43eb-b422-1c30165a3663,17debcc3-0a6b-4b8a-b00b-dc58b885581e,711ebe11-f673-4cd9-9a83-63c60ba54c5b,c0143906-9aed-447e-9436-2ae8512d1b6e,14da1725-c4c2-42b4-ab08-ee0aeb6898b3,081cab31-dccd-428e-8652-f2404cc81c47,78e0584a-4343-4727-8f37-e14e65c2a2db,871c3b6c-7379-419d-bda3-794b239ab90d,ff9b0199-ce04-4cfe-86cc-6c719f08d6e4,de1c2107-70c8-4021-8459-6399f24d01c6,cbf30902-517f-40dc-af90-a550bac27cf1,5c601d96-e4c7-4698-991b-7ee674b11079
8-10-2026 03:21:41-debug:   Number of all scripts: 41
8-10-2026 03:21:41-debug:   Number of other assets: 486
8-10-2026 03:21:41-debug: Init bundle root assets success..., progress: 0%
8-10-2026 03:21:41-debug:   Number of all scenes: 3
8-10-2026 03:21:41-log: run build task Query asset bundle success in 12 ms√, progress: 5%
8-10-2026 03:21:41-debug: [Build Memory track]: Query asset bundle start:233.48MB, end 233.39MB, increase: -94.11KB
8-10-2026 03:21:41-debug: // ---- build task Query asset bundle ---- (12ms)
8-10-2026 03:21:41-debug: Query asset bundle start, progress: 5%
8-10-2026 03:21:41-debug: // ---- build task Query asset bundle ----
8-10-2026 03:21:41-debug: // ---- build task Query asset bundle ---- (6ms)
8-10-2026 03:21:41-log: run build task Query asset bundle success in 6 ms√, progress: 10%
8-10-2026 03:21:41-debug: [Build Memory track]: Query asset bundle start:233.42MB, end 233.55MB, increase: 139.76KB
8-10-2026 03:21:41-debug: // ---- build task Sort some build options to settings.json ----
8-10-2026 03:21:41-debug: Sort some build options to settings.json start, progress: 10%
8-10-2026 03:21:41-debug: // ---- build task Sort some build options to settings.json ---- (3ms)
8-10-2026 03:21:41-log: run build task Sort some build options to settings.json success in 3 ms√, progress: 12%
8-10-2026 03:21:41-debug: [Build Memory track]: Sort some build options to settings.json start:233.58MB, end 233.61MB, increase: 25.86KB
8-10-2026 03:21:41-debug: Fill script data to settings start, progress: 12%
8-10-2026 03:21:41-debug: // ---- build task Fill script data to settings ----
8-10-2026 03:21:41-debug: // ---- build task Fill script data to settings ---- (4ms)
8-10-2026 03:21:41-log: run build task Fill script data to settings success in 4 ms√, progress: 13%
8-10-2026 03:21:41-debug: [Build Memory track]: Fill script data to settings start:233.63MB, end 233.66MB, increase: 25.28KB
8-10-2026 03:21:41-debug: // ---- build task Sort some build options to settings.json ----
8-10-2026 03:21:41-debug: Sort some build options to settings.json start, progress: 13%
8-10-2026 03:21:41-debug: // ---- build task Sort some build options to settings.json ---- (10ms)
8-10-2026 03:21:41-debug: [Build Memory track]: Sort some build options to settings.json start:233.68MB, end 233.81MB, increase: 125.36KB
8-10-2026 03:21:41-log: run build task Sort some build options to settings.json success in 10 ms√, progress: 15%
8-10-2026 03:21:58-debug: Query all assets info in project
8-10-2026 03:21:58-debug: init custom config: keepNodeUuid: false, useCache: true
8-10-2026 03:21:58-debug: Skip compress image, progress: 0%
8-10-2026 03:21:58-debug: Init all bundles start..., progress: 0%
8-10-2026 03:21:58-debug: Num of bundles: 2..., progress: 0%
8-10-2026 03:21:58-debug: Query asset bundle start, progress: 0%
8-10-2026 03:21:58-debug: // ---- build task Query asset bundle ----
8-10-2026 03:21:58-debug: Init bundle root assets start..., progress: 0%
8-10-2026 03:21:58-debug: Query preload assets/scripts from cc.config.json: 60f7195c-ec2a-45eb-ba94-8955f60e81d0,1c02ae6f-4492-4915-b8f8-7492a3b1e4cd,810e96e4-e456-4468-9b59-f4e8f39732c0,efe8e2a3-eace-427b-b4f1-cb8a937ec77d,e9aa9a3e-5b2b-4ac7-a2c7-073de2b2b24f,8bbdbcdd-5cd4-4100-b6d5-b7c9625b6107,50f4348b-c883-4e2f-8f11-ce233b859fa1,fda095cb-831d-4601-ad94-846013963de8,f92806d7-1768-443f-afe8-12bcde84d0f0,dd3a144d-ab7f-41f0-82b8-2e43a090d496,f0416e68-0200-4b77-a926-4f9d16e494da,511d2633-09a7-4bdd-ac42-f778032124b3,5d45aa00-e064-4938-b314-4265f0c2258c,9361fd90-ba52-4f84-aa93-6e878fd576ca,970b0598-bcb0-4714-91fb-2e81440dccd8,bcd64cc6-2dd9-43f6-abbe-66318d332032,d930590d-bb92-4cc8-8bd1-23cd027f9edf,a3cd009f-0ab0-420d-9278-b9fdab939bbc,6a2d0734-bd9e-4ddf-946e-caa52498cb75,d9937e59-61fe-4ec6-92ab-7ac5a19c89b0,d1346436-ac96-4271-b863-1f4fdead95b0,971bdb23-3ff6-43eb-b422-1c30165a3663,17debcc3-0a6b-4b8a-b00b-dc58b885581e,711ebe11-f673-4cd9-9a83-63c60ba54c5b,c0143906-9aed-447e-9436-2ae8512d1b6e,14da1725-c4c2-42b4-ab08-ee0aeb6898b3,081cab31-dccd-428e-8652-f2404cc81c47,78e0584a-4343-4727-8f37-e14e65c2a2db,871c3b6c-7379-419d-bda3-794b239ab90d,ff9b0199-ce04-4cfe-86cc-6c719f08d6e4,de1c2107-70c8-4021-8459-6399f24d01c6,cbf30902-517f-40dc-af90-a550bac27cf1,5c601d96-e4c7-4698-991b-7ee674b11079
8-10-2026 03:21:58-debug:   Number of other assets: 486
8-10-2026 03:21:58-debug: Init bundle root assets success..., progress: 0%
8-10-2026 03:21:58-debug:   Number of all scripts: 41
8-10-2026 03:21:58-debug:   Number of all scenes: 3
8-10-2026 03:21:58-debug: // ---- build task Query asset bundle ---- (11ms)
8-10-2026 03:21:58-log: run build task Query asset bundle success in 11 ms√, progress: 5%
8-10-2026 03:21:58-debug: [Build Memory track]: Query asset bundle start:233.60MB, end 233.49MB, increase: -112.29KB
8-10-2026 03:21:58-debug: Query asset bundle start, progress: 5%
8-10-2026 03:21:58-debug: // ---- build task Query asset bundle ----
8-10-2026 03:21:58-debug: // ---- build task Query asset bundle ---- (6ms)
8-10-2026 03:21:58-log: run build task Query asset bundle success in 6 ms√, progress: 10%
8-10-2026 03:21:58-debug: [Build Memory track]: Query asset bundle start:233.52MB, end 233.66MB, increase: 138.84KB
8-10-2026 03:21:58-debug: Sort some build options to settings.json start, progress: 10%
8-10-2026 03:21:58-debug: // ---- build task Sort some build options to settings.json ----
8-10-2026 03:21:58-debug: // ---- build task Sort some build options to settings.json ---- (2ms)
8-10-2026 03:21:58-log: run build task Sort some build options to settings.json success in 2 ms√, progress: 12%
8-10-2026 03:21:58-debug: [Build Memory track]: Sort some build options to settings.json start:233.68MB, end 233.71MB, increase: 25.92KB
8-10-2026 03:21:58-debug: Fill script data to settings start, progress: 12%
8-10-2026 03:21:58-debug: // ---- build task Fill script data to settings ----
8-10-2026 03:21:58-debug: // ---- build task Fill script data to settings ---- (1ms)
8-10-2026 03:21:58-debug: Sort some build options to settings.json start, progress: 13%
8-10-2026 03:21:58-debug: [Build Memory track]: Fill script data to settings start:233.74MB, end 233.76MB, increase: 24.73KB
8-10-2026 03:21:58-log: run build task Fill script data to settings success in 1 ms√, progress: 13%
8-10-2026 03:21:58-debug: // ---- build task Sort some build options to settings.json ----
8-10-2026 03:21:59-debug: // ---- build task Sort some build options to settings.json ---- (18ms)
8-10-2026 03:21:59-log: run build task Sort some build options to settings.json success in 18 ms√, progress: 15%
8-10-2026 03:21:59-debug: [Build Memory track]: Sort some build options to settings.json start:233.79MB, end 233.91MB, increase: 125.92KB
8-10-2026 03:22:19-debug: Query all assets info in project
8-10-2026 03:22:19-debug: init custom config: keepNodeUuid: false, useCache: true
8-10-2026 03:22:19-debug: Skip compress image, progress: 0%
8-10-2026 03:22:19-debug: Num of bundles: 2..., progress: 0%
8-10-2026 03:22:19-debug: Query asset bundle start, progress: 0%
8-10-2026 03:22:19-debug: // ---- build task Query asset bundle ----
8-10-2026 03:22:19-debug: Init all bundles start..., progress: 0%
8-10-2026 03:22:19-debug: Init bundle root assets start..., progress: 0%
8-10-2026 03:22:19-debug: Query preload assets/scripts from cc.config.json: 60f7195c-ec2a-45eb-ba94-8955f60e81d0,1c02ae6f-4492-4915-b8f8-7492a3b1e4cd,810e96e4-e456-4468-9b59-f4e8f39732c0,efe8e2a3-eace-427b-b4f1-cb8a937ec77d,e9aa9a3e-5b2b-4ac7-a2c7-073de2b2b24f,8bbdbcdd-5cd4-4100-b6d5-b7c9625b6107,50f4348b-c883-4e2f-8f11-ce233b859fa1,fda095cb-831d-4601-ad94-846013963de8,f92806d7-1768-443f-afe8-12bcde84d0f0,dd3a144d-ab7f-41f0-82b8-2e43a090d496,f0416e68-0200-4b77-a926-4f9d16e494da,511d2633-09a7-4bdd-ac42-f778032124b3,5d45aa00-e064-4938-b314-4265f0c2258c,9361fd90-ba52-4f84-aa93-6e878fd576ca,970b0598-bcb0-4714-91fb-2e81440dccd8,bcd64cc6-2dd9-43f6-abbe-66318d332032,d930590d-bb92-4cc8-8bd1-23cd027f9edf,a3cd009f-0ab0-420d-9278-b9fdab939bbc,6a2d0734-bd9e-4ddf-946e-caa52498cb75,d9937e59-61fe-4ec6-92ab-7ac5a19c89b0,d1346436-ac96-4271-b863-1f4fdead95b0,971bdb23-3ff6-43eb-b422-1c30165a3663,17debcc3-0a6b-4b8a-b00b-dc58b885581e,711ebe11-f673-4cd9-9a83-63c60ba54c5b,c0143906-9aed-447e-9436-2ae8512d1b6e,14da1725-c4c2-42b4-ab08-ee0aeb6898b3,081cab31-dccd-428e-8652-f2404cc81c47,78e0584a-4343-4727-8f37-e14e65c2a2db,871c3b6c-7379-419d-bda3-794b239ab90d,ff9b0199-ce04-4cfe-86cc-6c719f08d6e4,de1c2107-70c8-4021-8459-6399f24d01c6,cbf30902-517f-40dc-af90-a550bac27cf1,5c601d96-e4c7-4698-991b-7ee674b11079
8-10-2026 03:22:19-debug:   Number of all scripts: 41
8-10-2026 03:22:19-debug:   Number of other assets: 486
8-10-2026 03:22:19-debug: Init bundle root assets success..., progress: 0%
8-10-2026 03:22:19-debug:   Number of all scenes: 3
8-10-2026 03:22:19-debug: // ---- build task Query asset bundle ---- (10ms)
8-10-2026 03:22:19-log: run build task Query asset bundle success in 10 ms√, progress: 5%
8-10-2026 03:22:19-debug: [Build Memory track]: Query asset bundle start:233.69MB, end 233.61MB, increase: -82.23KB
8-10-2026 03:22:19-debug: Query asset bundle start, progress: 5%
8-10-2026 03:22:19-debug: // ---- build task Query asset bundle ----
8-10-2026 03:22:19-debug: // ---- build task Query asset bundle ---- (4ms)
8-10-2026 03:22:19-debug: Sort some build options to settings.json start, progress: 10%
8-10-2026 03:22:19-log: run build task Query asset bundle success in 4 ms√, progress: 10%
8-10-2026 03:22:19-debug: [Build Memory track]: Query asset bundle start:233.63MB, end 233.77MB, increase: 139.52KB
8-10-2026 03:22:19-debug: // ---- build task Sort some build options to settings.json ----
8-10-2026 03:22:19-debug: // ---- build task Sort some build options to settings.json ---- (2ms)
8-10-2026 03:22:19-log: run build task Sort some build options to settings.json success in 2 ms√, progress: 12%
8-10-2026 03:22:19-debug: [Build Memory track]: Sort some build options to settings.json start:233.80MB, end 233.82MB, increase: 25.95KB
8-10-2026 03:22:19-debug: Fill script data to settings start, progress: 12%
8-10-2026 03:22:19-debug: // ---- build task Fill script data to settings ----
8-10-2026 03:22:19-debug: // ---- build task Fill script data to settings ---- (3ms)
8-10-2026 03:22:19-log: run build task Fill script data to settings success in 3 ms√, progress: 13%
8-10-2026 03:22:19-debug: [Build Memory track]: Fill script data to settings start:233.85MB, end 233.88MB, increase: 28.24KB
8-10-2026 03:22:19-debug: Sort some build options to settings.json start, progress: 13%
8-10-2026 03:22:19-debug: // ---- build task Sort some build options to settings.json ----
8-10-2026 03:22:19-debug: // ---- build task Sort some build options to settings.json ---- (17ms)
8-10-2026 03:22:19-log: run build task Sort some build options to settings.json success in 17 ms√, progress: 15%
8-10-2026 03:22:19-debug: [Build Memory track]: Sort some build options to settings.json start:233.91MB, end 234.03MB, increase: 125.37KB
8-10-2026 03:22:37-debug: Query all assets info in project
8-10-2026 03:22:37-debug: init custom config: keepNodeUuid: false, useCache: true
8-10-2026 03:22:37-debug: Skip compress image, progress: 0%
8-10-2026 03:22:37-debug: Init all bundles start..., progress: 0%
8-10-2026 03:22:37-debug: Num of bundles: 2..., progress: 0%
8-10-2026 03:22:37-debug: Query asset bundle start, progress: 0%
8-10-2026 03:22:37-debug: // ---- build task Query asset bundle ----
8-10-2026 03:22:37-debug: Init bundle root assets start..., progress: 0%
8-10-2026 03:22:37-debug: Query preload assets/scripts from cc.config.json: 60f7195c-ec2a-45eb-ba94-8955f60e81d0,1c02ae6f-4492-4915-b8f8-7492a3b1e4cd,810e96e4-e456-4468-9b59-f4e8f39732c0,efe8e2a3-eace-427b-b4f1-cb8a937ec77d,e9aa9a3e-5b2b-4ac7-a2c7-073de2b2b24f,8bbdbcdd-5cd4-4100-b6d5-b7c9625b6107,50f4348b-c883-4e2f-8f11-ce233b859fa1,fda095cb-831d-4601-ad94-846013963de8,f92806d7-1768-443f-afe8-12bcde84d0f0,dd3a144d-ab7f-41f0-82b8-2e43a090d496,f0416e68-0200-4b77-a926-4f9d16e494da,511d2633-09a7-4bdd-ac42-f778032124b3,5d45aa00-e064-4938-b314-4265f0c2258c,9361fd90-ba52-4f84-aa93-6e878fd576ca,970b0598-bcb0-4714-91fb-2e81440dccd8,bcd64cc6-2dd9-43f6-abbe-66318d332032,d930590d-bb92-4cc8-8bd1-23cd027f9edf,a3cd009f-0ab0-420d-9278-b9fdab939bbc,6a2d0734-bd9e-4ddf-946e-caa52498cb75,d9937e59-61fe-4ec6-92ab-7ac5a19c89b0,d1346436-ac96-4271-b863-1f4fdead95b0,971bdb23-3ff6-43eb-b422-1c30165a3663,17debcc3-0a6b-4b8a-b00b-dc58b885581e,711ebe11-f673-4cd9-9a83-63c60ba54c5b,c0143906-9aed-447e-9436-2ae8512d1b6e,14da1725-c4c2-42b4-ab08-ee0aeb6898b3,081cab31-dccd-428e-8652-f2404cc81c47,78e0584a-4343-4727-8f37-e14e65c2a2db,871c3b6c-7379-419d-bda3-794b239ab90d,ff9b0199-ce04-4cfe-86cc-6c719f08d6e4,de1c2107-70c8-4021-8459-6399f24d01c6,cbf30902-517f-40dc-af90-a550bac27cf1,5c601d96-e4c7-4698-991b-7ee674b11079
8-10-2026 03:22:37-debug:   Number of all scripts: 41
8-10-2026 03:22:37-debug:   Number of other assets: 486
8-10-2026 03:22:37-debug: Init bundle root assets success..., progress: 0%
8-10-2026 03:22:37-debug:   Number of all scenes: 3
8-10-2026 03:22:37-debug: // ---- build task Query asset bundle ---- (11ms)
8-10-2026 03:22:37-debug: [Build Memory track]: Query asset bundle start:233.82MB, end 233.71MB, increase: -110.60KB
8-10-2026 03:22:37-log: run build task Query asset bundle success in 11 ms√, progress: 5%
8-10-2026 03:22:37-debug: // ---- build task Query asset bundle ----
8-10-2026 03:22:37-debug: Query asset bundle start, progress: 5%
8-10-2026 03:22:37-debug: // ---- build task Query asset bundle ---- (6ms)
8-10-2026 03:22:37-log: run build task Query asset bundle success in 6 ms√, progress: 10%
8-10-2026 03:22:37-debug: [Build Memory track]: Query asset bundle start:233.74MB, end 233.88MB, increase: 138.77KB
8-10-2026 03:22:37-debug: // ---- build task Sort some build options to settings.json ----
8-10-2026 03:22:37-debug: Sort some build options to settings.json start, progress: 10%
8-10-2026 03:22:37-debug: // ---- build task Sort some build options to settings.json ---- (2ms)
8-10-2026 03:22:37-debug: [Build Memory track]: Sort some build options to settings.json start:233.90MB, end 233.93MB, increase: 26.63KB
8-10-2026 03:22:37-log: run build task Sort some build options to settings.json success in 2 ms√, progress: 12%
8-10-2026 03:22:37-debug: Fill script data to settings start, progress: 12%
8-10-2026 03:22:37-debug: // ---- build task Fill script data to settings ----
8-10-2026 03:22:37-debug: // ---- build task Fill script data to settings ---- (1ms)
8-10-2026 03:22:37-log: run build task Fill script data to settings success in 1 ms√, progress: 13%
8-10-2026 03:22:37-debug: [Build Memory track]: Fill script data to settings start:233.96MB, end 233.98MB, increase: 25.26KB
8-10-2026 03:22:37-debug: Sort some build options to settings.json start, progress: 13%
8-10-2026 03:22:37-debug: // ---- build task Sort some build options to settings.json ----
8-10-2026 03:22:37-debug: // ---- build task Sort some build options to settings.json ---- (14ms)
8-10-2026 03:22:37-log: run build task Sort some build options to settings.json success in 14 ms√, progress: 15%
8-10-2026 03:22:37-debug: [Build Memory track]: Sort some build options to settings.json start:234.01MB, end 234.13MB, increase: 125.37KB
8-10-2026 03:22:55-debug: Query all assets info in project
8-10-2026 03:22:55-debug: init custom config: keepNodeUuid: false, useCache: true
8-10-2026 03:22:55-debug: Skip compress image, progress: 0%
8-10-2026 03:22:55-debug: Init all bundles start..., progress: 0%
8-10-2026 03:22:55-debug: Query asset bundle start, progress: 0%
8-10-2026 03:22:55-debug: // ---- build task Query asset bundle ----
8-10-2026 03:22:55-debug: Num of bundles: 2..., progress: 0%
8-10-2026 03:22:55-debug: Init bundle root assets start..., progress: 0%
8-10-2026 03:22:55-debug:   Number of all scenes: 3
8-10-2026 03:22:55-debug:   Number of other assets: 486
8-10-2026 03:22:55-debug: Query preload assets/scripts from cc.config.json: 60f7195c-ec2a-45eb-ba94-8955f60e81d0,1c02ae6f-4492-4915-b8f8-7492a3b1e4cd,810e96e4-e456-4468-9b59-f4e8f39732c0,efe8e2a3-eace-427b-b4f1-cb8a937ec77d,e9aa9a3e-5b2b-4ac7-a2c7-073de2b2b24f,8bbdbcdd-5cd4-4100-b6d5-b7c9625b6107,50f4348b-c883-4e2f-8f11-ce233b859fa1,fda095cb-831d-4601-ad94-846013963de8,f92806d7-1768-443f-afe8-12bcde84d0f0,dd3a144d-ab7f-41f0-82b8-2e43a090d496,f0416e68-0200-4b77-a926-4f9d16e494da,511d2633-09a7-4bdd-ac42-f778032124b3,5d45aa00-e064-4938-b314-4265f0c2258c,9361fd90-ba52-4f84-aa93-6e878fd576ca,970b0598-bcb0-4714-91fb-2e81440dccd8,bcd64cc6-2dd9-43f6-abbe-66318d332032,d930590d-bb92-4cc8-8bd1-23cd027f9edf,a3cd009f-0ab0-420d-9278-b9fdab939bbc,6a2d0734-bd9e-4ddf-946e-caa52498cb75,d9937e59-61fe-4ec6-92ab-7ac5a19c89b0,d1346436-ac96-4271-b863-1f4fdead95b0,971bdb23-3ff6-43eb-b422-1c30165a3663,17debcc3-0a6b-4b8a-b00b-dc58b885581e,711ebe11-f673-4cd9-9a83-63c60ba54c5b,c0143906-9aed-447e-9436-2ae8512d1b6e,14da1725-c4c2-42b4-ab08-ee0aeb6898b3,081cab31-dccd-428e-8652-f2404cc81c47,78e0584a-4343-4727-8f37-e14e65c2a2db,871c3b6c-7379-419d-bda3-794b239ab90d,ff9b0199-ce04-4cfe-86cc-6c719f08d6e4,de1c2107-70c8-4021-8459-6399f24d01c6,cbf30902-517f-40dc-af90-a550bac27cf1,5c601d96-e4c7-4698-991b-7ee674b11079
8-10-2026 03:22:55-debug: Init bundle root assets success..., progress: 0%
8-10-2026 03:22:55-debug:   Number of all scripts: 41
8-10-2026 03:22:55-debug: // ---- build task Query asset bundle ---- (11ms)
8-10-2026 03:22:55-log: run build task Query asset bundle success in 11 ms√, progress: 5%
8-10-2026 03:22:55-debug: [Build Memory track]: Query asset bundle start:233.91MB, end 233.81MB, increase: -94.93KB
8-10-2026 03:22:55-debug: Query asset bundle start, progress: 5%
8-10-2026 03:22:55-debug: // ---- build task Query asset bundle ----
8-10-2026 03:22:55-debug: // ---- build task Query asset bundle ---- (8ms)
8-10-2026 03:22:55-log: run build task Query asset bundle success in 8 ms√, progress: 10%
8-10-2026 03:22:55-debug: [Build Memory track]: Query asset bundle start:233.84MB, end 233.98MB, increase: 143.71KB
8-10-2026 03:22:55-debug: Sort some build options to settings.json start, progress: 10%
8-10-2026 03:22:55-debug: // ---- build task Sort some build options to settings.json ----
8-10-2026 03:22:55-debug: // ---- build task Sort some build options to settings.json ---- (2ms)
8-10-2026 03:22:55-log: run build task Sort some build options to settings.json success in 2 ms√, progress: 12%
8-10-2026 03:22:55-debug: [Build Memory track]: Sort some build options to settings.json start:234.01MB, end 234.04MB, increase: 26.14KB
8-10-2026 03:22:55-debug: Fill script data to settings start, progress: 12%
8-10-2026 03:22:55-debug: // ---- build task Fill script data to settings ----
8-10-2026 03:22:55-debug: // ---- build task Fill script data to settings ---- (2ms)
8-10-2026 03:22:55-log: run build task Fill script data to settings success in 2 ms√, progress: 13%
8-10-2026 03:22:55-debug: [Build Memory track]: Fill script data to settings start:234.06MB, end 234.09MB, increase: 26.89KB
8-10-2026 03:22:55-debug: Sort some build options to settings.json start, progress: 13%
8-10-2026 03:22:55-debug: // ---- build task Sort some build options to settings.json ----
8-10-2026 03:22:55-log: run build task Sort some build options to settings.json success in 16 ms√, progress: 15%
8-10-2026 03:22:55-debug: [Build Memory track]: Sort some build options to settings.json start:234.12MB, end 234.24MB, increase: 130.78KB
8-10-2026 03:22:55-debug: // ---- build task Sort some build options to settings.json ---- (16ms)
8-10-2026 03:23:14-debug: Query all assets info in project
8-10-2026 03:23:14-debug: init custom config: keepNodeUuid: false, useCache: true
8-10-2026 03:23:14-debug: Skip compress image, progress: 0%
8-10-2026 03:23:14-debug: Init all bundles start..., progress: 0%
8-10-2026 03:23:14-debug: Query asset bundle start, progress: 0%
8-10-2026 03:23:14-debug: // ---- build task Query asset bundle ----
8-10-2026 03:23:14-debug: Num of bundles: 2..., progress: 0%
8-10-2026 03:23:14-debug: Init bundle root assets start..., progress: 0%
8-10-2026 03:23:14-debug:   Number of all scripts: 41
8-10-2026 03:23:14-debug: Query preload assets/scripts from cc.config.json: 60f7195c-ec2a-45eb-ba94-8955f60e81d0,1c02ae6f-4492-4915-b8f8-7492a3b1e4cd,810e96e4-e456-4468-9b59-f4e8f39732c0,efe8e2a3-eace-427b-b4f1-cb8a937ec77d,e9aa9a3e-5b2b-4ac7-a2c7-073de2b2b24f,8bbdbcdd-5cd4-4100-b6d5-b7c9625b6107,50f4348b-c883-4e2f-8f11-ce233b859fa1,fda095cb-831d-4601-ad94-846013963de8,f92806d7-1768-443f-afe8-12bcde84d0f0,dd3a144d-ab7f-41f0-82b8-2e43a090d496,f0416e68-0200-4b77-a926-4f9d16e494da,511d2633-09a7-4bdd-ac42-f778032124b3,5d45aa00-e064-4938-b314-4265f0c2258c,9361fd90-ba52-4f84-aa93-6e878fd576ca,970b0598-bcb0-4714-91fb-2e81440dccd8,bcd64cc6-2dd9-43f6-abbe-66318d332032,d930590d-bb92-4cc8-8bd1-23cd027f9edf,a3cd009f-0ab0-420d-9278-b9fdab939bbc,6a2d0734-bd9e-4ddf-946e-caa52498cb75,d9937e59-61fe-4ec6-92ab-7ac5a19c89b0,d1346436-ac96-4271-b863-1f4fdead95b0,971bdb23-3ff6-43eb-b422-1c30165a3663,17debcc3-0a6b-4b8a-b00b-dc58b885581e,711ebe11-f673-4cd9-9a83-63c60ba54c5b,c0143906-9aed-447e-9436-2ae8512d1b6e,14da1725-c4c2-42b4-ab08-ee0aeb6898b3,081cab31-dccd-428e-8652-f2404cc81c47,78e0584a-4343-4727-8f37-e14e65c2a2db,871c3b6c-7379-419d-bda3-794b239ab90d,ff9b0199-ce04-4cfe-86cc-6c719f08d6e4,de1c2107-70c8-4021-8459-6399f24d01c6,cbf30902-517f-40dc-af90-a550bac27cf1,5c601d96-e4c7-4698-991b-7ee674b11079
8-10-2026 03:23:14-debug:   Number of other assets: 486
8-10-2026 03:23:14-debug: Init bundle root assets success..., progress: 0%
8-10-2026 03:23:14-debug:   Number of all scenes: 3
8-10-2026 03:23:14-debug: // ---- build task Query asset bundle ---- (12ms)
8-10-2026 03:23:14-log: run build task Query asset bundle success in 12 ms√, progress: 5%
8-10-2026 03:23:14-debug: Query asset bundle start, progress: 5%
8-10-2026 03:23:14-debug: [Build Memory track]: Query asset bundle start:234.04MB, end 233.94MB, increase: -109.23KB
8-10-2026 03:23:14-debug: // ---- build task Query asset bundle ----
8-10-2026 03:23:14-debug: // ---- build task Query asset bundle ---- (6ms)
8-10-2026 03:23:14-log: run build task Query asset bundle success in 6 ms√, progress: 10%
8-10-2026 03:23:14-debug: Sort some build options to settings.json start, progress: 10%
8-10-2026 03:23:14-debug: [Build Memory track]: Query asset bundle start:233.96MB, end 234.10MB, increase: 139.59KB
8-10-2026 03:23:14-debug: // ---- build task Sort some build options to settings.json ----
8-10-2026 03:23:14-debug: // ---- build task Sort some build options to settings.json ---- (1ms)
8-10-2026 03:23:14-debug: [Build Memory track]: Sort some build options to settings.json start:234.13MB, end 234.15MB, increase: 25.46KB
8-10-2026 03:23:14-debug: Fill script data to settings start, progress: 12%
8-10-2026 03:23:14-log: run build task Sort some build options to settings.json success in 1 ms√, progress: 12%
8-10-2026 03:23:14-debug: // ---- build task Fill script data to settings ----
8-10-2026 03:23:14-log: run build task Fill script data to settings success in 1 ms√, progress: 13%
8-10-2026 03:23:14-debug: [Build Memory track]: Fill script data to settings start:234.18MB, end 234.21MB, increase: 26.79KB
8-10-2026 03:23:14-debug: Sort some build options to settings.json start, progress: 13%
8-10-2026 03:23:14-debug: // ---- build task Fill script data to settings ---- (1ms)
8-10-2026 03:23:14-debug: // ---- build task Sort some build options to settings.json ----
8-10-2026 03:23:14-debug: // ---- build task Sort some build options to settings.json ---- (16ms)
8-10-2026 03:23:14-log: run build task Sort some build options to settings.json success in 16 ms√, progress: 15%
8-10-2026 03:23:14-debug: [Build Memory track]: Sort some build options to settings.json start:234.24MB, end 234.37MB, increase: 137.81KB
8-10-2026 03:23:35-debug: Query all assets info in project
8-10-2026 03:23:35-debug: init custom config: keepNodeUuid: false, useCache: true
8-10-2026 03:23:35-debug: Skip compress image, progress: 0%
8-10-2026 03:23:35-debug: Init all bundles start..., progress: 0%
8-10-2026 03:23:35-debug: // ---- build task Query asset bundle ----
8-10-2026 03:23:35-debug: Num of bundles: 2..., progress: 0%
8-10-2026 03:23:35-debug: Query asset bundle start, progress: 0%
8-10-2026 03:23:35-debug: Init bundle root assets start..., progress: 0%
8-10-2026 03:23:35-debug: Query preload assets/scripts from cc.config.json: 60f7195c-ec2a-45eb-ba94-8955f60e81d0,1c02ae6f-4492-4915-b8f8-7492a3b1e4cd,810e96e4-e456-4468-9b59-f4e8f39732c0,efe8e2a3-eace-427b-b4f1-cb8a937ec77d,e9aa9a3e-5b2b-4ac7-a2c7-073de2b2b24f,8bbdbcdd-5cd4-4100-b6d5-b7c9625b6107,50f4348b-c883-4e2f-8f11-ce233b859fa1,fda095cb-831d-4601-ad94-846013963de8,f92806d7-1768-443f-afe8-12bcde84d0f0,dd3a144d-ab7f-41f0-82b8-2e43a090d496,f0416e68-0200-4b77-a926-4f9d16e494da,511d2633-09a7-4bdd-ac42-f778032124b3,5d45aa00-e064-4938-b314-4265f0c2258c,9361fd90-ba52-4f84-aa93-6e878fd576ca,970b0598-bcb0-4714-91fb-2e81440dccd8,bcd64cc6-2dd9-43f6-abbe-66318d332032,d930590d-bb92-4cc8-8bd1-23cd027f9edf,a3cd009f-0ab0-420d-9278-b9fdab939bbc,6a2d0734-bd9e-4ddf-946e-caa52498cb75,d9937e59-61fe-4ec6-92ab-7ac5a19c89b0,d1346436-ac96-4271-b863-1f4fdead95b0,971bdb23-3ff6-43eb-b422-1c30165a3663,17debcc3-0a6b-4b8a-b00b-dc58b885581e,711ebe11-f673-4cd9-9a83-63c60ba54c5b,c0143906-9aed-447e-9436-2ae8512d1b6e,14da1725-c4c2-42b4-ab08-ee0aeb6898b3,081cab31-dccd-428e-8652-f2404cc81c47,78e0584a-4343-4727-8f37-e14e65c2a2db,871c3b6c-7379-419d-bda3-794b239ab90d,ff9b0199-ce04-4cfe-86cc-6c719f08d6e4,de1c2107-70c8-4021-8459-6399f24d01c6,cbf30902-517f-40dc-af90-a550bac27cf1,5c601d96-e4c7-4698-991b-7ee674b11079
8-10-2026 03:23:35-debug:   Number of all scenes: 3
8-10-2026 03:23:35-debug:   Number of all scripts: 41
8-10-2026 03:23:35-debug: Init bundle root assets success..., progress: 0%
8-10-2026 03:23:35-debug:   Number of other assets: 486
8-10-2026 03:23:35-debug: // ---- build task Query asset bundle ---- (11ms)
8-10-2026 03:23:35-log: run build task Query asset bundle success in 11 ms√, progress: 5%
8-10-2026 03:23:35-debug: [Build Memory track]: Query asset bundle start:234.15MB, end 234.06MB, increase: -95.55KB
8-10-2026 03:23:35-debug: // ---- build task Query asset bundle ----
8-10-2026 03:23:35-debug: Query asset bundle start, progress: 5%
8-10-2026 03:23:35-debug: // ---- build task Query asset bundle ---- (7ms)
8-10-2026 03:23:35-log: run build task Query asset bundle success in 7 ms√, progress: 10%
8-10-2026 03:23:35-debug: Sort some build options to settings.json start, progress: 10%
8-10-2026 03:23:35-debug: [Build Memory track]: Query asset bundle start:234.08MB, end 234.24MB, increase: 160.23KB
8-10-2026 03:23:35-debug: // ---- build task Sort some build options to settings.json ----
8-10-2026 03:23:35-debug: // ---- build task Sort some build options to settings.json ---- (3ms)
8-10-2026 03:23:35-log: run build task Sort some build options to settings.json success in 3 ms√, progress: 12%
8-10-2026 03:23:35-debug: [Build Memory track]: Sort some build options to settings.json start:234.27MB, end 234.29MB, increase: 25.08KB
8-10-2026 03:23:35-debug: Fill script data to settings start, progress: 12%
8-10-2026 03:23:35-debug: // ---- build task Fill script data to settings ----
8-10-2026 03:23:35-debug: // ---- build task Fill script data to settings ---- (5ms)
8-10-2026 03:23:35-log: run build task Fill script data to settings success in 5 ms√, progress: 13%
8-10-2026 03:23:35-debug: [Build Memory track]: Fill script data to settings start:234.32MB, end 234.34MB, increase: 24.47KB
8-10-2026 03:23:35-debug: Sort some build options to settings.json start, progress: 13%
8-10-2026 03:23:35-debug: // ---- build task Sort some build options to settings.json ----
8-10-2026 03:23:35-debug: // ---- build task Sort some build options to settings.json ---- (11ms)
8-10-2026 03:23:35-log: run build task Sort some build options to settings.json success in 11 ms√, progress: 15%
8-10-2026 03:23:35-debug: [Build Memory track]: Sort some build options to settings.json start:234.37MB, end 234.49MB, increase: 124.52KB
8-10-2026 03:23:57-debug: Query all assets info in project
8-10-2026 03:23:57-debug: init custom config: keepNodeUuid: false, useCache: true
8-10-2026 03:23:57-debug: Skip compress image, progress: 0%
8-10-2026 03:23:57-debug: Init all bundles start..., progress: 0%
8-10-2026 03:23:57-debug: // ---- build task Query asset bundle ----
8-10-2026 03:23:57-debug: Query asset bundle start, progress: 0%
8-10-2026 03:23:57-debug: Num of bundles: 2..., progress: 0%
8-10-2026 03:23:57-debug: Init bundle root assets start..., progress: 0%
8-10-2026 03:23:57-debug: Query preload assets/scripts from cc.config.json: 60f7195c-ec2a-45eb-ba94-8955f60e81d0,1c02ae6f-4492-4915-b8f8-7492a3b1e4cd,810e96e4-e456-4468-9b59-f4e8f39732c0,efe8e2a3-eace-427b-b4f1-cb8a937ec77d,e9aa9a3e-5b2b-4ac7-a2c7-073de2b2b24f,8bbdbcdd-5cd4-4100-b6d5-b7c9625b6107,50f4348b-c883-4e2f-8f11-ce233b859fa1,fda095cb-831d-4601-ad94-846013963de8,f92806d7-1768-443f-afe8-12bcde84d0f0,dd3a144d-ab7f-41f0-82b8-2e43a090d496,f0416e68-0200-4b77-a926-4f9d16e494da,511d2633-09a7-4bdd-ac42-f778032124b3,5d45aa00-e064-4938-b314-4265f0c2258c,9361fd90-ba52-4f84-aa93-6e878fd576ca,970b0598-bcb0-4714-91fb-2e81440dccd8,bcd64cc6-2dd9-43f6-abbe-66318d332032,d930590d-bb92-4cc8-8bd1-23cd027f9edf,a3cd009f-0ab0-420d-9278-b9fdab939bbc,6a2d0734-bd9e-4ddf-946e-caa52498cb75,d9937e59-61fe-4ec6-92ab-7ac5a19c89b0,d1346436-ac96-4271-b863-1f4fdead95b0,971bdb23-3ff6-43eb-b422-1c30165a3663,17debcc3-0a6b-4b8a-b00b-dc58b885581e,711ebe11-f673-4cd9-9a83-63c60ba54c5b,c0143906-9aed-447e-9436-2ae8512d1b6e,14da1725-c4c2-42b4-ab08-ee0aeb6898b3,081cab31-dccd-428e-8652-f2404cc81c47,78e0584a-4343-4727-8f37-e14e65c2a2db,871c3b6c-7379-419d-bda3-794b239ab90d,ff9b0199-ce04-4cfe-86cc-6c719f08d6e4,de1c2107-70c8-4021-8459-6399f24d01c6,cbf30902-517f-40dc-af90-a550bac27cf1,5c601d96-e4c7-4698-991b-7ee674b11079
8-10-2026 03:23:57-debug:   Number of all scenes: 3
8-10-2026 03:23:57-debug:   Number of other assets: 486
8-10-2026 03:23:57-debug: Init bundle root assets success..., progress: 0%
8-10-2026 03:23:57-debug:   Number of all scripts: 41
8-10-2026 03:23:57-debug: // ---- build task Query asset bundle ---- (13ms)
8-10-2026 03:23:57-log: run build task Query asset bundle success in 13 ms√, progress: 5%
8-10-2026 03:23:57-debug: [Build Memory track]: Query asset bundle start:234.27MB, end 234.18MB, increase: -96.11KB
8-10-2026 03:23:57-debug: Query asset bundle start, progress: 5%
8-10-2026 03:23:57-debug: // ---- build task Query asset bundle ----
8-10-2026 03:23:57-debug: // ---- build task Query asset bundle ---- (7ms)
8-10-2026 03:23:57-log: run build task Query asset bundle success in 7 ms√, progress: 10%
8-10-2026 03:23:57-debug: [Build Memory track]: Query asset bundle start:234.21MB, end 234.34MB, increase: 138.00KB
8-10-2026 03:23:57-debug: Sort some build options to settings.json start, progress: 10%
8-10-2026 03:23:57-debug: // ---- build task Sort some build options to settings.json ----
8-10-2026 03:23:57-debug: // ---- build task Sort some build options to settings.json ---- (4ms)
8-10-2026 03:23:57-log: run build task Sort some build options to settings.json success in 4 ms√, progress: 12%
8-10-2026 03:23:57-debug: [Build Memory track]: Sort some build options to settings.json start:234.37MB, end 234.39MB, increase: 26.10KB
8-10-2026 03:23:57-debug: Fill script data to settings start, progress: 12%
8-10-2026 03:23:57-debug: // ---- build task Fill script data to settings ----
8-10-2026 03:23:57-debug: // ---- build task Fill script data to settings ---- (4ms)
8-10-2026 03:23:57-log: run build task Fill script data to settings success in 4 ms√, progress: 13%
8-10-2026 03:23:57-debug: Sort some build options to settings.json start, progress: 13%
8-10-2026 03:23:57-debug: [Build Memory track]: Fill script data to settings start:234.42MB, end 234.45MB, increase: 27.80KB
8-10-2026 03:23:57-debug: // ---- build task Sort some build options to settings.json ----
8-10-2026 03:23:57-debug: // ---- build task Sort some build options to settings.json ---- (12ms)
8-10-2026 03:23:57-debug: [Build Memory track]: Sort some build options to settings.json start:234.48MB, end 234.61MB, increase: 133.98KB
8-10-2026 03:23:57-log: run build task Sort some build options to settings.json success in 12 ms√, progress: 15%
8-10-2026 03:24:17-debug: Query all assets info in project
8-10-2026 03:24:17-debug: init custom config: keepNodeUuid: false, useCache: true
8-10-2026 03:24:17-debug: Skip compress image, progress: 0%
8-10-2026 03:24:17-debug: Init all bundles start..., progress: 0%
8-10-2026 03:24:17-debug: Query asset bundle start, progress: 0%
8-10-2026 03:24:17-debug: // ---- build task Query asset bundle ----
8-10-2026 03:24:17-debug: Init bundle root assets start..., progress: 0%
8-10-2026 03:24:17-debug: Num of bundles: 2..., progress: 0%
8-10-2026 03:24:17-debug: Query preload assets/scripts from cc.config.json: 60f7195c-ec2a-45eb-ba94-8955f60e81d0,1c02ae6f-4492-4915-b8f8-7492a3b1e4cd,810e96e4-e456-4468-9b59-f4e8f39732c0,efe8e2a3-eace-427b-b4f1-cb8a937ec77d,e9aa9a3e-5b2b-4ac7-a2c7-073de2b2b24f,8bbdbcdd-5cd4-4100-b6d5-b7c9625b6107,50f4348b-c883-4e2f-8f11-ce233b859fa1,fda095cb-831d-4601-ad94-846013963de8,f92806d7-1768-443f-afe8-12bcde84d0f0,dd3a144d-ab7f-41f0-82b8-2e43a090d496,f0416e68-0200-4b77-a926-4f9d16e494da,511d2633-09a7-4bdd-ac42-f778032124b3,5d45aa00-e064-4938-b314-4265f0c2258c,9361fd90-ba52-4f84-aa93-6e878fd576ca,970b0598-bcb0-4714-91fb-2e81440dccd8,bcd64cc6-2dd9-43f6-abbe-66318d332032,d930590d-bb92-4cc8-8bd1-23cd027f9edf,a3cd009f-0ab0-420d-9278-b9fdab939bbc,6a2d0734-bd9e-4ddf-946e-caa52498cb75,d9937e59-61fe-4ec6-92ab-7ac5a19c89b0,d1346436-ac96-4271-b863-1f4fdead95b0,971bdb23-3ff6-43eb-b422-1c30165a3663,17debcc3-0a6b-4b8a-b00b-dc58b885581e,711ebe11-f673-4cd9-9a83-63c60ba54c5b,c0143906-9aed-447e-9436-2ae8512d1b6e,14da1725-c4c2-42b4-ab08-ee0aeb6898b3,081cab31-dccd-428e-8652-f2404cc81c47,78e0584a-4343-4727-8f37-e14e65c2a2db,871c3b6c-7379-419d-bda3-794b239ab90d,ff9b0199-ce04-4cfe-86cc-6c719f08d6e4,de1c2107-70c8-4021-8459-6399f24d01c6,cbf30902-517f-40dc-af90-a550bac27cf1,5c601d96-e4c7-4698-991b-7ee674b11079
8-10-2026 03:24:17-debug:   Number of all scenes: 3
8-10-2026 03:24:17-debug:   Number of all scripts: 41
8-10-2026 03:24:17-debug:   Number of other assets: 486
8-10-2026 03:24:17-debug: Init bundle root assets success..., progress: 0%
8-10-2026 03:24:17-debug: // ---- build task Query asset bundle ---- (14ms)
8-10-2026 03:24:17-log: run build task Query asset bundle success in 14 ms√, progress: 5%
8-10-2026 03:24:17-debug: [Build Memory track]: Query asset bundle start:234.38MB, end 234.30MB, increase: -83.74KB
8-10-2026 03:24:17-debug: Query asset bundle start, progress: 5%
8-10-2026 03:24:17-debug: // ---- build task Query asset bundle ----
8-10-2026 03:24:17-debug: // ---- build task Query asset bundle ---- (7ms)
8-10-2026 03:24:17-debug: [Build Memory track]: Query asset bundle start:234.33MB, end 234.47MB, increase: 140.48KB
8-10-2026 03:24:17-debug: Sort some build options to settings.json start, progress: 10%
8-10-2026 03:24:17-log: run build task Query asset bundle success in 7 ms√, progress: 10%
8-10-2026 03:24:17-debug: // ---- build task Sort some build options to settings.json ----
8-10-2026 03:24:17-debug: // ---- build task Sort some build options to settings.json ---- (2ms)
8-10-2026 03:24:17-debug: [Build Memory track]: Sort some build options to settings.json start:234.49MB, end 234.52MB, increase: 24.32KB
8-10-2026 03:24:17-log: run build task Sort some build options to settings.json success in 2 ms√, progress: 12%
8-10-2026 03:24:17-debug: Fill script data to settings start, progress: 12%
8-10-2026 03:24:17-debug: // ---- build task Fill script data to settings ----
8-10-2026 03:24:17-debug: // ---- build task Fill script data to settings ---- (3ms)
8-10-2026 03:24:17-log: run build task Fill script data to settings success in 3 ms√, progress: 13%
8-10-2026 03:24:17-debug: Sort some build options to settings.json start, progress: 13%
8-10-2026 03:24:17-debug: [Build Memory track]: Fill script data to settings start:234.54MB, end 234.57MB, increase: 24.77KB
8-10-2026 03:24:17-debug: // ---- build task Sort some build options to settings.json ----
8-10-2026 03:24:17-debug: // ---- build task Sort some build options to settings.json ---- (24ms)
8-10-2026 03:24:17-log: run build task Sort some build options to settings.json success in 24 ms√, progress: 15%
8-10-2026 03:24:17-debug: [Build Memory track]: Sort some build options to settings.json start:234.59MB, end 234.72MB, increase: 124.27KB
8-10-2026 03:24:40-debug: Query all assets info in project
8-10-2026 03:24:40-debug: init custom config: keepNodeUuid: false, useCache: true
8-10-2026 03:24:40-debug: Skip compress image, progress: 0%
8-10-2026 03:24:40-debug: Init all bundles start..., progress: 0%
8-10-2026 03:24:40-debug: // ---- build task Query asset bundle ----
8-10-2026 03:24:40-debug: Init bundle root assets start..., progress: 0%
8-10-2026 03:24:40-debug: Query asset bundle start, progress: 0%
8-10-2026 03:24:40-debug: Num of bundles: 2..., progress: 0%
8-10-2026 03:24:40-debug:   Number of all scenes: 3
8-10-2026 03:24:40-debug: Query preload assets/scripts from cc.config.json: 60f7195c-ec2a-45eb-ba94-8955f60e81d0,1c02ae6f-4492-4915-b8f8-7492a3b1e4cd,810e96e4-e456-4468-9b59-f4e8f39732c0,efe8e2a3-eace-427b-b4f1-cb8a937ec77d,e9aa9a3e-5b2b-4ac7-a2c7-073de2b2b24f,8bbdbcdd-5cd4-4100-b6d5-b7c9625b6107,50f4348b-c883-4e2f-8f11-ce233b859fa1,fda095cb-831d-4601-ad94-846013963de8,f92806d7-1768-443f-afe8-12bcde84d0f0,dd3a144d-ab7f-41f0-82b8-2e43a090d496,f0416e68-0200-4b77-a926-4f9d16e494da,511d2633-09a7-4bdd-ac42-f778032124b3,5d45aa00-e064-4938-b314-4265f0c2258c,9361fd90-ba52-4f84-aa93-6e878fd576ca,970b0598-bcb0-4714-91fb-2e81440dccd8,bcd64cc6-2dd9-43f6-abbe-66318d332032,d930590d-bb92-4cc8-8bd1-23cd027f9edf,a3cd009f-0ab0-420d-9278-b9fdab939bbc,6a2d0734-bd9e-4ddf-946e-caa52498cb75,d9937e59-61fe-4ec6-92ab-7ac5a19c89b0,d1346436-ac96-4271-b863-1f4fdead95b0,971bdb23-3ff6-43eb-b422-1c30165a3663,17debcc3-0a6b-4b8a-b00b-dc58b885581e,711ebe11-f673-4cd9-9a83-63c60ba54c5b,c0143906-9aed-447e-9436-2ae8512d1b6e,14da1725-c4c2-42b4-ab08-ee0aeb6898b3,081cab31-dccd-428e-8652-f2404cc81c47,78e0584a-4343-4727-8f37-e14e65c2a2db,871c3b6c-7379-419d-bda3-794b239ab90d,ff9b0199-ce04-4cfe-86cc-6c719f08d6e4,de1c2107-70c8-4021-8459-6399f24d01c6,cbf30902-517f-40dc-af90-a550bac27cf1,5c601d96-e4c7-4698-991b-7ee674b11079
8-10-2026 03:24:40-debug:   Number of other assets: 486
8-10-2026 03:24:40-debug: Init bundle root assets success..., progress: 0%
8-10-2026 03:24:40-debug:   Number of all scripts: 41
8-10-2026 03:24:40-debug: // ---- build task Query asset bundle ---- (11ms)
8-10-2026 03:24:40-debug: [Build Memory track]: Query asset bundle start:234.50MB, end 234.41MB, increase: -95.15KB
8-10-2026 03:24:40-debug: Query asset bundle start, progress: 5%
8-10-2026 03:24:40-log: run build task Query asset bundle success in 11 ms√, progress: 5%
8-10-2026 03:24:40-debug: // ---- build task Query asset bundle ----
8-10-2026 03:24:40-debug: // ---- build task Query asset bundle ---- (5ms)
8-10-2026 03:24:40-log: run build task Query asset bundle success in 5 ms√, progress: 10%
8-10-2026 03:24:40-debug: Sort some build options to settings.json start, progress: 10%
8-10-2026 03:24:40-debug: [Build Memory track]: Query asset bundle start:234.44MB, end 234.57MB, increase: 138.24KB
8-10-2026 03:24:40-debug: // ---- build task Sort some build options to settings.json ----
8-10-2026 03:24:40-debug: // ---- build task Sort some build options to settings.json ---- (2ms)
8-10-2026 03:24:40-log: run build task Sort some build options to settings.json success in 2 ms√, progress: 12%
8-10-2026 03:24:40-debug: Fill script data to settings start, progress: 12%
8-10-2026 03:24:40-debug: [Build Memory track]: Sort some build options to settings.json start:234.60MB, end 234.63MB, increase: 29.76KB
8-10-2026 03:24:40-debug: // ---- build task Fill script data to settings ----
8-10-2026 03:24:40-debug: // ---- build task Fill script data to settings ---- (3ms)
8-10-2026 03:24:40-log: run build task Fill script data to settings success in 3 ms√, progress: 13%
8-10-2026 03:24:40-debug: Sort some build options to settings.json start, progress: 13%
8-10-2026 03:24:40-debug: [Build Memory track]: Fill script data to settings start:234.66MB, end 234.68MB, increase: 24.24KB
8-10-2026 03:24:40-debug: // ---- build task Sort some build options to settings.json ----
8-10-2026 03:24:40-debug: // ---- build task Sort some build options to settings.json ---- (17ms)
8-10-2026 03:24:40-log: run build task Sort some build options to settings.json success in 17 ms√, progress: 15%
8-10-2026 03:24:40-debug: [Build Memory track]: Sort some build options to settings.json start:234.71MB, end 234.83MB, increase: 124.31KB
8-10-2026 03:25:02-debug: Query all assets info in project
8-10-2026 03:25:02-debug: init custom config: keepNodeUuid: false, useCache: true
8-10-2026 03:25:02-debug: Skip compress image, progress: 0%
8-10-2026 03:25:02-debug: Init all bundles start..., progress: 0%
8-10-2026 03:25:02-debug: Query asset bundle start, progress: 0%
8-10-2026 03:25:02-debug: // ---- build task Query asset bundle ----
8-10-2026 03:25:02-debug: Num of bundles: 2..., progress: 0%
8-10-2026 03:25:02-debug: Init bundle root assets start..., progress: 0%
8-10-2026 03:25:02-debug: Query preload assets/scripts from cc.config.json: 60f7195c-ec2a-45eb-ba94-8955f60e81d0,1c02ae6f-4492-4915-b8f8-7492a3b1e4cd,810e96e4-e456-4468-9b59-f4e8f39732c0,efe8e2a3-eace-427b-b4f1-cb8a937ec77d,e9aa9a3e-5b2b-4ac7-a2c7-073de2b2b24f,8bbdbcdd-5cd4-4100-b6d5-b7c9625b6107,50f4348b-c883-4e2f-8f11-ce233b859fa1,fda095cb-831d-4601-ad94-846013963de8,f92806d7-1768-443f-afe8-12bcde84d0f0,dd3a144d-ab7f-41f0-82b8-2e43a090d496,f0416e68-0200-4b77-a926-4f9d16e494da,511d2633-09a7-4bdd-ac42-f778032124b3,5d45aa00-e064-4938-b314-4265f0c2258c,9361fd90-ba52-4f84-aa93-6e878fd576ca,970b0598-bcb0-4714-91fb-2e81440dccd8,bcd64cc6-2dd9-43f6-abbe-66318d332032,d930590d-bb92-4cc8-8bd1-23cd027f9edf,a3cd009f-0ab0-420d-9278-b9fdab939bbc,6a2d0734-bd9e-4ddf-946e-caa52498cb75,d9937e59-61fe-4ec6-92ab-7ac5a19c89b0,d1346436-ac96-4271-b863-1f4fdead95b0,971bdb23-3ff6-43eb-b422-1c30165a3663,17debcc3-0a6b-4b8a-b00b-dc58b885581e,711ebe11-f673-4cd9-9a83-63c60ba54c5b,c0143906-9aed-447e-9436-2ae8512d1b6e,14da1725-c4c2-42b4-ab08-ee0aeb6898b3,081cab31-dccd-428e-8652-f2404cc81c47,78e0584a-4343-4727-8f37-e14e65c2a2db,871c3b6c-7379-419d-bda3-794b239ab90d,ff9b0199-ce04-4cfe-86cc-6c719f08d6e4,de1c2107-70c8-4021-8459-6399f24d01c6,cbf30902-517f-40dc-af90-a550bac27cf1,5c601d96-e4c7-4698-991b-7ee674b11079
8-10-2026 03:25:02-debug:   Number of all scenes: 3
8-10-2026 03:25:02-debug:   Number of all scripts: 41
8-10-2026 03:25:02-debug:   Number of other assets: 486
8-10-2026 03:25:02-debug: Init bundle root assets success..., progress: 0%
8-10-2026 03:25:02-debug: // ---- build task Query asset bundle ---- (10ms)
8-10-2026 03:25:02-log: run build task Query asset bundle success in 10 ms√, progress: 5%
8-10-2026 03:25:02-debug: [Build Memory track]: Query asset bundle start:234.61MB, end 234.52MB, increase: -93.26KB
8-10-2026 03:25:02-debug: Query asset bundle start, progress: 5%
8-10-2026 03:25:02-debug: // ---- build task Query asset bundle ----
8-10-2026 03:25:02-debug: // ---- build task Query asset bundle ---- (11ms)
8-10-2026 03:25:02-log: run build task Query asset bundle success in 11 ms√, progress: 10%
8-10-2026 03:25:02-debug: [Build Memory track]: Query asset bundle start:234.55MB, end 234.68MB, increase: 140.08KB
8-10-2026 03:25:02-debug: Sort some build options to settings.json start, progress: 10%
8-10-2026 03:25:02-debug: // ---- build task Sort some build options to settings.json ----
8-10-2026 03:25:02-debug: // ---- build task Sort some build options to settings.json ---- (5ms)
8-10-2026 03:25:02-log: run build task Sort some build options to settings.json success in 5 ms√, progress: 12%
8-10-2026 03:25:02-debug: [Build Memory track]: Sort some build options to settings.json start:234.71MB, end 234.73MB, increase: 24.91KB
8-10-2026 03:25:02-debug: Fill script data to settings start, progress: 12%
8-10-2026 03:25:02-debug: // ---- build task Fill script data to settings ----
8-10-2026 03:25:02-debug: // ---- build task Fill script data to settings ---- (5ms)
8-10-2026 03:25:02-log: run build task Fill script data to settings success in 5 ms√, progress: 13%
8-10-2026 03:25:02-debug: [Build Memory track]: Fill script data to settings start:234.76MB, end 234.78MB, increase: 24.21KB
8-10-2026 03:25:02-debug: Sort some build options to settings.json start, progress: 13%
8-10-2026 03:25:02-debug: // ---- build task Sort some build options to settings.json ----
8-10-2026 03:25:02-debug: // ---- build task Sort some build options to settings.json ---- (18ms)
8-10-2026 03:25:02-log: run build task Sort some build options to settings.json success in 18 ms√, progress: 15%
8-10-2026 03:25:02-debug: [Build Memory track]: Sort some build options to settings.json start:234.81MB, end 234.93MB, increase: 124.31KB
8-10-2026 03:25:22-debug: Query all assets info in project
8-10-2026 03:25:22-debug: init custom config: keepNodeUuid: false, useCache: true
8-10-2026 03:25:22-debug: Skip compress image, progress: 0%
8-10-2026 03:25:22-debug: Init all bundles start..., progress: 0%
8-10-2026 03:25:22-debug: Query asset bundle start, progress: 0%
8-10-2026 03:25:22-debug: // ---- build task Query asset bundle ----
8-10-2026 03:25:22-debug: Num of bundles: 2..., progress: 0%
8-10-2026 03:25:22-debug: Init bundle root assets start..., progress: 0%
8-10-2026 03:25:22-debug: Query preload assets/scripts from cc.config.json: 60f7195c-ec2a-45eb-ba94-8955f60e81d0,1c02ae6f-4492-4915-b8f8-7492a3b1e4cd,810e96e4-e456-4468-9b59-f4e8f39732c0,efe8e2a3-eace-427b-b4f1-cb8a937ec77d,e9aa9a3e-5b2b-4ac7-a2c7-073de2b2b24f,8bbdbcdd-5cd4-4100-b6d5-b7c9625b6107,50f4348b-c883-4e2f-8f11-ce233b859fa1,fda095cb-831d-4601-ad94-846013963de8,f92806d7-1768-443f-afe8-12bcde84d0f0,dd3a144d-ab7f-41f0-82b8-2e43a090d496,f0416e68-0200-4b77-a926-4f9d16e494da,511d2633-09a7-4bdd-ac42-f778032124b3,5d45aa00-e064-4938-b314-4265f0c2258c,9361fd90-ba52-4f84-aa93-6e878fd576ca,970b0598-bcb0-4714-91fb-2e81440dccd8,bcd64cc6-2dd9-43f6-abbe-66318d332032,d930590d-bb92-4cc8-8bd1-23cd027f9edf,a3cd009f-0ab0-420d-9278-b9fdab939bbc,6a2d0734-bd9e-4ddf-946e-caa52498cb75,d9937e59-61fe-4ec6-92ab-7ac5a19c89b0,d1346436-ac96-4271-b863-1f4fdead95b0,971bdb23-3ff6-43eb-b422-1c30165a3663,17debcc3-0a6b-4b8a-b00b-dc58b885581e,711ebe11-f673-4cd9-9a83-63c60ba54c5b,c0143906-9aed-447e-9436-2ae8512d1b6e,14da1725-c4c2-42b4-ab08-ee0aeb6898b3,081cab31-dccd-428e-8652-f2404cc81c47,78e0584a-4343-4727-8f37-e14e65c2a2db,871c3b6c-7379-419d-bda3-794b239ab90d,ff9b0199-ce04-4cfe-86cc-6c719f08d6e4,de1c2107-70c8-4021-8459-6399f24d01c6,cbf30902-517f-40dc-af90-a550bac27cf1,5c601d96-e4c7-4698-991b-7ee674b11079
8-10-2026 03:25:22-debug:   Number of all scenes: 3
8-10-2026 03:25:22-debug:   Number of other assets: 486
8-10-2026 03:25:22-debug: Init bundle root assets success..., progress: 0%
8-10-2026 03:25:22-debug:   Number of all scripts: 41
8-10-2026 03:25:22-debug: // ---- build task Query asset bundle ---- (11ms)
8-10-2026 03:25:22-log: run build task Query asset bundle success in 11 ms√, progress: 5%
8-10-2026 03:25:22-debug: [Build Memory track]: Query asset bundle start:234.70MB, end 234.63MB, increase: -76.47KB
8-10-2026 03:25:22-debug: // ---- build task Query asset bundle ----
8-10-2026 03:25:22-debug: Query asset bundle start, progress: 5%
8-10-2026 03:25:22-debug: // ---- build task Query asset bundle ---- (5ms)
8-10-2026 03:25:22-log: run build task Query asset bundle success in 5 ms√, progress: 10%
8-10-2026 03:25:22-debug: [Build Memory track]: Query asset bundle start:234.65MB, end 234.79MB, increase: 137.74KB
8-10-2026 03:25:22-debug: Sort some build options to settings.json start, progress: 10%
8-10-2026 03:25:22-debug: // ---- build task Sort some build options to settings.json ----
8-10-2026 03:25:22-debug: // ---- build task Sort some build options to settings.json ---- (4ms)
8-10-2026 03:25:22-log: run build task Sort some build options to settings.json success in 4 ms√, progress: 12%
8-10-2026 03:25:22-debug: Fill script data to settings start, progress: 12%
8-10-2026 03:25:22-debug: [Build Memory track]: Sort some build options to settings.json start:234.82MB, end 234.84MB, increase: 24.88KB
8-10-2026 03:25:22-debug: // ---- build task Fill script data to settings ----
8-10-2026 03:25:22-debug: // ---- build task Fill script data to settings ---- (2ms)
8-10-2026 03:25:22-log: run build task Fill script data to settings success in 2 ms√, progress: 13%
8-10-2026 03:25:22-debug: [Build Memory track]: Fill script data to settings start:234.87MB, end 234.89MB, increase: 24.27KB
8-10-2026 03:25:22-debug: // ---- build task Sort some build options to settings.json ----
8-10-2026 03:25:22-debug: Sort some build options to settings.json start, progress: 13%
8-10-2026 03:25:22-debug: // ---- build task Sort some build options to settings.json ---- (11ms)
8-10-2026 03:25:22-log: run build task Sort some build options to settings.json success in 11 ms√, progress: 15%
8-10-2026 03:25:22-debug: [Build Memory track]: Sort some build options to settings.json start:234.92MB, end 235.04MB, increase: 124.31KB
8-10-2026 03:25:42-debug: Query all assets info in project
8-10-2026 03:25:42-debug: init custom config: keepNodeUuid: false, useCache: true
8-10-2026 03:25:42-debug: Skip compress image, progress: 0%
8-10-2026 03:25:42-debug: Init all bundles start..., progress: 0%
8-10-2026 03:25:42-debug: Query asset bundle start, progress: 0%
8-10-2026 03:25:42-debug: // ---- build task Query asset bundle ----
8-10-2026 03:25:42-debug: Num of bundles: 2..., progress: 0%
8-10-2026 03:25:42-debug: Init bundle root assets start..., progress: 0%
8-10-2026 03:25:42-debug: Query preload assets/scripts from cc.config.json: 60f7195c-ec2a-45eb-ba94-8955f60e81d0,1c02ae6f-4492-4915-b8f8-7492a3b1e4cd,810e96e4-e456-4468-9b59-f4e8f39732c0,efe8e2a3-eace-427b-b4f1-cb8a937ec77d,e9aa9a3e-5b2b-4ac7-a2c7-073de2b2b24f,8bbdbcdd-5cd4-4100-b6d5-b7c9625b6107,50f4348b-c883-4e2f-8f11-ce233b859fa1,fda095cb-831d-4601-ad94-846013963de8,f92806d7-1768-443f-afe8-12bcde84d0f0,dd3a144d-ab7f-41f0-82b8-2e43a090d496,f0416e68-0200-4b77-a926-4f9d16e494da,511d2633-09a7-4bdd-ac42-f778032124b3,5d45aa00-e064-4938-b314-4265f0c2258c,9361fd90-ba52-4f84-aa93-6e878fd576ca,970b0598-bcb0-4714-91fb-2e81440dccd8,bcd64cc6-2dd9-43f6-abbe-66318d332032,d930590d-bb92-4cc8-8bd1-23cd027f9edf,a3cd009f-0ab0-420d-9278-b9fdab939bbc,6a2d0734-bd9e-4ddf-946e-caa52498cb75,d9937e59-61fe-4ec6-92ab-7ac5a19c89b0,d1346436-ac96-4271-b863-1f4fdead95b0,971bdb23-3ff6-43eb-b422-1c30165a3663,17debcc3-0a6b-4b8a-b00b-dc58b885581e,711ebe11-f673-4cd9-9a83-63c60ba54c5b,c0143906-9aed-447e-9436-2ae8512d1b6e,14da1725-c4c2-42b4-ab08-ee0aeb6898b3,081cab31-dccd-428e-8652-f2404cc81c47,78e0584a-4343-4727-8f37-e14e65c2a2db,871c3b6c-7379-419d-bda3-794b239ab90d,ff9b0199-ce04-4cfe-86cc-6c719f08d6e4,de1c2107-70c8-4021-8459-6399f24d01c6,cbf30902-517f-40dc-af90-a550bac27cf1,5c601d96-e4c7-4698-991b-7ee674b11079
8-10-2026 03:25:42-debug:   Number of other assets: 486
8-10-2026 03:25:42-debug: Init bundle root assets success..., progress: 0%
8-10-2026 03:25:42-debug:   Number of all scenes: 3
8-10-2026 03:25:42-debug:   Number of all scripts: 41
8-10-2026 03:25:42-debug: // ---- build task Query asset bundle ---- (10ms)
8-10-2026 03:25:42-debug: [Build Memory track]: Query asset bundle start:234.82MB, end 234.73MB, increase: -96.20KB
8-10-2026 03:25:42-log: run build task Query asset bundle success in 10 ms√, progress: 5%
8-10-2026 03:25:42-debug: Query asset bundle start, progress: 5%
8-10-2026 03:25:42-debug: // ---- build task Query asset bundle ----
8-10-2026 03:25:42-debug: // ---- build task Query asset bundle ---- (7ms)
8-10-2026 03:25:42-log: run build task Query asset bundle success in 7 ms√, progress: 10%
8-10-2026 03:25:42-debug: [Build Memory track]: Query asset bundle start:234.76MB, end 234.89MB, increase: 140.64KB
8-10-2026 03:25:42-debug: Sort some build options to settings.json start, progress: 10%
8-10-2026 03:25:42-debug: // ---- build task Sort some build options to settings.json ----
8-10-2026 03:25:42-debug: // ---- build task Sort some build options to settings.json ---- (3ms)
8-10-2026 03:25:42-log: run build task Sort some build options to settings.json success in 3 ms√, progress: 12%
8-10-2026 03:25:42-debug: [Build Memory track]: Sort some build options to settings.json start:234.92MB, end 234.94MB, increase: 24.88KB
8-10-2026 03:25:42-debug: Fill script data to settings start, progress: 12%
8-10-2026 03:25:42-debug: // ---- build task Fill script data to settings ----
8-10-2026 03:25:42-debug: // ---- build task Fill script data to settings ---- (7ms)
8-10-2026 03:25:42-log: run build task Fill script data to settings success in 7 ms√, progress: 13%
8-10-2026 03:25:42-debug: Sort some build options to settings.json start, progress: 13%
8-10-2026 03:25:42-debug: // ---- build task Sort some build options to settings.json ----
8-10-2026 03:25:42-debug: [Build Memory track]: Fill script data to settings start:234.97MB, end 234.99MB, increase: 24.27KB
8-10-2026 03:25:42-debug: // ---- build task Sort some build options to settings.json ---- (21ms)
8-10-2026 03:25:42-log: run build task Sort some build options to settings.json success in 21 ms√, progress: 15%
8-10-2026 03:25:42-debug: [Build Memory track]: Sort some build options to settings.json start:235.02MB, end 235.14MB, increase: 124.29KB
8-10-2026 03:26:06-debug: Query all assets info in project
8-10-2026 03:26:06-debug: init custom config: keepNodeUuid: false, useCache: true
8-10-2026 03:26:06-debug: Skip compress image, progress: 0%
8-10-2026 03:26:06-debug: Query asset bundle start, progress: 0%
8-10-2026 03:26:06-debug: // ---- build task Query asset bundle ----
8-10-2026 03:26:06-debug: Num of bundles: 2..., progress: 0%
8-10-2026 03:26:06-debug: Init all bundles start..., progress: 0%
8-10-2026 03:26:06-debug: Init bundle root assets start..., progress: 0%
8-10-2026 03:26:06-debug: Query preload assets/scripts from cc.config.json: 60f7195c-ec2a-45eb-ba94-8955f60e81d0,1c02ae6f-4492-4915-b8f8-7492a3b1e4cd,810e96e4-e456-4468-9b59-f4e8f39732c0,efe8e2a3-eace-427b-b4f1-cb8a937ec77d,e9aa9a3e-5b2b-4ac7-a2c7-073de2b2b24f,8bbdbcdd-5cd4-4100-b6d5-b7c9625b6107,50f4348b-c883-4e2f-8f11-ce233b859fa1,fda095cb-831d-4601-ad94-846013963de8,f92806d7-1768-443f-afe8-12bcde84d0f0,dd3a144d-ab7f-41f0-82b8-2e43a090d496,f0416e68-0200-4b77-a926-4f9d16e494da,511d2633-09a7-4bdd-ac42-f778032124b3,5d45aa00-e064-4938-b314-4265f0c2258c,9361fd90-ba52-4f84-aa93-6e878fd576ca,970b0598-bcb0-4714-91fb-2e81440dccd8,bcd64cc6-2dd9-43f6-abbe-66318d332032,d930590d-bb92-4cc8-8bd1-23cd027f9edf,a3cd009f-0ab0-420d-9278-b9fdab939bbc,6a2d0734-bd9e-4ddf-946e-caa52498cb75,d9937e59-61fe-4ec6-92ab-7ac5a19c89b0,d1346436-ac96-4271-b863-1f4fdead95b0,971bdb23-3ff6-43eb-b422-1c30165a3663,17debcc3-0a6b-4b8a-b00b-dc58b885581e,711ebe11-f673-4cd9-9a83-63c60ba54c5b,c0143906-9aed-447e-9436-2ae8512d1b6e,14da1725-c4c2-42b4-ab08-ee0aeb6898b3,081cab31-dccd-428e-8652-f2404cc81c47,78e0584a-4343-4727-8f37-e14e65c2a2db,871c3b6c-7379-419d-bda3-794b239ab90d,ff9b0199-ce04-4cfe-86cc-6c719f08d6e4,de1c2107-70c8-4021-8459-6399f24d01c6,cbf30902-517f-40dc-af90-a550bac27cf1,5c601d96-e4c7-4698-991b-7ee674b11079
8-10-2026 03:26:06-debug:   Number of all scripts: 41
8-10-2026 03:26:06-debug:   Number of other assets: 486
8-10-2026 03:26:06-debug: Init bundle root assets success..., progress: 0%
8-10-2026 03:26:06-debug:   Number of all scenes: 3
8-10-2026 03:26:06-debug: // ---- build task Query asset bundle ---- (14ms)
8-10-2026 03:26:06-log: run build task Query asset bundle success in 14 ms√, progress: 5%
8-10-2026 03:26:06-debug: [Build Memory track]: Query asset bundle start:234.93MB, end 234.84MB, increase: -93.15KB
8-10-2026 03:26:06-debug: Query asset bundle start, progress: 5%
8-10-2026 03:26:06-debug: // ---- build task Query asset bundle ----
8-10-2026 03:26:06-debug: // ---- build task Query asset bundle ---- (7ms)
8-10-2026 03:26:06-log: run build task Query asset bundle success in 7 ms√, progress: 10%
8-10-2026 03:26:06-debug: [Build Memory track]: Query asset bundle start:234.86MB, end 235.00MB, increase: 137.91KB
8-10-2026 03:26:06-debug: Sort some build options to settings.json start, progress: 10%
8-10-2026 03:26:06-debug: // ---- build task Sort some build options to settings.json ----
8-10-2026 03:26:06-log: run build task Sort some build options to settings.json success in 4 ms√, progress: 12%
8-10-2026 03:26:06-debug: // ---- build task Sort some build options to settings.json ---- (4ms)
8-10-2026 03:26:06-debug: Fill script data to settings start, progress: 12%
8-10-2026 03:26:06-debug: [Build Memory track]: Sort some build options to settings.json start:235.02MB, end 235.05MB, increase: 24.93KB
8-10-2026 03:26:06-debug: // ---- build task Fill script data to settings ----
8-10-2026 03:26:06-debug: // ---- build task Fill script data to settings ---- (3ms)
8-10-2026 03:26:06-log: run build task Fill script data to settings success in 3 ms√, progress: 13%
8-10-2026 03:26:06-debug: [Build Memory track]: Fill script data to settings start:235.08MB, end 235.10MB, increase: 24.29KB
8-10-2026 03:26:06-debug: Sort some build options to settings.json start, progress: 13%
8-10-2026 03:26:06-debug: // ---- build task Sort some build options to settings.json ----
8-10-2026 03:26:06-debug: // ---- build task Sort some build options to settings.json ---- (15ms)
8-10-2026 03:26:06-log: run build task Sort some build options to settings.json success in 15 ms√, progress: 15%
8-10-2026 03:26:06-debug: [Build Memory track]: Sort some build options to settings.json start:235.13MB, end 235.25MB, increase: 124.29KB
8-10-2026 03:26:28-debug: Query all assets info in project
8-10-2026 03:26:28-debug: init custom config: keepNodeUuid: false, useCache: true
8-10-2026 03:26:28-debug: Skip compress image, progress: 0%
8-10-2026 03:26:28-debug: Init all bundles start..., progress: 0%
8-10-2026 03:26:28-debug: // ---- build task Query asset bundle ----
8-10-2026 03:26:28-debug: Query asset bundle start, progress: 0%
8-10-2026 03:26:28-debug: Num of bundles: 2..., progress: 0%
8-10-2026 03:26:28-debug: Init bundle root assets start..., progress: 0%
8-10-2026 03:26:28-debug: Query preload assets/scripts from cc.config.json: 60f7195c-ec2a-45eb-ba94-8955f60e81d0,1c02ae6f-4492-4915-b8f8-7492a3b1e4cd,810e96e4-e456-4468-9b59-f4e8f39732c0,efe8e2a3-eace-427b-b4f1-cb8a937ec77d,e9aa9a3e-5b2b-4ac7-a2c7-073de2b2b24f,8bbdbcdd-5cd4-4100-b6d5-b7c9625b6107,50f4348b-c883-4e2f-8f11-ce233b859fa1,fda095cb-831d-4601-ad94-846013963de8,f92806d7-1768-443f-afe8-12bcde84d0f0,dd3a144d-ab7f-41f0-82b8-2e43a090d496,f0416e68-0200-4b77-a926-4f9d16e494da,511d2633-09a7-4bdd-ac42-f778032124b3,5d45aa00-e064-4938-b314-4265f0c2258c,9361fd90-ba52-4f84-aa93-6e878fd576ca,970b0598-bcb0-4714-91fb-2e81440dccd8,bcd64cc6-2dd9-43f6-abbe-66318d332032,d930590d-bb92-4cc8-8bd1-23cd027f9edf,a3cd009f-0ab0-420d-9278-b9fdab939bbc,6a2d0734-bd9e-4ddf-946e-caa52498cb75,d9937e59-61fe-4ec6-92ab-7ac5a19c89b0,d1346436-ac96-4271-b863-1f4fdead95b0,971bdb23-3ff6-43eb-b422-1c30165a3663,17debcc3-0a6b-4b8a-b00b-dc58b885581e,711ebe11-f673-4cd9-9a83-63c60ba54c5b,c0143906-9aed-447e-9436-2ae8512d1b6e,14da1725-c4c2-42b4-ab08-ee0aeb6898b3,081cab31-dccd-428e-8652-f2404cc81c47,78e0584a-4343-4727-8f37-e14e65c2a2db,871c3b6c-7379-419d-bda3-794b239ab90d,ff9b0199-ce04-4cfe-86cc-6c719f08d6e4,de1c2107-70c8-4021-8459-6399f24d01c6,cbf30902-517f-40dc-af90-a550bac27cf1,5c601d96-e4c7-4698-991b-7ee674b11079
8-10-2026 03:26:28-debug:   Number of other assets: 486
8-10-2026 03:26:28-debug:   Number of all scripts: 41
8-10-2026 03:26:28-debug: Init bundle root assets success..., progress: 0%
8-10-2026 03:26:28-debug:   Number of all scenes: 3
8-10-2026 03:26:28-debug: // ---- build task Query asset bundle ---- (13ms)
8-10-2026 03:26:28-log: run build task Query asset bundle success in 13 ms√, progress: 5%
8-10-2026 03:26:28-debug: [Build Memory track]: Query asset bundle start:235.03MB, end 234.94MB, increase: -95.29KB
8-10-2026 03:26:28-debug: Query asset bundle start, progress: 5%
8-10-2026 03:26:28-debug: // ---- build task Query asset bundle ----
8-10-2026 03:26:28-debug: // ---- build task Query asset bundle ---- (9ms)
8-10-2026 03:26:28-log: run build task Query asset bundle success in 9 ms√, progress: 10%
8-10-2026 03:26:28-debug: [Build Memory track]: Query asset bundle start:234.96MB, end 235.10MB, increase: 139.75KB
8-10-2026 03:26:28-debug: Sort some build options to settings.json start, progress: 10%
8-10-2026 03:26:28-debug: // ---- build task Sort some build options to settings.json ----
8-10-2026 03:26:28-debug: // ---- build task Sort some build options to settings.json ---- (2ms)
8-10-2026 03:26:28-log: run build task Sort some build options to settings.json success in 2 ms√, progress: 12%
8-10-2026 03:26:28-debug: [Build Memory track]: Sort some build options to settings.json start:235.13MB, end 235.15MB, increase: 24.85KB
8-10-2026 03:26:28-debug: // ---- build task Fill script data to settings ----
8-10-2026 03:26:28-debug: Fill script data to settings start, progress: 12%
8-10-2026 03:26:28-debug: // ---- build task Fill script data to settings ---- (5ms)
8-10-2026 03:26:28-log: run build task Fill script data to settings success in 5 ms√, progress: 13%
8-10-2026 03:26:28-debug: [Build Memory track]: Fill script data to settings start:235.18MB, end 235.20MB, increase: 24.27KB
8-10-2026 03:26:28-debug: Sort some build options to settings.json start, progress: 13%
8-10-2026 03:26:28-debug: // ---- build task Sort some build options to settings.json ----
8-10-2026 03:26:28-debug: // ---- build task Sort some build options to settings.json ---- (20ms)
8-10-2026 03:26:28-log: run build task Sort some build options to settings.json success in 20 ms√, progress: 15%
8-10-2026 03:26:28-debug: [Build Memory track]: Sort some build options to settings.json start:235.23MB, end 235.35MB, increase: 124.50KB
8-10-2026 03:26:52-debug: Query all assets info in project
8-10-2026 03:26:52-debug: init custom config: keepNodeUuid: false, useCache: true
8-10-2026 03:26:52-debug: Skip compress image, progress: 0%
8-10-2026 03:26:52-debug: Init all bundles start..., progress: 0%
8-10-2026 03:26:52-debug: // ---- build task Query asset bundle ----
8-10-2026 03:26:52-debug: Num of bundles: 2..., progress: 0%
8-10-2026 03:26:52-debug: Query asset bundle start, progress: 0%
8-10-2026 03:26:52-debug: Init bundle root assets start..., progress: 0%
8-10-2026 03:26:52-debug: Query preload assets/scripts from cc.config.json: 60f7195c-ec2a-45eb-ba94-8955f60e81d0,1c02ae6f-4492-4915-b8f8-7492a3b1e4cd,810e96e4-e456-4468-9b59-f4e8f39732c0,efe8e2a3-eace-427b-b4f1-cb8a937ec77d,e9aa9a3e-5b2b-4ac7-a2c7-073de2b2b24f,8bbdbcdd-5cd4-4100-b6d5-b7c9625b6107,50f4348b-c883-4e2f-8f11-ce233b859fa1,fda095cb-831d-4601-ad94-846013963de8,f92806d7-1768-443f-afe8-12bcde84d0f0,dd3a144d-ab7f-41f0-82b8-2e43a090d496,f0416e68-0200-4b77-a926-4f9d16e494da,511d2633-09a7-4bdd-ac42-f778032124b3,5d45aa00-e064-4938-b314-4265f0c2258c,9361fd90-ba52-4f84-aa93-6e878fd576ca,970b0598-bcb0-4714-91fb-2e81440dccd8,bcd64cc6-2dd9-43f6-abbe-66318d332032,d930590d-bb92-4cc8-8bd1-23cd027f9edf,a3cd009f-0ab0-420d-9278-b9fdab939bbc,6a2d0734-bd9e-4ddf-946e-caa52498cb75,d9937e59-61fe-4ec6-92ab-7ac5a19c89b0,d1346436-ac96-4271-b863-1f4fdead95b0,971bdb23-3ff6-43eb-b422-1c30165a3663,17debcc3-0a6b-4b8a-b00b-dc58b885581e,711ebe11-f673-4cd9-9a83-63c60ba54c5b,c0143906-9aed-447e-9436-2ae8512d1b6e,14da1725-c4c2-42b4-ab08-ee0aeb6898b3,081cab31-dccd-428e-8652-f2404cc81c47,78e0584a-4343-4727-8f37-e14e65c2a2db,871c3b6c-7379-419d-bda3-794b239ab90d,ff9b0199-ce04-4cfe-86cc-6c719f08d6e4,de1c2107-70c8-4021-8459-6399f24d01c6,cbf30902-517f-40dc-af90-a550bac27cf1,5c601d96-e4c7-4698-991b-7ee674b11079
8-10-2026 03:26:52-debug:   Number of all scripts: 41
8-10-2026 03:26:52-debug:   Number of other assets: 486
8-10-2026 03:26:52-debug: Init bundle root assets success..., progress: 0%
8-10-2026 03:26:52-debug:   Number of all scenes: 3
8-10-2026 03:26:52-debug: // ---- build task Query asset bundle ---- (10ms)
8-10-2026 03:26:52-log: run build task Query asset bundle success in 10 ms√, progress: 5%
8-10-2026 03:26:52-debug: [Build Memory track]: Query asset bundle start:235.14MB, end 235.05MB, increase: -91.31KB
8-10-2026 03:26:52-debug: Query asset bundle start, progress: 5%
8-10-2026 03:26:52-debug: // ---- build task Query asset bundle ----
8-10-2026 03:26:52-debug: // ---- build task Query asset bundle ---- (5ms)
8-10-2026 03:26:52-log: run build task Query asset bundle success in 5 ms√, progress: 10%
8-10-2026 03:26:52-debug: [Build Memory track]: Query asset bundle start:235.08MB, end 235.21MB, increase: 137.73KB
8-10-2026 03:26:52-debug: Sort some build options to settings.json start, progress: 10%
8-10-2026 03:26:52-debug: // ---- build task Sort some build options to settings.json ----
8-10-2026 03:26:52-debug: // ---- build task Sort some build options to settings.json ---- (3ms)
8-10-2026 03:26:52-log: run build task Sort some build options to settings.json success in 3 ms√, progress: 12%
8-10-2026 03:26:52-debug: [Build Memory track]: Sort some build options to settings.json start:235.24MB, end 235.27MB, increase: 24.90KB
8-10-2026 03:26:52-debug: Fill script data to settings start, progress: 12%
8-10-2026 03:26:52-debug: // ---- build task Fill script data to settings ----
8-10-2026 03:26:52-debug: // ---- build task Fill script data to settings ---- (4ms)
8-10-2026 03:26:52-debug: [Build Memory track]: Fill script data to settings start:235.29MB, end 235.32MB, increase: 24.27KB
8-10-2026 03:26:52-log: run build task Fill script data to settings success in 4 ms√, progress: 13%
8-10-2026 03:26:52-debug: Sort some build options to settings.json start, progress: 13%
8-10-2026 03:26:52-debug: // ---- build task Sort some build options to settings.json ----
8-10-2026 03:26:52-debug: // ---- build task Sort some build options to settings.json ---- (14ms)
8-10-2026 03:26:52-log: run build task Sort some build options to settings.json success in 14 ms√, progress: 15%
8-10-2026 03:26:52-debug: [Build Memory track]: Sort some build options to settings.json start:235.34MB, end 235.47MB, increase: 124.97KB
8-10-2026 03:27:11-debug: Query all assets info in project
8-10-2026 03:27:11-debug: init custom config: keepNodeUuid: false, useCache: true
8-10-2026 03:27:11-debug: Skip compress image, progress: 0%
8-10-2026 03:27:11-debug: Init all bundles start..., progress: 0%
8-10-2026 03:27:11-debug: Num of bundles: 2..., progress: 0%
8-10-2026 03:27:11-debug: Query asset bundle start, progress: 0%
8-10-2026 03:27:11-debug: // ---- build task Query asset bundle ----
8-10-2026 03:27:11-debug: Init bundle root assets start..., progress: 0%
8-10-2026 03:27:11-debug: Query preload assets/scripts from cc.config.json: 60f7195c-ec2a-45eb-ba94-8955f60e81d0,1c02ae6f-4492-4915-b8f8-7492a3b1e4cd,810e96e4-e456-4468-9b59-f4e8f39732c0,efe8e2a3-eace-427b-b4f1-cb8a937ec77d,e9aa9a3e-5b2b-4ac7-a2c7-073de2b2b24f,8bbdbcdd-5cd4-4100-b6d5-b7c9625b6107,50f4348b-c883-4e2f-8f11-ce233b859fa1,fda095cb-831d-4601-ad94-846013963de8,f92806d7-1768-443f-afe8-12bcde84d0f0,dd3a144d-ab7f-41f0-82b8-2e43a090d496,f0416e68-0200-4b77-a926-4f9d16e494da,511d2633-09a7-4bdd-ac42-f778032124b3,5d45aa00-e064-4938-b314-4265f0c2258c,9361fd90-ba52-4f84-aa93-6e878fd576ca,970b0598-bcb0-4714-91fb-2e81440dccd8,bcd64cc6-2dd9-43f6-abbe-66318d332032,d930590d-bb92-4cc8-8bd1-23cd027f9edf,a3cd009f-0ab0-420d-9278-b9fdab939bbc,6a2d0734-bd9e-4ddf-946e-caa52498cb75,d9937e59-61fe-4ec6-92ab-7ac5a19c89b0,d1346436-ac96-4271-b863-1f4fdead95b0,971bdb23-3ff6-43eb-b422-1c30165a3663,17debcc3-0a6b-4b8a-b00b-dc58b885581e,711ebe11-f673-4cd9-9a83-63c60ba54c5b,c0143906-9aed-447e-9436-2ae8512d1b6e,14da1725-c4c2-42b4-ab08-ee0aeb6898b3,081cab31-dccd-428e-8652-f2404cc81c47,78e0584a-4343-4727-8f37-e14e65c2a2db,871c3b6c-7379-419d-bda3-794b239ab90d,ff9b0199-ce04-4cfe-86cc-6c719f08d6e4,de1c2107-70c8-4021-8459-6399f24d01c6,cbf30902-517f-40dc-af90-a550bac27cf1,5c601d96-e4c7-4698-991b-7ee674b11079
8-10-2026 03:27:11-debug:   Number of all scripts: 41
8-10-2026 03:27:11-debug: Init bundle root assets success..., progress: 0%
8-10-2026 03:27:11-debug:   Number of all scenes: 3
8-10-2026 03:27:11-debug:   Number of other assets: 486
8-10-2026 03:27:11-debug: // ---- build task Query asset bundle ---- (15ms)
8-10-2026 03:27:11-debug: [Build Memory track]: Query asset bundle start:235.25MB, end 235.16MB, increase: -91.30KB
8-10-2026 03:27:11-log: run build task Query asset bundle success in 15 ms√, progress: 5%
8-10-2026 03:27:11-debug: Query asset bundle start, progress: 5%
8-10-2026 03:27:11-debug: // ---- build task Query asset bundle ----
8-10-2026 03:27:11-log: run build task Query asset bundle success in 6 ms√, progress: 10%
8-10-2026 03:27:11-debug: [Build Memory track]: Query asset bundle start:235.19MB, end 235.32MB, increase: 137.76KB
8-10-2026 03:27:11-debug: // ---- build task Sort some build options to settings.json ----
8-10-2026 03:27:11-debug: // ---- build task Query asset bundle ---- (6ms)
8-10-2026 03:27:11-debug: Sort some build options to settings.json start, progress: 10%
8-10-2026 03:27:11-debug: // ---- build task Sort some build options to settings.json ---- (3ms)
8-10-2026 03:27:11-log: run build task Sort some build options to settings.json success in 3 ms√, progress: 12%
8-10-2026 03:27:11-debug: [Build Memory track]: Sort some build options to settings.json start:235.35MB, end 235.37MB, increase: 24.90KB
8-10-2026 03:27:11-debug: Fill script data to settings start, progress: 12%
8-10-2026 03:27:11-debug: // ---- build task Fill script data to settings ----
8-10-2026 03:27:11-debug: // ---- build task Fill script data to settings ---- (4ms)
8-10-2026 03:27:11-log: run build task Fill script data to settings success in 4 ms√, progress: 13%
8-10-2026 03:27:11-debug: [Build Memory track]: Fill script data to settings start:235.40MB, end 235.42MB, increase: 24.24KB
8-10-2026 03:27:11-debug: Sort some build options to settings.json start, progress: 13%
8-10-2026 03:27:11-debug: // ---- build task Sort some build options to settings.json ----
8-10-2026 03:27:11-debug: // ---- build task Sort some build options to settings.json ---- (12ms)
8-10-2026 03:27:11-debug: [Build Memory track]: Sort some build options to settings.json start:235.45MB, end 235.57MB, increase: 124.08KB
8-10-2026 03:27:11-log: run build task Sort some build options to settings.json success in 12 ms√, progress: 15%
8-10-2026 03:27:34-debug: Query all assets info in project
8-10-2026 03:27:34-debug: init custom config: keepNodeUuid: false, useCache: true
8-10-2026 03:27:34-debug: Skip compress image, progress: 0%
8-10-2026 03:27:34-debug: Init all bundles start..., progress: 0%
8-10-2026 03:27:34-debug: Num of bundles: 2..., progress: 0%
8-10-2026 03:27:34-debug: Query asset bundle start, progress: 0%
8-10-2026 03:27:34-debug: // ---- build task Query asset bundle ----
8-10-2026 03:27:34-debug: Init bundle root assets start..., progress: 0%
8-10-2026 03:27:34-debug: Query preload assets/scripts from cc.config.json: 60f7195c-ec2a-45eb-ba94-8955f60e81d0,1c02ae6f-4492-4915-b8f8-7492a3b1e4cd,810e96e4-e456-4468-9b59-f4e8f39732c0,efe8e2a3-eace-427b-b4f1-cb8a937ec77d,e9aa9a3e-5b2b-4ac7-a2c7-073de2b2b24f,8bbdbcdd-5cd4-4100-b6d5-b7c9625b6107,50f4348b-c883-4e2f-8f11-ce233b859fa1,fda095cb-831d-4601-ad94-846013963de8,f92806d7-1768-443f-afe8-12bcde84d0f0,dd3a144d-ab7f-41f0-82b8-2e43a090d496,f0416e68-0200-4b77-a926-4f9d16e494da,511d2633-09a7-4bdd-ac42-f778032124b3,5d45aa00-e064-4938-b314-4265f0c2258c,9361fd90-ba52-4f84-aa93-6e878fd576ca,970b0598-bcb0-4714-91fb-2e81440dccd8,bcd64cc6-2dd9-43f6-abbe-66318d332032,d930590d-bb92-4cc8-8bd1-23cd027f9edf,a3cd009f-0ab0-420d-9278-b9fdab939bbc,6a2d0734-bd9e-4ddf-946e-caa52498cb75,d9937e59-61fe-4ec6-92ab-7ac5a19c89b0,d1346436-ac96-4271-b863-1f4fdead95b0,971bdb23-3ff6-43eb-b422-1c30165a3663,17debcc3-0a6b-4b8a-b00b-dc58b885581e,711ebe11-f673-4cd9-9a83-63c60ba54c5b,c0143906-9aed-447e-9436-2ae8512d1b6e,14da1725-c4c2-42b4-ab08-ee0aeb6898b3,081cab31-dccd-428e-8652-f2404cc81c47,78e0584a-4343-4727-8f37-e14e65c2a2db,871c3b6c-7379-419d-bda3-794b239ab90d,ff9b0199-ce04-4cfe-86cc-6c719f08d6e4,de1c2107-70c8-4021-8459-6399f24d01c6,cbf30902-517f-40dc-af90-a550bac27cf1,5c601d96-e4c7-4698-991b-7ee674b11079
8-10-2026 03:27:34-debug:   Number of all scenes: 3
8-10-2026 03:27:34-debug:   Number of all scripts: 41
8-10-2026 03:27:34-debug:   Number of other assets: 486
8-10-2026 03:27:34-debug: Init bundle root assets success..., progress: 0%
8-10-2026 03:27:34-debug: // ---- build task Query asset bundle ---- (12ms)
8-10-2026 03:27:34-log: run build task Query asset bundle success in 12 ms√, progress: 5%
8-10-2026 03:27:34-debug: [Build Memory track]: Query asset bundle start:235.36MB, end 235.27MB, increase: -92.93KB
8-10-2026 03:27:34-debug: Query asset bundle start, progress: 5%
8-10-2026 03:27:34-debug: // ---- build task Query asset bundle ----
8-10-2026 03:27:34-debug: // ---- build task Query asset bundle ---- (5ms)
8-10-2026 03:27:34-log: run build task Query asset bundle success in 5 ms√, progress: 10%
8-10-2026 03:27:34-debug: [Build Memory track]: Query asset bundle start:235.30MB, end 235.43MB, increase: 137.84KB
8-10-2026 03:27:34-debug: Sort some build options to settings.json start, progress: 10%
8-10-2026 03:27:34-debug: // ---- build task Sort some build options to settings.json ----
8-10-2026 03:27:34-debug: // ---- build task Sort some build options to settings.json ---- (3ms)
8-10-2026 03:27:34-log: run build task Sort some build options to settings.json success in 3 ms√, progress: 12%
8-10-2026 03:27:34-debug: Fill script data to settings start, progress: 12%
8-10-2026 03:27:34-debug: [Build Memory track]: Sort some build options to settings.json start:235.46MB, end 235.48MB, increase: 24.90KB
8-10-2026 03:27:34-debug: // ---- build task Fill script data to settings ----
8-10-2026 03:27:34-debug: // ---- build task Fill script data to settings ---- (2ms)
8-10-2026 03:27:34-log: run build task Fill script data to settings success in 2 ms√, progress: 13%
8-10-2026 03:27:34-debug: [Build Memory track]: Fill script data to settings start:235.51MB, end 235.53MB, increase: 24.29KB
8-10-2026 03:27:34-debug: Sort some build options to settings.json start, progress: 13%
8-10-2026 03:27:34-debug: // ---- build task Sort some build options to settings.json ----
8-10-2026 03:27:34-debug: // ---- build task Sort some build options to settings.json ---- (14ms)
8-10-2026 03:27:34-log: run build task Sort some build options to settings.json success in 14 ms√, progress: 15%
8-10-2026 03:27:34-debug: [Build Memory track]: Sort some build options to settings.json start:235.56MB, end 235.68MB, increase: 124.08KB
8-10-2026 03:28:04-debug: Query all assets info in project
8-10-2026 03:28:04-debug: init custom config: keepNodeUuid: false, useCache: true
8-10-2026 03:28:04-debug: Skip compress image, progress: 0%
8-10-2026 03:28:04-debug: Init all bundles start..., progress: 0%
8-10-2026 03:28:04-debug: Num of bundles: 2..., progress: 0%
8-10-2026 03:28:04-debug: Query asset bundle start, progress: 0%
8-10-2026 03:28:04-debug: // ---- build task Query asset bundle ----
8-10-2026 03:28:04-debug: Init bundle root assets start..., progress: 0%
8-10-2026 03:28:04-debug: Query preload assets/scripts from cc.config.json: 60f7195c-ec2a-45eb-ba94-8955f60e81d0,1c02ae6f-4492-4915-b8f8-7492a3b1e4cd,810e96e4-e456-4468-9b59-f4e8f39732c0,efe8e2a3-eace-427b-b4f1-cb8a937ec77d,e9aa9a3e-5b2b-4ac7-a2c7-073de2b2b24f,8bbdbcdd-5cd4-4100-b6d5-b7c9625b6107,50f4348b-c883-4e2f-8f11-ce233b859fa1,fda095cb-831d-4601-ad94-846013963de8,f92806d7-1768-443f-afe8-12bcde84d0f0,dd3a144d-ab7f-41f0-82b8-2e43a090d496,f0416e68-0200-4b77-a926-4f9d16e494da,511d2633-09a7-4bdd-ac42-f778032124b3,5d45aa00-e064-4938-b314-4265f0c2258c,9361fd90-ba52-4f84-aa93-6e878fd576ca,970b0598-bcb0-4714-91fb-2e81440dccd8,bcd64cc6-2dd9-43f6-abbe-66318d332032,d930590d-bb92-4cc8-8bd1-23cd027f9edf,a3cd009f-0ab0-420d-9278-b9fdab939bbc,6a2d0734-bd9e-4ddf-946e-caa52498cb75,d9937e59-61fe-4ec6-92ab-7ac5a19c89b0,d1346436-ac96-4271-b863-1f4fdead95b0,971bdb23-3ff6-43eb-b422-1c30165a3663,17debcc3-0a6b-4b8a-b00b-dc58b885581e,711ebe11-f673-4cd9-9a83-63c60ba54c5b,c0143906-9aed-447e-9436-2ae8512d1b6e,14da1725-c4c2-42b4-ab08-ee0aeb6898b3,081cab31-dccd-428e-8652-f2404cc81c47,78e0584a-4343-4727-8f37-e14e65c2a2db,871c3b6c-7379-419d-bda3-794b239ab90d,ff9b0199-ce04-4cfe-86cc-6c719f08d6e4,de1c2107-70c8-4021-8459-6399f24d01c6,cbf30902-517f-40dc-af90-a550bac27cf1,5c601d96-e4c7-4698-991b-7ee674b11079
8-10-2026 03:28:04-debug:   Number of all scripts: 41
8-10-2026 03:28:04-debug:   Number of other assets: 486
8-10-2026 03:28:04-debug: Init bundle root assets success..., progress: 0%
8-10-2026 03:28:04-debug:   Number of all scenes: 3
8-10-2026 03:28:04-debug: // ---- build task Query asset bundle ---- (16ms)
8-10-2026 03:28:04-log: run build task Query asset bundle success in 16 ms√, progress: 5%
8-10-2026 03:28:04-debug: [Build Memory track]: Query asset bundle start:235.46MB, end 235.37MB, increase: -90.80KB
8-10-2026 03:28:04-debug: Query asset bundle start, progress: 5%
8-10-2026 03:28:04-debug: // ---- build task Query asset bundle ----
8-10-2026 03:28:04-debug: // ---- build task Query asset bundle ---- (9ms)
8-10-2026 03:28:04-log: run build task Query asset bundle success in 9 ms√, progress: 10%
8-10-2026 03:28:04-debug: [Build Memory track]: Query asset bundle start:235.40MB, end 235.53MB, increase: 137.92KB
8-10-2026 03:28:04-debug: Sort some build options to settings.json start, progress: 10%
8-10-2026 03:28:04-debug: // ---- build task Sort some build options to settings.json ----
8-10-2026 03:28:04-debug: // ---- build task Sort some build options to settings.json ---- (3ms)
8-10-2026 03:28:04-debug: [Build Memory track]: Sort some build options to settings.json start:235.56MB, end 235.58MB, increase: 24.98KB
8-10-2026 03:28:04-debug: // ---- build task Fill script data to settings ----
8-10-2026 03:28:04-log: run build task Sort some build options to settings.json success in 3 ms√, progress: 12%
8-10-2026 03:28:04-debug: Fill script data to settings start, progress: 12%
8-10-2026 03:28:04-debug: // ---- build task Fill script data to settings ---- (5ms)
8-10-2026 03:28:04-log: run build task Fill script data to settings success in 5 ms√, progress: 13%
8-10-2026 03:28:04-debug: [Build Memory track]: Fill script data to settings start:235.61MB, end 235.63MB, increase: 24.21KB
8-10-2026 03:28:04-debug: Sort some build options to settings.json start, progress: 13%
8-10-2026 03:28:04-debug: // ---- build task Sort some build options to settings.json ----
8-10-2026 03:28:04-debug: // ---- build task Sort some build options to settings.json ---- (17ms)
8-10-2026 03:28:04-log: run build task Sort some build options to settings.json success in 17 ms√, progress: 15%
8-10-2026 03:28:04-debug: [Build Memory track]: Sort some build options to settings.json start:235.66MB, end 235.79MB, increase: 131.11KB
8-10-2026 03:28:29-debug: Query all assets info in project
8-10-2026 03:28:29-debug: init custom config: keepNodeUuid: false, useCache: true
8-10-2026 03:28:29-debug: Skip compress image, progress: 0%
8-10-2026 03:28:29-debug: Init all bundles start..., progress: 0%
8-10-2026 03:28:29-debug: Query asset bundle start, progress: 0%
8-10-2026 03:28:29-debug: // ---- build task Query asset bundle ----
8-10-2026 03:28:29-debug: Num of bundles: 2..., progress: 0%
8-10-2026 03:28:29-debug: Init bundle root assets start..., progress: 0%
8-10-2026 03:28:29-debug: Query preload assets/scripts from cc.config.json: 60f7195c-ec2a-45eb-ba94-8955f60e81d0,1c02ae6f-4492-4915-b8f8-7492a3b1e4cd,810e96e4-e456-4468-9b59-f4e8f39732c0,efe8e2a3-eace-427b-b4f1-cb8a937ec77d,e9aa9a3e-5b2b-4ac7-a2c7-073de2b2b24f,8bbdbcdd-5cd4-4100-b6d5-b7c9625b6107,50f4348b-c883-4e2f-8f11-ce233b859fa1,fda095cb-831d-4601-ad94-846013963de8,f92806d7-1768-443f-afe8-12bcde84d0f0,dd3a144d-ab7f-41f0-82b8-2e43a090d496,f0416e68-0200-4b77-a926-4f9d16e494da,511d2633-09a7-4bdd-ac42-f778032124b3,5d45aa00-e064-4938-b314-4265f0c2258c,9361fd90-ba52-4f84-aa93-6e878fd576ca,970b0598-bcb0-4714-91fb-2e81440dccd8,bcd64cc6-2dd9-43f6-abbe-66318d332032,d930590d-bb92-4cc8-8bd1-23cd027f9edf,a3cd009f-0ab0-420d-9278-b9fdab939bbc,6a2d0734-bd9e-4ddf-946e-caa52498cb75,d9937e59-61fe-4ec6-92ab-7ac5a19c89b0,d1346436-ac96-4271-b863-1f4fdead95b0,971bdb23-3ff6-43eb-b422-1c30165a3663,17debcc3-0a6b-4b8a-b00b-dc58b885581e,711ebe11-f673-4cd9-9a83-63c60ba54c5b,c0143906-9aed-447e-9436-2ae8512d1b6e,14da1725-c4c2-42b4-ab08-ee0aeb6898b3,081cab31-dccd-428e-8652-f2404cc81c47,78e0584a-4343-4727-8f37-e14e65c2a2db,871c3b6c-7379-419d-bda3-794b239ab90d,ff9b0199-ce04-4cfe-86cc-6c719f08d6e4,de1c2107-70c8-4021-8459-6399f24d01c6,cbf30902-517f-40dc-af90-a550bac27cf1,5c601d96-e4c7-4698-991b-7ee674b11079
8-10-2026 03:28:29-debug:   Number of all scenes: 3
8-10-2026 03:28:29-debug:   Number of all scripts: 41
8-10-2026 03:28:29-debug: // ---- build task Query asset bundle ---- (11ms)
8-10-2026 03:28:29-debug:   Number of other assets: 486
8-10-2026 03:28:29-debug: Init bundle root assets success..., progress: 0%
8-10-2026 03:28:29-log: run build task Query asset bundle success in 11 ms√, progress: 5%
8-10-2026 03:28:29-debug: [Build Memory track]: Query asset bundle start:235.57MB, end 235.47MB, increase: -96.11KB
8-10-2026 03:28:29-debug: // ---- build task Query asset bundle ----
8-10-2026 03:28:29-debug: Query asset bundle start, progress: 5%
8-10-2026 03:28:29-debug: // ---- build task Query asset bundle ---- (7ms)
8-10-2026 03:28:29-debug: [Build Memory track]: Query asset bundle start:235.50MB, end 235.64MB, increase: 140.74KB
8-10-2026 03:28:29-debug: Sort some build options to settings.json start, progress: 10%
8-10-2026 03:28:29-log: run build task Query asset bundle success in 7 ms√, progress: 10%
8-10-2026 03:28:29-debug: // ---- build task Sort some build options to settings.json ----
8-10-2026 03:28:29-debug: // ---- build task Sort some build options to settings.json ---- (3ms)
8-10-2026 03:28:29-log: run build task Sort some build options to settings.json success in 3 ms√, progress: 12%
8-10-2026 03:28:29-debug: [Build Memory track]: Sort some build options to settings.json start:235.67MB, end 235.69MB, increase: 24.96KB
8-10-2026 03:28:29-debug: Fill script data to settings start, progress: 12%
8-10-2026 03:28:29-debug: // ---- build task Fill script data to settings ----
8-10-2026 03:28:29-debug: // ---- build task Fill script data to settings ---- (4ms)
8-10-2026 03:28:29-log: run build task Fill script data to settings success in 4 ms√, progress: 13%
8-10-2026 03:28:29-debug: [Build Memory track]: Fill script data to settings start:235.72MB, end 235.74MB, increase: 24.27KB
8-10-2026 03:28:29-debug: Sort some build options to settings.json start, progress: 13%
8-10-2026 03:28:29-debug: // ---- build task Sort some build options to settings.json ----
8-10-2026 03:28:29-debug: // ---- build task Sort some build options to settings.json ---- (8ms)
8-10-2026 03:28:29-debug: [Build Memory track]: Sort some build options to settings.json start:235.77MB, end 235.89MB, increase: 124.12KB
8-10-2026 03:28:29-log: run build task Sort some build options to settings.json success in 8 ms√, progress: 15%
8-10-2026 03:28:54-debug: Query all assets info in project
8-10-2026 03:28:54-debug: init custom config: keepNodeUuid: false, useCache: true
8-10-2026 03:28:54-debug: Skip compress image, progress: 0%
8-10-2026 03:28:54-debug: Init all bundles start..., progress: 0%
8-10-2026 03:28:54-debug: // ---- build task Query asset bundle ----
8-10-2026 03:28:54-debug: Num of bundles: 2..., progress: 0%
8-10-2026 03:28:54-debug: Init bundle root assets start..., progress: 0%
8-10-2026 03:28:54-debug: Query asset bundle start, progress: 0%
8-10-2026 03:28:54-debug: Query preload assets/scripts from cc.config.json: 60f7195c-ec2a-45eb-ba94-8955f60e81d0,1c02ae6f-4492-4915-b8f8-7492a3b1e4cd,810e96e4-e456-4468-9b59-f4e8f39732c0,efe8e2a3-eace-427b-b4f1-cb8a937ec77d,e9aa9a3e-5b2b-4ac7-a2c7-073de2b2b24f,8bbdbcdd-5cd4-4100-b6d5-b7c9625b6107,50f4348b-c883-4e2f-8f11-ce233b859fa1,fda095cb-831d-4601-ad94-846013963de8,f92806d7-1768-443f-afe8-12bcde84d0f0,dd3a144d-ab7f-41f0-82b8-2e43a090d496,f0416e68-0200-4b77-a926-4f9d16e494da,511d2633-09a7-4bdd-ac42-f778032124b3,5d45aa00-e064-4938-b314-4265f0c2258c,9361fd90-ba52-4f84-aa93-6e878fd576ca,970b0598-bcb0-4714-91fb-2e81440dccd8,bcd64cc6-2dd9-43f6-abbe-66318d332032,d930590d-bb92-4cc8-8bd1-23cd027f9edf,a3cd009f-0ab0-420d-9278-b9fdab939bbc,6a2d0734-bd9e-4ddf-946e-caa52498cb75,d9937e59-61fe-4ec6-92ab-7ac5a19c89b0,d1346436-ac96-4271-b863-1f4fdead95b0,971bdb23-3ff6-43eb-b422-1c30165a3663,17debcc3-0a6b-4b8a-b00b-dc58b885581e,711ebe11-f673-4cd9-9a83-63c60ba54c5b,c0143906-9aed-447e-9436-2ae8512d1b6e,14da1725-c4c2-42b4-ab08-ee0aeb6898b3,081cab31-dccd-428e-8652-f2404cc81c47,78e0584a-4343-4727-8f37-e14e65c2a2db,871c3b6c-7379-419d-bda3-794b239ab90d,ff9b0199-ce04-4cfe-86cc-6c719f08d6e4,de1c2107-70c8-4021-8459-6399f24d01c6,cbf30902-517f-40dc-af90-a550bac27cf1,5c601d96-e4c7-4698-991b-7ee674b11079
8-10-2026 03:28:54-debug:   Number of all scripts: 41
8-10-2026 03:28:54-debug:   Number of other assets: 486
8-10-2026 03:28:54-debug: Init bundle root assets success..., progress: 0%
8-10-2026 03:28:54-debug:   Number of all scenes: 3
8-10-2026 03:28:54-debug: // ---- build task Query asset bundle ---- (13ms)
8-10-2026 03:28:54-log: run build task Query asset bundle success in 13 ms√, progress: 5%
8-10-2026 03:28:54-debug: [Build Memory track]: Query asset bundle start:236.41MB, end 236.23MB, increase: -183.03KB
8-10-2026 03:28:54-debug: Query asset bundle start, progress: 5%
8-10-2026 03:28:54-debug: // ---- build task Query asset bundle ----
8-10-2026 03:28:54-debug: // ---- build task Query asset bundle ---- (6ms)
8-10-2026 03:28:54-debug: Sort some build options to settings.json start, progress: 10%
8-10-2026 03:28:54-log: run build task Query asset bundle success in 6 ms√, progress: 10%
8-10-2026 03:28:54-debug: [Build Memory track]: Query asset bundle start:236.25MB, end 235.58MB, increase: -693.02KB
8-10-2026 03:28:54-debug: // ---- build task Sort some build options to settings.json ----
8-10-2026 03:28:54-debug: // ---- build task Sort some build options to settings.json ---- (4ms)
8-10-2026 03:28:54-debug: [Build Memory track]: Sort some build options to settings.json start:235.60MB, end 235.63MB, increase: 24.88KB
8-10-2026 03:28:54-debug: Fill script data to settings start, progress: 12%
8-10-2026 03:28:54-debug: // ---- build task Fill script data to settings ----
8-10-2026 03:28:54-log: run build task Sort some build options to settings.json success in 4 ms√, progress: 12%
8-10-2026 03:28:54-debug: // ---- build task Fill script data to settings ---- (4ms)
8-10-2026 03:28:54-debug: [Build Memory track]: Fill script data to settings start:235.65MB, end 235.68MB, increase: 24.29KB
8-10-2026 03:28:54-debug: Sort some build options to settings.json start, progress: 13%
8-10-2026 03:28:54-log: run build task Fill script data to settings success in 4 ms√, progress: 13%
8-10-2026 03:28:54-debug: // ---- build task Sort some build options to settings.json ----
8-10-2026 03:28:54-debug: // ---- build task Sort some build options to settings.json ---- (12ms)
8-10-2026 03:28:54-log: run build task Sort some build options to settings.json success in 12 ms√, progress: 15%
8-10-2026 03:28:54-debug: [Build Memory track]: Sort some build options to settings.json start:235.71MB, end 235.84MB, increase: 138.61KB
8-10-2026 03:29:24-debug: Query all assets info in project
8-10-2026 03:29:24-debug: init custom config: keepNodeUuid: false, useCache: true
8-10-2026 03:29:24-debug: Skip compress image, progress: 0%
8-10-2026 03:29:24-debug: Init all bundles start..., progress: 0%
8-10-2026 03:29:24-debug: Num of bundles: 2..., progress: 0%
8-10-2026 03:29:24-debug: Query asset bundle start, progress: 0%
8-10-2026 03:29:24-debug: // ---- build task Query asset bundle ----
8-10-2026 03:29:24-debug: Init bundle root assets start..., progress: 0%
8-10-2026 03:29:24-debug: Query preload assets/scripts from cc.config.json: 60f7195c-ec2a-45eb-ba94-8955f60e81d0,1c02ae6f-4492-4915-b8f8-7492a3b1e4cd,810e96e4-e456-4468-9b59-f4e8f39732c0,efe8e2a3-eace-427b-b4f1-cb8a937ec77d,e9aa9a3e-5b2b-4ac7-a2c7-073de2b2b24f,8bbdbcdd-5cd4-4100-b6d5-b7c9625b6107,50f4348b-c883-4e2f-8f11-ce233b859fa1,fda095cb-831d-4601-ad94-846013963de8,f92806d7-1768-443f-afe8-12bcde84d0f0,dd3a144d-ab7f-41f0-82b8-2e43a090d496,f0416e68-0200-4b77-a926-4f9d16e494da,511d2633-09a7-4bdd-ac42-f778032124b3,5d45aa00-e064-4938-b314-4265f0c2258c,9361fd90-ba52-4f84-aa93-6e878fd576ca,970b0598-bcb0-4714-91fb-2e81440dccd8,bcd64cc6-2dd9-43f6-abbe-66318d332032,d930590d-bb92-4cc8-8bd1-23cd027f9edf,a3cd009f-0ab0-420d-9278-b9fdab939bbc,6a2d0734-bd9e-4ddf-946e-caa52498cb75,d9937e59-61fe-4ec6-92ab-7ac5a19c89b0,d1346436-ac96-4271-b863-1f4fdead95b0,971bdb23-3ff6-43eb-b422-1c30165a3663,17debcc3-0a6b-4b8a-b00b-dc58b885581e,711ebe11-f673-4cd9-9a83-63c60ba54c5b,c0143906-9aed-447e-9436-2ae8512d1b6e,14da1725-c4c2-42b4-ab08-ee0aeb6898b3,081cab31-dccd-428e-8652-f2404cc81c47,78e0584a-4343-4727-8f37-e14e65c2a2db,871c3b6c-7379-419d-bda3-794b239ab90d,ff9b0199-ce04-4cfe-86cc-6c719f08d6e4,de1c2107-70c8-4021-8459-6399f24d01c6,cbf30902-517f-40dc-af90-a550bac27cf1,5c601d96-e4c7-4698-991b-7ee674b11079
8-10-2026 03:29:24-debug:   Number of all scenes: 3
8-10-2026 03:29:24-debug:   Number of all scripts: 41
8-10-2026 03:29:24-debug: Init bundle root assets success..., progress: 0%
8-10-2026 03:29:24-debug:   Number of other assets: 486
8-10-2026 03:29:24-debug: // ---- build task Query asset bundle ---- (10ms)
8-10-2026 03:29:24-log: run build task Query asset bundle success in 10 ms√, progress: 5%
8-10-2026 03:29:24-debug: Query asset bundle start, progress: 5%
8-10-2026 03:29:24-debug: // ---- build task Query asset bundle ----
8-10-2026 03:29:24-debug: [Build Memory track]: Query asset bundle start:236.37MB, end 236.33MB, increase: -38.20KB
8-10-2026 03:29:24-debug: // ---- build task Query asset bundle ---- (5ms)
8-10-2026 03:29:24-debug: Sort some build options to settings.json start, progress: 10%
8-10-2026 03:29:24-log: run build task Query asset bundle success in 5 ms√, progress: 10%
8-10-2026 03:29:24-debug: [Build Memory track]: Query asset bundle start:236.36MB, end 235.68MB, increase: -693.12KB
8-10-2026 03:29:24-debug: // ---- build task Sort some build options to settings.json ----
8-10-2026 03:29:24-debug: // ---- build task Sort some build options to settings.json ---- (3ms)
8-10-2026 03:29:24-log: run build task Sort some build options to settings.json success in 3 ms√, progress: 12%
8-10-2026 03:29:24-debug: [Build Memory track]: Sort some build options to settings.json start:235.71MB, end 235.73MB, increase: 25.07KB
8-10-2026 03:29:24-debug: Fill script data to settings start, progress: 12%
8-10-2026 03:29:24-debug: // ---- build task Fill script data to settings ----
8-10-2026 03:29:24-debug: // ---- build task Fill script data to settings ---- (5ms)
8-10-2026 03:29:24-log: run build task Fill script data to settings success in 5 ms√, progress: 13%
8-10-2026 03:29:24-debug: [Build Memory track]: Fill script data to settings start:235.76MB, end 235.78MB, increase: 24.27KB
8-10-2026 03:29:24-debug: Sort some build options to settings.json start, progress: 13%
8-10-2026 03:29:24-debug: // ---- build task Sort some build options to settings.json ----
8-10-2026 03:29:24-debug: // ---- build task Sort some build options to settings.json ---- (12ms)
8-10-2026 03:29:24-log: run build task Sort some build options to settings.json success in 12 ms√, progress: 15%
8-10-2026 03:29:24-debug: [Build Memory track]: Sort some build options to settings.json start:235.81MB, end 235.94MB, increase: 138.91KB
8-10-2026 03:29:45-debug: Query all assets info in project
8-10-2026 03:29:45-debug: init custom config: keepNodeUuid: false, useCache: true
8-10-2026 03:29:45-debug: Skip compress image, progress: 0%
8-10-2026 03:29:45-debug: Num of bundles: 2..., progress: 0%
8-10-2026 03:29:45-debug: Init all bundles start..., progress: 0%
8-10-2026 03:29:45-debug: // ---- build task Query asset bundle ----
8-10-2026 03:29:45-debug: Query asset bundle start, progress: 0%
8-10-2026 03:29:45-debug: Init bundle root assets start..., progress: 0%
8-10-2026 03:29:45-debug: Query preload assets/scripts from cc.config.json: 60f7195c-ec2a-45eb-ba94-8955f60e81d0,1c02ae6f-4492-4915-b8f8-7492a3b1e4cd,810e96e4-e456-4468-9b59-f4e8f39732c0,efe8e2a3-eace-427b-b4f1-cb8a937ec77d,e9aa9a3e-5b2b-4ac7-a2c7-073de2b2b24f,8bbdbcdd-5cd4-4100-b6d5-b7c9625b6107,50f4348b-c883-4e2f-8f11-ce233b859fa1,fda095cb-831d-4601-ad94-846013963de8,f92806d7-1768-443f-afe8-12bcde84d0f0,dd3a144d-ab7f-41f0-82b8-2e43a090d496,f0416e68-0200-4b77-a926-4f9d16e494da,511d2633-09a7-4bdd-ac42-f778032124b3,5d45aa00-e064-4938-b314-4265f0c2258c,9361fd90-ba52-4f84-aa93-6e878fd576ca,970b0598-bcb0-4714-91fb-2e81440dccd8,bcd64cc6-2dd9-43f6-abbe-66318d332032,d930590d-bb92-4cc8-8bd1-23cd027f9edf,a3cd009f-0ab0-420d-9278-b9fdab939bbc,6a2d0734-bd9e-4ddf-946e-caa52498cb75,d9937e59-61fe-4ec6-92ab-7ac5a19c89b0,d1346436-ac96-4271-b863-1f4fdead95b0,971bdb23-3ff6-43eb-b422-1c30165a3663,17debcc3-0a6b-4b8a-b00b-dc58b885581e,711ebe11-f673-4cd9-9a83-63c60ba54c5b,c0143906-9aed-447e-9436-2ae8512d1b6e,14da1725-c4c2-42b4-ab08-ee0aeb6898b3,081cab31-dccd-428e-8652-f2404cc81c47,78e0584a-4343-4727-8f37-e14e65c2a2db,871c3b6c-7379-419d-bda3-794b239ab90d,ff9b0199-ce04-4cfe-86cc-6c719f08d6e4,de1c2107-70c8-4021-8459-6399f24d01c6,cbf30902-517f-40dc-af90-a550bac27cf1,5c601d96-e4c7-4698-991b-7ee674b11079
8-10-2026 03:29:45-debug:   Number of all scenes: 3
8-10-2026 03:29:45-debug:   Number of other assets: 486
8-10-2026 03:29:45-debug: Init bundle root assets success..., progress: 0%
8-10-2026 03:29:45-debug:   Number of all scripts: 41
8-10-2026 03:29:45-debug: // ---- build task Query asset bundle ---- (10ms)
8-10-2026 03:29:45-log: run build task Query asset bundle success in 10 ms√, progress: 5%
8-10-2026 03:29:45-debug: [Build Memory track]: Query asset bundle start:236.44MB, end 236.40MB, increase: -36.53KB
8-10-2026 03:29:45-debug: Query asset bundle start, progress: 5%
8-10-2026 03:29:45-debug: // ---- build task Query asset bundle ----
8-10-2026 03:29:45-debug: // ---- build task Query asset bundle ---- (7ms)
8-10-2026 03:29:45-log: run build task Query asset bundle success in 7 ms√, progress: 10%
8-10-2026 03:29:45-debug: // ---- build task Sort some build options to settings.json ----
8-10-2026 03:29:45-debug: [Build Memory track]: Query asset bundle start:236.43MB, end 235.78MB, increase: -660.59KB
8-10-2026 03:29:45-debug: Sort some build options to settings.json start, progress: 10%
8-10-2026 03:29:45-debug: // ---- build task Sort some build options to settings.json ---- (2ms)
8-10-2026 03:29:45-log: run build task Sort some build options to settings.json success in 2 ms√, progress: 12%
8-10-2026 03:29:45-debug: [Build Memory track]: Sort some build options to settings.json start:235.81MB, end 235.84MB, increase: 24.90KB
8-10-2026 03:29:45-debug: Fill script data to settings start, progress: 12%
8-10-2026 03:29:45-debug: // ---- build task Fill script data to settings ----
8-10-2026 03:29:45-debug: // ---- build task Fill script data to settings ---- (4ms)
8-10-2026 03:29:45-log: run build task Fill script data to settings success in 4 ms√, progress: 13%
8-10-2026 03:29:45-debug: [Build Memory track]: Fill script data to settings start:235.86MB, end 235.89MB, increase: 24.27KB
8-10-2026 03:29:45-debug: Sort some build options to settings.json start, progress: 13%
8-10-2026 03:29:45-debug: // ---- build task Sort some build options to settings.json ----
8-10-2026 03:29:45-debug: // ---- build task Sort some build options to settings.json ---- (15ms)
8-10-2026 03:29:45-log: run build task Sort some build options to settings.json success in 15 ms√, progress: 15%
8-10-2026 03:29:45-debug: [Build Memory track]: Sort some build options to settings.json start:235.91MB, end 236.05MB, increase: 139.09KB
8-10-2026 03:30:09-debug: Query all assets info in project
8-10-2026 03:30:09-debug: init custom config: keepNodeUuid: false, useCache: true
8-10-2026 03:30:09-debug: Skip compress image, progress: 0%
8-10-2026 03:30:09-debug: Num of bundles: 2..., progress: 0%
8-10-2026 03:30:09-debug: Query asset bundle start, progress: 0%
8-10-2026 03:30:09-debug: Init all bundles start..., progress: 0%
8-10-2026 03:30:09-debug: // ---- build task Query asset bundle ----
8-10-2026 03:30:09-debug: Init bundle root assets start..., progress: 0%
8-10-2026 03:30:09-debug: Query preload assets/scripts from cc.config.json: 60f7195c-ec2a-45eb-ba94-8955f60e81d0,1c02ae6f-4492-4915-b8f8-7492a3b1e4cd,810e96e4-e456-4468-9b59-f4e8f39732c0,efe8e2a3-eace-427b-b4f1-cb8a937ec77d,e9aa9a3e-5b2b-4ac7-a2c7-073de2b2b24f,8bbdbcdd-5cd4-4100-b6d5-b7c9625b6107,50f4348b-c883-4e2f-8f11-ce233b859fa1,fda095cb-831d-4601-ad94-846013963de8,f92806d7-1768-443f-afe8-12bcde84d0f0,dd3a144d-ab7f-41f0-82b8-2e43a090d496,f0416e68-0200-4b77-a926-4f9d16e494da,511d2633-09a7-4bdd-ac42-f778032124b3,5d45aa00-e064-4938-b314-4265f0c2258c,9361fd90-ba52-4f84-aa93-6e878fd576ca,970b0598-bcb0-4714-91fb-2e81440dccd8,bcd64cc6-2dd9-43f6-abbe-66318d332032,d930590d-bb92-4cc8-8bd1-23cd027f9edf,a3cd009f-0ab0-420d-9278-b9fdab939bbc,6a2d0734-bd9e-4ddf-946e-caa52498cb75,d9937e59-61fe-4ec6-92ab-7ac5a19c89b0,d1346436-ac96-4271-b863-1f4fdead95b0,971bdb23-3ff6-43eb-b422-1c30165a3663,17debcc3-0a6b-4b8a-b00b-dc58b885581e,711ebe11-f673-4cd9-9a83-63c60ba54c5b,c0143906-9aed-447e-9436-2ae8512d1b6e,14da1725-c4c2-42b4-ab08-ee0aeb6898b3,081cab31-dccd-428e-8652-f2404cc81c47,78e0584a-4343-4727-8f37-e14e65c2a2db,871c3b6c-7379-419d-bda3-794b239ab90d,ff9b0199-ce04-4cfe-86cc-6c719f08d6e4,de1c2107-70c8-4021-8459-6399f24d01c6,cbf30902-517f-40dc-af90-a550bac27cf1,5c601d96-e4c7-4698-991b-7ee674b11079
8-10-2026 03:30:09-debug:   Number of all scripts: 41
8-10-2026 03:30:09-debug:   Number of other assets: 486
8-10-2026 03:30:09-debug:   Number of all scenes: 3
8-10-2026 03:30:09-debug: Init bundle root assets success..., progress: 0%
8-10-2026 03:30:09-debug: // ---- build task Query asset bundle ---- (10ms)
8-10-2026 03:30:09-log: run build task Query asset bundle success in 10 ms√, progress: 5%
8-10-2026 03:30:09-debug: [Build Memory track]: Query asset bundle start:236.54MB, end 236.51MB, increase: -37.23KB
8-10-2026 03:30:09-debug: Query asset bundle start, progress: 5%
8-10-2026 03:30:09-debug: // ---- build task Query asset bundle ----
8-10-2026 03:30:09-debug: // ---- build task Query asset bundle ---- (10ms)
8-10-2026 03:30:09-log: run build task Query asset bundle success in 10 ms√, progress: 10%
8-10-2026 03:30:09-debug: [Build Memory track]: Query asset bundle start:236.53MB, end 235.89MB, increase: -660.07KB
8-10-2026 03:30:09-debug: Sort some build options to settings.json start, progress: 10%
8-10-2026 03:30:09-debug: // ---- build task Sort some build options to settings.json ----
8-10-2026 03:30:09-debug: // ---- build task Sort some build options to settings.json ---- (3ms)
8-10-2026 03:30:09-log: run build task Sort some build options to settings.json success in 3 ms√, progress: 12%
8-10-2026 03:30:09-debug: [Build Memory track]: Sort some build options to settings.json start:235.92MB, end 235.94MB, increase: 24.99KB
8-10-2026 03:30:09-debug: Fill script data to settings start, progress: 12%
8-10-2026 03:30:09-debug: // ---- build task Fill script data to settings ----
8-10-2026 03:30:09-debug: // ---- build task Fill script data to settings ---- (2ms)
8-10-2026 03:30:09-debug: Sort some build options to settings.json start, progress: 13%
8-10-2026 03:30:09-log: run build task Fill script data to settings success in 2 ms√, progress: 13%
8-10-2026 03:30:09-debug: [Build Memory track]: Fill script data to settings start:235.97MB, end 235.99MB, increase: 24.27KB
8-10-2026 03:30:09-debug: // ---- build task Sort some build options to settings.json ----
8-10-2026 03:30:09-debug: // ---- build task Sort some build options to settings.json ---- (11ms)
8-10-2026 03:30:09-log: run build task Sort some build options to settings.json success in 11 ms√, progress: 15%
8-10-2026 03:30:09-debug: [Build Memory track]: Sort some build options to settings.json start:236.02MB, end 236.15MB, increase: 139.13KB
8-10-2026 03:30:33-debug: Query all assets info in project
8-10-2026 03:30:33-debug: init custom config: keepNodeUuid: false, useCache: true
8-10-2026 03:30:33-debug: Skip compress image, progress: 0%
8-10-2026 03:30:33-debug: Init all bundles start..., progress: 0%
8-10-2026 03:30:33-debug: // ---- build task Query asset bundle ----
8-10-2026 03:30:33-debug: Init bundle root assets start..., progress: 0%
8-10-2026 03:30:33-debug: Num of bundles: 2..., progress: 0%
8-10-2026 03:30:33-debug: Query asset bundle start, progress: 0%
8-10-2026 03:30:33-debug: Query preload assets/scripts from cc.config.json: 60f7195c-ec2a-45eb-ba94-8955f60e81d0,1c02ae6f-4492-4915-b8f8-7492a3b1e4cd,810e96e4-e456-4468-9b59-f4e8f39732c0,efe8e2a3-eace-427b-b4f1-cb8a937ec77d,e9aa9a3e-5b2b-4ac7-a2c7-073de2b2b24f,8bbdbcdd-5cd4-4100-b6d5-b7c9625b6107,50f4348b-c883-4e2f-8f11-ce233b859fa1,fda095cb-831d-4601-ad94-846013963de8,f92806d7-1768-443f-afe8-12bcde84d0f0,dd3a144d-ab7f-41f0-82b8-2e43a090d496,f0416e68-0200-4b77-a926-4f9d16e494da,511d2633-09a7-4bdd-ac42-f778032124b3,5d45aa00-e064-4938-b314-4265f0c2258c,9361fd90-ba52-4f84-aa93-6e878fd576ca,970b0598-bcb0-4714-91fb-2e81440dccd8,bcd64cc6-2dd9-43f6-abbe-66318d332032,d930590d-bb92-4cc8-8bd1-23cd027f9edf,a3cd009f-0ab0-420d-9278-b9fdab939bbc,6a2d0734-bd9e-4ddf-946e-caa52498cb75,d9937e59-61fe-4ec6-92ab-7ac5a19c89b0,d1346436-ac96-4271-b863-1f4fdead95b0,971bdb23-3ff6-43eb-b422-1c30165a3663,17debcc3-0a6b-4b8a-b00b-dc58b885581e,711ebe11-f673-4cd9-9a83-63c60ba54c5b,c0143906-9aed-447e-9436-2ae8512d1b6e,14da1725-c4c2-42b4-ab08-ee0aeb6898b3,081cab31-dccd-428e-8652-f2404cc81c47,78e0584a-4343-4727-8f37-e14e65c2a2db,871c3b6c-7379-419d-bda3-794b239ab90d,ff9b0199-ce04-4cfe-86cc-6c719f08d6e4,de1c2107-70c8-4021-8459-6399f24d01c6,cbf30902-517f-40dc-af90-a550bac27cf1,5c601d96-e4c7-4698-991b-7ee674b11079
8-10-2026 03:30:33-debug:   Number of all scenes: 3
8-10-2026 03:30:33-debug:   Number of all scripts: 41
8-10-2026 03:30:33-debug:   Number of other assets: 486
8-10-2026 03:30:33-debug: Init bundle root assets success..., progress: 0%
8-10-2026 03:30:33-debug: // ---- build task Query asset bundle ---- (13ms)
8-10-2026 03:30:33-log: run build task Query asset bundle success in 13 ms√, progress: 5%
8-10-2026 03:30:33-debug: [Build Memory track]: Query asset bundle start:236.68MB, end 236.65MB, increase: -32.65KB
8-10-2026 03:30:33-debug: Query asset bundle start, progress: 5%
8-10-2026 03:30:33-debug: // ---- build task Query asset bundle ----
8-10-2026 03:30:33-debug: // ---- build task Query asset bundle ---- (6ms)
8-10-2026 03:30:33-log: run build task Query asset bundle success in 6 ms√, progress: 10%
8-10-2026 03:30:33-debug: [Build Memory track]: Query asset bundle start:236.67MB, end 236.01MB, increase: -683.11KB
8-10-2026 03:30:33-debug: Sort some build options to settings.json start, progress: 10%
8-10-2026 03:30:33-debug: // ---- build task Sort some build options to settings.json ----
8-10-2026 03:30:33-debug: // ---- build task Sort some build options to settings.json ---- (2ms)
8-10-2026 03:30:33-log: run build task Sort some build options to settings.json success in 2 ms√, progress: 12%
8-10-2026 03:30:33-debug: [Build Memory track]: Sort some build options to settings.json start:236.03MB, end 236.06MB, increase: 24.88KB
8-10-2026 03:30:33-debug: Fill script data to settings start, progress: 12%
8-10-2026 03:30:33-debug: // ---- build task Fill script data to settings ----
8-10-2026 03:30:33-debug: // ---- build task Fill script data to settings ---- (5ms)
8-10-2026 03:30:33-log: run build task Fill script data to settings success in 5 ms√, progress: 13%
8-10-2026 03:30:33-debug: [Build Memory track]: Fill script data to settings start:236.09MB, end 236.11MB, increase: 24.27KB
8-10-2026 03:30:33-debug: Sort some build options to settings.json start, progress: 13%
8-10-2026 03:30:33-debug: // ---- build task Sort some build options to settings.json ----
8-10-2026 03:30:33-debug: // ---- build task Sort some build options to settings.json ---- (13ms)
8-10-2026 03:30:33-log: run build task Sort some build options to settings.json success in 13 ms√, progress: 15%
8-10-2026 03:30:33-debug: [Build Memory track]: Sort some build options to settings.json start:236.14MB, end 236.26MB, increase: 128.18KB
8-10-2026 03:30:55-debug: Query all assets info in project
8-10-2026 03:30:55-debug: init custom config: keepNodeUuid: false, useCache: true
8-10-2026 03:30:55-debug: Skip compress image, progress: 0%
8-10-2026 03:30:55-debug: Init all bundles start..., progress: 0%
8-10-2026 03:30:55-debug: Num of bundles: 2..., progress: 0%
8-10-2026 03:30:55-debug: Query asset bundle start, progress: 0%
8-10-2026 03:30:55-debug: // ---- build task Query asset bundle ----
8-10-2026 03:30:55-debug: Init bundle root assets start..., progress: 0%
8-10-2026 03:30:55-debug: Query preload assets/scripts from cc.config.json: 60f7195c-ec2a-45eb-ba94-8955f60e81d0,1c02ae6f-4492-4915-b8f8-7492a3b1e4cd,810e96e4-e456-4468-9b59-f4e8f39732c0,efe8e2a3-eace-427b-b4f1-cb8a937ec77d,e9aa9a3e-5b2b-4ac7-a2c7-073de2b2b24f,8bbdbcdd-5cd4-4100-b6d5-b7c9625b6107,50f4348b-c883-4e2f-8f11-ce233b859fa1,fda095cb-831d-4601-ad94-846013963de8,f92806d7-1768-443f-afe8-12bcde84d0f0,dd3a144d-ab7f-41f0-82b8-2e43a090d496,f0416e68-0200-4b77-a926-4f9d16e494da,511d2633-09a7-4bdd-ac42-f778032124b3,5d45aa00-e064-4938-b314-4265f0c2258c,9361fd90-ba52-4f84-aa93-6e878fd576ca,970b0598-bcb0-4714-91fb-2e81440dccd8,bcd64cc6-2dd9-43f6-abbe-66318d332032,d930590d-bb92-4cc8-8bd1-23cd027f9edf,a3cd009f-0ab0-420d-9278-b9fdab939bbc,6a2d0734-bd9e-4ddf-946e-caa52498cb75,d9937e59-61fe-4ec6-92ab-7ac5a19c89b0,d1346436-ac96-4271-b863-1f4fdead95b0,971bdb23-3ff6-43eb-b422-1c30165a3663,17debcc3-0a6b-4b8a-b00b-dc58b885581e,711ebe11-f673-4cd9-9a83-63c60ba54c5b,c0143906-9aed-447e-9436-2ae8512d1b6e,14da1725-c4c2-42b4-ab08-ee0aeb6898b3,081cab31-dccd-428e-8652-f2404cc81c47,78e0584a-4343-4727-8f37-e14e65c2a2db,871c3b6c-7379-419d-bda3-794b239ab90d,ff9b0199-ce04-4cfe-86cc-6c719f08d6e4,de1c2107-70c8-4021-8459-6399f24d01c6,cbf30902-517f-40dc-af90-a550bac27cf1,5c601d96-e4c7-4698-991b-7ee674b11079
8-10-2026 03:30:55-debug:   Number of all scenes: 3
8-10-2026 03:30:55-debug:   Number of other assets: 486
8-10-2026 03:30:55-debug: Init bundle root assets success..., progress: 0%
8-10-2026 03:30:55-debug:   Number of all scripts: 41
8-10-2026 03:30:55-debug: // ---- build task Query asset bundle ---- (11ms)
8-10-2026 03:30:55-debug: [Build Memory track]: Query asset bundle start:236.77MB, end 236.75MB, increase: -15.86KB
8-10-2026 03:30:55-debug: Query asset bundle start, progress: 5%
8-10-2026 03:30:55-log: run build task Query asset bundle success in 11 ms√, progress: 5%
8-10-2026 03:30:55-debug: // ---- build task Query asset bundle ----
8-10-2026 03:30:55-debug: // ---- build task Query asset bundle ---- (7ms)
8-10-2026 03:30:55-log: run build task Query asset bundle success in 7 ms√, progress: 10%
8-10-2026 03:30:55-debug: Sort some build options to settings.json start, progress: 10%
8-10-2026 03:30:55-debug: [Build Memory track]: Query asset bundle start:236.78MB, end 236.10MB, increase: -700.18KB
8-10-2026 03:30:55-debug: // ---- build task Sort some build options to settings.json ----
8-10-2026 03:30:55-debug: // ---- build task Sort some build options to settings.json ---- (3ms)
8-10-2026 03:30:55-log: run build task Sort some build options to settings.json success in 3 ms√, progress: 12%
8-10-2026 03:30:55-debug: [Build Memory track]: Sort some build options to settings.json start:236.12MB, end 236.15MB, increase: 24.96KB
8-10-2026 03:30:55-debug: Fill script data to settings start, progress: 12%
8-10-2026 03:30:55-debug: // ---- build task Fill script data to settings ----
8-10-2026 03:30:55-debug: // ---- build task Fill script data to settings ---- (6ms)
8-10-2026 03:30:55-log: run build task Fill script data to settings success in 6 ms√, progress: 13%
8-10-2026 03:30:55-debug: Sort some build options to settings.json start, progress: 13%
8-10-2026 03:30:55-debug: [Build Memory track]: Fill script data to settings start:236.17MB, end 236.20MB, increase: 24.24KB
8-10-2026 03:30:55-debug: // ---- build task Sort some build options to settings.json ----
8-10-2026 03:30:55-debug: // ---- build task Sort some build options to settings.json ---- (12ms)
8-10-2026 03:30:55-log: run build task Sort some build options to settings.json success in 12 ms√, progress: 15%
8-10-2026 03:30:55-debug: [Build Memory track]: Sort some build options to settings.json start:236.22MB, end 236.35MB, increase: 125.30KB
8-10-2026 03:31:19-debug: Query all assets info in project
8-10-2026 03:31:19-debug: init custom config: keepNodeUuid: false, useCache: true
8-10-2026 03:31:19-debug: Skip compress image, progress: 0%
8-10-2026 03:31:19-debug: Init all bundles start..., progress: 0%
8-10-2026 03:31:19-debug: Query asset bundle start, progress: 0%
8-10-2026 03:31:19-debug: // ---- build task Query asset bundle ----
8-10-2026 03:31:19-debug: Num of bundles: 2..., progress: 0%
8-10-2026 03:31:19-debug: Init bundle root assets start..., progress: 0%
8-10-2026 03:31:19-debug: Query preload assets/scripts from cc.config.json: 60f7195c-ec2a-45eb-ba94-8955f60e81d0,1c02ae6f-4492-4915-b8f8-7492a3b1e4cd,810e96e4-e456-4468-9b59-f4e8f39732c0,efe8e2a3-eace-427b-b4f1-cb8a937ec77d,e9aa9a3e-5b2b-4ac7-a2c7-073de2b2b24f,8bbdbcdd-5cd4-4100-b6d5-b7c9625b6107,50f4348b-c883-4e2f-8f11-ce233b859fa1,fda095cb-831d-4601-ad94-846013963de8,f92806d7-1768-443f-afe8-12bcde84d0f0,dd3a144d-ab7f-41f0-82b8-2e43a090d496,f0416e68-0200-4b77-a926-4f9d16e494da,511d2633-09a7-4bdd-ac42-f778032124b3,5d45aa00-e064-4938-b314-4265f0c2258c,9361fd90-ba52-4f84-aa93-6e878fd576ca,970b0598-bcb0-4714-91fb-2e81440dccd8,bcd64cc6-2dd9-43f6-abbe-66318d332032,d930590d-bb92-4cc8-8bd1-23cd027f9edf,a3cd009f-0ab0-420d-9278-b9fdab939bbc,6a2d0734-bd9e-4ddf-946e-caa52498cb75,d9937e59-61fe-4ec6-92ab-7ac5a19c89b0,d1346436-ac96-4271-b863-1f4fdead95b0,971bdb23-3ff6-43eb-b422-1c30165a3663,17debcc3-0a6b-4b8a-b00b-dc58b885581e,711ebe11-f673-4cd9-9a83-63c60ba54c5b,c0143906-9aed-447e-9436-2ae8512d1b6e,14da1725-c4c2-42b4-ab08-ee0aeb6898b3,081cab31-dccd-428e-8652-f2404cc81c47,78e0584a-4343-4727-8f37-e14e65c2a2db,871c3b6c-7379-419d-bda3-794b239ab90d,ff9b0199-ce04-4cfe-86cc-6c719f08d6e4,de1c2107-70c8-4021-8459-6399f24d01c6,cbf30902-517f-40dc-af90-a550bac27cf1,5c601d96-e4c7-4698-991b-7ee674b11079
8-10-2026 03:31:19-debug:   Number of other assets: 486
8-10-2026 03:31:19-debug: Init bundle root assets success..., progress: 0%
8-10-2026 03:31:19-debug:   Number of all scripts: 41
8-10-2026 03:31:19-debug:   Number of all scenes: 3
8-10-2026 03:31:19-log: run build task Query asset bundle success in 12 ms√, progress: 5%
8-10-2026 03:31:19-debug: [Build Memory track]: Query asset bundle start:236.85MB, end 236.64MB, increase: -224.58KB
8-10-2026 03:31:19-debug: Query asset bundle start, progress: 5%
8-10-2026 03:31:19-debug: // ---- build task Query asset bundle ---- (12ms)
8-10-2026 03:31:19-debug: // ---- build task Query asset bundle ----
8-10-2026 03:31:19-debug: // ---- build task Query asset bundle ---- (7ms)
8-10-2026 03:31:19-log: run build task Query asset bundle success in 7 ms√, progress: 10%
8-10-2026 03:31:19-debug: [Build Memory track]: Query asset bundle start:236.66MB, end 236.80MB, increase: 137.79KB
8-10-2026 03:31:19-debug: Sort some build options to settings.json start, progress: 10%
8-10-2026 03:31:19-debug: // ---- build task Sort some build options to settings.json ----
8-10-2026 03:31:19-debug: // ---- build task Sort some build options to settings.json ---- (2ms)
8-10-2026 03:31:19-log: run build task Sort some build options to settings.json success in 2 ms√, progress: 12%
8-10-2026 03:31:19-debug: [Build Memory track]: Sort some build options to settings.json start:236.82MB, end 236.85MB, increase: 24.90KB
8-10-2026 03:31:19-debug: Fill script data to settings start, progress: 12%
8-10-2026 03:31:19-debug: // ---- build task Fill script data to settings ----
8-10-2026 03:31:19-debug: // ---- build task Fill script data to settings ---- (2ms)
8-10-2026 03:31:19-log: run build task Fill script data to settings success in 2 ms√, progress: 13%
8-10-2026 03:31:19-debug: [Build Memory track]: Fill script data to settings start:236.87MB, end 236.90MB, increase: 24.27KB
8-10-2026 03:31:19-debug: Sort some build options to settings.json start, progress: 13%
8-10-2026 03:31:19-debug: // ---- build task Sort some build options to settings.json ----
8-10-2026 03:31:19-debug: // ---- build task Sort some build options to settings.json ---- (12ms)
8-10-2026 03:31:19-log: run build task Sort some build options to settings.json success in 12 ms√, progress: 15%
8-10-2026 03:31:19-debug: [Build Memory track]: Sort some build options to settings.json start:236.92MB, end 236.31MB, increase: -633.79KB
8-10-2026 03:31:40-debug: Query all assets info in project
8-10-2026 03:31:40-debug: init custom config: keepNodeUuid: false, useCache: true
8-10-2026 03:31:40-debug: Skip compress image, progress: 0%
8-10-2026 03:31:40-debug: Init all bundles start..., progress: 0%
8-10-2026 03:31:40-debug: Query asset bundle start, progress: 0%
8-10-2026 03:31:40-debug: // ---- build task Query asset bundle ----
8-10-2026 03:31:40-debug: Num of bundles: 2..., progress: 0%
8-10-2026 03:31:40-debug: Init bundle root assets start..., progress: 0%
8-10-2026 03:31:40-debug: Query preload assets/scripts from cc.config.json: 60f7195c-ec2a-45eb-ba94-8955f60e81d0,1c02ae6f-4492-4915-b8f8-7492a3b1e4cd,810e96e4-e456-4468-9b59-f4e8f39732c0,efe8e2a3-eace-427b-b4f1-cb8a937ec77d,e9aa9a3e-5b2b-4ac7-a2c7-073de2b2b24f,8bbdbcdd-5cd4-4100-b6d5-b7c9625b6107,50f4348b-c883-4e2f-8f11-ce233b859fa1,fda095cb-831d-4601-ad94-846013963de8,f92806d7-1768-443f-afe8-12bcde84d0f0,dd3a144d-ab7f-41f0-82b8-2e43a090d496,f0416e68-0200-4b77-a926-4f9d16e494da,511d2633-09a7-4bdd-ac42-f778032124b3,5d45aa00-e064-4938-b314-4265f0c2258c,9361fd90-ba52-4f84-aa93-6e878fd576ca,970b0598-bcb0-4714-91fb-2e81440dccd8,bcd64cc6-2dd9-43f6-abbe-66318d332032,d930590d-bb92-4cc8-8bd1-23cd027f9edf,a3cd009f-0ab0-420d-9278-b9fdab939bbc,6a2d0734-bd9e-4ddf-946e-caa52498cb75,d9937e59-61fe-4ec6-92ab-7ac5a19c89b0,d1346436-ac96-4271-b863-1f4fdead95b0,971bdb23-3ff6-43eb-b422-1c30165a3663,17debcc3-0a6b-4b8a-b00b-dc58b885581e,711ebe11-f673-4cd9-9a83-63c60ba54c5b,c0143906-9aed-447e-9436-2ae8512d1b6e,14da1725-c4c2-42b4-ab08-ee0aeb6898b3,081cab31-dccd-428e-8652-f2404cc81c47,78e0584a-4343-4727-8f37-e14e65c2a2db,871c3b6c-7379-419d-bda3-794b239ab90d,ff9b0199-ce04-4cfe-86cc-6c719f08d6e4,de1c2107-70c8-4021-8459-6399f24d01c6,cbf30902-517f-40dc-af90-a550bac27cf1,5c601d96-e4c7-4698-991b-7ee674b11079
8-10-2026 03:31:40-debug:   Number of all scripts: 41
8-10-2026 03:31:40-debug:   Number of other assets: 486
8-10-2026 03:31:40-debug: Init bundle root assets success..., progress: 0%
8-10-2026 03:31:40-debug:   Number of all scenes: 3
8-10-2026 03:31:40-log: run build task Query asset bundle success in 11 ms√, progress: 5%
8-10-2026 03:31:40-debug: // ---- build task Query asset bundle ---- (11ms)
8-10-2026 03:31:40-debug: [Build Memory track]: Query asset bundle start:236.81MB, end 236.62MB, increase: -195.63KB
8-10-2026 03:31:40-debug: Query asset bundle start, progress: 5%
8-10-2026 03:31:40-debug: // ---- build task Query asset bundle ----
8-10-2026 03:31:40-debug: // ---- build task Query asset bundle ---- (6ms)
8-10-2026 03:31:40-log: run build task Query asset bundle success in 6 ms√, progress: 10%
8-10-2026 03:31:40-debug: [Build Memory track]: Query asset bundle start:236.65MB, end 236.78MB, increase: 137.91KB
8-10-2026 03:31:40-debug: Sort some build options to settings.json start, progress: 10%
8-10-2026 03:31:40-debug: // ---- build task Sort some build options to settings.json ----
8-10-2026 03:31:40-debug: // ---- build task Sort some build options to settings.json ---- (3ms)
8-10-2026 03:31:40-log: run build task Sort some build options to settings.json success in 3 ms√, progress: 12%
8-10-2026 03:31:40-debug: [Build Memory track]: Sort some build options to settings.json start:236.81MB, end 236.83MB, increase: 24.90KB
8-10-2026 03:31:40-debug: Fill script data to settings start, progress: 12%
8-10-2026 03:31:40-debug: // ---- build task Fill script data to settings ----
8-10-2026 03:31:40-debug: // ---- build task Fill script data to settings ---- (2ms)
8-10-2026 03:31:40-log: run build task Fill script data to settings success in 2 ms√, progress: 13%
8-10-2026 03:31:40-debug: [Build Memory track]: Fill script data to settings start:236.86MB, end 236.88MB, increase: 24.29KB
8-10-2026 03:31:40-debug: Sort some build options to settings.json start, progress: 13%
8-10-2026 03:31:40-debug: // ---- build task Sort some build options to settings.json ----
8-10-2026 03:31:40-debug: // ---- build task Sort some build options to settings.json ---- (13ms)
8-10-2026 03:31:40-log: run build task Sort some build options to settings.json success in 13 ms√, progress: 15%
8-10-2026 03:31:40-debug: [Build Memory track]: Sort some build options to settings.json start:236.91MB, end 237.05MB, increase: 139.88KB
8-10-2026 03:31:49-debug: refresh db internal success
8-10-2026 03:31:49-debug: refresh db assets success
8-10-2026 03:31:49-debug: Run asset db hook engine-extends:afterRefresh ...
8-10-2026 03:31:49-debug: Run asset db hook engine-extends:afterRefresh success!
8-10-2026 03:31:49-debug: asset-db:refresh-all-database (109ms)
8-10-2026 03:31:49-debug: asset-db:worker-effect-data-processing (3ms)
8-10-2026 03:31:49-debug: asset-db-hook-engine-extends-afterRefresh (3ms)
8-10-2026 03:52:10-debug: refresh db internal success
8-10-2026 03:52:10-debug: refresh db assets success
8-10-2026 03:52:10-debug: Run asset db hook engine-extends:afterRefresh ...
8-10-2026 03:52:10-debug: Run asset db hook engine-extends:afterRefresh success!
8-10-2026 03:52:10-debug: asset-db:refresh-all-database (77ms)
8-10-2026 03:52:10-debug: asset-db:worker-effect-data-processing (6ms)
8-10-2026 03:52:10-debug: asset-db-hook-engine-extends-afterRefresh (6ms)
8-10-2026 03:52:12-debug: %cImport%c: F:\Github\BattleGame\assets\Test.scenebackground: #aaff85; color: #000;color: #000;
8-10-2026 03:52:12-debug: asset-db:reimport-asset1effe86e-a401-4769-9dbc-62218c68834d (21ms)
