8-2-2026 16:34:19-log: Cannot access game frame or container.
8-2-2026 16:34:20-debug: asset-db:require-engine-code (2131ms)
8-2-2026 16:34:20-log: meshopt wasm decoder initialized
8-2-2026 16:34:20-log: [bullet]:bullet wasm lib loaded.
8-2-2026 16:34:20-log: [box2d]:box2d wasm lib loaded.
8-2-2026 16:34:20-log: Forward render pipeline initialized.
8-2-2026 16:34:20-log: Using legacy pipeline
8-2-2026 16:34:20-log: Cocos Creator v3.8.8
8-2-2026 16:34:20-debug: [Assets Memory track]: asset-db:worker-init: initEngine start:27.37MB, end 79.06MB, increase: 51.68MB
8-2-2026 16:34:24-debug: [Assets Memory track]: asset-db:worker-init: initPlugin start:79.10MB, end 274.13MB, increase: 195.03MB
8-2-2026 16:34:24-debug: asset-db:worker-init: initPlugin (3869ms)
8-2-2026 16:34:24-debug: [Assets Memory track]: asset-db:worker-init start:27.36MB, end 274.23MB, increase: 246.86MB
8-2-2026 16:34:24-debug: Run asset db hook programming:beforePreStart success!
8-2-2026 16:34:24-debug: Run asset db hook engine-extends:beforePreStart success!
8-2-2026 16:34:24-debug: Run asset db hook engine-extends:beforePreStart ...
8-2-2026 16:34:24-debug: Run asset db hook programming:beforePreStart ...
8-2-2026 16:34:29-debug: asset-db:worker-init (11507ms)
8-2-2026 16:34:29-debug: asset-db-hook-programming-beforePreStart (5196ms)
8-2-2026 16:34:29-debug: asset-db-hook-engine-extends-beforePreStart (5195ms)
8-2-2026 16:34:31-debug: Preimport db internal success
8-2-2026 16:34:32-debug: %cImport%c: F:\Github\BattleGame\assets\scripts\LevelSettings.tsbackground: #aaff85; color: #000;color: #000;
8-2-2026 16:34:32-debug: Preimport db assets success
8-2-2026 16:34:32-debug: Run asset db hook programming:afterPreStart ...
8-2-2026 16:34:32-debug: starting packer-driver...
8-2-2026 16:34:36-debug: initialize scripting environment...
8-2-2026 16:34:36-debug: [[Executor]] prepare before lock
8-2-2026 16:34:36-debug: Set detail map pack:///resolution-detail-map.json: {}
8-2-2026 16:34:36-debug: [[Executor]] prepare after unlock
8-2-2026 16:34:36-debug: Run asset db hook programming:afterPreStart success!
8-2-2026 16:34:36-debug: Run asset db hook engine-extends:afterPreStart success!
8-2-2026 16:34:36-debug: [Assets Memory track]: asset-db:worker-init: preStart start:274.24MB, end 275.83MB, increase: 1.59MB
8-2-2026 16:34:36-debug: Start up the 'internal' database...
8-2-2026 16:34:36-debug: Run asset db hook engine-extends:afterPreStart ...
8-2-2026 16:34:40-debug: asset-db-hook-programming-afterPreStart (7252ms)
8-2-2026 16:34:40-debug: asset-db:worker-effect-data-processing (3061ms)
8-2-2026 16:34:40-debug: asset-db-hook-engine-extends-afterPreStart (3063ms)
8-2-2026 16:34:40-debug: Run asset db hook engine-extends:afterStartDB ...
8-2-2026 16:34:42-debug: recompile effect.bin success
8-2-2026 16:34:42-debug: Run asset db hook engine-extends:afterStartDB success!
8-2-2026 16:34:42-debug: Start up the 'assets' database...
8-2-2026 16:34:43-debug: asset-db:worker-effect-data-processing (2953ms)
8-2-2026 16:34:43-debug: asset-db-hook-engine-extends-afterStartDB (2954ms)
8-2-2026 16:34:43-debug: %cImport%c: F:\Github\BattleGame\assets\Test.scenebackground: #aaff85; color: #000;color: #000;
8-2-2026 16:34:43-debug: Run asset db hook engine-extends:afterStartDB ...
8-2-2026 16:34:44-debug: recompile effect.bin success
8-2-2026 16:34:44-debug: Run asset db hook engine-extends:afterStartDB success!
8-2-2026 16:34:44-debug: lazy register asset handler text
8-2-2026 16:34:44-debug: lazy register asset handler directory
8-2-2026 16:34:44-debug: lazy register asset handler spine-data
8-2-2026 16:34:44-debug: lazy register asset handler json
8-2-2026 16:34:44-debug: lazy register asset handler dragonbones-atlas
8-2-2026 16:34:44-debug: lazy register asset handler *
8-2-2026 16:34:44-debug: lazy register asset handler dragonbones
8-2-2026 16:34:44-debug: lazy register asset handler typescript
8-2-2026 16:34:44-debug: lazy register asset handler terrain
8-2-2026 16:34:44-debug: lazy register asset handler javascript
8-2-2026 16:34:44-debug: lazy register asset handler sprite-frame
8-2-2026 16:34:44-debug: lazy register asset handler prefab
8-2-2026 16:34:44-debug: lazy register asset handler tiled-map
8-2-2026 16:34:44-debug: lazy register asset handler scene
8-2-2026 16:34:44-debug: lazy register asset handler image
8-2-2026 16:34:44-debug: lazy register asset handler buffer
8-2-2026 16:34:44-debug: lazy register asset handler texture
8-2-2026 16:34:44-debug: lazy register asset handler texture-cube
8-2-2026 16:34:44-debug: lazy register asset handler erp-texture-cube
8-2-2026 16:34:44-debug: lazy register asset handler alpha-image
8-2-2026 16:34:44-debug: lazy register asset handler render-texture
8-2-2026 16:34:44-debug: lazy register asset handler texture-cube-face
8-2-2026 16:34:44-debug: lazy register asset handler rt-sprite-frame
8-2-2026 16:34:44-debug: lazy register asset handler gltf
8-2-2026 16:34:44-debug: lazy register asset handler gltf-mesh
8-2-2026 16:34:44-debug: lazy register asset handler gltf-animation
8-2-2026 16:34:44-debug: lazy register asset handler sign-image
8-2-2026 16:34:44-debug: lazy register asset handler gltf-skeleton
8-2-2026 16:34:44-debug: lazy register asset handler gltf-material
8-2-2026 16:34:44-debug: lazy register asset handler gltf-embeded-image
8-2-2026 16:34:44-debug: lazy register asset handler material
8-2-2026 16:34:44-debug: lazy register asset handler gltf-scene
8-2-2026 16:34:44-debug: lazy register asset handler physics-material
8-2-2026 16:34:44-debug: lazy register asset handler effect
8-2-2026 16:34:44-debug: lazy register asset handler audio-clip
8-2-2026 16:34:44-debug: lazy register asset handler animation-clip
8-2-2026 16:34:44-debug: lazy register asset handler effect-header
8-2-2026 16:34:44-debug: lazy register asset handler animation-graph
8-2-2026 16:34:44-debug: lazy register asset handler animation-graph-variant
8-2-2026 16:34:44-debug: lazy register asset handler ttf-font
8-2-2026 16:34:44-debug: lazy register asset handler animation-mask
8-2-2026 16:34:44-debug: lazy register asset handler particle
8-2-2026 16:34:44-debug: lazy register asset handler fbx
8-2-2026 16:34:44-debug: lazy register asset handler bitmap-font
8-2-2026 16:34:44-debug: lazy register asset handler label-atlas
8-2-2026 16:34:44-debug: lazy register asset handler sprite-atlas
8-2-2026 16:34:44-debug: lazy register asset handler render-pipeline
8-2-2026 16:34:44-debug: lazy register asset handler auto-atlas
8-2-2026 16:34:44-debug: lazy register asset handler instantiation-material
8-2-2026 16:34:44-debug: lazy register asset handler instantiation-skeleton
8-2-2026 16:34:44-debug: lazy register asset handler instantiation-animation
8-2-2026 16:34:44-debug: lazy register asset handler instantiation-mesh
8-2-2026 16:34:44-debug: lazy register asset handler render-stage
8-2-2026 16:34:44-debug: lazy register asset handler video-clip
8-2-2026 16:34:44-debug: lazy register asset handler render-flow
8-2-2026 16:34:44-debug: asset-db:ready (33568ms)
8-2-2026 16:34:44-debug: asset-db:worker-effect-data-processing (831ms)
8-2-2026 16:34:44-debug: asset-db-hook-engine-extends-afterStartDB (832ms)
8-2-2026 16:34:44-debug: asset-db:start-database (19354ms)
8-2-2026 16:34:44-debug: init worker message success
8-2-2026 16:34:44-debug: programming:execute-script (28ms)
8-2-2026 16:34:45-debug: [Build Memory track]: builder:worker-init start:220.78MB, end 229.05MB, increase: 8.27MB
8-2-2026 16:34:45-debug: builder:worker-init (865ms)
8-2-2026 16:36:01-debug: Query all assets info in project
8-2-2026 16:36:01-debug: init custom config: keepNodeUuid: false, useCache: true
8-2-2026 16:36:01-debug: Skip compress image, progress: 0%
8-2-2026 16:36:01-debug: Init all bundles start..., progress: 0%
8-2-2026 16:36:01-debug: Query asset bundle start, progress: 0%
8-2-2026 16:36:01-debug: // ---- build task Query asset bundle ----
8-2-2026 16:36:01-debug: Num of bundles: 2..., progress: 0%
8-2-2026 16:36:01-debug: Init bundle root assets start..., progress: 0%
8-2-2026 16:36:01-debug: Query preload assets/scripts from cc.config.json: 60f7195c-ec2a-45eb-ba94-8955f60e81d0,1c02ae6f-4492-4915-b8f8-7492a3b1e4cd,810e96e4-e456-4468-9b59-f4e8f39732c0,efe8e2a3-eace-427b-b4f1-cb8a937ec77d,e9aa9a3e-5b2b-4ac7-a2c7-073de2b2b24f,8bbdbcdd-5cd4-4100-b6d5-b7c9625b6107,50f4348b-c883-4e2f-8f11-ce233b859fa1,fda095cb-831d-4601-ad94-846013963de8,f92806d7-1768-443f-afe8-12bcde84d0f0,dd3a144d-ab7f-41f0-82b8-2e43a090d496,f0416e68-0200-4b77-a926-4f9d16e494da,511d2633-09a7-4bdd-ac42-f778032124b3,5d45aa00-e064-4938-b314-4265f0c2258c,9361fd90-ba52-4f84-aa93-6e878fd576ca,970b0598-bcb0-4714-91fb-2e81440dccd8,bcd64cc6-2dd9-43f6-abbe-66318d332032,d930590d-bb92-4cc8-8bd1-23cd027f9edf,a3cd009f-0ab0-420d-9278-b9fdab939bbc,6a2d0734-bd9e-4ddf-946e-caa52498cb75,d9937e59-61fe-4ec6-92ab-7ac5a19c89b0,d1346436-ac96-4271-b863-1f4fdead95b0,971bdb23-3ff6-43eb-b422-1c30165a3663,17debcc3-0a6b-4b8a-b00b-dc58b885581e,711ebe11-f673-4cd9-9a83-63c60ba54c5b,c0143906-9aed-447e-9436-2ae8512d1b6e,14da1725-c4c2-42b4-ab08-ee0aeb6898b3,081cab31-dccd-428e-8652-f2404cc81c47,78e0584a-4343-4727-8f37-e14e65c2a2db,871c3b6c-7379-419d-bda3-794b239ab90d,ff9b0199-ce04-4cfe-86cc-6c719f08d6e4,de1c2107-70c8-4021-8459-6399f24d01c6,cbf30902-517f-40dc-af90-a550bac27cf1,5c601d96-e4c7-4698-991b-7ee674b11079
8-2-2026 16:36:01-debug:   Number of all scripts: 39
8-2-2026 16:36:01-debug: Init bundle root assets success..., progress: 0%
8-2-2026 16:36:01-debug:   Number of all scenes: 3
8-2-2026 16:36:01-debug:   Number of other assets: 486
8-2-2026 16:36:01-debug: [Build Memory track]: Query asset bundle start:221.51MB, end 221.53MB, increase: 21.09KB
8-2-2026 16:36:01-debug: Query asset bundle start, progress: 5%
8-2-2026 16:36:01-log: run build task Query asset bundle success in 16 ms√, progress: 5%
8-2-2026 16:36:01-debug: // ---- build task Query asset bundle ---- (16ms)
8-2-2026 16:36:01-debug: // ---- build task Query asset bundle ----
8-2-2026 16:36:01-debug: // ---- build task Query asset bundle ---- (7ms)
8-2-2026 16:36:01-debug: [Build Memory track]: Query asset bundle start:221.58MB, end 221.74MB, increase: 172.38KB
8-2-2026 16:36:01-log: run build task Query asset bundle success in 7 ms√, progress: 10%
8-2-2026 16:36:01-debug: // ---- build task Sort some build options to settings.json ----
8-2-2026 16:36:01-debug: Sort some build options to settings.json start, progress: 10%
8-2-2026 16:36:01-debug: // ---- build task Sort some build options to settings.json ---- (3ms)
8-2-2026 16:36:01-log: run build task Sort some build options to settings.json success in 3 ms√, progress: 12%
8-2-2026 16:36:01-debug: [Build Memory track]: Sort some build options to settings.json start:221.78MB, end 221.82MB, increase: 34.09KB
8-2-2026 16:36:01-debug: Fill script data to settings start, progress: 12%
8-2-2026 16:36:01-debug: // ---- build task Fill script data to settings ----
8-2-2026 16:36:01-debug: // ---- build task Fill script data to settings ---- (1ms)
8-2-2026 16:36:01-log: run build task Fill script data to settings success in 1 ms√, progress: 13%
8-2-2026 16:36:01-debug: [Build Memory track]: Fill script data to settings start:221.86MB, end 221.89MB, increase: 33.47KB
8-2-2026 16:36:01-debug: Sort some build options to settings.json start, progress: 13%
8-2-2026 16:36:01-debug: // ---- build task Sort some build options to settings.json ----
8-2-2026 16:36:01-debug: // ---- build task Sort some build options to settings.json ---- (8ms)
8-2-2026 16:36:01-log: run build task Sort some build options to settings.json success in 8 ms√, progress: 15%
8-2-2026 16:36:01-debug: [Build Memory track]: Sort some build options to settings.json start:221.93MB, end 222.08MB, increase: 152.25KB
8-2-2026 16:36:08-debug: Query all assets info in project
8-2-2026 16:36:08-debug: init custom config: keepNodeUuid: false, useCache: true
8-2-2026 16:36:08-debug: Skip compress image, progress: 0%
8-2-2026 16:36:08-debug: Num of bundles: 2..., progress: 0%
8-2-2026 16:36:08-debug: Query asset bundle start, progress: 0%
8-2-2026 16:36:08-debug: // ---- build task Query asset bundle ----
8-2-2026 16:36:08-debug: Init all bundles start..., progress: 0%
8-2-2026 16:36:08-debug: Init bundle root assets start..., progress: 0%
8-2-2026 16:36:08-debug: Query preload assets/scripts from cc.config.json: 60f7195c-ec2a-45eb-ba94-8955f60e81d0,1c02ae6f-4492-4915-b8f8-7492a3b1e4cd,810e96e4-e456-4468-9b59-f4e8f39732c0,efe8e2a3-eace-427b-b4f1-cb8a937ec77d,e9aa9a3e-5b2b-4ac7-a2c7-073de2b2b24f,8bbdbcdd-5cd4-4100-b6d5-b7c9625b6107,50f4348b-c883-4e2f-8f11-ce233b859fa1,fda095cb-831d-4601-ad94-846013963de8,f92806d7-1768-443f-afe8-12bcde84d0f0,dd3a144d-ab7f-41f0-82b8-2e43a090d496,f0416e68-0200-4b77-a926-4f9d16e494da,511d2633-09a7-4bdd-ac42-f778032124b3,5d45aa00-e064-4938-b314-4265f0c2258c,9361fd90-ba52-4f84-aa93-6e878fd576ca,970b0598-bcb0-4714-91fb-2e81440dccd8,bcd64cc6-2dd9-43f6-abbe-66318d332032,d930590d-bb92-4cc8-8bd1-23cd027f9edf,a3cd009f-0ab0-420d-9278-b9fdab939bbc,6a2d0734-bd9e-4ddf-946e-caa52498cb75,d9937e59-61fe-4ec6-92ab-7ac5a19c89b0,d1346436-ac96-4271-b863-1f4fdead95b0,971bdb23-3ff6-43eb-b422-1c30165a3663,17debcc3-0a6b-4b8a-b00b-dc58b885581e,711ebe11-f673-4cd9-9a83-63c60ba54c5b,c0143906-9aed-447e-9436-2ae8512d1b6e,14da1725-c4c2-42b4-ab08-ee0aeb6898b3,081cab31-dccd-428e-8652-f2404cc81c47,78e0584a-4343-4727-8f37-e14e65c2a2db,871c3b6c-7379-419d-bda3-794b239ab90d,ff9b0199-ce04-4cfe-86cc-6c719f08d6e4,de1c2107-70c8-4021-8459-6399f24d01c6,cbf30902-517f-40dc-af90-a550bac27cf1,5c601d96-e4c7-4698-991b-7ee674b11079
8-2-2026 16:36:08-debug:   Number of other assets: 486
8-2-2026 16:36:08-debug: Init bundle root assets success..., progress: 0%
8-2-2026 16:36:08-debug:   Number of all scripts: 39
8-2-2026 16:36:08-debug:   Number of all scenes: 3
8-2-2026 16:36:08-debug: // ---- build task Query asset bundle ---- (11ms)
8-2-2026 16:36:08-log: run build task Query asset bundle success in 11 ms√, progress: 5%
8-2-2026 16:36:08-debug: Query asset bundle start, progress: 5%
8-2-2026 16:36:08-debug: [Build Memory track]: Query asset bundle start:222.06MB, end 221.90MB, increase: -167.35KB
8-2-2026 16:36:08-debug: // ---- build task Query asset bundle ----
8-2-2026 16:36:08-debug: // ---- build task Query asset bundle ---- (7ms)
8-2-2026 16:36:08-log: run build task Query asset bundle success in 7 ms√, progress: 10%
8-2-2026 16:36:08-debug: [Build Memory track]: Query asset bundle start:221.94MB, end 222.09MB, increase: 147.53KB
8-2-2026 16:36:08-debug: // ---- build task Sort some build options to settings.json ----
8-2-2026 16:36:08-debug: Sort some build options to settings.json start, progress: 10%
8-2-2026 16:36:08-debug: // ---- build task Sort some build options to settings.json ---- (1ms)
8-2-2026 16:36:08-log: run build task Sort some build options to settings.json success in 1 ms√, progress: 12%
8-2-2026 16:36:08-debug: [Build Memory track]: Sort some build options to settings.json start:222.13MB, end 222.17MB, increase: 33.99KB
8-2-2026 16:36:08-debug: // ---- build task Fill script data to settings ----
8-2-2026 16:36:08-debug: Fill script data to settings start, progress: 12%
8-2-2026 16:36:08-debug: // ---- build task Fill script data to settings ---- (3ms)
8-2-2026 16:36:08-log: run build task Fill script data to settings success in 3 ms√, progress: 13%
8-2-2026 16:36:08-debug: [Build Memory track]: Fill script data to settings start:222.21MB, end 222.24MB, increase: 37.77KB
8-2-2026 16:36:08-debug: Sort some build options to settings.json start, progress: 13%
8-2-2026 16:36:08-debug: // ---- build task Sort some build options to settings.json ----
8-2-2026 16:36:08-debug: // ---- build task Sort some build options to settings.json ---- (9ms)
8-2-2026 16:36:08-log: run build task Sort some build options to settings.json success in 9 ms√, progress: 15%
8-2-2026 16:36:08-debug: [Build Memory track]: Sort some build options to settings.json start:222.28MB, end 221.73MB, increase: -562.55KB
8-2-2026 16:36:36-debug: Query all assets info in project
8-2-2026 16:36:36-debug: init custom config: keepNodeUuid: false, useCache: true
8-2-2026 16:36:36-debug: Skip compress image, progress: 0%
8-2-2026 16:36:36-debug: Init all bundles start..., progress: 0%
8-2-2026 16:36:36-debug: // ---- build task Query asset bundle ----
8-2-2026 16:36:36-debug: Num of bundles: 2..., progress: 0%
8-2-2026 16:36:36-debug: Query asset bundle start, progress: 0%
8-2-2026 16:36:36-debug: Init bundle root assets start..., progress: 0%
8-2-2026 16:36:36-debug: Query preload assets/scripts from cc.config.json: 60f7195c-ec2a-45eb-ba94-8955f60e81d0,1c02ae6f-4492-4915-b8f8-7492a3b1e4cd,810e96e4-e456-4468-9b59-f4e8f39732c0,efe8e2a3-eace-427b-b4f1-cb8a937ec77d,e9aa9a3e-5b2b-4ac7-a2c7-073de2b2b24f,8bbdbcdd-5cd4-4100-b6d5-b7c9625b6107,50f4348b-c883-4e2f-8f11-ce233b859fa1,fda095cb-831d-4601-ad94-846013963de8,f92806d7-1768-443f-afe8-12bcde84d0f0,dd3a144d-ab7f-41f0-82b8-2e43a090d496,f0416e68-0200-4b77-a926-4f9d16e494da,511d2633-09a7-4bdd-ac42-f778032124b3,5d45aa00-e064-4938-b314-4265f0c2258c,9361fd90-ba52-4f84-aa93-6e878fd576ca,970b0598-bcb0-4714-91fb-2e81440dccd8,bcd64cc6-2dd9-43f6-abbe-66318d332032,d930590d-bb92-4cc8-8bd1-23cd027f9edf,a3cd009f-0ab0-420d-9278-b9fdab939bbc,6a2d0734-bd9e-4ddf-946e-caa52498cb75,d9937e59-61fe-4ec6-92ab-7ac5a19c89b0,d1346436-ac96-4271-b863-1f4fdead95b0,971bdb23-3ff6-43eb-b422-1c30165a3663,17debcc3-0a6b-4b8a-b00b-dc58b885581e,711ebe11-f673-4cd9-9a83-63c60ba54c5b,c0143906-9aed-447e-9436-2ae8512d1b6e,14da1725-c4c2-42b4-ab08-ee0aeb6898b3,081cab31-dccd-428e-8652-f2404cc81c47,78e0584a-4343-4727-8f37-e14e65c2a2db,871c3b6c-7379-419d-bda3-794b239ab90d,ff9b0199-ce04-4cfe-86cc-6c719f08d6e4,de1c2107-70c8-4021-8459-6399f24d01c6,cbf30902-517f-40dc-af90-a550bac27cf1,5c601d96-e4c7-4698-991b-7ee674b11079
8-2-2026 16:36:36-debug:   Number of all scenes: 3
8-2-2026 16:36:36-debug:   Number of all scripts: 39
8-2-2026 16:36:36-debug: Init bundle root assets success..., progress: 0%
8-2-2026 16:36:36-debug:   Number of other assets: 486
8-2-2026 16:36:36-debug: // ---- build task Query asset bundle ---- (15ms)
8-2-2026 16:36:36-debug: [Build Memory track]: Query asset bundle start:222.38MB, end 222.27MB, increase: -114.47KB
8-2-2026 16:36:36-log: run build task Query asset bundle success in 15 ms√, progress: 5%
8-2-2026 16:36:36-debug: Query asset bundle start, progress: 5%
8-2-2026 16:36:36-debug: // ---- build task Query asset bundle ----
8-2-2026 16:36:36-debug: // ---- build task Query asset bundle ---- (14ms)
8-2-2026 16:36:36-log: run build task Query asset bundle success in 14 ms√, progress: 10%
8-2-2026 16:36:36-debug: [Build Memory track]: Query asset bundle start:222.30MB, end 222.47MB, increase: 166.52KB
8-2-2026 16:36:36-debug: Sort some build options to settings.json start, progress: 10%
8-2-2026 16:36:36-debug: // ---- build task Sort some build options to settings.json ----
8-2-2026 16:36:36-debug: // ---- build task Sort some build options to settings.json ---- (2ms)
8-2-2026 16:36:36-log: run build task Sort some build options to settings.json success in 2 ms√, progress: 12%
8-2-2026 16:36:36-debug: [Build Memory track]: Sort some build options to settings.json start:222.51MB, end 222.54MB, increase: 32.36KB
8-2-2026 16:36:36-debug: Fill script data to settings start, progress: 12%
8-2-2026 16:36:36-debug: // ---- build task Fill script data to settings ----
8-2-2026 16:36:36-debug: // ---- build task Fill script data to settings ---- (4ms)
8-2-2026 16:36:36-log: run build task Fill script data to settings success in 4 ms√, progress: 13%
8-2-2026 16:36:36-debug: [Build Memory track]: Fill script data to settings start:222.58MB, end 222.61MB, increase: 33.89KB
8-2-2026 16:36:36-debug: Sort some build options to settings.json start, progress: 13%
8-2-2026 16:36:36-debug: // ---- build task Sort some build options to settings.json ----
8-2-2026 16:36:36-debug: // ---- build task Sort some build options to settings.json ---- (14ms)
8-2-2026 16:36:36-log: run build task Sort some build options to settings.json success in 14 ms√, progress: 15%
8-2-2026 16:36:36-debug: [Build Memory track]: Sort some build options to settings.json start:222.65MB, end 222.04MB, increase: -622.45KB
8-2-2026 16:37:01-debug: Query all assets info in project
8-2-2026 16:37:01-debug: init custom config: keepNodeUuid: false, useCache: true
8-2-2026 16:37:01-debug: Skip compress image, progress: 0%
8-2-2026 16:37:01-debug: Init all bundles start..., progress: 0%
8-2-2026 16:37:01-debug: Num of bundles: 2..., progress: 0%
8-2-2026 16:37:01-debug: Query asset bundle start, progress: 0%
8-2-2026 16:37:01-debug: // ---- build task Query asset bundle ----
8-2-2026 16:37:01-debug: Init bundle root assets start..., progress: 0%
8-2-2026 16:37:01-debug: Query preload assets/scripts from cc.config.json: 60f7195c-ec2a-45eb-ba94-8955f60e81d0,1c02ae6f-4492-4915-b8f8-7492a3b1e4cd,810e96e4-e456-4468-9b59-f4e8f39732c0,efe8e2a3-eace-427b-b4f1-cb8a937ec77d,e9aa9a3e-5b2b-4ac7-a2c7-073de2b2b24f,8bbdbcdd-5cd4-4100-b6d5-b7c9625b6107,50f4348b-c883-4e2f-8f11-ce233b859fa1,fda095cb-831d-4601-ad94-846013963de8,f92806d7-1768-443f-afe8-12bcde84d0f0,dd3a144d-ab7f-41f0-82b8-2e43a090d496,f0416e68-0200-4b77-a926-4f9d16e494da,511d2633-09a7-4bdd-ac42-f778032124b3,5d45aa00-e064-4938-b314-4265f0c2258c,9361fd90-ba52-4f84-aa93-6e878fd576ca,970b0598-bcb0-4714-91fb-2e81440dccd8,bcd64cc6-2dd9-43f6-abbe-66318d332032,d930590d-bb92-4cc8-8bd1-23cd027f9edf,a3cd009f-0ab0-420d-9278-b9fdab939bbc,6a2d0734-bd9e-4ddf-946e-caa52498cb75,d9937e59-61fe-4ec6-92ab-7ac5a19c89b0,d1346436-ac96-4271-b863-1f4fdead95b0,971bdb23-3ff6-43eb-b422-1c30165a3663,17debcc3-0a6b-4b8a-b00b-dc58b885581e,711ebe11-f673-4cd9-9a83-63c60ba54c5b,c0143906-9aed-447e-9436-2ae8512d1b6e,14da1725-c4c2-42b4-ab08-ee0aeb6898b3,081cab31-dccd-428e-8652-f2404cc81c47,78e0584a-4343-4727-8f37-e14e65c2a2db,871c3b6c-7379-419d-bda3-794b239ab90d,ff9b0199-ce04-4cfe-86cc-6c719f08d6e4,de1c2107-70c8-4021-8459-6399f24d01c6,cbf30902-517f-40dc-af90-a550bac27cf1,5c601d96-e4c7-4698-991b-7ee674b11079
8-2-2026 16:37:01-debug:   Number of all scripts: 39
8-2-2026 16:37:01-debug:   Number of other assets: 486
8-2-2026 16:37:01-debug: Init bundle root assets success..., progress: 0%
8-2-2026 16:37:01-debug:   Number of all scenes: 3
8-2-2026 16:37:01-debug: // ---- build task Query asset bundle ---- (14ms)
8-2-2026 16:37:01-debug: [Build Memory track]: Query asset bundle start:222.68MB, end 222.75MB, increase: 69.49KB
8-2-2026 16:37:01-debug: Query asset bundle start, progress: 5%
8-2-2026 16:37:01-log: run build task Query asset bundle success in 14 ms√, progress: 5%
8-2-2026 16:37:01-debug: // ---- build task Query asset bundle ----
8-2-2026 16:37:01-debug: // ---- build task Query asset bundle ---- (11ms)
8-2-2026 16:37:01-log: run build task Query asset bundle success in 11 ms√, progress: 10%
8-2-2026 16:37:01-debug: Sort some build options to settings.json start, progress: 10%
8-2-2026 16:37:01-debug: [Build Memory track]: Query asset bundle start:222.79MB, end 222.22MB, increase: -585.69KB
8-2-2026 16:37:01-debug: // ---- build task Sort some build options to settings.json ----
8-2-2026 16:37:01-debug: // ---- build task Sort some build options to settings.json ---- (3ms)
8-2-2026 16:37:01-log: run build task Sort some build options to settings.json success in 3 ms√, progress: 12%
8-2-2026 16:37:01-debug: Fill script data to settings start, progress: 12%
8-2-2026 16:37:01-debug: // ---- build task Fill script data to settings ----
8-2-2026 16:37:01-debug: [Build Memory track]: Sort some build options to settings.json start:222.26MB, end 222.29MB, increase: 33.48KB
8-2-2026 16:37:01-debug: // ---- build task Fill script data to settings ---- (3ms)
8-2-2026 16:37:01-log: run build task Fill script data to settings success in 3 ms√, progress: 13%
8-2-2026 16:37:01-debug: [Build Memory track]: Fill script data to settings start:222.33MB, end 222.70MB, increase: 377.16KB
8-2-2026 16:37:01-debug: // ---- build task Sort some build options to settings.json ----
8-2-2026 16:37:01-debug: Sort some build options to settings.json start, progress: 13%
8-2-2026 16:37:01-debug: // ---- build task Sort some build options to settings.json ---- (14ms)
8-2-2026 16:37:01-log: run build task Sort some build options to settings.json success in 14 ms√, progress: 15%
8-2-2026 16:37:01-debug: [Build Memory track]: Sort some build options to settings.json start:222.42MB, end 222.55MB, increase: 136.47KB
8-2-2026 16:37:36-debug: Query all assets info in project
8-2-2026 16:37:36-debug: init custom config: keepNodeUuid: false, useCache: true
8-2-2026 16:37:36-debug: Skip compress image, progress: 0%
8-2-2026 16:37:36-debug: Init all bundles start..., progress: 0%
8-2-2026 16:37:36-debug: Num of bundles: 2..., progress: 0%
8-2-2026 16:37:36-debug: Query asset bundle start, progress: 0%
8-2-2026 16:37:36-debug: // ---- build task Query asset bundle ----
8-2-2026 16:37:36-debug: Init bundle root assets start..., progress: 0%
8-2-2026 16:37:36-debug: Query preload assets/scripts from cc.config.json: 60f7195c-ec2a-45eb-ba94-8955f60e81d0,1c02ae6f-4492-4915-b8f8-7492a3b1e4cd,810e96e4-e456-4468-9b59-f4e8f39732c0,efe8e2a3-eace-427b-b4f1-cb8a937ec77d,e9aa9a3e-5b2b-4ac7-a2c7-073de2b2b24f,8bbdbcdd-5cd4-4100-b6d5-b7c9625b6107,50f4348b-c883-4e2f-8f11-ce233b859fa1,fda095cb-831d-4601-ad94-846013963de8,f92806d7-1768-443f-afe8-12bcde84d0f0,dd3a144d-ab7f-41f0-82b8-2e43a090d496,f0416e68-0200-4b77-a926-4f9d16e494da,511d2633-09a7-4bdd-ac42-f778032124b3,5d45aa00-e064-4938-b314-4265f0c2258c,9361fd90-ba52-4f84-aa93-6e878fd576ca,970b0598-bcb0-4714-91fb-2e81440dccd8,bcd64cc6-2dd9-43f6-abbe-66318d332032,d930590d-bb92-4cc8-8bd1-23cd027f9edf,a3cd009f-0ab0-420d-9278-b9fdab939bbc,6a2d0734-bd9e-4ddf-946e-caa52498cb75,d9937e59-61fe-4ec6-92ab-7ac5a19c89b0,d1346436-ac96-4271-b863-1f4fdead95b0,971bdb23-3ff6-43eb-b422-1c30165a3663,17debcc3-0a6b-4b8a-b00b-dc58b885581e,711ebe11-f673-4cd9-9a83-63c60ba54c5b,c0143906-9aed-447e-9436-2ae8512d1b6e,14da1725-c4c2-42b4-ab08-ee0aeb6898b3,081cab31-dccd-428e-8652-f2404cc81c47,78e0584a-4343-4727-8f37-e14e65c2a2db,871c3b6c-7379-419d-bda3-794b239ab90d,ff9b0199-ce04-4cfe-86cc-6c719f08d6e4,de1c2107-70c8-4021-8459-6399f24d01c6,cbf30902-517f-40dc-af90-a550bac27cf1,5c601d96-e4c7-4698-991b-7ee674b11079
8-2-2026 16:37:36-debug:   Number of other assets: 486
8-2-2026 16:37:36-debug:   Number of all scenes: 3
8-2-2026 16:37:36-debug:   Number of all scripts: 39
8-2-2026 16:37:36-debug: Init bundle root assets success..., progress: 0%
8-2-2026 16:37:36-debug: // ---- build task Query asset bundle ---- (13ms)
8-2-2026 16:37:36-log: run build task Query asset bundle success in 13 ms√, progress: 5%
8-2-2026 16:37:36-debug: [Build Memory track]: Query asset bundle start:222.46MB, end 222.32MB, increase: -148.96KB
8-2-2026 16:37:36-debug: Query asset bundle start, progress: 5%
8-2-2026 16:37:36-debug: // ---- build task Query asset bundle ----
8-2-2026 16:37:36-debug: // ---- build task Query asset bundle ---- (11ms)
8-2-2026 16:37:36-log: run build task Query asset bundle success in 11 ms√, progress: 10%
8-2-2026 16:37:36-debug: [Build Memory track]: Query asset bundle start:222.36MB, end 222.50MB, increase: 146.25KB
8-2-2026 16:37:36-debug: // ---- build task Sort some build options to settings.json ----
8-2-2026 16:37:36-debug: Sort some build options to settings.json start, progress: 10%
8-2-2026 16:37:36-debug: // ---- build task Sort some build options to settings.json ---- (2ms)
8-2-2026 16:37:36-log: run build task Sort some build options to settings.json success in 2 ms√, progress: 12%
8-2-2026 16:37:36-debug: // ---- build task Fill script data to settings ----
8-2-2026 16:37:36-debug: [Build Memory track]: Sort some build options to settings.json start:222.54MB, end 222.58MB, increase: 42.22KB
8-2-2026 16:37:36-debug: Fill script data to settings start, progress: 12%
8-2-2026 16:37:36-debug: // ---- build task Fill script data to settings ---- (6ms)
8-2-2026 16:37:36-log: run build task Fill script data to settings success in 6 ms√, progress: 13%
8-2-2026 16:37:36-debug: [Build Memory track]: Fill script data to settings start:222.62MB, end 222.65MB, increase: 35.29KB
8-2-2026 16:37:36-debug: // ---- build task Sort some build options to settings.json ----
8-2-2026 16:37:36-debug: Sort some build options to settings.json start, progress: 13%
8-2-2026 16:37:36-debug: // ---- build task Sort some build options to settings.json ---- (8ms)
8-2-2026 16:37:36-log: run build task Sort some build options to settings.json success in 8 ms√, progress: 15%
8-2-2026 16:37:36-debug: [Build Memory track]: Sort some build options to settings.json start:222.69MB, end 222.84MB, increase: 150.46KB
8-2-2026 16:37:38-debug: refresh db internal success
8-2-2026 16:37:38-debug: refresh db assets success
8-2-2026 16:37:38-debug: Run asset db hook engine-extends:afterRefresh ...
8-2-2026 16:37:38-debug: Run asset db hook engine-extends:afterRefresh success!
8-2-2026 16:37:38-debug: asset-db:refresh-all-database (95ms)
8-2-2026 16:37:38-debug: asset-db:worker-effect-data-processing (1ms)
8-2-2026 16:37:38-debug: asset-db-hook-engine-extends-afterRefresh (1ms)
8-2-2026 16:37:48-debug: refresh db internal success
8-2-2026 16:37:48-debug: refresh db assets success
8-2-2026 16:37:48-debug: Run asset db hook engine-extends:afterRefresh ...
8-2-2026 16:37:48-debug: Run asset db hook engine-extends:afterRefresh success!
8-2-2026 16:37:48-debug: asset-db:refresh-all-database (85ms)
8-2-2026 16:37:48-debug: asset-db:worker-effect-data-processing (2ms)
8-2-2026 16:37:48-debug: asset-db-hook-engine-extends-afterRefresh (2ms)
8-2-2026 16:38:15-debug: Query all assets info in project
8-2-2026 16:38:15-debug: init custom config: keepNodeUuid: false, useCache: true
8-2-2026 16:38:15-debug: Skip compress image, progress: 0%
8-2-2026 16:38:15-debug: Init all bundles start..., progress: 0%
8-2-2026 16:38:15-debug: Num of bundles: 2..., progress: 0%
8-2-2026 16:38:15-debug: // ---- build task Query asset bundle ----
8-2-2026 16:38:15-debug: Query asset bundle start, progress: 0%
8-2-2026 16:38:15-debug: Init bundle root assets start..., progress: 0%
8-2-2026 16:38:15-debug: Query preload assets/scripts from cc.config.json: 60f7195c-ec2a-45eb-ba94-8955f60e81d0,1c02ae6f-4492-4915-b8f8-7492a3b1e4cd,810e96e4-e456-4468-9b59-f4e8f39732c0,efe8e2a3-eace-427b-b4f1-cb8a937ec77d,e9aa9a3e-5b2b-4ac7-a2c7-073de2b2b24f,8bbdbcdd-5cd4-4100-b6d5-b7c9625b6107,50f4348b-c883-4e2f-8f11-ce233b859fa1,fda095cb-831d-4601-ad94-846013963de8,f92806d7-1768-443f-afe8-12bcde84d0f0,dd3a144d-ab7f-41f0-82b8-2e43a090d496,f0416e68-0200-4b77-a926-4f9d16e494da,511d2633-09a7-4bdd-ac42-f778032124b3,5d45aa00-e064-4938-b314-4265f0c2258c,9361fd90-ba52-4f84-aa93-6e878fd576ca,970b0598-bcb0-4714-91fb-2e81440dccd8,bcd64cc6-2dd9-43f6-abbe-66318d332032,d930590d-bb92-4cc8-8bd1-23cd027f9edf,a3cd009f-0ab0-420d-9278-b9fdab939bbc,6a2d0734-bd9e-4ddf-946e-caa52498cb75,d9937e59-61fe-4ec6-92ab-7ac5a19c89b0,d1346436-ac96-4271-b863-1f4fdead95b0,971bdb23-3ff6-43eb-b422-1c30165a3663,17debcc3-0a6b-4b8a-b00b-dc58b885581e,711ebe11-f673-4cd9-9a83-63c60ba54c5b,c0143906-9aed-447e-9436-2ae8512d1b6e,14da1725-c4c2-42b4-ab08-ee0aeb6898b3,081cab31-dccd-428e-8652-f2404cc81c47,78e0584a-4343-4727-8f37-e14e65c2a2db,871c3b6c-7379-419d-bda3-794b239ab90d,ff9b0199-ce04-4cfe-86cc-6c719f08d6e4,de1c2107-70c8-4021-8459-6399f24d01c6,cbf30902-517f-40dc-af90-a550bac27cf1,5c601d96-e4c7-4698-991b-7ee674b11079
8-2-2026 16:38:15-debug:   Number of all scenes: 3
8-2-2026 16:38:15-debug:   Number of other assets: 486
8-2-2026 16:38:15-debug:   Number of all scripts: 39
8-2-2026 16:38:15-debug: Init bundle root assets success..., progress: 0%
8-2-2026 16:38:15-log: run build task Query asset bundle success in 13 ms√, progress: 5%
8-2-2026 16:38:15-debug: [Build Memory track]: Query asset bundle start:226.08MB, end 225.91MB, increase: -176.11KB
8-2-2026 16:38:15-debug: // ---- build task Query asset bundle ---- (13ms)
8-2-2026 16:38:15-debug: Query asset bundle start, progress: 5%
8-2-2026 16:38:15-debug: // ---- build task Query asset bundle ----
8-2-2026 16:38:15-debug: // ---- build task Query asset bundle ---- (6ms)
8-2-2026 16:38:15-log: run build task Query asset bundle success in 6 ms√, progress: 10%
8-2-2026 16:38:15-debug: Sort some build options to settings.json start, progress: 10%
8-2-2026 16:38:15-debug: // ---- build task Sort some build options to settings.json ----
8-2-2026 16:38:15-debug: [Build Memory track]: Query asset bundle start:225.95MB, end 226.09MB, increase: 146.02KB
8-2-2026 16:38:15-debug: // ---- build task Sort some build options to settings.json ---- (4ms)
8-2-2026 16:38:15-debug: [Build Memory track]: Sort some build options to settings.json start:226.13MB, end 226.16MB, increase: 33.20KB
8-2-2026 16:38:15-debug: // ---- build task Fill script data to settings ----
8-2-2026 16:38:15-debug: Fill script data to settings start, progress: 12%
8-2-2026 16:38:15-log: run build task Sort some build options to settings.json success in 4 ms√, progress: 12%
8-2-2026 16:38:15-debug: // ---- build task Fill script data to settings ---- (3ms)
8-2-2026 16:38:15-log: run build task Fill script data to settings success in 3 ms√, progress: 13%
8-2-2026 16:38:15-debug: [Build Memory track]: Fill script data to settings start:226.20MB, end 226.23MB, increase: 32.57KB
8-2-2026 16:38:15-debug: Sort some build options to settings.json start, progress: 13%
8-2-2026 16:38:15-debug: // ---- build task Sort some build options to settings.json ----
8-2-2026 16:38:15-debug: // ---- build task Sort some build options to settings.json ---- (18ms)
8-2-2026 16:38:15-log: run build task Sort some build options to settings.json success in 18 ms√, progress: 15%
8-2-2026 16:38:15-debug: [Build Memory track]: Sort some build options to settings.json start:226.27MB, end 226.41MB, increase: 150.52KB
8-2-2026 16:38:44-debug: Query all assets info in project
8-2-2026 16:38:44-debug: init custom config: keepNodeUuid: false, useCache: true
8-2-2026 16:38:44-debug: Skip compress image, progress: 0%
8-2-2026 16:38:44-debug: Init all bundles start..., progress: 0%
8-2-2026 16:38:44-debug: Num of bundles: 2..., progress: 0%
8-2-2026 16:38:44-debug: Query asset bundle start, progress: 0%
8-2-2026 16:38:44-debug: // ---- build task Query asset bundle ----
8-2-2026 16:38:44-debug: Init bundle root assets start..., progress: 0%
8-2-2026 16:38:44-debug: Query preload assets/scripts from cc.config.json: 60f7195c-ec2a-45eb-ba94-8955f60e81d0,1c02ae6f-4492-4915-b8f8-7492a3b1e4cd,810e96e4-e456-4468-9b59-f4e8f39732c0,efe8e2a3-eace-427b-b4f1-cb8a937ec77d,e9aa9a3e-5b2b-4ac7-a2c7-073de2b2b24f,8bbdbcdd-5cd4-4100-b6d5-b7c9625b6107,50f4348b-c883-4e2f-8f11-ce233b859fa1,fda095cb-831d-4601-ad94-846013963de8,f92806d7-1768-443f-afe8-12bcde84d0f0,dd3a144d-ab7f-41f0-82b8-2e43a090d496,f0416e68-0200-4b77-a926-4f9d16e494da,511d2633-09a7-4bdd-ac42-f778032124b3,5d45aa00-e064-4938-b314-4265f0c2258c,9361fd90-ba52-4f84-aa93-6e878fd576ca,970b0598-bcb0-4714-91fb-2e81440dccd8,bcd64cc6-2dd9-43f6-abbe-66318d332032,d930590d-bb92-4cc8-8bd1-23cd027f9edf,a3cd009f-0ab0-420d-9278-b9fdab939bbc,6a2d0734-bd9e-4ddf-946e-caa52498cb75,d9937e59-61fe-4ec6-92ab-7ac5a19c89b0,d1346436-ac96-4271-b863-1f4fdead95b0,971bdb23-3ff6-43eb-b422-1c30165a3663,17debcc3-0a6b-4b8a-b00b-dc58b885581e,711ebe11-f673-4cd9-9a83-63c60ba54c5b,c0143906-9aed-447e-9436-2ae8512d1b6e,14da1725-c4c2-42b4-ab08-ee0aeb6898b3,081cab31-dccd-428e-8652-f2404cc81c47,78e0584a-4343-4727-8f37-e14e65c2a2db,871c3b6c-7379-419d-bda3-794b239ab90d,ff9b0199-ce04-4cfe-86cc-6c719f08d6e4,de1c2107-70c8-4021-8459-6399f24d01c6,cbf30902-517f-40dc-af90-a550bac27cf1,5c601d96-e4c7-4698-991b-7ee674b11079
8-2-2026 16:38:44-debug:   Number of all scripts: 39
8-2-2026 16:38:44-debug:   Number of other assets: 486
8-2-2026 16:38:44-debug: Init bundle root assets success..., progress: 0%
8-2-2026 16:38:44-debug:   Number of all scenes: 3
8-2-2026 16:38:44-log: run build task Query asset bundle success in 11 ms√, progress: 5%
8-2-2026 16:38:44-debug: [Build Memory track]: Query asset bundle start:226.20MB, end 226.04MB, increase: -156.49KB
8-2-2026 16:38:44-debug: Query asset bundle start, progress: 5%
8-2-2026 16:38:44-debug: // ---- build task Query asset bundle ---- (11ms)
8-2-2026 16:38:44-debug: // ---- build task Query asset bundle ----
8-2-2026 16:38:44-debug: // ---- build task Query asset bundle ---- (8ms)
8-2-2026 16:38:44-log: run build task Query asset bundle success in 8 ms√, progress: 10%
8-2-2026 16:38:44-debug: [Build Memory track]: Query asset bundle start:226.08MB, end 226.22MB, increase: 146.22KB
8-2-2026 16:38:44-debug: Sort some build options to settings.json start, progress: 10%
8-2-2026 16:38:44-debug: // ---- build task Sort some build options to settings.json ----
8-2-2026 16:38:44-debug: // ---- build task Sort some build options to settings.json ---- (5ms)
8-2-2026 16:38:44-log: run build task Sort some build options to settings.json success in 5 ms√, progress: 12%
8-2-2026 16:38:44-debug: Fill script data to settings start, progress: 12%
8-2-2026 16:38:44-debug: [Build Memory track]: Sort some build options to settings.json start:226.26MB, end 226.30MB, increase: 35.03KB
8-2-2026 16:38:44-debug: // ---- build task Fill script data to settings ----
8-2-2026 16:38:44-debug: // ---- build task Fill script data to settings ---- (3ms)
8-2-2026 16:38:44-log: run build task Fill script data to settings success in 3 ms√, progress: 13%
8-2-2026 16:38:44-debug: [Build Memory track]: Fill script data to settings start:226.34MB, end 226.37MB, increase: 32.69KB
8-2-2026 16:38:44-debug: Sort some build options to settings.json start, progress: 13%
8-2-2026 16:38:44-debug: // ---- build task Sort some build options to settings.json ----
8-2-2026 16:38:44-debug: // ---- build task Sort some build options to settings.json ---- (15ms)
8-2-2026 16:38:44-log: run build task Sort some build options to settings.json success in 15 ms√, progress: 15%
8-2-2026 16:38:44-debug: [Build Memory track]: Sort some build options to settings.json start:226.41MB, end 225.83MB, increase: -594.54KB
8-2-2026 16:39:11-debug: Query all assets info in project
8-2-2026 16:39:11-debug: init custom config: keepNodeUuid: false, useCache: true
8-2-2026 16:39:11-debug: Skip compress image, progress: 0%
8-2-2026 16:39:11-debug: Num of bundles: 2..., progress: 0%
8-2-2026 16:39:11-debug: Query asset bundle start, progress: 0%
8-2-2026 16:39:11-debug: Init bundle root assets start..., progress: 0%
8-2-2026 16:39:11-debug: // ---- build task Query asset bundle ----
8-2-2026 16:39:11-debug: Init all bundles start..., progress: 0%
8-2-2026 16:39:11-debug: Query preload assets/scripts from cc.config.json: 60f7195c-ec2a-45eb-ba94-8955f60e81d0,1c02ae6f-4492-4915-b8f8-7492a3b1e4cd,810e96e4-e456-4468-9b59-f4e8f39732c0,efe8e2a3-eace-427b-b4f1-cb8a937ec77d,e9aa9a3e-5b2b-4ac7-a2c7-073de2b2b24f,8bbdbcdd-5cd4-4100-b6d5-b7c9625b6107,50f4348b-c883-4e2f-8f11-ce233b859fa1,fda095cb-831d-4601-ad94-846013963de8,f92806d7-1768-443f-afe8-12bcde84d0f0,dd3a144d-ab7f-41f0-82b8-2e43a090d496,f0416e68-0200-4b77-a926-4f9d16e494da,511d2633-09a7-4bdd-ac42-f778032124b3,5d45aa00-e064-4938-b314-4265f0c2258c,9361fd90-ba52-4f84-aa93-6e878fd576ca,970b0598-bcb0-4714-91fb-2e81440dccd8,bcd64cc6-2dd9-43f6-abbe-66318d332032,d930590d-bb92-4cc8-8bd1-23cd027f9edf,a3cd009f-0ab0-420d-9278-b9fdab939bbc,6a2d0734-bd9e-4ddf-946e-caa52498cb75,d9937e59-61fe-4ec6-92ab-7ac5a19c89b0,d1346436-ac96-4271-b863-1f4fdead95b0,971bdb23-3ff6-43eb-b422-1c30165a3663,17debcc3-0a6b-4b8a-b00b-dc58b885581e,711ebe11-f673-4cd9-9a83-63c60ba54c5b,c0143906-9aed-447e-9436-2ae8512d1b6e,14da1725-c4c2-42b4-ab08-ee0aeb6898b3,081cab31-dccd-428e-8652-f2404cc81c47,78e0584a-4343-4727-8f37-e14e65c2a2db,871c3b6c-7379-419d-bda3-794b239ab90d,ff9b0199-ce04-4cfe-86cc-6c719f08d6e4,de1c2107-70c8-4021-8459-6399f24d01c6,cbf30902-517f-40dc-af90-a550bac27cf1,5c601d96-e4c7-4698-991b-7ee674b11079
8-2-2026 16:39:11-debug:   Number of all scripts: 39
8-2-2026 16:39:11-debug:   Number of other assets: 486
8-2-2026 16:39:11-debug: Init bundle root assets success..., progress: 0%
8-2-2026 16:39:11-debug:   Number of all scenes: 3
8-2-2026 16:39:11-debug: // ---- build task Query asset bundle ---- (14ms)
8-2-2026 16:39:11-log: run build task Query asset bundle success in 14 ms√, progress: 5%
8-2-2026 16:39:11-debug: [Build Memory track]: Query asset bundle start:226.44MB, end 226.25MB, increase: -202.96KB
8-2-2026 16:39:11-debug: Query asset bundle start, progress: 5%
8-2-2026 16:39:11-debug: // ---- build task Query asset bundle ----
8-2-2026 16:39:11-debug: // ---- build task Query asset bundle ---- (11ms)
8-2-2026 16:39:11-log: run build task Query asset bundle success in 11 ms√, progress: 10%
8-2-2026 16:39:11-debug: [Build Memory track]: Query asset bundle start:226.27MB, end 226.41MB, increase: 139.31KB
8-2-2026 16:39:11-debug: // ---- build task Sort some build options to settings.json ----
8-2-2026 16:39:11-debug: Sort some build options to settings.json start, progress: 10%
8-2-2026 16:39:11-debug: // ---- build task Sort some build options to settings.json ---- (2ms)
8-2-2026 16:39:11-log: run build task Sort some build options to settings.json success in 2 ms√, progress: 12%
8-2-2026 16:39:11-debug: [Build Memory track]: Sort some build options to settings.json start:226.44MB, end 226.47MB, increase: 26.21KB
8-2-2026 16:39:11-debug: Fill script data to settings start, progress: 12%
8-2-2026 16:39:11-debug: // ---- build task Fill script data to settings ----
8-2-2026 16:39:11-debug: // ---- build task Fill script data to settings ---- (5ms)
8-2-2026 16:39:11-log: run build task Fill script data to settings success in 5 ms√, progress: 13%
8-2-2026 16:39:11-debug: // ---- build task Sort some build options to settings.json ----
8-2-2026 16:39:11-debug: [Build Memory track]: Fill script data to settings start:226.50MB, end 226.53MB, increase: 29.46KB
8-2-2026 16:39:11-debug: Sort some build options to settings.json start, progress: 13%
8-2-2026 16:39:11-debug: // ---- build task Sort some build options to settings.json ---- (15ms)
8-2-2026 16:39:11-log: run build task Sort some build options to settings.json success in 15 ms√, progress: 15%
8-2-2026 16:39:11-debug: [Build Memory track]: Sort some build options to settings.json start:226.56MB, end 226.68MB, increase: 126.46KB
8-2-2026 16:39:46-debug: Query all assets info in project
8-2-2026 16:39:46-debug: init custom config: keepNodeUuid: false, useCache: true
8-2-2026 16:39:46-debug: Skip compress image, progress: 0%
8-2-2026 16:39:46-debug: Init all bundles start..., progress: 0%
8-2-2026 16:39:46-debug: // ---- build task Query asset bundle ----
8-2-2026 16:39:46-debug: Num of bundles: 2..., progress: 0%
8-2-2026 16:39:46-debug: Query asset bundle start, progress: 0%
8-2-2026 16:39:46-debug: Init bundle root assets start..., progress: 0%
8-2-2026 16:39:46-debug: Query preload assets/scripts from cc.config.json: 60f7195c-ec2a-45eb-ba94-8955f60e81d0,1c02ae6f-4492-4915-b8f8-7492a3b1e4cd,810e96e4-e456-4468-9b59-f4e8f39732c0,efe8e2a3-eace-427b-b4f1-cb8a937ec77d,e9aa9a3e-5b2b-4ac7-a2c7-073de2b2b24f,8bbdbcdd-5cd4-4100-b6d5-b7c9625b6107,50f4348b-c883-4e2f-8f11-ce233b859fa1,fda095cb-831d-4601-ad94-846013963de8,f92806d7-1768-443f-afe8-12bcde84d0f0,dd3a144d-ab7f-41f0-82b8-2e43a090d496,f0416e68-0200-4b77-a926-4f9d16e494da,511d2633-09a7-4bdd-ac42-f778032124b3,5d45aa00-e064-4938-b314-4265f0c2258c,9361fd90-ba52-4f84-aa93-6e878fd576ca,970b0598-bcb0-4714-91fb-2e81440dccd8,bcd64cc6-2dd9-43f6-abbe-66318d332032,d930590d-bb92-4cc8-8bd1-23cd027f9edf,a3cd009f-0ab0-420d-9278-b9fdab939bbc,6a2d0734-bd9e-4ddf-946e-caa52498cb75,d9937e59-61fe-4ec6-92ab-7ac5a19c89b0,d1346436-ac96-4271-b863-1f4fdead95b0,971bdb23-3ff6-43eb-b422-1c30165a3663,17debcc3-0a6b-4b8a-b00b-dc58b885581e,711ebe11-f673-4cd9-9a83-63c60ba54c5b,c0143906-9aed-447e-9436-2ae8512d1b6e,14da1725-c4c2-42b4-ab08-ee0aeb6898b3,081cab31-dccd-428e-8652-f2404cc81c47,78e0584a-4343-4727-8f37-e14e65c2a2db,871c3b6c-7379-419d-bda3-794b239ab90d,ff9b0199-ce04-4cfe-86cc-6c719f08d6e4,de1c2107-70c8-4021-8459-6399f24d01c6,cbf30902-517f-40dc-af90-a550bac27cf1,5c601d96-e4c7-4698-991b-7ee674b11079
8-2-2026 16:39:46-debug:   Number of all scripts: 39
8-2-2026 16:39:46-debug: Init bundle root assets success..., progress: 0%
8-2-2026 16:39:46-debug:   Number of other assets: 486
8-2-2026 16:39:46-debug:   Number of all scenes: 3
8-2-2026 16:39:46-debug: // ---- build task Query asset bundle ---- (14ms)
8-2-2026 16:39:46-log: run build task Query asset bundle success in 14 ms√, progress: 5%
8-2-2026 16:39:46-debug: [Build Memory track]: Query asset bundle start:226.51MB, end 226.33MB, increase: -191.02KB
8-2-2026 16:39:46-debug: // ---- build task Query asset bundle ----
8-2-2026 16:39:46-debug: Query asset bundle start, progress: 5%
8-2-2026 16:39:46-debug: // ---- build task Query asset bundle ---- (8ms)
8-2-2026 16:39:46-log: run build task Query asset bundle success in 8 ms√, progress: 10%
8-2-2026 16:39:46-debug: Sort some build options to settings.json start, progress: 10%
8-2-2026 16:39:46-debug: [Build Memory track]: Query asset bundle start:226.36MB, end 226.50MB, increase: 147.00KB
8-2-2026 16:39:46-debug: // ---- build task Sort some build options to settings.json ----
8-2-2026 16:39:46-debug: // ---- build task Sort some build options to settings.json ---- (3ms)
8-2-2026 16:39:46-debug: [Build Memory track]: Sort some build options to settings.json start:226.53MB, end 226.56MB, increase: 26.48KB
8-2-2026 16:39:46-log: run build task Sort some build options to settings.json success in 3 ms√, progress: 12%
8-2-2026 16:39:46-debug: // ---- build task Fill script data to settings ----
8-2-2026 16:39:46-debug: Fill script data to settings start, progress: 12%
8-2-2026 16:39:46-debug: // ---- build task Fill script data to settings ---- (6ms)
8-2-2026 16:39:46-log: run build task Fill script data to settings success in 6 ms√, progress: 13%
8-2-2026 16:39:46-debug: [Build Memory track]: Fill script data to settings start:226.59MB, end 226.61MB, increase: 25.66KB
8-2-2026 16:39:46-debug: Sort some build options to settings.json start, progress: 13%
8-2-2026 16:39:46-debug: // ---- build task Sort some build options to settings.json ----
8-2-2026 16:39:46-debug: // ---- build task Sort some build options to settings.json ---- (15ms)
8-2-2026 16:39:46-log: run build task Sort some build options to settings.json success in 15 ms√, progress: 15%
8-2-2026 16:39:46-debug: [Build Memory track]: Sort some build options to settings.json start:226.64MB, end 226.77MB, increase: 130.89KB
8-2-2026 16:40:16-debug: Query all assets info in project
8-2-2026 16:40:16-debug: init custom config: keepNodeUuid: false, useCache: true
8-2-2026 16:40:16-debug: Skip compress image, progress: 0%
8-2-2026 16:40:16-debug: Init all bundles start..., progress: 0%
8-2-2026 16:40:16-debug: Query asset bundle start, progress: 0%
8-2-2026 16:40:16-debug: Num of bundles: 2..., progress: 0%
8-2-2026 16:40:16-debug: // ---- build task Query asset bundle ----
8-2-2026 16:40:16-debug: Init bundle root assets start..., progress: 0%
8-2-2026 16:40:16-debug: Query preload assets/scripts from cc.config.json: 60f7195c-ec2a-45eb-ba94-8955f60e81d0,1c02ae6f-4492-4915-b8f8-7492a3b1e4cd,810e96e4-e456-4468-9b59-f4e8f39732c0,efe8e2a3-eace-427b-b4f1-cb8a937ec77d,e9aa9a3e-5b2b-4ac7-a2c7-073de2b2b24f,8bbdbcdd-5cd4-4100-b6d5-b7c9625b6107,50f4348b-c883-4e2f-8f11-ce233b859fa1,fda095cb-831d-4601-ad94-846013963de8,f92806d7-1768-443f-afe8-12bcde84d0f0,dd3a144d-ab7f-41f0-82b8-2e43a090d496,f0416e68-0200-4b77-a926-4f9d16e494da,511d2633-09a7-4bdd-ac42-f778032124b3,5d45aa00-e064-4938-b314-4265f0c2258c,9361fd90-ba52-4f84-aa93-6e878fd576ca,970b0598-bcb0-4714-91fb-2e81440dccd8,bcd64cc6-2dd9-43f6-abbe-66318d332032,d930590d-bb92-4cc8-8bd1-23cd027f9edf,a3cd009f-0ab0-420d-9278-b9fdab939bbc,6a2d0734-bd9e-4ddf-946e-caa52498cb75,d9937e59-61fe-4ec6-92ab-7ac5a19c89b0,d1346436-ac96-4271-b863-1f4fdead95b0,971bdb23-3ff6-43eb-b422-1c30165a3663,17debcc3-0a6b-4b8a-b00b-dc58b885581e,711ebe11-f673-4cd9-9a83-63c60ba54c5b,c0143906-9aed-447e-9436-2ae8512d1b6e,14da1725-c4c2-42b4-ab08-ee0aeb6898b3,081cab31-dccd-428e-8652-f2404cc81c47,78e0584a-4343-4727-8f37-e14e65c2a2db,871c3b6c-7379-419d-bda3-794b239ab90d,ff9b0199-ce04-4cfe-86cc-6c719f08d6e4,de1c2107-70c8-4021-8459-6399f24d01c6,cbf30902-517f-40dc-af90-a550bac27cf1,5c601d96-e4c7-4698-991b-7ee674b11079
8-2-2026 16:40:16-debug:   Number of all scripts: 39
8-2-2026 16:40:16-debug:   Number of other assets: 486
8-2-2026 16:40:16-debug: Init bundle root assets success..., progress: 0%
8-2-2026 16:40:16-debug:   Number of all scenes: 3
8-2-2026 16:40:16-debug: // ---- build task Query asset bundle ---- (12ms)
8-2-2026 16:40:16-debug: [Build Memory track]: Query asset bundle start:226.59MB, end 226.41MB, increase: -181.91KB
8-2-2026 16:40:16-debug: Query asset bundle start, progress: 5%
8-2-2026 16:40:16-log: run build task Query asset bundle success in 12 ms√, progress: 5%
8-2-2026 16:40:16-debug: // ---- build task Query asset bundle ----
8-2-2026 16:40:16-debug: // ---- build task Query asset bundle ---- (6ms)
8-2-2026 16:40:16-log: run build task Query asset bundle success in 6 ms√, progress: 10%
8-2-2026 16:40:16-debug: Sort some build options to settings.json start, progress: 10%
8-2-2026 16:40:16-debug: [Build Memory track]: Query asset bundle start:226.44MB, end 226.60MB, increase: 158.25KB
8-2-2026 16:40:16-debug: // ---- build task Sort some build options to settings.json ----
8-2-2026 16:40:16-debug: // ---- build task Sort some build options to settings.json ---- (4ms)
8-2-2026 16:40:16-log: run build task Sort some build options to settings.json success in 4 ms√, progress: 12%
8-2-2026 16:40:16-debug: [Build Memory track]: Sort some build options to settings.json start:226.62MB, end 226.65MB, increase: 26.21KB
8-2-2026 16:40:16-debug: Fill script data to settings start, progress: 12%
8-2-2026 16:40:16-debug: // ---- build task Fill script data to settings ----
8-2-2026 16:40:16-debug: // ---- build task Fill script data to settings ---- (3ms)
8-2-2026 16:40:16-log: run build task Fill script data to settings success in 3 ms√, progress: 13%
8-2-2026 16:40:16-debug: [Build Memory track]: Fill script data to settings start:226.68MB, end 226.70MB, increase: 26.48KB
8-2-2026 16:40:16-debug: // ---- build task Sort some build options to settings.json ----
8-2-2026 16:40:16-debug: Sort some build options to settings.json start, progress: 13%
8-2-2026 16:40:16-debug: // ---- build task Sort some build options to settings.json ---- (11ms)
8-2-2026 16:40:16-log: run build task Sort some build options to settings.json success in 11 ms√, progress: 15%
8-2-2026 16:40:16-debug: [Build Memory track]: Sort some build options to settings.json start:226.73MB, end 226.86MB, increase: 133.46KB
8-2-2026 16:40:45-debug: Query all assets info in project
8-2-2026 16:40:45-debug: init custom config: keepNodeUuid: false, useCache: true
8-2-2026 16:40:45-debug: Skip compress image, progress: 0%
8-2-2026 16:40:45-debug: Init all bundles start..., progress: 0%
8-2-2026 16:40:45-debug: Num of bundles: 2..., progress: 0%
8-2-2026 16:40:45-debug: Query asset bundle start, progress: 0%
8-2-2026 16:40:45-debug: // ---- build task Query asset bundle ----
8-2-2026 16:40:45-debug: Init bundle root assets start..., progress: 0%
8-2-2026 16:40:45-debug: Query preload assets/scripts from cc.config.json: 60f7195c-ec2a-45eb-ba94-8955f60e81d0,1c02ae6f-4492-4915-b8f8-7492a3b1e4cd,810e96e4-e456-4468-9b59-f4e8f39732c0,efe8e2a3-eace-427b-b4f1-cb8a937ec77d,e9aa9a3e-5b2b-4ac7-a2c7-073de2b2b24f,8bbdbcdd-5cd4-4100-b6d5-b7c9625b6107,50f4348b-c883-4e2f-8f11-ce233b859fa1,fda095cb-831d-4601-ad94-846013963de8,f92806d7-1768-443f-afe8-12bcde84d0f0,dd3a144d-ab7f-41f0-82b8-2e43a090d496,f0416e68-0200-4b77-a926-4f9d16e494da,511d2633-09a7-4bdd-ac42-f778032124b3,5d45aa00-e064-4938-b314-4265f0c2258c,9361fd90-ba52-4f84-aa93-6e878fd576ca,970b0598-bcb0-4714-91fb-2e81440dccd8,bcd64cc6-2dd9-43f6-abbe-66318d332032,d930590d-bb92-4cc8-8bd1-23cd027f9edf,a3cd009f-0ab0-420d-9278-b9fdab939bbc,6a2d0734-bd9e-4ddf-946e-caa52498cb75,d9937e59-61fe-4ec6-92ab-7ac5a19c89b0,d1346436-ac96-4271-b863-1f4fdead95b0,971bdb23-3ff6-43eb-b422-1c30165a3663,17debcc3-0a6b-4b8a-b00b-dc58b885581e,711ebe11-f673-4cd9-9a83-63c60ba54c5b,c0143906-9aed-447e-9436-2ae8512d1b6e,14da1725-c4c2-42b4-ab08-ee0aeb6898b3,081cab31-dccd-428e-8652-f2404cc81c47,78e0584a-4343-4727-8f37-e14e65c2a2db,871c3b6c-7379-419d-bda3-794b239ab90d,ff9b0199-ce04-4cfe-86cc-6c719f08d6e4,de1c2107-70c8-4021-8459-6399f24d01c6,cbf30902-517f-40dc-af90-a550bac27cf1,5c601d96-e4c7-4698-991b-7ee674b11079
8-2-2026 16:40:45-debug:   Number of all scenes: 3
8-2-2026 16:40:45-debug:   Number of all scripts: 39
8-2-2026 16:40:45-debug: Init bundle root assets success..., progress: 0%
8-2-2026 16:40:45-debug:   Number of other assets: 486
8-2-2026 16:40:45-debug: // ---- build task Query asset bundle ---- (11ms)
8-2-2026 16:40:45-log: run build task Query asset bundle success in 11 ms√, progress: 5%
8-2-2026 16:40:45-debug: [Build Memory track]: Query asset bundle start:226.69MB, end 226.51MB, increase: -178.97KB
8-2-2026 16:40:45-debug: Query asset bundle start, progress: 5%
8-2-2026 16:40:45-debug: // ---- build task Query asset bundle ----
8-2-2026 16:40:45-debug: // ---- build task Query asset bundle ---- (5ms)
8-2-2026 16:40:45-log: run build task Query asset bundle success in 5 ms√, progress: 10%
8-2-2026 16:40:45-debug: [Build Memory track]: Query asset bundle start:226.54MB, end 226.68MB, increase: 145.41KB
8-2-2026 16:40:45-debug: // ---- build task Sort some build options to settings.json ----
8-2-2026 16:40:45-debug: Sort some build options to settings.json start, progress: 10%
8-2-2026 16:40:45-debug: // ---- build task Sort some build options to settings.json ---- (2ms)
8-2-2026 16:40:45-log: run build task Sort some build options to settings.json success in 2 ms√, progress: 12%
8-2-2026 16:40:45-debug: [Build Memory track]: Sort some build options to settings.json start:226.87MB, end 226.75MB, increase: -129.13KB
8-2-2026 16:40:45-debug: Fill script data to settings start, progress: 12%
8-2-2026 16:40:45-debug: // ---- build task Fill script data to settings ----
8-2-2026 16:40:45-debug: // ---- build task Fill script data to settings ---- (2ms)
8-2-2026 16:40:45-log: run build task Fill script data to settings success in 2 ms√, progress: 13%
8-2-2026 16:40:45-debug: [Build Memory track]: Fill script data to settings start:226.78MB, end 226.81MB, increase: 32.23KB
8-2-2026 16:40:45-debug: Sort some build options to settings.json start, progress: 13%
8-2-2026 16:40:45-debug: // ---- build task Sort some build options to settings.json ----
8-2-2026 16:40:45-debug: // ---- build task Sort some build options to settings.json ---- (13ms)
8-2-2026 16:40:45-log: run build task Sort some build options to settings.json success in 13 ms√, progress: 15%
8-2-2026 16:40:45-debug: [Build Memory track]: Sort some build options to settings.json start:226.84MB, end 226.96MB, increase: 126.59KB
8-2-2026 16:41:15-debug: Query all assets info in project
8-2-2026 16:41:15-debug: init custom config: keepNodeUuid: false, useCache: true
8-2-2026 16:41:15-debug: Skip compress image, progress: 0%
8-2-2026 16:41:15-debug: Init all bundles start..., progress: 0%
8-2-2026 16:41:15-debug: Query asset bundle start, progress: 0%
8-2-2026 16:41:15-debug: // ---- build task Query asset bundle ----
8-2-2026 16:41:15-debug: Num of bundles: 2..., progress: 0%
8-2-2026 16:41:15-debug: Init bundle root assets start..., progress: 0%
8-2-2026 16:41:15-debug: Query preload assets/scripts from cc.config.json: 60f7195c-ec2a-45eb-ba94-8955f60e81d0,1c02ae6f-4492-4915-b8f8-7492a3b1e4cd,810e96e4-e456-4468-9b59-f4e8f39732c0,efe8e2a3-eace-427b-b4f1-cb8a937ec77d,e9aa9a3e-5b2b-4ac7-a2c7-073de2b2b24f,8bbdbcdd-5cd4-4100-b6d5-b7c9625b6107,50f4348b-c883-4e2f-8f11-ce233b859fa1,fda095cb-831d-4601-ad94-846013963de8,f92806d7-1768-443f-afe8-12bcde84d0f0,dd3a144d-ab7f-41f0-82b8-2e43a090d496,f0416e68-0200-4b77-a926-4f9d16e494da,511d2633-09a7-4bdd-ac42-f778032124b3,5d45aa00-e064-4938-b314-4265f0c2258c,9361fd90-ba52-4f84-aa93-6e878fd576ca,970b0598-bcb0-4714-91fb-2e81440dccd8,bcd64cc6-2dd9-43f6-abbe-66318d332032,d930590d-bb92-4cc8-8bd1-23cd027f9edf,a3cd009f-0ab0-420d-9278-b9fdab939bbc,6a2d0734-bd9e-4ddf-946e-caa52498cb75,d9937e59-61fe-4ec6-92ab-7ac5a19c89b0,d1346436-ac96-4271-b863-1f4fdead95b0,971bdb23-3ff6-43eb-b422-1c30165a3663,17debcc3-0a6b-4b8a-b00b-dc58b885581e,711ebe11-f673-4cd9-9a83-63c60ba54c5b,c0143906-9aed-447e-9436-2ae8512d1b6e,14da1725-c4c2-42b4-ab08-ee0aeb6898b3,081cab31-dccd-428e-8652-f2404cc81c47,78e0584a-4343-4727-8f37-e14e65c2a2db,871c3b6c-7379-419d-bda3-794b239ab90d,ff9b0199-ce04-4cfe-86cc-6c719f08d6e4,de1c2107-70c8-4021-8459-6399f24d01c6,cbf30902-517f-40dc-af90-a550bac27cf1,5c601d96-e4c7-4698-991b-7ee674b11079
8-2-2026 16:41:15-debug:   Number of all scenes: 3
8-2-2026 16:41:15-debug:   Number of all scripts: 39
8-2-2026 16:41:15-debug:   Number of other assets: 486
8-2-2026 16:41:15-debug: Init bundle root assets success..., progress: 0%
8-2-2026 16:41:15-debug: // ---- build task Query asset bundle ---- (13ms)
8-2-2026 16:41:15-log: run build task Query asset bundle success in 13 ms√, progress: 5%
8-2-2026 16:41:15-debug: [Build Memory track]: Query asset bundle start:226.81MB, end 226.62MB, increase: -194.06KB
8-2-2026 16:41:15-debug: Query asset bundle start, progress: 5%
8-2-2026 16:41:15-debug: // ---- build task Query asset bundle ----
8-2-2026 16:41:15-debug: // ---- build task Query asset bundle ---- (9ms)
8-2-2026 16:41:15-log: run build task Query asset bundle success in 9 ms√, progress: 10%
8-2-2026 16:41:15-debug: // ---- build task Sort some build options to settings.json ----
8-2-2026 16:41:15-debug: [Build Memory track]: Query asset bundle start:226.65MB, end 226.79MB, increase: 140.72KB
8-2-2026 16:41:15-debug: Sort some build options to settings.json start, progress: 10%
8-2-2026 16:41:15-debug: // ---- build task Sort some build options to settings.json ---- (5ms)
8-2-2026 16:41:15-log: run build task Sort some build options to settings.json success in 5 ms√, progress: 12%
8-2-2026 16:41:15-debug: [Build Memory track]: Sort some build options to settings.json start:226.82MB, end 226.85MB, increase: 27.89KB
8-2-2026 16:41:15-debug: Fill script data to settings start, progress: 12%
8-2-2026 16:41:15-debug: // ---- build task Fill script data to settings ----
8-2-2026 16:41:15-debug: // ---- build task Fill script data to settings ---- (4ms)
8-2-2026 16:41:15-log: run build task Fill script data to settings success in 4 ms√, progress: 13%
8-2-2026 16:41:15-debug: [Build Memory track]: Fill script data to settings start:226.87MB, end 226.90MB, increase: 26.23KB
8-2-2026 16:41:15-debug: Sort some build options to settings.json start, progress: 13%
8-2-2026 16:41:15-debug: // ---- build task Sort some build options to settings.json ----
8-2-2026 16:41:15-log: run build task Sort some build options to settings.json success in 15 ms√, progress: 15%
8-2-2026 16:41:15-debug: [Build Memory track]: Sort some build options to settings.json start:226.93MB, end 227.06MB, increase: 135.33KB
8-2-2026 16:41:15-debug: // ---- build task Sort some build options to settings.json ---- (15ms)
8-2-2026 16:41:47-debug: Query all assets info in project
8-2-2026 16:41:47-debug: init custom config: keepNodeUuid: false, useCache: true
8-2-2026 16:41:47-debug: Skip compress image, progress: 0%
8-2-2026 16:41:47-debug: Init all bundles start..., progress: 0%
8-2-2026 16:41:47-debug: Num of bundles: 2..., progress: 0%
8-2-2026 16:41:47-debug: Query asset bundle start, progress: 0%
8-2-2026 16:41:47-debug: // ---- build task Query asset bundle ----
8-2-2026 16:41:47-debug: Init bundle root assets start..., progress: 0%
8-2-2026 16:41:47-debug: Query preload assets/scripts from cc.config.json: 60f7195c-ec2a-45eb-ba94-8955f60e81d0,1c02ae6f-4492-4915-b8f8-7492a3b1e4cd,810e96e4-e456-4468-9b59-f4e8f39732c0,efe8e2a3-eace-427b-b4f1-cb8a937ec77d,e9aa9a3e-5b2b-4ac7-a2c7-073de2b2b24f,8bbdbcdd-5cd4-4100-b6d5-b7c9625b6107,50f4348b-c883-4e2f-8f11-ce233b859fa1,fda095cb-831d-4601-ad94-846013963de8,f92806d7-1768-443f-afe8-12bcde84d0f0,dd3a144d-ab7f-41f0-82b8-2e43a090d496,f0416e68-0200-4b77-a926-4f9d16e494da,511d2633-09a7-4bdd-ac42-f778032124b3,5d45aa00-e064-4938-b314-4265f0c2258c,9361fd90-ba52-4f84-aa93-6e878fd576ca,970b0598-bcb0-4714-91fb-2e81440dccd8,bcd64cc6-2dd9-43f6-abbe-66318d332032,d930590d-bb92-4cc8-8bd1-23cd027f9edf,a3cd009f-0ab0-420d-9278-b9fdab939bbc,6a2d0734-bd9e-4ddf-946e-caa52498cb75,d9937e59-61fe-4ec6-92ab-7ac5a19c89b0,d1346436-ac96-4271-b863-1f4fdead95b0,971bdb23-3ff6-43eb-b422-1c30165a3663,17debcc3-0a6b-4b8a-b00b-dc58b885581e,711ebe11-f673-4cd9-9a83-63c60ba54c5b,c0143906-9aed-447e-9436-2ae8512d1b6e,14da1725-c4c2-42b4-ab08-ee0aeb6898b3,081cab31-dccd-428e-8652-f2404cc81c47,78e0584a-4343-4727-8f37-e14e65c2a2db,871c3b6c-7379-419d-bda3-794b239ab90d,ff9b0199-ce04-4cfe-86cc-6c719f08d6e4,de1c2107-70c8-4021-8459-6399f24d01c6,cbf30902-517f-40dc-af90-a550bac27cf1,5c601d96-e4c7-4698-991b-7ee674b11079
8-2-2026 16:41:47-debug:   Number of all scenes: 3
8-2-2026 16:41:47-debug: Init bundle root assets success..., progress: 0%
8-2-2026 16:41:47-debug:   Number of other assets: 486
8-2-2026 16:41:47-debug:   Number of all scripts: 39
8-2-2026 16:41:47-debug: // ---- build task Query asset bundle ---- (13ms)
8-2-2026 16:41:47-log: run build task Query asset bundle success in 13 ms√, progress: 5%
8-2-2026 16:41:47-debug: [Build Memory track]: Query asset bundle start:226.80MB, end 226.69MB, increase: -115.35KB
8-2-2026 16:41:47-debug: Query asset bundle start, progress: 5%
8-2-2026 16:41:47-debug: // ---- build task Query asset bundle ----
8-2-2026 16:41:47-debug: // ---- build task Query asset bundle ---- (11ms)
8-2-2026 16:41:47-log: run build task Query asset bundle success in 11 ms√, progress: 10%
8-2-2026 16:41:47-debug: [Build Memory track]: Query asset bundle start:226.72MB, end 226.86MB, increase: 140.67KB
8-2-2026 16:41:47-debug: Sort some build options to settings.json start, progress: 10%
8-2-2026 16:41:47-debug: // ---- build task Sort some build options to settings.json ----
8-2-2026 16:41:47-debug: // ---- build task Sort some build options to settings.json ---- (2ms)
8-2-2026 16:41:47-debug: [Build Memory track]: Sort some build options to settings.json start:226.89MB, end 226.91MB, increase: 26.14KB
8-2-2026 16:41:47-debug: Fill script data to settings start, progress: 12%
8-2-2026 16:41:47-log: run build task Sort some build options to settings.json success in 2 ms√, progress: 12%
8-2-2026 16:41:47-debug: // ---- build task Fill script data to settings ----
8-2-2026 16:41:47-debug: // ---- build task Fill script data to settings ---- (1ms)
8-2-2026 16:41:47-log: run build task Fill script data to settings success in 1 ms√, progress: 13%
8-2-2026 16:41:47-debug: [Build Memory track]: Fill script data to settings start:226.94MB, end 226.96MB, increase: 25.86KB
8-2-2026 16:41:47-debug: Sort some build options to settings.json start, progress: 13%
8-2-2026 16:41:47-debug: // ---- build task Sort some build options to settings.json ----
8-2-2026 16:41:47-debug: // ---- build task Sort some build options to settings.json ---- (14ms)
8-2-2026 16:41:47-debug: [Build Memory track]: Sort some build options to settings.json start:226.99MB, end 227.12MB, increase: 126.06KB
8-2-2026 16:41:47-log: run build task Sort some build options to settings.json success in 14 ms√, progress: 15%
8-2-2026 16:42:17-debug: Query all assets info in project
8-2-2026 16:42:17-debug: init custom config: keepNodeUuid: false, useCache: true
8-2-2026 16:42:17-debug: Skip compress image, progress: 0%
8-2-2026 16:42:17-debug: Init all bundles start..., progress: 0%
8-2-2026 16:42:17-debug: Query asset bundle start, progress: 0%
8-2-2026 16:42:17-debug: // ---- build task Query asset bundle ----
8-2-2026 16:42:17-debug: Num of bundles: 2..., progress: 0%
8-2-2026 16:42:17-debug: Init bundle root assets start..., progress: 0%
8-2-2026 16:42:17-debug: Query preload assets/scripts from cc.config.json: 60f7195c-ec2a-45eb-ba94-8955f60e81d0,1c02ae6f-4492-4915-b8f8-7492a3b1e4cd,810e96e4-e456-4468-9b59-f4e8f39732c0,efe8e2a3-eace-427b-b4f1-cb8a937ec77d,e9aa9a3e-5b2b-4ac7-a2c7-073de2b2b24f,8bbdbcdd-5cd4-4100-b6d5-b7c9625b6107,50f4348b-c883-4e2f-8f11-ce233b859fa1,fda095cb-831d-4601-ad94-846013963de8,f92806d7-1768-443f-afe8-12bcde84d0f0,dd3a144d-ab7f-41f0-82b8-2e43a090d496,f0416e68-0200-4b77-a926-4f9d16e494da,511d2633-09a7-4bdd-ac42-f778032124b3,5d45aa00-e064-4938-b314-4265f0c2258c,9361fd90-ba52-4f84-aa93-6e878fd576ca,970b0598-bcb0-4714-91fb-2e81440dccd8,bcd64cc6-2dd9-43f6-abbe-66318d332032,d930590d-bb92-4cc8-8bd1-23cd027f9edf,a3cd009f-0ab0-420d-9278-b9fdab939bbc,6a2d0734-bd9e-4ddf-946e-caa52498cb75,d9937e59-61fe-4ec6-92ab-7ac5a19c89b0,d1346436-ac96-4271-b863-1f4fdead95b0,971bdb23-3ff6-43eb-b422-1c30165a3663,17debcc3-0a6b-4b8a-b00b-dc58b885581e,711ebe11-f673-4cd9-9a83-63c60ba54c5b,c0143906-9aed-447e-9436-2ae8512d1b6e,14da1725-c4c2-42b4-ab08-ee0aeb6898b3,081cab31-dccd-428e-8652-f2404cc81c47,78e0584a-4343-4727-8f37-e14e65c2a2db,871c3b6c-7379-419d-bda3-794b239ab90d,ff9b0199-ce04-4cfe-86cc-6c719f08d6e4,de1c2107-70c8-4021-8459-6399f24d01c6,cbf30902-517f-40dc-af90-a550bac27cf1,5c601d96-e4c7-4698-991b-7ee674b11079
8-2-2026 16:42:17-debug:   Number of other assets: 486
8-2-2026 16:42:17-debug: Init bundle root assets success..., progress: 0%
8-2-2026 16:42:17-debug:   Number of all scripts: 39
8-2-2026 16:42:17-debug:   Number of all scenes: 3
8-2-2026 16:42:17-debug: // ---- build task Query asset bundle ---- (19ms)
8-2-2026 16:42:17-log: run build task Query asset bundle success in 19 ms√, progress: 5%
8-2-2026 16:42:17-debug: [Build Memory track]: Query asset bundle start:227.02MB, end 226.94MB, increase: -80.06KB
8-2-2026 16:42:17-debug: // ---- build task Query asset bundle ----
8-2-2026 16:42:17-debug: Query asset bundle start, progress: 5%
8-2-2026 16:42:17-debug: // ---- build task Query asset bundle ---- (13ms)
8-2-2026 16:42:17-log: run build task Query asset bundle success in 13 ms√, progress: 10%
8-2-2026 16:42:17-debug: [Build Memory track]: Query asset bundle start:226.98MB, end 227.12MB, increase: 148.27KB
8-2-2026 16:42:17-debug: // ---- build task Sort some build options to settings.json ----
8-2-2026 16:42:17-debug: Sort some build options to settings.json start, progress: 10%
8-2-2026 16:42:17-debug: // ---- build task Sort some build options to settings.json ---- (2ms)
8-2-2026 16:42:17-log: run build task Sort some build options to settings.json success in 2 ms√, progress: 12%
8-2-2026 16:42:17-debug: [Build Memory track]: Sort some build options to settings.json start:227.15MB, end 227.18MB, increase: 28.18KB
8-2-2026 16:42:17-debug: Fill script data to settings start, progress: 12%
8-2-2026 16:42:17-debug: // ---- build task Fill script data to settings ----
8-2-2026 16:42:17-log: run build task Fill script data to settings success in 5 ms√, progress: 13%
8-2-2026 16:42:17-debug: // ---- build task Fill script data to settings ---- (5ms)
8-2-2026 16:42:17-debug: [Build Memory track]: Fill script data to settings start:227.21MB, end 227.24MB, increase: 27.11KB
8-2-2026 16:42:17-debug: // ---- build task Sort some build options to settings.json ----
8-2-2026 16:42:17-debug: Sort some build options to settings.json start, progress: 13%
8-2-2026 16:42:17-debug: // ---- build task Sort some build options to settings.json ---- (16ms)
8-2-2026 16:42:17-log: run build task Sort some build options to settings.json success in 16 ms√, progress: 15%
8-2-2026 16:42:17-debug: [Build Memory track]: Sort some build options to settings.json start:227.26MB, end 227.39MB, increase: 129.09KB
8-2-2026 16:42:49-debug: Query all assets info in project
8-2-2026 16:42:49-debug: init custom config: keepNodeUuid: false, useCache: true
8-2-2026 16:42:49-debug: Skip compress image, progress: 0%
8-2-2026 16:42:49-debug: Num of bundles: 2..., progress: 0%
8-2-2026 16:42:49-debug: Init all bundles start..., progress: 0%
8-2-2026 16:42:49-debug: // ---- build task Query asset bundle ----
8-2-2026 16:42:49-debug: Query asset bundle start, progress: 0%
8-2-2026 16:42:49-debug: Init bundle root assets start..., progress: 0%
8-2-2026 16:42:49-debug: Query preload assets/scripts from cc.config.json: 60f7195c-ec2a-45eb-ba94-8955f60e81d0,1c02ae6f-4492-4915-b8f8-7492a3b1e4cd,810e96e4-e456-4468-9b59-f4e8f39732c0,efe8e2a3-eace-427b-b4f1-cb8a937ec77d,e9aa9a3e-5b2b-4ac7-a2c7-073de2b2b24f,8bbdbcdd-5cd4-4100-b6d5-b7c9625b6107,50f4348b-c883-4e2f-8f11-ce233b859fa1,fda095cb-831d-4601-ad94-846013963de8,f92806d7-1768-443f-afe8-12bcde84d0f0,dd3a144d-ab7f-41f0-82b8-2e43a090d496,f0416e68-0200-4b77-a926-4f9d16e494da,511d2633-09a7-4bdd-ac42-f778032124b3,5d45aa00-e064-4938-b314-4265f0c2258c,9361fd90-ba52-4f84-aa93-6e878fd576ca,970b0598-bcb0-4714-91fb-2e81440dccd8,bcd64cc6-2dd9-43f6-abbe-66318d332032,d930590d-bb92-4cc8-8bd1-23cd027f9edf,a3cd009f-0ab0-420d-9278-b9fdab939bbc,6a2d0734-bd9e-4ddf-946e-caa52498cb75,d9937e59-61fe-4ec6-92ab-7ac5a19c89b0,d1346436-ac96-4271-b863-1f4fdead95b0,971bdb23-3ff6-43eb-b422-1c30165a3663,17debcc3-0a6b-4b8a-b00b-dc58b885581e,711ebe11-f673-4cd9-9a83-63c60ba54c5b,c0143906-9aed-447e-9436-2ae8512d1b6e,14da1725-c4c2-42b4-ab08-ee0aeb6898b3,081cab31-dccd-428e-8652-f2404cc81c47,78e0584a-4343-4727-8f37-e14e65c2a2db,871c3b6c-7379-419d-bda3-794b239ab90d,ff9b0199-ce04-4cfe-86cc-6c719f08d6e4,de1c2107-70c8-4021-8459-6399f24d01c6,cbf30902-517f-40dc-af90-a550bac27cf1,5c601d96-e4c7-4698-991b-7ee674b11079
8-2-2026 16:42:49-debug:   Number of other assets: 486
8-2-2026 16:42:49-debug: Init bundle root assets success..., progress: 0%
8-2-2026 16:42:49-debug:   Number of all scripts: 39
8-2-2026 16:42:49-debug:   Number of all scenes: 3
8-2-2026 16:42:49-debug: // ---- build task Query asset bundle ---- (12ms)
8-2-2026 16:42:49-log: run build task Query asset bundle success in 12 ms√, progress: 5%
8-2-2026 16:42:49-debug: [Build Memory track]: Query asset bundle start:227.26MB, end 227.13MB, increase: -134.16KB
8-2-2026 16:42:49-debug: Query asset bundle start, progress: 5%
8-2-2026 16:42:49-debug: // ---- build task Query asset bundle ----
8-2-2026 16:42:49-debug: // ---- build task Query asset bundle ---- (7ms)
8-2-2026 16:42:49-log: run build task Query asset bundle success in 7 ms√, progress: 10%
8-2-2026 16:42:49-debug: [Build Memory track]: Query asset bundle start:227.16MB, end 227.29MB, increase: 139.22KB
8-2-2026 16:42:49-debug: // ---- build task Sort some build options to settings.json ----
8-2-2026 16:42:49-debug: Sort some build options to settings.json start, progress: 10%
8-2-2026 16:42:49-debug: // ---- build task Sort some build options to settings.json ---- (3ms)
8-2-2026 16:42:49-log: run build task Sort some build options to settings.json success in 3 ms√, progress: 12%
8-2-2026 16:42:49-debug: Fill script data to settings start, progress: 12%
8-2-2026 16:42:49-debug: // ---- build task Fill script data to settings ----
8-2-2026 16:42:49-debug: [Build Memory track]: Sort some build options to settings.json start:227.32MB, end 227.35MB, increase: 26.07KB
8-2-2026 16:42:49-debug: // ---- build task Fill script data to settings ---- (3ms)
8-2-2026 16:42:49-log: run build task Fill script data to settings success in 3 ms√, progress: 13%
8-2-2026 16:42:49-debug: Sort some build options to settings.json start, progress: 13%
8-2-2026 16:42:49-debug: [Build Memory track]: Fill script data to settings start:227.37MB, end 227.40MB, increase: 25.60KB
8-2-2026 16:42:49-debug: // ---- build task Sort some build options to settings.json ----
8-2-2026 16:42:49-debug: // ---- build task Sort some build options to settings.json ---- (17ms)
8-2-2026 16:42:49-log: run build task Sort some build options to settings.json success in 17 ms√, progress: 15%
8-2-2026 16:42:49-debug: [Build Memory track]: Sort some build options to settings.json start:227.43MB, end 227.55MB, increase: 126.05KB
8-2-2026 16:43:19-debug: Query all assets info in project
8-2-2026 16:43:19-debug: init custom config: keepNodeUuid: false, useCache: true
8-2-2026 16:43:19-debug: Skip compress image, progress: 0%
8-2-2026 16:43:19-debug: Init all bundles start..., progress: 0%
8-2-2026 16:43:19-debug: Query asset bundle start, progress: 0%
8-2-2026 16:43:19-debug: // ---- build task Query asset bundle ----
8-2-2026 16:43:19-debug: Num of bundles: 2..., progress: 0%
8-2-2026 16:43:19-debug: Init bundle root assets start..., progress: 0%
8-2-2026 16:43:19-debug: Query preload assets/scripts from cc.config.json: 60f7195c-ec2a-45eb-ba94-8955f60e81d0,1c02ae6f-4492-4915-b8f8-7492a3b1e4cd,810e96e4-e456-4468-9b59-f4e8f39732c0,efe8e2a3-eace-427b-b4f1-cb8a937ec77d,e9aa9a3e-5b2b-4ac7-a2c7-073de2b2b24f,8bbdbcdd-5cd4-4100-b6d5-b7c9625b6107,50f4348b-c883-4e2f-8f11-ce233b859fa1,fda095cb-831d-4601-ad94-846013963de8,f92806d7-1768-443f-afe8-12bcde84d0f0,dd3a144d-ab7f-41f0-82b8-2e43a090d496,f0416e68-0200-4b77-a926-4f9d16e494da,511d2633-09a7-4bdd-ac42-f778032124b3,5d45aa00-e064-4938-b314-4265f0c2258c,9361fd90-ba52-4f84-aa93-6e878fd576ca,970b0598-bcb0-4714-91fb-2e81440dccd8,bcd64cc6-2dd9-43f6-abbe-66318d332032,d930590d-bb92-4cc8-8bd1-23cd027f9edf,a3cd009f-0ab0-420d-9278-b9fdab939bbc,6a2d0734-bd9e-4ddf-946e-caa52498cb75,d9937e59-61fe-4ec6-92ab-7ac5a19c89b0,d1346436-ac96-4271-b863-1f4fdead95b0,971bdb23-3ff6-43eb-b422-1c30165a3663,17debcc3-0a6b-4b8a-b00b-dc58b885581e,711ebe11-f673-4cd9-9a83-63c60ba54c5b,c0143906-9aed-447e-9436-2ae8512d1b6e,14da1725-c4c2-42b4-ab08-ee0aeb6898b3,081cab31-dccd-428e-8652-f2404cc81c47,78e0584a-4343-4727-8f37-e14e65c2a2db,871c3b6c-7379-419d-bda3-794b239ab90d,ff9b0199-ce04-4cfe-86cc-6c719f08d6e4,de1c2107-70c8-4021-8459-6399f24d01c6,cbf30902-517f-40dc-af90-a550bac27cf1,5c601d96-e4c7-4698-991b-7ee674b11079
8-2-2026 16:43:19-debug:   Number of all scenes: 3
8-2-2026 16:43:19-debug:   Number of all scripts: 39
8-2-2026 16:43:19-debug: Init bundle root assets success..., progress: 0%
8-2-2026 16:43:19-debug:   Number of other assets: 486
8-2-2026 16:43:19-debug: // ---- build task Query asset bundle ---- (11ms)
8-2-2026 16:43:19-log: run build task Query asset bundle success in 11 ms√, progress: 5%
8-2-2026 16:43:19-debug: [Build Memory track]: Query asset bundle start:227.39MB, end 227.28MB, increase: -104.75KB
8-2-2026 16:43:19-debug: Query asset bundle start, progress: 5%
8-2-2026 16:43:19-debug: // ---- build task Query asset bundle ----
8-2-2026 16:43:19-debug: // ---- build task Query asset bundle ---- (7ms)
8-2-2026 16:43:19-log: run build task Query asset bundle success in 7 ms√, progress: 10%
8-2-2026 16:43:19-debug: // ---- build task Sort some build options to settings.json ----
8-2-2026 16:43:19-debug: [Build Memory track]: Query asset bundle start:227.31MB, end 227.45MB, increase: 138.94KB
8-2-2026 16:43:19-debug: Sort some build options to settings.json start, progress: 10%
8-2-2026 16:43:19-debug: // ---- build task Sort some build options to settings.json ---- (2ms)
8-2-2026 16:43:19-log: run build task Sort some build options to settings.json success in 2 ms√, progress: 12%
8-2-2026 16:43:19-debug: [Build Memory track]: Sort some build options to settings.json start:227.48MB, end 227.50MB, increase: 26.07KB
8-2-2026 16:43:19-debug: Fill script data to settings start, progress: 12%
8-2-2026 16:43:19-debug: // ---- build task Fill script data to settings ----
8-2-2026 16:43:19-debug: // ---- build task Fill script data to settings ---- (2ms)
8-2-2026 16:43:19-log: run build task Fill script data to settings success in 2 ms√, progress: 13%
8-2-2026 16:43:19-debug: [Build Memory track]: Fill script data to settings start:227.53MB, end 227.55MB, increase: 25.60KB
8-2-2026 16:43:19-debug: Sort some build options to settings.json start, progress: 13%
8-2-2026 16:43:19-debug: // ---- build task Sort some build options to settings.json ----
8-2-2026 16:43:19-debug: // ---- build task Sort some build options to settings.json ---- (17ms)
8-2-2026 16:43:19-log: run build task Sort some build options to settings.json success in 17 ms√, progress: 15%
8-2-2026 16:43:19-debug: [Build Memory track]: Sort some build options to settings.json start:227.58MB, end 227.70MB, increase: 125.96KB
8-2-2026 16:43:48-debug: Query all assets info in project
8-2-2026 16:43:48-debug: init custom config: keepNodeUuid: false, useCache: true
8-2-2026 16:43:48-debug: Skip compress image, progress: 0%
8-2-2026 16:43:48-debug: Init all bundles start..., progress: 0%
8-2-2026 16:43:48-debug: Query asset bundle start, progress: 0%
8-2-2026 16:43:48-debug: Init bundle root assets start..., progress: 0%
8-2-2026 16:43:48-debug: // ---- build task Query asset bundle ----
8-2-2026 16:43:48-debug: Num of bundles: 2..., progress: 0%
8-2-2026 16:43:48-debug: Query preload assets/scripts from cc.config.json: 60f7195c-ec2a-45eb-ba94-8955f60e81d0,1c02ae6f-4492-4915-b8f8-7492a3b1e4cd,810e96e4-e456-4468-9b59-f4e8f39732c0,efe8e2a3-eace-427b-b4f1-cb8a937ec77d,e9aa9a3e-5b2b-4ac7-a2c7-073de2b2b24f,8bbdbcdd-5cd4-4100-b6d5-b7c9625b6107,50f4348b-c883-4e2f-8f11-ce233b859fa1,fda095cb-831d-4601-ad94-846013963de8,f92806d7-1768-443f-afe8-12bcde84d0f0,dd3a144d-ab7f-41f0-82b8-2e43a090d496,f0416e68-0200-4b77-a926-4f9d16e494da,511d2633-09a7-4bdd-ac42-f778032124b3,5d45aa00-e064-4938-b314-4265f0c2258c,9361fd90-ba52-4f84-aa93-6e878fd576ca,970b0598-bcb0-4714-91fb-2e81440dccd8,bcd64cc6-2dd9-43f6-abbe-66318d332032,d930590d-bb92-4cc8-8bd1-23cd027f9edf,a3cd009f-0ab0-420d-9278-b9fdab939bbc,6a2d0734-bd9e-4ddf-946e-caa52498cb75,d9937e59-61fe-4ec6-92ab-7ac5a19c89b0,d1346436-ac96-4271-b863-1f4fdead95b0,971bdb23-3ff6-43eb-b422-1c30165a3663,17debcc3-0a6b-4b8a-b00b-dc58b885581e,711ebe11-f673-4cd9-9a83-63c60ba54c5b,c0143906-9aed-447e-9436-2ae8512d1b6e,14da1725-c4c2-42b4-ab08-ee0aeb6898b3,081cab31-dccd-428e-8652-f2404cc81c47,78e0584a-4343-4727-8f37-e14e65c2a2db,871c3b6c-7379-419d-bda3-794b239ab90d,ff9b0199-ce04-4cfe-86cc-6c719f08d6e4,de1c2107-70c8-4021-8459-6399f24d01c6,cbf30902-517f-40dc-af90-a550bac27cf1,5c601d96-e4c7-4698-991b-7ee674b11079
8-2-2026 16:43:48-debug:   Number of other assets: 486
8-2-2026 16:43:48-debug:   Number of all scenes: 3
8-2-2026 16:43:48-debug:   Number of all scripts: 39
8-2-2026 16:43:48-debug: Init bundle root assets success..., progress: 0%
8-2-2026 16:43:48-debug: // ---- build task Query asset bundle ---- (10ms)
8-2-2026 16:43:48-log: run build task Query asset bundle success in 10 ms√, progress: 5%
8-2-2026 16:43:48-debug: [Build Memory track]: Query asset bundle start:227.53MB, end 227.42MB, increase: -112.50KB
8-2-2026 16:43:48-debug: Query asset bundle start, progress: 5%
8-2-2026 16:43:48-debug: // ---- build task Query asset bundle ----
8-2-2026 16:43:48-debug: // ---- build task Query asset bundle ---- (6ms)
8-2-2026 16:43:48-log: run build task Query asset bundle success in 6 ms√, progress: 10%
8-2-2026 16:43:48-debug: Sort some build options to settings.json start, progress: 10%
8-2-2026 16:43:48-debug: [Build Memory track]: Query asset bundle start:227.45MB, end 227.59MB, increase: 138.96KB
8-2-2026 16:43:48-debug: // ---- build task Sort some build options to settings.json ----
8-2-2026 16:43:48-debug: // ---- build task Sort some build options to settings.json ---- (3ms)
8-2-2026 16:43:48-debug: [Build Memory track]: Sort some build options to settings.json start:227.62MB, end 227.64MB, increase: 26.12KB
8-2-2026 16:43:48-debug: // ---- build task Fill script data to settings ----
8-2-2026 16:43:48-log: run build task Sort some build options to settings.json success in 3 ms√, progress: 12%
8-2-2026 16:43:48-debug: Fill script data to settings start, progress: 12%
8-2-2026 16:43:48-debug: // ---- build task Fill script data to settings ---- (3ms)
8-2-2026 16:43:48-log: run build task Fill script data to settings success in 3 ms√, progress: 13%
8-2-2026 16:43:48-debug: [Build Memory track]: Fill script data to settings start:227.67MB, end 227.69MB, increase: 25.60KB
8-2-2026 16:43:48-debug: Sort some build options to settings.json start, progress: 13%
8-2-2026 16:43:48-debug: // ---- build task Sort some build options to settings.json ----
8-2-2026 16:43:48-debug: // ---- build task Sort some build options to settings.json ---- (19ms)
8-2-2026 16:43:48-log: run build task Sort some build options to settings.json success in 19 ms√, progress: 15%
8-2-2026 16:43:48-debug: [Build Memory track]: Sort some build options to settings.json start:227.72MB, end 227.85MB, increase: 125.96KB
8-2-2026 16:44:18-debug: Query all assets info in project
8-2-2026 16:44:18-debug: init custom config: keepNodeUuid: false, useCache: true
8-2-2026 16:44:18-debug: Skip compress image, progress: 0%
8-2-2026 16:44:18-debug: Init all bundles start..., progress: 0%
8-2-2026 16:44:18-debug: // ---- build task Query asset bundle ----
8-2-2026 16:44:18-debug: Num of bundles: 2..., progress: 0%
8-2-2026 16:44:18-debug: Query asset bundle start, progress: 0%
8-2-2026 16:44:18-debug: Init bundle root assets start..., progress: 0%
8-2-2026 16:44:18-debug: Query preload assets/scripts from cc.config.json: 60f7195c-ec2a-45eb-ba94-8955f60e81d0,1c02ae6f-4492-4915-b8f8-7492a3b1e4cd,810e96e4-e456-4468-9b59-f4e8f39732c0,efe8e2a3-eace-427b-b4f1-cb8a937ec77d,e9aa9a3e-5b2b-4ac7-a2c7-073de2b2b24f,8bbdbcdd-5cd4-4100-b6d5-b7c9625b6107,50f4348b-c883-4e2f-8f11-ce233b859fa1,fda095cb-831d-4601-ad94-846013963de8,f92806d7-1768-443f-afe8-12bcde84d0f0,dd3a144d-ab7f-41f0-82b8-2e43a090d496,f0416e68-0200-4b77-a926-4f9d16e494da,511d2633-09a7-4bdd-ac42-f778032124b3,5d45aa00-e064-4938-b314-4265f0c2258c,9361fd90-ba52-4f84-aa93-6e878fd576ca,970b0598-bcb0-4714-91fb-2e81440dccd8,bcd64cc6-2dd9-43f6-abbe-66318d332032,d930590d-bb92-4cc8-8bd1-23cd027f9edf,a3cd009f-0ab0-420d-9278-b9fdab939bbc,6a2d0734-bd9e-4ddf-946e-caa52498cb75,d9937e59-61fe-4ec6-92ab-7ac5a19c89b0,d1346436-ac96-4271-b863-1f4fdead95b0,971bdb23-3ff6-43eb-b422-1c30165a3663,17debcc3-0a6b-4b8a-b00b-dc58b885581e,711ebe11-f673-4cd9-9a83-63c60ba54c5b,c0143906-9aed-447e-9436-2ae8512d1b6e,14da1725-c4c2-42b4-ab08-ee0aeb6898b3,081cab31-dccd-428e-8652-f2404cc81c47,78e0584a-4343-4727-8f37-e14e65c2a2db,871c3b6c-7379-419d-bda3-794b239ab90d,ff9b0199-ce04-4cfe-86cc-6c719f08d6e4,de1c2107-70c8-4021-8459-6399f24d01c6,cbf30902-517f-40dc-af90-a550bac27cf1,5c601d96-e4c7-4698-991b-7ee674b11079
8-2-2026 16:44:18-debug:   Number of all scripts: 39
8-2-2026 16:44:18-debug:   Number of other assets: 486
8-2-2026 16:44:18-debug: Init bundle root assets success..., progress: 0%
8-2-2026 16:44:18-debug:   Number of all scenes: 3
8-2-2026 16:44:18-debug: // ---- build task Query asset bundle ---- (12ms)
8-2-2026 16:44:18-debug: [Build Memory track]: Query asset bundle start:227.67MB, end 227.58MB, increase: -92.75KB
8-2-2026 16:44:18-log: run build task Query asset bundle success in 12 ms√, progress: 5%
8-2-2026 16:44:18-debug: Query asset bundle start, progress: 5%
8-2-2026 16:44:18-debug: // ---- build task Query asset bundle ----
8-2-2026 16:44:18-debug: // ---- build task Query asset bundle ---- (8ms)
8-2-2026 16:44:18-debug: [Build Memory track]: Query asset bundle start:227.61MB, end 227.75MB, increase: 138.99KB
8-2-2026 16:44:18-log: run build task Query asset bundle success in 8 ms√, progress: 10%
8-2-2026 16:44:18-debug: Sort some build options to settings.json start, progress: 10%
8-2-2026 16:44:18-debug: // ---- build task Sort some build options to settings.json ----
8-2-2026 16:44:18-debug: // ---- build task Sort some build options to settings.json ---- (6ms)
8-2-2026 16:44:18-log: run build task Sort some build options to settings.json success in 6 ms√, progress: 12%
8-2-2026 16:44:18-debug: [Build Memory track]: Sort some build options to settings.json start:227.78MB, end 227.80MB, increase: 26.12KB
8-2-2026 16:44:18-debug: // ---- build task Fill script data to settings ----
8-2-2026 16:44:18-debug: Fill script data to settings start, progress: 12%
8-2-2026 16:44:18-debug: // ---- build task Fill script data to settings ---- (7ms)
8-2-2026 16:44:18-log: run build task Fill script data to settings success in 7 ms√, progress: 13%
8-2-2026 16:44:18-debug: [Build Memory track]: Fill script data to settings start:227.83MB, end 227.85MB, increase: 25.60KB
8-2-2026 16:44:18-debug: // ---- build task Sort some build options to settings.json ----
8-2-2026 16:44:18-debug: Sort some build options to settings.json start, progress: 13%
8-2-2026 16:44:18-debug: // ---- build task Sort some build options to settings.json ---- (11ms)
8-2-2026 16:44:18-debug: [Build Memory track]: Sort some build options to settings.json start:227.88MB, end 228.00MB, increase: 125.89KB
8-2-2026 16:44:18-log: run build task Sort some build options to settings.json success in 11 ms√, progress: 15%
8-2-2026 16:58:02-debug: refresh db internal success
8-2-2026 16:58:02-debug: %cImport%c: F:\Github\BattleGame\assets\scripts\LevelSettings.tsbackground: #aaff85; color: #000;color: #000;
8-2-2026 16:58:02-debug: refresh db assets success
8-2-2026 16:58:02-debug: Run asset db hook engine-extends:afterRefresh ...
8-2-2026 16:58:02-debug: Run asset db hook engine-extends:afterRefresh success!
8-2-2026 16:58:02-debug: asset-db:worker-effect-data-processing (5ms)
8-2-2026 16:58:02-debug: asset-db:refresh-all-database (111ms)
8-2-2026 16:58:02-debug: asset-db-hook-engine-extends-afterRefresh (5ms)
8-2-2026 16:58:05-debug: Query all assets info in project
8-2-2026 16:58:05-debug: init custom config: keepNodeUuid: false, useCache: true
8-2-2026 16:58:05-debug: Skip compress image, progress: 0%
8-2-2026 16:58:05-debug: Init all bundles start..., progress: 0%
8-2-2026 16:58:05-debug: // ---- build task Query asset bundle ----
8-2-2026 16:58:05-debug: Init bundle root assets start..., progress: 0%
8-2-2026 16:58:05-debug: Num of bundles: 2..., progress: 0%
8-2-2026 16:58:05-debug: Query asset bundle start, progress: 0%
8-2-2026 16:58:05-debug: Query preload assets/scripts from cc.config.json: 60f7195c-ec2a-45eb-ba94-8955f60e81d0,1c02ae6f-4492-4915-b8f8-7492a3b1e4cd,810e96e4-e456-4468-9b59-f4e8f39732c0,efe8e2a3-eace-427b-b4f1-cb8a937ec77d,e9aa9a3e-5b2b-4ac7-a2c7-073de2b2b24f,8bbdbcdd-5cd4-4100-b6d5-b7c9625b6107,50f4348b-c883-4e2f-8f11-ce233b859fa1,fda095cb-831d-4601-ad94-846013963de8,f92806d7-1768-443f-afe8-12bcde84d0f0,dd3a144d-ab7f-41f0-82b8-2e43a090d496,f0416e68-0200-4b77-a926-4f9d16e494da,511d2633-09a7-4bdd-ac42-f778032124b3,5d45aa00-e064-4938-b314-4265f0c2258c,9361fd90-ba52-4f84-aa93-6e878fd576ca,970b0598-bcb0-4714-91fb-2e81440dccd8,bcd64cc6-2dd9-43f6-abbe-66318d332032,d930590d-bb92-4cc8-8bd1-23cd027f9edf,a3cd009f-0ab0-420d-9278-b9fdab939bbc,6a2d0734-bd9e-4ddf-946e-caa52498cb75,d9937e59-61fe-4ec6-92ab-7ac5a19c89b0,d1346436-ac96-4271-b863-1f4fdead95b0,971bdb23-3ff6-43eb-b422-1c30165a3663,17debcc3-0a6b-4b8a-b00b-dc58b885581e,711ebe11-f673-4cd9-9a83-63c60ba54c5b,c0143906-9aed-447e-9436-2ae8512d1b6e,14da1725-c4c2-42b4-ab08-ee0aeb6898b3,081cab31-dccd-428e-8652-f2404cc81c47,78e0584a-4343-4727-8f37-e14e65c2a2db,871c3b6c-7379-419d-bda3-794b239ab90d,ff9b0199-ce04-4cfe-86cc-6c719f08d6e4,de1c2107-70c8-4021-8459-6399f24d01c6,cbf30902-517f-40dc-af90-a550bac27cf1,5c601d96-e4c7-4698-991b-7ee674b11079
8-2-2026 16:58:05-debug:   Number of all scenes: 3
8-2-2026 16:58:05-debug:   Number of all scripts: 39
8-2-2026 16:58:05-debug: Init bundle root assets success..., progress: 0%
8-2-2026 16:58:05-debug:   Number of other assets: 486
8-2-2026 16:58:05-debug: // ---- build task Query asset bundle ---- (14ms)
8-2-2026 16:58:05-log: run build task Query asset bundle success in 14 ms√, progress: 5%
8-2-2026 16:58:05-debug: Query asset bundle start, progress: 5%
8-2-2026 16:58:05-debug: [Build Memory track]: Query asset bundle start:229.68MB, end 229.47MB, increase: -206.10KB
8-2-2026 16:58:05-debug: // ---- build task Query asset bundle ----
8-2-2026 16:58:05-debug: // ---- build task Query asset bundle ---- (8ms)
8-2-2026 16:58:05-debug: [Build Memory track]: Query asset bundle start:229.50MB, end 229.64MB, increase: 140.17KB
8-2-2026 16:58:05-debug: Sort some build options to settings.json start, progress: 10%
8-2-2026 16:58:05-log: run build task Query asset bundle success in 8 ms√, progress: 10%
8-2-2026 16:58:05-debug: // ---- build task Sort some build options to settings.json ----
8-2-2026 16:58:05-debug: // ---- build task Sort some build options to settings.json ---- (4ms)
8-2-2026 16:58:05-debug: [Build Memory track]: Sort some build options to settings.json start:229.67MB, end 229.69MB, increase: 26.35KB
8-2-2026 16:58:05-log: run build task Sort some build options to settings.json success in 4 ms√, progress: 12%
8-2-2026 16:58:05-debug: Fill script data to settings start, progress: 12%
8-2-2026 16:58:05-debug: // ---- build task Fill script data to settings ----
8-2-2026 16:58:05-debug: // ---- build task Fill script data to settings ---- (2ms)
8-2-2026 16:58:05-log: run build task Fill script data to settings success in 2 ms√, progress: 13%
8-2-2026 16:58:05-debug: [Build Memory track]: Fill script data to settings start:229.72MB, end 229.75MB, increase: 25.01KB
8-2-2026 16:58:05-debug: Sort some build options to settings.json start, progress: 13%
8-2-2026 16:58:05-debug: // ---- build task Sort some build options to settings.json ----
8-2-2026 16:58:05-debug: // ---- build task Sort some build options to settings.json ---- (15ms)
8-2-2026 16:58:05-log: run build task Sort some build options to settings.json success in 15 ms√, progress: 15%
8-2-2026 16:58:05-debug: [Build Memory track]: Sort some build options to settings.json start:229.77MB, end 229.90MB, increase: 128.53KB
8-2-2026 16:58:13-debug: refresh db internal success
8-2-2026 16:58:13-debug: refresh db assets success
8-2-2026 16:58:13-debug: Run asset db hook engine-extends:afterRefresh ...
8-2-2026 16:58:13-debug: Run asset db hook engine-extends:afterRefresh success!
8-2-2026 16:58:13-debug: asset-db:refresh-all-database (90ms)
8-2-2026 16:58:13-debug: asset-db:worker-effect-data-processing (2ms)
8-2-2026 16:58:13-debug: asset-db-hook-engine-extends-afterRefresh (3ms)
8-2-2026 16:59:37-debug: refresh db internal success
8-2-2026 16:59:37-debug: refresh db assets success
8-2-2026 16:59:37-debug: Run asset db hook engine-extends:afterRefresh ...
8-2-2026 16:59:37-debug: Run asset db hook engine-extends:afterRefresh success!
8-2-2026 16:59:37-debug: asset-db:refresh-all-database (96ms)
8-2-2026 16:59:37-debug: asset-db:worker-effect-data-processing (3ms)
8-2-2026 16:59:37-debug: asset-db-hook-engine-extends-afterRefresh (3ms)
8-2-2026 16:59:38-debug: %cImport%c: F:\Github\BattleGame\assets\Test.scenebackground: #aaff85; color: #000;color: #000;
8-2-2026 16:59:38-debug: asset-db:reimport-asset1effe86e-a401-4769-9dbc-62218c68834d (28ms)
8-2-2026 16:59:39-debug: Query all assets info in project
8-2-2026 16:59:39-debug: init custom config: keepNodeUuid: false, useCache: true
8-2-2026 16:59:39-debug: Skip compress image, progress: 0%
8-2-2026 16:59:39-debug: Init all bundles start..., progress: 0%
8-2-2026 16:59:39-debug: Query asset bundle start, progress: 0%
8-2-2026 16:59:39-debug: // ---- build task Query asset bundle ----
8-2-2026 16:59:39-debug: Num of bundles: 2..., progress: 0%
8-2-2026 16:59:39-debug: Init bundle root assets start..., progress: 0%
8-2-2026 16:59:39-debug: Query preload assets/scripts from cc.config.json: 60f7195c-ec2a-45eb-ba94-8955f60e81d0,1c02ae6f-4492-4915-b8f8-7492a3b1e4cd,810e96e4-e456-4468-9b59-f4e8f39732c0,efe8e2a3-eace-427b-b4f1-cb8a937ec77d,e9aa9a3e-5b2b-4ac7-a2c7-073de2b2b24f,8bbdbcdd-5cd4-4100-b6d5-b7c9625b6107,50f4348b-c883-4e2f-8f11-ce233b859fa1,fda095cb-831d-4601-ad94-846013963de8,f92806d7-1768-443f-afe8-12bcde84d0f0,dd3a144d-ab7f-41f0-82b8-2e43a090d496,f0416e68-0200-4b77-a926-4f9d16e494da,511d2633-09a7-4bdd-ac42-f778032124b3,5d45aa00-e064-4938-b314-4265f0c2258c,9361fd90-ba52-4f84-aa93-6e878fd576ca,970b0598-bcb0-4714-91fb-2e81440dccd8,bcd64cc6-2dd9-43f6-abbe-66318d332032,d930590d-bb92-4cc8-8bd1-23cd027f9edf,a3cd009f-0ab0-420d-9278-b9fdab939bbc,6a2d0734-bd9e-4ddf-946e-caa52498cb75,d9937e59-61fe-4ec6-92ab-7ac5a19c89b0,d1346436-ac96-4271-b863-1f4fdead95b0,971bdb23-3ff6-43eb-b422-1c30165a3663,17debcc3-0a6b-4b8a-b00b-dc58b885581e,711ebe11-f673-4cd9-9a83-63c60ba54c5b,c0143906-9aed-447e-9436-2ae8512d1b6e,14da1725-c4c2-42b4-ab08-ee0aeb6898b3,081cab31-dccd-428e-8652-f2404cc81c47,78e0584a-4343-4727-8f37-e14e65c2a2db,871c3b6c-7379-419d-bda3-794b239ab90d,ff9b0199-ce04-4cfe-86cc-6c719f08d6e4,de1c2107-70c8-4021-8459-6399f24d01c6,cbf30902-517f-40dc-af90-a550bac27cf1,5c601d96-e4c7-4698-991b-7ee674b11079
8-2-2026 16:59:39-debug:   Number of all scenes: 3
8-2-2026 16:59:39-debug:   Number of other assets: 486
8-2-2026 16:59:39-debug: Init bundle root assets success..., progress: 0%
8-2-2026 16:59:39-debug:   Number of all scripts: 39
8-2-2026 16:59:39-debug: // ---- build task Query asset bundle ---- (8ms)
8-2-2026 16:59:39-log: run build task Query asset bundle success in 8 ms√, progress: 5%
8-2-2026 16:59:39-debug: [Build Memory track]: Query asset bundle start:233.26MB, end 233.99MB, increase: 747.55KB
8-2-2026 16:59:39-debug: Query asset bundle start, progress: 5%
8-2-2026 16:59:39-debug: // ---- build task Query asset bundle ----
8-2-2026 16:59:39-debug: // ---- build task Query asset bundle ---- (9ms)
8-2-2026 16:59:39-log: run build task Query asset bundle success in 9 ms√, progress: 10%
8-2-2026 16:59:39-debug: // ---- build task Sort some build options to settings.json ----
8-2-2026 16:59:39-debug: [Build Memory track]: Query asset bundle start:234.02MB, end 234.15MB, increase: 139.15KB
8-2-2026 16:59:39-debug: Sort some build options to settings.json start, progress: 10%
8-2-2026 16:59:39-debug: // ---- build task Sort some build options to settings.json ---- (2ms)
8-2-2026 16:59:39-log: run build task Sort some build options to settings.json success in 2 ms√, progress: 12%
8-2-2026 16:59:39-debug: [Build Memory track]: Sort some build options to settings.json start:234.18MB, end 234.21MB, increase: 26.28KB
8-2-2026 16:59:39-debug: Fill script data to settings start, progress: 12%
8-2-2026 16:59:39-debug: // ---- build task Fill script data to settings ----
8-2-2026 16:59:39-debug: // ---- build task Fill script data to settings ---- (3ms)
8-2-2026 16:59:39-log: run build task Fill script data to settings success in 3 ms√, progress: 13%
8-2-2026 16:59:39-debug: [Build Memory track]: Fill script data to settings start:234.24MB, end 234.26MB, increase: 25.70KB
8-2-2026 16:59:39-debug: Sort some build options to settings.json start, progress: 13%
8-2-2026 16:59:39-debug: // ---- build task Sort some build options to settings.json ----
8-2-2026 16:59:39-debug: // ---- build task Sort some build options to settings.json ---- (10ms)
8-2-2026 16:59:39-log: run build task Sort some build options to settings.json success in 10 ms√, progress: 15%
8-2-2026 16:59:39-debug: [Build Memory track]: Sort some build options to settings.json start:234.29MB, end 234.42MB, increase: 135.38KB
8-2-2026 16:59:45-debug: Query all assets info in project
8-2-2026 16:59:45-debug: init custom config: keepNodeUuid: false, useCache: true
8-2-2026 16:59:45-debug: Skip compress image, progress: 0%
8-2-2026 16:59:45-debug: Init all bundles start..., progress: 0%
8-2-2026 16:59:45-debug: Num of bundles: 2..., progress: 0%
8-2-2026 16:59:45-debug: Query asset bundle start, progress: 0%
8-2-2026 16:59:45-debug: // ---- build task Query asset bundle ----
8-2-2026 16:59:45-debug: Init bundle root assets start..., progress: 0%
8-2-2026 16:59:45-debug: Query preload assets/scripts from cc.config.json: 60f7195c-ec2a-45eb-ba94-8955f60e81d0,1c02ae6f-4492-4915-b8f8-7492a3b1e4cd,810e96e4-e456-4468-9b59-f4e8f39732c0,efe8e2a3-eace-427b-b4f1-cb8a937ec77d,e9aa9a3e-5b2b-4ac7-a2c7-073de2b2b24f,8bbdbcdd-5cd4-4100-b6d5-b7c9625b6107,50f4348b-c883-4e2f-8f11-ce233b859fa1,fda095cb-831d-4601-ad94-846013963de8,f92806d7-1768-443f-afe8-12bcde84d0f0,dd3a144d-ab7f-41f0-82b8-2e43a090d496,f0416e68-0200-4b77-a926-4f9d16e494da,511d2633-09a7-4bdd-ac42-f778032124b3,5d45aa00-e064-4938-b314-4265f0c2258c,9361fd90-ba52-4f84-aa93-6e878fd576ca,970b0598-bcb0-4714-91fb-2e81440dccd8,bcd64cc6-2dd9-43f6-abbe-66318d332032,d930590d-bb92-4cc8-8bd1-23cd027f9edf,a3cd009f-0ab0-420d-9278-b9fdab939bbc,6a2d0734-bd9e-4ddf-946e-caa52498cb75,d9937e59-61fe-4ec6-92ab-7ac5a19c89b0,d1346436-ac96-4271-b863-1f4fdead95b0,971bdb23-3ff6-43eb-b422-1c30165a3663,17debcc3-0a6b-4b8a-b00b-dc58b885581e,711ebe11-f673-4cd9-9a83-63c60ba54c5b,c0143906-9aed-447e-9436-2ae8512d1b6e,14da1725-c4c2-42b4-ab08-ee0aeb6898b3,081cab31-dccd-428e-8652-f2404cc81c47,78e0584a-4343-4727-8f37-e14e65c2a2db,871c3b6c-7379-419d-bda3-794b239ab90d,ff9b0199-ce04-4cfe-86cc-6c719f08d6e4,de1c2107-70c8-4021-8459-6399f24d01c6,cbf30902-517f-40dc-af90-a550bac27cf1,5c601d96-e4c7-4698-991b-7ee674b11079
8-2-2026 16:59:45-debug:   Number of other assets: 486
8-2-2026 16:59:45-debug: Init bundle root assets success..., progress: 0%
8-2-2026 16:59:45-debug:   Number of all scenes: 3
8-2-2026 16:59:45-debug:   Number of all scripts: 39
8-2-2026 16:59:45-debug: // ---- build task Query asset bundle ---- (11ms)
8-2-2026 16:59:45-log: run build task Query asset bundle success in 11 ms√, progress: 5%
8-2-2026 16:59:45-debug: Query asset bundle start, progress: 5%
8-2-2026 16:59:45-debug: [Build Memory track]: Query asset bundle start:234.16MB, end 233.00MB, increase: -1185.68KB
8-2-2026 16:59:45-debug: // ---- build task Query asset bundle ----
8-2-2026 16:59:45-debug: // ---- build task Query asset bundle ---- (5ms)
8-2-2026 16:59:45-log: run build task Query asset bundle success in 5 ms√, progress: 10%
8-2-2026 16:59:45-debug: [Build Memory track]: Query asset bundle start:233.03MB, end 233.17MB, increase: 139.29KB
8-2-2026 16:59:45-debug: Sort some build options to settings.json start, progress: 10%
8-2-2026 16:59:45-debug: // ---- build task Sort some build options to settings.json ----
8-2-2026 16:59:45-debug: // ---- build task Sort some build options to settings.json ---- (2ms)
8-2-2026 16:59:45-log: run build task Sort some build options to settings.json success in 2 ms√, progress: 12%
8-2-2026 16:59:45-debug: Fill script data to settings start, progress: 12%
8-2-2026 16:59:45-debug: [Build Memory track]: Sort some build options to settings.json start:233.20MB, end 233.22MB, increase: 26.32KB
8-2-2026 16:59:45-debug: // ---- build task Fill script data to settings ----
8-2-2026 16:59:45-debug: // ---- build task Fill script data to settings ---- (4ms)
8-2-2026 16:59:45-log: run build task Fill script data to settings success in 4 ms√, progress: 13%
8-2-2026 16:59:45-debug: [Build Memory track]: Fill script data to settings start:233.25MB, end 233.28MB, increase: 25.67KB
8-2-2026 16:59:45-debug: Sort some build options to settings.json start, progress: 13%
8-2-2026 16:59:45-debug: // ---- build task Sort some build options to settings.json ----
8-2-2026 16:59:45-debug: // ---- build task Sort some build options to settings.json ---- (15ms)
8-2-2026 16:59:45-log: run build task Sort some build options to settings.json success in 15 ms√, progress: 15%
8-2-2026 16:59:45-debug: [Build Memory track]: Sort some build options to settings.json start:233.30MB, end 233.43MB, increase: 126.95KB
8-2-2026 17:00:11-debug: Query all assets info in project
8-2-2026 17:00:11-debug: init custom config: keepNodeUuid: false, useCache: true
8-2-2026 17:00:11-debug: Skip compress image, progress: 0%
8-2-2026 17:00:11-debug: Num of bundles: 2..., progress: 0%
8-2-2026 17:00:11-debug: Init all bundles start..., progress: 0%
8-2-2026 17:00:11-debug: Init bundle root assets start..., progress: 0%
8-2-2026 17:00:11-debug: Query asset bundle start, progress: 0%
8-2-2026 17:00:11-debug: // ---- build task Query asset bundle ----
8-2-2026 17:00:11-debug: Query preload assets/scripts from cc.config.json: 60f7195c-ec2a-45eb-ba94-8955f60e81d0,1c02ae6f-4492-4915-b8f8-7492a3b1e4cd,810e96e4-e456-4468-9b59-f4e8f39732c0,efe8e2a3-eace-427b-b4f1-cb8a937ec77d,e9aa9a3e-5b2b-4ac7-a2c7-073de2b2b24f,8bbdbcdd-5cd4-4100-b6d5-b7c9625b6107,50f4348b-c883-4e2f-8f11-ce233b859fa1,fda095cb-831d-4601-ad94-846013963de8,f92806d7-1768-443f-afe8-12bcde84d0f0,dd3a144d-ab7f-41f0-82b8-2e43a090d496,f0416e68-0200-4b77-a926-4f9d16e494da,511d2633-09a7-4bdd-ac42-f778032124b3,5d45aa00-e064-4938-b314-4265f0c2258c,9361fd90-ba52-4f84-aa93-6e878fd576ca,970b0598-bcb0-4714-91fb-2e81440dccd8,bcd64cc6-2dd9-43f6-abbe-66318d332032,d930590d-bb92-4cc8-8bd1-23cd027f9edf,a3cd009f-0ab0-420d-9278-b9fdab939bbc,6a2d0734-bd9e-4ddf-946e-caa52498cb75,d9937e59-61fe-4ec6-92ab-7ac5a19c89b0,d1346436-ac96-4271-b863-1f4fdead95b0,971bdb23-3ff6-43eb-b422-1c30165a3663,17debcc3-0a6b-4b8a-b00b-dc58b885581e,711ebe11-f673-4cd9-9a83-63c60ba54c5b,c0143906-9aed-447e-9436-2ae8512d1b6e,14da1725-c4c2-42b4-ab08-ee0aeb6898b3,081cab31-dccd-428e-8652-f2404cc81c47,78e0584a-4343-4727-8f37-e14e65c2a2db,871c3b6c-7379-419d-bda3-794b239ab90d,ff9b0199-ce04-4cfe-86cc-6c719f08d6e4,de1c2107-70c8-4021-8459-6399f24d01c6,cbf30902-517f-40dc-af90-a550bac27cf1,5c601d96-e4c7-4698-991b-7ee674b11079
8-2-2026 17:00:11-debug:   Number of all scripts: 39
8-2-2026 17:00:11-debug:   Number of other assets: 486
8-2-2026 17:00:11-debug: Init bundle root assets success..., progress: 0%
8-2-2026 17:00:11-debug:   Number of all scenes: 3
8-2-2026 17:00:11-debug: // ---- build task Query asset bundle ---- (16ms)
8-2-2026 17:00:11-debug: [Build Memory track]: Query asset bundle start:233.86MB, end 233.74MB, increase: -122.50KB
8-2-2026 17:00:11-log: run build task Query asset bundle success in 16 ms√, progress: 5%
8-2-2026 17:00:11-debug: // ---- build task Query asset bundle ----
8-2-2026 17:00:11-debug: Query asset bundle start, progress: 5%
8-2-2026 17:00:11-debug: // ---- build task Query asset bundle ---- (7ms)
8-2-2026 17:00:11-log: run build task Query asset bundle success in 7 ms√, progress: 10%
8-2-2026 17:00:11-debug: [Build Memory track]: Query asset bundle start:233.77MB, end 233.08MB, increase: -703.73KB
8-2-2026 17:00:11-debug: Sort some build options to settings.json start, progress: 10%
8-2-2026 17:00:11-debug: // ---- build task Sort some build options to settings.json ----
8-2-2026 17:00:11-debug: // ---- build task Sort some build options to settings.json ---- (6ms)
8-2-2026 17:00:11-debug: [Build Memory track]: Sort some build options to settings.json start:233.11MB, end 233.14MB, increase: 26.31KB
8-2-2026 17:00:11-log: run build task Sort some build options to settings.json success in 6 ms√, progress: 12%
8-2-2026 17:00:11-debug: Fill script data to settings start, progress: 12%
8-2-2026 17:00:11-debug: // ---- build task Fill script data to settings ----
8-2-2026 17:00:11-debug: // ---- build task Fill script data to settings ---- (3ms)
8-2-2026 17:00:11-log: run build task Fill script data to settings success in 3 ms√, progress: 13%
8-2-2026 17:00:11-debug: [Build Memory track]: Fill script data to settings start:233.17MB, end 233.19MB, increase: 25.70KB
8-2-2026 17:00:11-debug: // ---- build task Sort some build options to settings.json ----
8-2-2026 17:00:11-debug: Sort some build options to settings.json start, progress: 13%
8-2-2026 17:00:11-debug: // ---- build task Sort some build options to settings.json ---- (15ms)
8-2-2026 17:00:11-debug: [Build Memory track]: Sort some build options to settings.json start:233.22MB, end 233.35MB, increase: 138.73KB
8-2-2026 17:00:11-log: run build task Sort some build options to settings.json success in 15 ms√, progress: 15%
8-2-2026 17:00:37-debug: Query all assets info in project
8-2-2026 17:00:37-debug: init custom config: keepNodeUuid: false, useCache: true
8-2-2026 17:00:37-debug: Skip compress image, progress: 0%
8-2-2026 17:00:37-debug: Init all bundles start..., progress: 0%
8-2-2026 17:00:37-debug: // ---- build task Query asset bundle ----
8-2-2026 17:00:37-debug: Num of bundles: 2..., progress: 0%
8-2-2026 17:00:37-debug: Query asset bundle start, progress: 0%
8-2-2026 17:00:37-debug: Init bundle root assets start..., progress: 0%
8-2-2026 17:00:37-debug: Query preload assets/scripts from cc.config.json: 60f7195c-ec2a-45eb-ba94-8955f60e81d0,1c02ae6f-4492-4915-b8f8-7492a3b1e4cd,810e96e4-e456-4468-9b59-f4e8f39732c0,efe8e2a3-eace-427b-b4f1-cb8a937ec77d,e9aa9a3e-5b2b-4ac7-a2c7-073de2b2b24f,8bbdbcdd-5cd4-4100-b6d5-b7c9625b6107,50f4348b-c883-4e2f-8f11-ce233b859fa1,fda095cb-831d-4601-ad94-846013963de8,f92806d7-1768-443f-afe8-12bcde84d0f0,dd3a144d-ab7f-41f0-82b8-2e43a090d496,f0416e68-0200-4b77-a926-4f9d16e494da,511d2633-09a7-4bdd-ac42-f778032124b3,5d45aa00-e064-4938-b314-4265f0c2258c,9361fd90-ba52-4f84-aa93-6e878fd576ca,970b0598-bcb0-4714-91fb-2e81440dccd8,bcd64cc6-2dd9-43f6-abbe-66318d332032,d930590d-bb92-4cc8-8bd1-23cd027f9edf,a3cd009f-0ab0-420d-9278-b9fdab939bbc,6a2d0734-bd9e-4ddf-946e-caa52498cb75,d9937e59-61fe-4ec6-92ab-7ac5a19c89b0,d1346436-ac96-4271-b863-1f4fdead95b0,971bdb23-3ff6-43eb-b422-1c30165a3663,17debcc3-0a6b-4b8a-b00b-dc58b885581e,711ebe11-f673-4cd9-9a83-63c60ba54c5b,c0143906-9aed-447e-9436-2ae8512d1b6e,14da1725-c4c2-42b4-ab08-ee0aeb6898b3,081cab31-dccd-428e-8652-f2404cc81c47,78e0584a-4343-4727-8f37-e14e65c2a2db,871c3b6c-7379-419d-bda3-794b239ab90d,ff9b0199-ce04-4cfe-86cc-6c719f08d6e4,de1c2107-70c8-4021-8459-6399f24d01c6,cbf30902-517f-40dc-af90-a550bac27cf1,5c601d96-e4c7-4698-991b-7ee674b11079
8-2-2026 17:00:37-debug:   Number of all scenes: 3
8-2-2026 17:00:37-debug:   Number of all scripts: 39
8-2-2026 17:00:37-debug: Init bundle root assets success..., progress: 0%
8-2-2026 17:00:37-debug:   Number of other assets: 486
8-2-2026 17:00:37-debug: // ---- build task Query asset bundle ---- (12ms)
8-2-2026 17:00:37-log: run build task Query asset bundle success in 12 ms√, progress: 5%
8-2-2026 17:00:37-debug: [Build Memory track]: Query asset bundle start:233.99MB, end 233.91MB, increase: -87.13KB
8-2-2026 17:00:37-debug: Query asset bundle start, progress: 5%
8-2-2026 17:00:37-debug: // ---- build task Query asset bundle ----
8-2-2026 17:00:37-debug: // ---- build task Query asset bundle ---- (7ms)
8-2-2026 17:00:37-debug: [Build Memory track]: Query asset bundle start:233.94MB, end 233.26MB, increase: -697.11KB
8-2-2026 17:00:37-debug: Sort some build options to settings.json start, progress: 10%
8-2-2026 17:00:37-log: run build task Query asset bundle success in 7 ms√, progress: 10%
8-2-2026 17:00:37-debug: // ---- build task Sort some build options to settings.json ----
8-2-2026 17:00:37-debug: // ---- build task Sort some build options to settings.json ---- (4ms)
8-2-2026 17:00:37-log: run build task Sort some build options to settings.json success in 4 ms√, progress: 12%
8-2-2026 17:00:37-debug: [Build Memory track]: Sort some build options to settings.json start:233.28MB, end 233.31MB, increase: 26.34KB
8-2-2026 17:00:37-debug: Fill script data to settings start, progress: 12%
8-2-2026 17:00:37-debug: // ---- build task Fill script data to settings ----
8-2-2026 17:00:37-debug: // ---- build task Fill script data to settings ---- (4ms)
8-2-2026 17:00:37-log: run build task Fill script data to settings success in 4 ms√, progress: 13%
8-2-2026 17:00:37-debug: [Build Memory track]: Fill script data to settings start:233.34MB, end 233.36MB, increase: 25.64KB
8-2-2026 17:00:37-debug: Sort some build options to settings.json start, progress: 13%
8-2-2026 17:00:37-debug: // ---- build task Sort some build options to settings.json ----
8-2-2026 17:00:37-debug: // ---- build task Sort some build options to settings.json ---- (13ms)
8-2-2026 17:00:37-debug: [Build Memory track]: Sort some build options to settings.json start:233.39MB, end 233.52MB, increase: 132.38KB
8-2-2026 17:00:37-log: run build task Sort some build options to settings.json success in 13 ms√, progress: 15%
8-2-2026 17:01:03-debug: Query all assets info in project
8-2-2026 17:01:03-debug: init custom config: keepNodeUuid: false, useCache: true
8-2-2026 17:01:03-debug: Skip compress image, progress: 0%
8-2-2026 17:01:03-debug: Init all bundles start..., progress: 0%
8-2-2026 17:01:03-debug: Num of bundles: 2..., progress: 0%
8-2-2026 17:01:03-debug: // ---- build task Query asset bundle ----
8-2-2026 17:01:03-debug: Query asset bundle start, progress: 0%
8-2-2026 17:01:03-debug: Init bundle root assets start..., progress: 0%
8-2-2026 17:01:03-debug: Query preload assets/scripts from cc.config.json: 60f7195c-ec2a-45eb-ba94-8955f60e81d0,1c02ae6f-4492-4915-b8f8-7492a3b1e4cd,810e96e4-e456-4468-9b59-f4e8f39732c0,efe8e2a3-eace-427b-b4f1-cb8a937ec77d,e9aa9a3e-5b2b-4ac7-a2c7-073de2b2b24f,8bbdbcdd-5cd4-4100-b6d5-b7c9625b6107,50f4348b-c883-4e2f-8f11-ce233b859fa1,fda095cb-831d-4601-ad94-846013963de8,f92806d7-1768-443f-afe8-12bcde84d0f0,dd3a144d-ab7f-41f0-82b8-2e43a090d496,f0416e68-0200-4b77-a926-4f9d16e494da,511d2633-09a7-4bdd-ac42-f778032124b3,5d45aa00-e064-4938-b314-4265f0c2258c,9361fd90-ba52-4f84-aa93-6e878fd576ca,970b0598-bcb0-4714-91fb-2e81440dccd8,bcd64cc6-2dd9-43f6-abbe-66318d332032,d930590d-bb92-4cc8-8bd1-23cd027f9edf,a3cd009f-0ab0-420d-9278-b9fdab939bbc,6a2d0734-bd9e-4ddf-946e-caa52498cb75,d9937e59-61fe-4ec6-92ab-7ac5a19c89b0,d1346436-ac96-4271-b863-1f4fdead95b0,971bdb23-3ff6-43eb-b422-1c30165a3663,17debcc3-0a6b-4b8a-b00b-dc58b885581e,711ebe11-f673-4cd9-9a83-63c60ba54c5b,c0143906-9aed-447e-9436-2ae8512d1b6e,14da1725-c4c2-42b4-ab08-ee0aeb6898b3,081cab31-dccd-428e-8652-f2404cc81c47,78e0584a-4343-4727-8f37-e14e65c2a2db,871c3b6c-7379-419d-bda3-794b239ab90d,ff9b0199-ce04-4cfe-86cc-6c719f08d6e4,de1c2107-70c8-4021-8459-6399f24d01c6,cbf30902-517f-40dc-af90-a550bac27cf1,5c601d96-e4c7-4698-991b-7ee674b11079
8-2-2026 17:01:03-debug:   Number of all scripts: 39
8-2-2026 17:01:03-debug:   Number of other assets: 486
8-2-2026 17:01:03-debug: Init bundle root assets success..., progress: 0%
8-2-2026 17:01:03-debug:   Number of all scenes: 3
8-2-2026 17:01:03-debug: // ---- build task Query asset bundle ---- (13ms)
8-2-2026 17:01:03-log: run build task Query asset bundle success in 13 ms√, progress: 5%
8-2-2026 17:01:03-debug: [Build Memory track]: Query asset bundle start:234.11MB, end 234.02MB, increase: -91.86KB
8-2-2026 17:01:03-debug: Query asset bundle start, progress: 5%
8-2-2026 17:01:03-debug: // ---- build task Query asset bundle ----
8-2-2026 17:01:03-debug: // ---- build task Query asset bundle ---- (9ms)
8-2-2026 17:01:03-log: run build task Query asset bundle success in 9 ms√, progress: 10%
8-2-2026 17:01:03-debug: [Build Memory track]: Query asset bundle start:234.05MB, end 233.40MB, increase: -668.59KB
8-2-2026 17:01:03-debug: Sort some build options to settings.json start, progress: 10%
8-2-2026 17:01:03-debug: // ---- build task Sort some build options to settings.json ----
8-2-2026 17:01:03-debug: // ---- build task Sort some build options to settings.json ---- (4ms)
8-2-2026 17:01:03-log: run build task Sort some build options to settings.json success in 4 ms√, progress: 12%
8-2-2026 17:01:03-debug: [Build Memory track]: Sort some build options to settings.json start:233.42MB, end 233.46MB, increase: 32.45KB
8-2-2026 17:01:03-debug: Fill script data to settings start, progress: 12%
8-2-2026 17:01:03-debug: // ---- build task Fill script data to settings ----
8-2-2026 17:01:03-debug: // ---- build task Fill script data to settings ---- (4ms)
8-2-2026 17:01:03-log: run build task Fill script data to settings success in 4 ms√, progress: 13%
8-2-2026 17:01:03-debug: [Build Memory track]: Fill script data to settings start:233.48MB, end 233.51MB, increase: 25.94KB
8-2-2026 17:01:03-debug: Sort some build options to settings.json start, progress: 13%
8-2-2026 17:01:03-debug: // ---- build task Sort some build options to settings.json ----
8-2-2026 17:01:03-debug: // ---- build task Sort some build options to settings.json ---- (11ms)
8-2-2026 17:01:03-log: run build task Sort some build options to settings.json success in 11 ms√, progress: 15%
8-2-2026 17:01:03-debug: [Build Memory track]: Sort some build options to settings.json start:233.54MB, end 233.67MB, increase: 133.12KB
8-2-2026 17:01:28-debug: Query all assets info in project
8-2-2026 17:01:28-debug: init custom config: keepNodeUuid: false, useCache: true
8-2-2026 17:01:28-debug: Skip compress image, progress: 0%
8-2-2026 17:01:28-debug: Num of bundles: 2..., progress: 0%
8-2-2026 17:01:28-debug: Init all bundles start..., progress: 0%
8-2-2026 17:01:28-debug: // ---- build task Query asset bundle ----
8-2-2026 17:01:28-debug: Query asset bundle start, progress: 0%
8-2-2026 17:01:28-debug: Init bundle root assets start..., progress: 0%
8-2-2026 17:01:28-debug: Query preload assets/scripts from cc.config.json: 60f7195c-ec2a-45eb-ba94-8955f60e81d0,1c02ae6f-4492-4915-b8f8-7492a3b1e4cd,810e96e4-e456-4468-9b59-f4e8f39732c0,efe8e2a3-eace-427b-b4f1-cb8a937ec77d,e9aa9a3e-5b2b-4ac7-a2c7-073de2b2b24f,8bbdbcdd-5cd4-4100-b6d5-b7c9625b6107,50f4348b-c883-4e2f-8f11-ce233b859fa1,fda095cb-831d-4601-ad94-846013963de8,f92806d7-1768-443f-afe8-12bcde84d0f0,dd3a144d-ab7f-41f0-82b8-2e43a090d496,f0416e68-0200-4b77-a926-4f9d16e494da,511d2633-09a7-4bdd-ac42-f778032124b3,5d45aa00-e064-4938-b314-4265f0c2258c,9361fd90-ba52-4f84-aa93-6e878fd576ca,970b0598-bcb0-4714-91fb-2e81440dccd8,bcd64cc6-2dd9-43f6-abbe-66318d332032,d930590d-bb92-4cc8-8bd1-23cd027f9edf,a3cd009f-0ab0-420d-9278-b9fdab939bbc,6a2d0734-bd9e-4ddf-946e-caa52498cb75,d9937e59-61fe-4ec6-92ab-7ac5a19c89b0,d1346436-ac96-4271-b863-1f4fdead95b0,971bdb23-3ff6-43eb-b422-1c30165a3663,17debcc3-0a6b-4b8a-b00b-dc58b885581e,711ebe11-f673-4cd9-9a83-63c60ba54c5b,c0143906-9aed-447e-9436-2ae8512d1b6e,14da1725-c4c2-42b4-ab08-ee0aeb6898b3,081cab31-dccd-428e-8652-f2404cc81c47,78e0584a-4343-4727-8f37-e14e65c2a2db,871c3b6c-7379-419d-bda3-794b239ab90d,ff9b0199-ce04-4cfe-86cc-6c719f08d6e4,de1c2107-70c8-4021-8459-6399f24d01c6,cbf30902-517f-40dc-af90-a550bac27cf1,5c601d96-e4c7-4698-991b-7ee674b11079
8-2-2026 17:01:28-debug:   Number of all scenes: 3
8-2-2026 17:01:28-debug:   Number of all scripts: 39
8-2-2026 17:01:28-debug: Init bundle root assets success..., progress: 0%
8-2-2026 17:01:28-debug:   Number of other assets: 486
8-2-2026 17:01:28-log: run build task Query asset bundle success in 10 ms√, progress: 5%
8-2-2026 17:01:28-debug: [Build Memory track]: Query asset bundle start:234.27MB, end 234.19MB, increase: -88.27KB
8-2-2026 17:01:28-debug: Query asset bundle start, progress: 5%
8-2-2026 17:01:28-debug: // ---- build task Query asset bundle ---- (10ms)
8-2-2026 17:01:28-debug: // ---- build task Query asset bundle ----
8-2-2026 17:01:28-debug: // ---- build task Query asset bundle ---- (5ms)
8-2-2026 17:01:28-log: run build task Query asset bundle success in 5 ms√, progress: 10%
8-2-2026 17:01:28-debug: [Build Memory track]: Query asset bundle start:234.22MB, end 233.55MB, increase: -685.45KB
8-2-2026 17:01:28-debug: Sort some build options to settings.json start, progress: 10%
8-2-2026 17:01:28-debug: // ---- build task Sort some build options to settings.json ----
8-2-2026 17:01:28-debug: // ---- build task Sort some build options to settings.json ---- (2ms)
8-2-2026 17:01:28-log: run build task Sort some build options to settings.json success in 2 ms√, progress: 12%
8-2-2026 17:01:28-debug: [Build Memory track]: Sort some build options to settings.json start:233.58MB, end 233.60MB, increase: 26.98KB
8-2-2026 17:01:28-debug: Fill script data to settings start, progress: 12%
8-2-2026 17:01:28-debug: // ---- build task Fill script data to settings ----
8-2-2026 17:01:28-debug: // ---- build task Fill script data to settings ---- (2ms)
8-2-2026 17:01:28-log: run build task Fill script data to settings success in 2 ms√, progress: 13%
8-2-2026 17:01:28-debug: [Build Memory track]: Fill script data to settings start:233.63MB, end 233.65MB, increase: 26.29KB
8-2-2026 17:01:28-debug: Sort some build options to settings.json start, progress: 13%
8-2-2026 17:01:28-debug: // ---- build task Sort some build options to settings.json ----
8-2-2026 17:01:28-debug: // ---- build task Sort some build options to settings.json ---- (15ms)
8-2-2026 17:01:28-log: run build task Sort some build options to settings.json success in 15 ms√, progress: 15%
8-2-2026 17:01:28-debug: [Build Memory track]: Sort some build options to settings.json start:233.68MB, end 233.81MB, increase: 131.18KB
8-2-2026 17:01:57-debug: Query all assets info in project
8-2-2026 17:01:57-debug: init custom config: keepNodeUuid: false, useCache: true
8-2-2026 17:01:57-debug: Skip compress image, progress: 0%
8-2-2026 17:01:57-debug: Init all bundles start..., progress: 0%
8-2-2026 17:01:57-debug: // ---- build task Query asset bundle ----
8-2-2026 17:01:57-debug: Init bundle root assets start..., progress: 0%
8-2-2026 17:01:57-debug: Query asset bundle start, progress: 0%
8-2-2026 17:01:57-debug: Num of bundles: 2..., progress: 0%
8-2-2026 17:01:57-debug: Query preload assets/scripts from cc.config.json: 60f7195c-ec2a-45eb-ba94-8955f60e81d0,1c02ae6f-4492-4915-b8f8-7492a3b1e4cd,810e96e4-e456-4468-9b59-f4e8f39732c0,efe8e2a3-eace-427b-b4f1-cb8a937ec77d,e9aa9a3e-5b2b-4ac7-a2c7-073de2b2b24f,8bbdbcdd-5cd4-4100-b6d5-b7c9625b6107,50f4348b-c883-4e2f-8f11-ce233b859fa1,fda095cb-831d-4601-ad94-846013963de8,f92806d7-1768-443f-afe8-12bcde84d0f0,dd3a144d-ab7f-41f0-82b8-2e43a090d496,f0416e68-0200-4b77-a926-4f9d16e494da,511d2633-09a7-4bdd-ac42-f778032124b3,5d45aa00-e064-4938-b314-4265f0c2258c,9361fd90-ba52-4f84-aa93-6e878fd576ca,970b0598-bcb0-4714-91fb-2e81440dccd8,bcd64cc6-2dd9-43f6-abbe-66318d332032,d930590d-bb92-4cc8-8bd1-23cd027f9edf,a3cd009f-0ab0-420d-9278-b9fdab939bbc,6a2d0734-bd9e-4ddf-946e-caa52498cb75,d9937e59-61fe-4ec6-92ab-7ac5a19c89b0,d1346436-ac96-4271-b863-1f4fdead95b0,971bdb23-3ff6-43eb-b422-1c30165a3663,17debcc3-0a6b-4b8a-b00b-dc58b885581e,711ebe11-f673-4cd9-9a83-63c60ba54c5b,c0143906-9aed-447e-9436-2ae8512d1b6e,14da1725-c4c2-42b4-ab08-ee0aeb6898b3,081cab31-dccd-428e-8652-f2404cc81c47,78e0584a-4343-4727-8f37-e14e65c2a2db,871c3b6c-7379-419d-bda3-794b239ab90d,ff9b0199-ce04-4cfe-86cc-6c719f08d6e4,de1c2107-70c8-4021-8459-6399f24d01c6,cbf30902-517f-40dc-af90-a550bac27cf1,5c601d96-e4c7-4698-991b-7ee674b11079
8-2-2026 17:01:57-debug:   Number of other assets: 486
8-2-2026 17:01:57-debug: Init bundle root assets success..., progress: 0%
8-2-2026 17:01:57-debug:   Number of all scenes: 3
8-2-2026 17:01:57-debug:   Number of all scripts: 39
8-2-2026 17:01:57-debug: // ---- build task Query asset bundle ---- (12ms)
8-2-2026 17:01:57-log: run build task Query asset bundle success in 12 ms√, progress: 5%
8-2-2026 17:01:57-debug: [Build Memory track]: Query asset bundle start:234.40MB, end 234.33MB, increase: -70.59KB
8-2-2026 17:01:57-debug: Query asset bundle start, progress: 5%
8-2-2026 17:01:57-debug: // ---- build task Query asset bundle ----
8-2-2026 17:01:57-debug: // ---- build task Query asset bundle ---- (6ms)
8-2-2026 17:01:57-log: run build task Query asset bundle success in 6 ms√, progress: 10%
8-2-2026 17:01:57-debug: [Build Memory track]: Query asset bundle start:234.35MB, end 233.68MB, increase: -686.34KB
8-2-2026 17:01:57-debug: // ---- build task Sort some build options to settings.json ----
8-2-2026 17:01:57-debug: Sort some build options to settings.json start, progress: 10%
8-2-2026 17:01:57-debug: // ---- build task Sort some build options to settings.json ---- (4ms)
8-2-2026 17:01:57-log: run build task Sort some build options to settings.json success in 4 ms√, progress: 12%
8-2-2026 17:01:57-debug: Fill script data to settings start, progress: 12%
8-2-2026 17:01:57-debug: [Build Memory track]: Sort some build options to settings.json start:233.71MB, end 233.74MB, increase: 26.93KB
8-2-2026 17:01:57-debug: // ---- build task Fill script data to settings ----
8-2-2026 17:01:57-debug: // ---- build task Fill script data to settings ---- (3ms)
8-2-2026 17:01:57-log: run build task Fill script data to settings success in 3 ms√, progress: 13%
8-2-2026 17:01:57-debug: [Build Memory track]: Fill script data to settings start:233.77MB, end 233.79MB, increase: 26.29KB
8-2-2026 17:01:57-debug: Sort some build options to settings.json start, progress: 13%
8-2-2026 17:01:57-debug: // ---- build task Sort some build options to settings.json ----
8-2-2026 17:01:57-debug: // ---- build task Sort some build options to settings.json ---- (17ms)
8-2-2026 17:01:57-log: run build task Sort some build options to settings.json success in 17 ms√, progress: 15%
8-2-2026 17:01:57-debug: [Build Memory track]: Sort some build options to settings.json start:233.82MB, end 233.95MB, increase: 132.90KB
8-2-2026 17:02:28-debug: Query all assets info in project
8-2-2026 17:02:28-debug: init custom config: keepNodeUuid: false, useCache: true
8-2-2026 17:02:28-debug: Skip compress image, progress: 0%
8-2-2026 17:02:28-debug: Query asset bundle start, progress: 0%
8-2-2026 17:02:28-debug: // ---- build task Query asset bundle ----
8-2-2026 17:02:28-debug: Init bundle root assets start..., progress: 0%
8-2-2026 17:02:28-debug: Num of bundles: 2..., progress: 0%
8-2-2026 17:02:28-debug: Init all bundles start..., progress: 0%
8-2-2026 17:02:28-debug:   Number of all scripts: 39
8-2-2026 17:02:28-debug: Query preload assets/scripts from cc.config.json: 60f7195c-ec2a-45eb-ba94-8955f60e81d0,1c02ae6f-4492-4915-b8f8-7492a3b1e4cd,810e96e4-e456-4468-9b59-f4e8f39732c0,efe8e2a3-eace-427b-b4f1-cb8a937ec77d,e9aa9a3e-5b2b-4ac7-a2c7-073de2b2b24f,8bbdbcdd-5cd4-4100-b6d5-b7c9625b6107,50f4348b-c883-4e2f-8f11-ce233b859fa1,fda095cb-831d-4601-ad94-846013963de8,f92806d7-1768-443f-afe8-12bcde84d0f0,dd3a144d-ab7f-41f0-82b8-2e43a090d496,f0416e68-0200-4b77-a926-4f9d16e494da,511d2633-09a7-4bdd-ac42-f778032124b3,5d45aa00-e064-4938-b314-4265f0c2258c,9361fd90-ba52-4f84-aa93-6e878fd576ca,970b0598-bcb0-4714-91fb-2e81440dccd8,bcd64cc6-2dd9-43f6-abbe-66318d332032,d930590d-bb92-4cc8-8bd1-23cd027f9edf,a3cd009f-0ab0-420d-9278-b9fdab939bbc,6a2d0734-bd9e-4ddf-946e-caa52498cb75,d9937e59-61fe-4ec6-92ab-7ac5a19c89b0,d1346436-ac96-4271-b863-1f4fdead95b0,971bdb23-3ff6-43eb-b422-1c30165a3663,17debcc3-0a6b-4b8a-b00b-dc58b885581e,711ebe11-f673-4cd9-9a83-63c60ba54c5b,c0143906-9aed-447e-9436-2ae8512d1b6e,14da1725-c4c2-42b4-ab08-ee0aeb6898b3,081cab31-dccd-428e-8652-f2404cc81c47,78e0584a-4343-4727-8f37-e14e65c2a2db,871c3b6c-7379-419d-bda3-794b239ab90d,ff9b0199-ce04-4cfe-86cc-6c719f08d6e4,de1c2107-70c8-4021-8459-6399f24d01c6,cbf30902-517f-40dc-af90-a550bac27cf1,5c601d96-e4c7-4698-991b-7ee674b11079
8-2-2026 17:02:28-debug:   Number of all scenes: 3
8-2-2026 17:02:28-debug: Init bundle root assets success..., progress: 0%
8-2-2026 17:02:28-debug:   Number of other assets: 486
8-2-2026 17:02:28-debug: // ---- build task Query asset bundle ---- (13ms)
8-2-2026 17:02:28-log: run build task Query asset bundle success in 13 ms√, progress: 5%
8-2-2026 17:02:28-debug: [Build Memory track]: Query asset bundle start:234.56MB, end 234.47MB, increase: -84.73KB
8-2-2026 17:02:28-debug: // ---- build task Query asset bundle ----
8-2-2026 17:02:28-debug: Query asset bundle start, progress: 5%
8-2-2026 17:02:28-debug: // ---- build task Query asset bundle ---- (10ms)
8-2-2026 17:02:28-debug: [Build Memory track]: Query asset bundle start:234.50MB, end 233.83MB, increase: -686.55KB
8-2-2026 17:02:28-debug: Sort some build options to settings.json start, progress: 10%
8-2-2026 17:02:28-debug: // ---- build task Sort some build options to settings.json ----
8-2-2026 17:02:28-log: run build task Query asset bundle success in 10 ms√, progress: 10%
8-2-2026 17:02:28-debug: // ---- build task Sort some build options to settings.json ---- (2ms)
8-2-2026 17:02:28-log: run build task Sort some build options to settings.json success in 2 ms√, progress: 12%
8-2-2026 17:02:28-debug: [Build Memory track]: Sort some build options to settings.json start:233.86MB, end 233.88MB, increase: 26.90KB
8-2-2026 17:02:28-debug: Fill script data to settings start, progress: 12%
8-2-2026 17:02:28-debug: // ---- build task Fill script data to settings ----
8-2-2026 17:02:28-debug: // ---- build task Fill script data to settings ---- (5ms)
8-2-2026 17:02:28-debug: [Build Memory track]: Fill script data to settings start:233.91MB, end 233.94MB, increase: 26.29KB
8-2-2026 17:02:28-log: run build task Fill script data to settings success in 5 ms√, progress: 13%
8-2-2026 17:02:28-debug: Sort some build options to settings.json start, progress: 13%
8-2-2026 17:02:28-debug: // ---- build task Sort some build options to settings.json ----
8-2-2026 17:02:28-debug: // ---- build task Sort some build options to settings.json ---- (20ms)
8-2-2026 17:02:28-log: run build task Sort some build options to settings.json success in 20 ms√, progress: 15%
8-2-2026 17:02:28-debug: [Build Memory track]: Sort some build options to settings.json start:233.97MB, end 234.10MB, increase: 133.10KB
8-2-2026 17:02:57-debug: Query all assets info in project
8-2-2026 17:02:57-debug: init custom config: keepNodeUuid: false, useCache: true
8-2-2026 17:02:57-debug: Skip compress image, progress: 0%
8-2-2026 17:02:57-debug: Init all bundles start..., progress: 0%
8-2-2026 17:02:57-debug: // ---- build task Query asset bundle ----
8-2-2026 17:02:57-debug: Init bundle root assets start..., progress: 0%
8-2-2026 17:02:57-debug: Query asset bundle start, progress: 0%
8-2-2026 17:02:57-debug: Num of bundles: 2..., progress: 0%
8-2-2026 17:02:57-debug: Query preload assets/scripts from cc.config.json: 60f7195c-ec2a-45eb-ba94-8955f60e81d0,1c02ae6f-4492-4915-b8f8-7492a3b1e4cd,810e96e4-e456-4468-9b59-f4e8f39732c0,efe8e2a3-eace-427b-b4f1-cb8a937ec77d,e9aa9a3e-5b2b-4ac7-a2c7-073de2b2b24f,8bbdbcdd-5cd4-4100-b6d5-b7c9625b6107,50f4348b-c883-4e2f-8f11-ce233b859fa1,fda095cb-831d-4601-ad94-846013963de8,f92806d7-1768-443f-afe8-12bcde84d0f0,dd3a144d-ab7f-41f0-82b8-2e43a090d496,f0416e68-0200-4b77-a926-4f9d16e494da,511d2633-09a7-4bdd-ac42-f778032124b3,5d45aa00-e064-4938-b314-4265f0c2258c,9361fd90-ba52-4f84-aa93-6e878fd576ca,970b0598-bcb0-4714-91fb-2e81440dccd8,bcd64cc6-2dd9-43f6-abbe-66318d332032,d930590d-bb92-4cc8-8bd1-23cd027f9edf,a3cd009f-0ab0-420d-9278-b9fdab939bbc,6a2d0734-bd9e-4ddf-946e-caa52498cb75,d9937e59-61fe-4ec6-92ab-7ac5a19c89b0,d1346436-ac96-4271-b863-1f4fdead95b0,971bdb23-3ff6-43eb-b422-1c30165a3663,17debcc3-0a6b-4b8a-b00b-dc58b885581e,711ebe11-f673-4cd9-9a83-63c60ba54c5b,c0143906-9aed-447e-9436-2ae8512d1b6e,14da1725-c4c2-42b4-ab08-ee0aeb6898b3,081cab31-dccd-428e-8652-f2404cc81c47,78e0584a-4343-4727-8f37-e14e65c2a2db,871c3b6c-7379-419d-bda3-794b239ab90d,ff9b0199-ce04-4cfe-86cc-6c719f08d6e4,de1c2107-70c8-4021-8459-6399f24d01c6,cbf30902-517f-40dc-af90-a550bac27cf1,5c601d96-e4c7-4698-991b-7ee674b11079
8-2-2026 17:02:57-debug:   Number of all scenes: 3
8-2-2026 17:02:57-debug:   Number of other assets: 486
8-2-2026 17:02:57-debug: Init bundle root assets success..., progress: 0%
8-2-2026 17:02:57-debug:   Number of all scripts: 39
8-2-2026 17:02:57-debug: // ---- build task Query asset bundle ---- (11ms)
8-2-2026 17:02:57-log: run build task Query asset bundle success in 11 ms√, progress: 5%
8-2-2026 17:02:57-debug: [Build Memory track]: Query asset bundle start:234.68MB, end 234.63MB, increase: -49.02KB
8-2-2026 17:02:57-debug: Query asset bundle start, progress: 5%
8-2-2026 17:02:57-debug: // ---- build task Query asset bundle ----
8-2-2026 17:02:57-debug: // ---- build task Query asset bundle ---- (8ms)
8-2-2026 17:02:57-log: run build task Query asset bundle success in 8 ms√, progress: 10%
8-2-2026 17:02:57-debug: Sort some build options to settings.json start, progress: 10%
8-2-2026 17:02:57-debug: [Build Memory track]: Query asset bundle start:234.66MB, end 233.99MB, increase: -686.88KB
8-2-2026 17:02:57-debug: // ---- build task Sort some build options to settings.json ----
8-2-2026 17:02:57-debug: // ---- build task Sort some build options to settings.json ---- (3ms)
8-2-2026 17:02:57-debug: [Build Memory track]: Sort some build options to settings.json start:234.02MB, end 234.04MB, increase: 26.98KB
8-2-2026 17:02:57-log: run build task Sort some build options to settings.json success in 3 ms√, progress: 12%
8-2-2026 17:02:57-debug: Fill script data to settings start, progress: 12%
8-2-2026 17:02:57-debug: // ---- build task Fill script data to settings ----
8-2-2026 17:02:57-debug: // ---- build task Fill script data to settings ---- (4ms)
8-2-2026 17:02:57-log: run build task Fill script data to settings success in 4 ms√, progress: 13%
8-2-2026 17:02:57-debug: [Build Memory track]: Fill script data to settings start:234.07MB, end 234.10MB, increase: 26.32KB
8-2-2026 17:02:57-debug: Sort some build options to settings.json start, progress: 13%
8-2-2026 17:02:57-debug: // ---- build task Sort some build options to settings.json ----
8-2-2026 17:02:57-debug: // ---- build task Sort some build options to settings.json ---- (18ms)
8-2-2026 17:02:57-log: run build task Sort some build options to settings.json success in 18 ms√, progress: 15%
8-2-2026 17:02:57-debug: [Build Memory track]: Sort some build options to settings.json start:234.13MB, end 234.25MB, increase: 126.77KB
8-2-2026 17:03:24-debug: Query all assets info in project
8-2-2026 17:03:24-debug: init custom config: keepNodeUuid: false, useCache: true
8-2-2026 17:03:24-debug: Skip compress image, progress: 0%
8-2-2026 17:03:24-debug: Init all bundles start..., progress: 0%
8-2-2026 17:03:24-debug: // ---- build task Query asset bundle ----
8-2-2026 17:03:24-debug: Init bundle root assets start..., progress: 0%
8-2-2026 17:03:24-debug: Num of bundles: 2..., progress: 0%
8-2-2026 17:03:24-debug: Query asset bundle start, progress: 0%
8-2-2026 17:03:24-debug: Query preload assets/scripts from cc.config.json: 60f7195c-ec2a-45eb-ba94-8955f60e81d0,1c02ae6f-4492-4915-b8f8-7492a3b1e4cd,810e96e4-e456-4468-9b59-f4e8f39732c0,efe8e2a3-eace-427b-b4f1-cb8a937ec77d,e9aa9a3e-5b2b-4ac7-a2c7-073de2b2b24f,8bbdbcdd-5cd4-4100-b6d5-b7c9625b6107,50f4348b-c883-4e2f-8f11-ce233b859fa1,fda095cb-831d-4601-ad94-846013963de8,f92806d7-1768-443f-afe8-12bcde84d0f0,dd3a144d-ab7f-41f0-82b8-2e43a090d496,f0416e68-0200-4b77-a926-4f9d16e494da,511d2633-09a7-4bdd-ac42-f778032124b3,5d45aa00-e064-4938-b314-4265f0c2258c,9361fd90-ba52-4f84-aa93-6e878fd576ca,970b0598-bcb0-4714-91fb-2e81440dccd8,bcd64cc6-2dd9-43f6-abbe-66318d332032,d930590d-bb92-4cc8-8bd1-23cd027f9edf,a3cd009f-0ab0-420d-9278-b9fdab939bbc,6a2d0734-bd9e-4ddf-946e-caa52498cb75,d9937e59-61fe-4ec6-92ab-7ac5a19c89b0,d1346436-ac96-4271-b863-1f4fdead95b0,971bdb23-3ff6-43eb-b422-1c30165a3663,17debcc3-0a6b-4b8a-b00b-dc58b885581e,711ebe11-f673-4cd9-9a83-63c60ba54c5b,c0143906-9aed-447e-9436-2ae8512d1b6e,14da1725-c4c2-42b4-ab08-ee0aeb6898b3,081cab31-dccd-428e-8652-f2404cc81c47,78e0584a-4343-4727-8f37-e14e65c2a2db,871c3b6c-7379-419d-bda3-794b239ab90d,ff9b0199-ce04-4cfe-86cc-6c719f08d6e4,de1c2107-70c8-4021-8459-6399f24d01c6,cbf30902-517f-40dc-af90-a550bac27cf1,5c601d96-e4c7-4698-991b-7ee674b11079
8-2-2026 17:03:24-debug:   Number of all scripts: 39
8-2-2026 17:03:24-debug:   Number of other assets: 486
8-2-2026 17:03:24-debug: Init bundle root assets success..., progress: 0%
8-2-2026 17:03:24-debug:   Number of all scenes: 3
8-2-2026 17:03:24-debug: // ---- build task Query asset bundle ---- (13ms)
8-2-2026 17:03:24-log: run build task Query asset bundle success in 13 ms√, progress: 5%
8-2-2026 17:03:24-debug: [Build Memory track]: Query asset bundle start:234.84MB, end 234.76MB, increase: -78.89KB
8-2-2026 17:03:24-debug: Query asset bundle start, progress: 5%
8-2-2026 17:03:24-debug: // ---- build task Query asset bundle ----
8-2-2026 17:03:24-debug: // ---- build task Query asset bundle ---- (5ms)
8-2-2026 17:03:24-debug: [Build Memory track]: Query asset bundle start:234.79MB, end 234.13MB, increase: -674.92KB
8-2-2026 17:03:24-log: run build task Query asset bundle success in 5 ms√, progress: 10%
8-2-2026 17:03:24-debug: Sort some build options to settings.json start, progress: 10%
8-2-2026 17:03:24-debug: // ---- build task Sort some build options to settings.json ----
8-2-2026 17:03:24-debug: // ---- build task Sort some build options to settings.json ---- (2ms)
8-2-2026 17:03:24-log: run build task Sort some build options to settings.json success in 2 ms√, progress: 12%
8-2-2026 17:03:24-debug: [Build Memory track]: Sort some build options to settings.json start:234.16MB, end 234.18MB, increase: 26.93KB
8-2-2026 17:03:24-debug: Fill script data to settings start, progress: 12%
8-2-2026 17:03:24-debug: // ---- build task Fill script data to settings ----
8-2-2026 17:03:24-debug: // ---- build task Fill script data to settings ---- (5ms)
8-2-2026 17:03:24-log: run build task Fill script data to settings success in 5 ms√, progress: 13%
8-2-2026 17:03:24-debug: Sort some build options to settings.json start, progress: 13%
8-2-2026 17:03:24-debug: [Build Memory track]: Fill script data to settings start:234.21MB, end 234.24MB, increase: 26.31KB
8-2-2026 17:03:24-debug: // ---- build task Sort some build options to settings.json ----
8-2-2026 17:03:24-debug: // ---- build task Sort some build options to settings.json ---- (15ms)
8-2-2026 17:03:24-debug: [Build Memory track]: Sort some build options to settings.json start:234.26MB, end 234.39MB, increase: 126.86KB
8-2-2026 17:03:24-log: run build task Sort some build options to settings.json success in 15 ms√, progress: 15%
8-2-2026 17:03:52-debug: Query all assets info in project
8-2-2026 17:03:52-debug: init custom config: keepNodeUuid: false, useCache: true
8-2-2026 17:03:52-debug: Skip compress image, progress: 0%
8-2-2026 17:03:52-debug: Init all bundles start..., progress: 0%
8-2-2026 17:03:52-debug: Query asset bundle start, progress: 0%
8-2-2026 17:03:52-debug: // ---- build task Query asset bundle ----
8-2-2026 17:03:52-debug: Init bundle root assets start..., progress: 0%
8-2-2026 17:03:52-debug: Num of bundles: 2..., progress: 0%
8-2-2026 17:03:52-debug: Query preload assets/scripts from cc.config.json: 60f7195c-ec2a-45eb-ba94-8955f60e81d0,1c02ae6f-4492-4915-b8f8-7492a3b1e4cd,810e96e4-e456-4468-9b59-f4e8f39732c0,efe8e2a3-eace-427b-b4f1-cb8a937ec77d,e9aa9a3e-5b2b-4ac7-a2c7-073de2b2b24f,8bbdbcdd-5cd4-4100-b6d5-b7c9625b6107,50f4348b-c883-4e2f-8f11-ce233b859fa1,fda095cb-831d-4601-ad94-846013963de8,f92806d7-1768-443f-afe8-12bcde84d0f0,dd3a144d-ab7f-41f0-82b8-2e43a090d496,f0416e68-0200-4b77-a926-4f9d16e494da,511d2633-09a7-4bdd-ac42-f778032124b3,5d45aa00-e064-4938-b314-4265f0c2258c,9361fd90-ba52-4f84-aa93-6e878fd576ca,970b0598-bcb0-4714-91fb-2e81440dccd8,bcd64cc6-2dd9-43f6-abbe-66318d332032,d930590d-bb92-4cc8-8bd1-23cd027f9edf,a3cd009f-0ab0-420d-9278-b9fdab939bbc,6a2d0734-bd9e-4ddf-946e-caa52498cb75,d9937e59-61fe-4ec6-92ab-7ac5a19c89b0,d1346436-ac96-4271-b863-1f4fdead95b0,971bdb23-3ff6-43eb-b422-1c30165a3663,17debcc3-0a6b-4b8a-b00b-dc58b885581e,711ebe11-f673-4cd9-9a83-63c60ba54c5b,c0143906-9aed-447e-9436-2ae8512d1b6e,14da1725-c4c2-42b4-ab08-ee0aeb6898b3,081cab31-dccd-428e-8652-f2404cc81c47,78e0584a-4343-4727-8f37-e14e65c2a2db,871c3b6c-7379-419d-bda3-794b239ab90d,ff9b0199-ce04-4cfe-86cc-6c719f08d6e4,de1c2107-70c8-4021-8459-6399f24d01c6,cbf30902-517f-40dc-af90-a550bac27cf1,5c601d96-e4c7-4698-991b-7ee674b11079
8-2-2026 17:03:52-debug:   Number of all scripts: 39
8-2-2026 17:03:52-debug:   Number of other assets: 486
8-2-2026 17:03:52-debug: Init bundle root assets success..., progress: 0%
8-2-2026 17:03:52-debug:   Number of all scenes: 3
8-2-2026 17:03:52-debug: // ---- build task Query asset bundle ---- (13ms)
8-2-2026 17:03:52-debug: Query asset bundle start, progress: 5%
8-2-2026 17:03:52-log: run build task Query asset bundle success in 13 ms√, progress: 5%
8-2-2026 17:03:52-debug: [Build Memory track]: Query asset bundle start:234.96MB, end 234.91MB, increase: -55.77KB
8-2-2026 17:03:52-debug: // ---- build task Query asset bundle ----
8-2-2026 17:03:52-debug: // ---- build task Query asset bundle ---- (8ms)
8-2-2026 17:03:52-debug: [Build Memory track]: Query asset bundle start:234.94MB, end 234.26MB, increase: -698.56KB
8-2-2026 17:03:52-log: run build task Query asset bundle success in 8 ms√, progress: 10%
8-2-2026 17:03:52-debug: Sort some build options to settings.json start, progress: 10%
8-2-2026 17:03:52-debug: // ---- build task Sort some build options to settings.json ----
8-2-2026 17:03:52-debug: // ---- build task Sort some build options to settings.json ---- (3ms)
8-2-2026 17:03:52-log: run build task Sort some build options to settings.json success in 3 ms√, progress: 12%
8-2-2026 17:03:52-debug: [Build Memory track]: Sort some build options to settings.json start:234.28MB, end 234.31MB, increase: 27.14KB
8-2-2026 17:03:52-debug: Fill script data to settings start, progress: 12%
8-2-2026 17:03:52-debug: // ---- build task Fill script data to settings ----
8-2-2026 17:03:52-debug: // ---- build task Fill script data to settings ---- (3ms)
8-2-2026 17:03:52-log: run build task Fill script data to settings success in 3 ms√, progress: 13%
8-2-2026 17:03:52-debug: [Build Memory track]: Fill script data to settings start:234.34MB, end 234.36MB, increase: 26.29KB
8-2-2026 17:03:52-debug: Sort some build options to settings.json start, progress: 13%
8-2-2026 17:03:52-debug: // ---- build task Sort some build options to settings.json ----
8-2-2026 17:03:52-debug: // ---- build task Sort some build options to settings.json ---- (20ms)
8-2-2026 17:03:52-log: run build task Sort some build options to settings.json success in 20 ms√, progress: 15%
8-2-2026 17:03:52-debug: [Build Memory track]: Sort some build options to settings.json start:234.39MB, end 234.52MB, increase: 130.91KB
8-2-2026 17:04:22-debug: Query all assets info in project
8-2-2026 17:04:22-debug: init custom config: keepNodeUuid: false, useCache: true
8-2-2026 17:04:22-debug: Skip compress image, progress: 0%
8-2-2026 17:04:22-debug: Init all bundles start..., progress: 0%
8-2-2026 17:04:22-debug: Query asset bundle start, progress: 0%
8-2-2026 17:04:22-debug: // ---- build task Query asset bundle ----
8-2-2026 17:04:22-debug: Init bundle root assets start..., progress: 0%
8-2-2026 17:04:22-debug: Num of bundles: 2..., progress: 0%
8-2-2026 17:04:22-debug: Query preload assets/scripts from cc.config.json: 60f7195c-ec2a-45eb-ba94-8955f60e81d0,1c02ae6f-4492-4915-b8f8-7492a3b1e4cd,810e96e4-e456-4468-9b59-f4e8f39732c0,efe8e2a3-eace-427b-b4f1-cb8a937ec77d,e9aa9a3e-5b2b-4ac7-a2c7-073de2b2b24f,8bbdbcdd-5cd4-4100-b6d5-b7c9625b6107,50f4348b-c883-4e2f-8f11-ce233b859fa1,fda095cb-831d-4601-ad94-846013963de8,f92806d7-1768-443f-afe8-12bcde84d0f0,dd3a144d-ab7f-41f0-82b8-2e43a090d496,f0416e68-0200-4b77-a926-4f9d16e494da,511d2633-09a7-4bdd-ac42-f778032124b3,5d45aa00-e064-4938-b314-4265f0c2258c,9361fd90-ba52-4f84-aa93-6e878fd576ca,970b0598-bcb0-4714-91fb-2e81440dccd8,bcd64cc6-2dd9-43f6-abbe-66318d332032,d930590d-bb92-4cc8-8bd1-23cd027f9edf,a3cd009f-0ab0-420d-9278-b9fdab939bbc,6a2d0734-bd9e-4ddf-946e-caa52498cb75,d9937e59-61fe-4ec6-92ab-7ac5a19c89b0,d1346436-ac96-4271-b863-1f4fdead95b0,971bdb23-3ff6-43eb-b422-1c30165a3663,17debcc3-0a6b-4b8a-b00b-dc58b885581e,711ebe11-f673-4cd9-9a83-63c60ba54c5b,c0143906-9aed-447e-9436-2ae8512d1b6e,14da1725-c4c2-42b4-ab08-ee0aeb6898b3,081cab31-dccd-428e-8652-f2404cc81c47,78e0584a-4343-4727-8f37-e14e65c2a2db,871c3b6c-7379-419d-bda3-794b239ab90d,ff9b0199-ce04-4cfe-86cc-6c719f08d6e4,de1c2107-70c8-4021-8459-6399f24d01c6,cbf30902-517f-40dc-af90-a550bac27cf1,5c601d96-e4c7-4698-991b-7ee674b11079
8-2-2026 17:04:22-debug:   Number of all scripts: 39
8-2-2026 17:04:22-debug:   Number of other assets: 486
8-2-2026 17:04:22-debug:   Number of all scenes: 3
8-2-2026 17:04:22-debug: Init bundle root assets success..., progress: 0%
8-2-2026 17:04:22-debug: // ---- build task Query asset bundle ---- (13ms)
8-2-2026 17:04:22-debug: [Build Memory track]: Query asset bundle start:235.10MB, end 235.05MB, increase: -58.39KB
8-2-2026 17:04:22-debug: Query asset bundle start, progress: 5%
8-2-2026 17:04:22-log: run build task Query asset bundle success in 13 ms√, progress: 5%
8-2-2026 17:04:22-debug: // ---- build task Query asset bundle ----
8-2-2026 17:04:22-debug: // ---- build task Query asset bundle ---- (11ms)
8-2-2026 17:04:22-log: run build task Query asset bundle success in 11 ms√, progress: 10%
8-2-2026 17:04:22-debug: Sort some build options to settings.json start, progress: 10%
8-2-2026 17:04:22-debug: [Build Memory track]: Query asset bundle start:235.08MB, end 234.42MB, increase: -672.88KB
8-2-2026 17:04:22-debug: // ---- build task Sort some build options to settings.json ----
8-2-2026 17:04:22-debug: // ---- build task Sort some build options to settings.json ---- (3ms)
8-2-2026 17:04:22-debug: Fill script data to settings start, progress: 12%
8-2-2026 17:04:22-debug: [Build Memory track]: Sort some build options to settings.json start:234.45MB, end 234.47MB, increase: 26.90KB
8-2-2026 17:04:22-log: run build task Sort some build options to settings.json success in 3 ms√, progress: 12%
8-2-2026 17:04:22-debug: // ---- build task Fill script data to settings ----
8-2-2026 17:04:22-debug: // ---- build task Fill script data to settings ---- (2ms)
8-2-2026 17:04:22-debug: [Build Memory track]: Fill script data to settings start:234.50MB, end 234.53MB, increase: 26.32KB
8-2-2026 17:04:22-log: run build task Fill script data to settings success in 2 ms√, progress: 13%
8-2-2026 17:04:22-debug: Sort some build options to settings.json start, progress: 13%
8-2-2026 17:04:22-debug: // ---- build task Sort some build options to settings.json ----
8-2-2026 17:04:22-debug: // ---- build task Sort some build options to settings.json ---- (14ms)
8-2-2026 17:04:22-log: run build task Sort some build options to settings.json success in 14 ms√, progress: 15%
8-2-2026 17:04:22-debug: [Build Memory track]: Sort some build options to settings.json start:234.55MB, end 234.69MB, increase: 139.71KB
8-2-2026 17:04:50-debug: Query all assets info in project
8-2-2026 17:04:50-debug: init custom config: keepNodeUuid: false, useCache: true
8-2-2026 17:04:50-debug: Skip compress image, progress: 0%
8-2-2026 17:04:50-debug: Init all bundles start..., progress: 0%
8-2-2026 17:04:50-debug: Num of bundles: 2..., progress: 0%
8-2-2026 17:04:50-debug: Query asset bundle start, progress: 0%
8-2-2026 17:04:50-debug: Init bundle root assets start..., progress: 0%
8-2-2026 17:04:50-debug: // ---- build task Query asset bundle ----
8-2-2026 17:04:50-debug: Query preload assets/scripts from cc.config.json: 60f7195c-ec2a-45eb-ba94-8955f60e81d0,1c02ae6f-4492-4915-b8f8-7492a3b1e4cd,810e96e4-e456-4468-9b59-f4e8f39732c0,efe8e2a3-eace-427b-b4f1-cb8a937ec77d,e9aa9a3e-5b2b-4ac7-a2c7-073de2b2b24f,8bbdbcdd-5cd4-4100-b6d5-b7c9625b6107,50f4348b-c883-4e2f-8f11-ce233b859fa1,fda095cb-831d-4601-ad94-846013963de8,f92806d7-1768-443f-afe8-12bcde84d0f0,dd3a144d-ab7f-41f0-82b8-2e43a090d496,f0416e68-0200-4b77-a926-4f9d16e494da,511d2633-09a7-4bdd-ac42-f778032124b3,5d45aa00-e064-4938-b314-4265f0c2258c,9361fd90-ba52-4f84-aa93-6e878fd576ca,970b0598-bcb0-4714-91fb-2e81440dccd8,bcd64cc6-2dd9-43f6-abbe-66318d332032,d930590d-bb92-4cc8-8bd1-23cd027f9edf,a3cd009f-0ab0-420d-9278-b9fdab939bbc,6a2d0734-bd9e-4ddf-946e-caa52498cb75,d9937e59-61fe-4ec6-92ab-7ac5a19c89b0,d1346436-ac96-4271-b863-1f4fdead95b0,971bdb23-3ff6-43eb-b422-1c30165a3663,17debcc3-0a6b-4b8a-b00b-dc58b885581e,711ebe11-f673-4cd9-9a83-63c60ba54c5b,c0143906-9aed-447e-9436-2ae8512d1b6e,14da1725-c4c2-42b4-ab08-ee0aeb6898b3,081cab31-dccd-428e-8652-f2404cc81c47,78e0584a-4343-4727-8f37-e14e65c2a2db,871c3b6c-7379-419d-bda3-794b239ab90d,ff9b0199-ce04-4cfe-86cc-6c719f08d6e4,de1c2107-70c8-4021-8459-6399f24d01c6,cbf30902-517f-40dc-af90-a550bac27cf1,5c601d96-e4c7-4698-991b-7ee674b11079
8-2-2026 17:04:50-debug:   Number of all scenes: 3
8-2-2026 17:04:50-debug:   Number of other assets: 486
8-2-2026 17:04:50-debug: Init bundle root assets success..., progress: 0%
8-2-2026 17:04:50-debug:   Number of all scripts: 39
8-2-2026 17:04:50-debug: // ---- build task Query asset bundle ---- (13ms)
8-2-2026 17:04:50-log: run build task Query asset bundle success in 13 ms√, progress: 5%
8-2-2026 17:04:50-debug: [Build Memory track]: Query asset bundle start:235.31MB, end 235.19MB, increase: -118.06KB
8-2-2026 17:04:50-debug: Query asset bundle start, progress: 5%
8-2-2026 17:04:50-debug: // ---- build task Query asset bundle ----
8-2-2026 17:04:50-debug: // ---- build task Query asset bundle ---- (6ms)
8-2-2026 17:04:50-log: run build task Query asset bundle success in 6 ms√, progress: 10%
8-2-2026 17:04:50-debug: [Build Memory track]: Query asset bundle start:235.22MB, end 234.54MB, increase: -698.34KB
8-2-2026 17:04:50-debug: // ---- build task Sort some build options to settings.json ----
8-2-2026 17:04:50-debug: Sort some build options to settings.json start, progress: 10%
8-2-2026 17:04:50-debug: // ---- build task Sort some build options to settings.json ---- (4ms)
8-2-2026 17:04:50-log: run build task Sort some build options to settings.json success in 4 ms√, progress: 12%
8-2-2026 17:04:50-debug: [Build Memory track]: Sort some build options to settings.json start:234.57MB, end 234.59MB, increase: 26.96KB
8-2-2026 17:04:50-debug: Fill script data to settings start, progress: 12%
8-2-2026 17:04:50-debug: // ---- build task Fill script data to settings ----
8-2-2026 17:04:50-debug: // ---- build task Fill script data to settings ---- (5ms)
8-2-2026 17:04:50-log: run build task Fill script data to settings success in 5 ms√, progress: 13%
8-2-2026 17:04:50-debug: [Build Memory track]: Fill script data to settings start:234.62MB, end 234.65MB, increase: 26.32KB
8-2-2026 17:04:50-debug: Sort some build options to settings.json start, progress: 13%
8-2-2026 17:04:50-debug: // ---- build task Sort some build options to settings.json ----
8-2-2026 17:04:50-debug: // ---- build task Sort some build options to settings.json ---- (14ms)
8-2-2026 17:04:50-debug: [Build Memory track]: Sort some build options to settings.json start:234.67MB, end 234.80MB, increase: 130.95KB
8-2-2026 17:04:50-log: run build task Sort some build options to settings.json success in 14 ms√, progress: 15%
8-2-2026 17:05:22-debug: Query all assets info in project
8-2-2026 17:05:22-debug: init custom config: keepNodeUuid: false, useCache: true
8-2-2026 17:05:22-debug: Skip compress image, progress: 0%
8-2-2026 17:05:22-debug: Init all bundles start..., progress: 0%
8-2-2026 17:05:22-debug: // ---- build task Query asset bundle ----
8-2-2026 17:05:22-debug: Init bundle root assets start..., progress: 0%
8-2-2026 17:05:22-debug: Num of bundles: 2..., progress: 0%
8-2-2026 17:05:22-debug: Query asset bundle start, progress: 0%
8-2-2026 17:05:22-debug: Query preload assets/scripts from cc.config.json: 60f7195c-ec2a-45eb-ba94-8955f60e81d0,1c02ae6f-4492-4915-b8f8-7492a3b1e4cd,810e96e4-e456-4468-9b59-f4e8f39732c0,efe8e2a3-eace-427b-b4f1-cb8a937ec77d,e9aa9a3e-5b2b-4ac7-a2c7-073de2b2b24f,8bbdbcdd-5cd4-4100-b6d5-b7c9625b6107,50f4348b-c883-4e2f-8f11-ce233b859fa1,fda095cb-831d-4601-ad94-846013963de8,f92806d7-1768-443f-afe8-12bcde84d0f0,dd3a144d-ab7f-41f0-82b8-2e43a090d496,f0416e68-0200-4b77-a926-4f9d16e494da,511d2633-09a7-4bdd-ac42-f778032124b3,5d45aa00-e064-4938-b314-4265f0c2258c,9361fd90-ba52-4f84-aa93-6e878fd576ca,970b0598-bcb0-4714-91fb-2e81440dccd8,bcd64cc6-2dd9-43f6-abbe-66318d332032,d930590d-bb92-4cc8-8bd1-23cd027f9edf,a3cd009f-0ab0-420d-9278-b9fdab939bbc,6a2d0734-bd9e-4ddf-946e-caa52498cb75,d9937e59-61fe-4ec6-92ab-7ac5a19c89b0,d1346436-ac96-4271-b863-1f4fdead95b0,971bdb23-3ff6-43eb-b422-1c30165a3663,17debcc3-0a6b-4b8a-b00b-dc58b885581e,711ebe11-f673-4cd9-9a83-63c60ba54c5b,c0143906-9aed-447e-9436-2ae8512d1b6e,14da1725-c4c2-42b4-ab08-ee0aeb6898b3,081cab31-dccd-428e-8652-f2404cc81c47,78e0584a-4343-4727-8f37-e14e65c2a2db,871c3b6c-7379-419d-bda3-794b239ab90d,ff9b0199-ce04-4cfe-86cc-6c719f08d6e4,de1c2107-70c8-4021-8459-6399f24d01c6,cbf30902-517f-40dc-af90-a550bac27cf1,5c601d96-e4c7-4698-991b-7ee674b11079
8-2-2026 17:05:22-debug:   Number of all scenes: 3
8-2-2026 17:05:22-debug:   Number of all scripts: 39
8-2-2026 17:05:22-debug: Init bundle root assets success..., progress: 0%
8-2-2026 17:05:22-debug:   Number of other assets: 486
8-2-2026 17:05:22-debug: // ---- build task Query asset bundle ---- (13ms)
8-2-2026 17:05:22-log: run build task Query asset bundle success in 13 ms√, progress: 5%
8-2-2026 17:05:22-debug: [Build Memory track]: Query asset bundle start:235.39MB, end 235.33MB, increase: -65.40KB
8-2-2026 17:05:22-debug: Query asset bundle start, progress: 5%
8-2-2026 17:05:22-debug: // ---- build task Query asset bundle ----
8-2-2026 17:05:22-debug: // ---- build task Query asset bundle ---- (11ms)
8-2-2026 17:05:22-debug: [Build Memory track]: Query asset bundle start:235.36MB, end 234.69MB, increase: -687.39KB
8-2-2026 17:05:22-debug: Sort some build options to settings.json start, progress: 10%
8-2-2026 17:05:22-log: run build task Query asset bundle success in 11 ms√, progress: 10%
8-2-2026 17:05:22-debug: // ---- build task Sort some build options to settings.json ----
8-2-2026 17:05:22-debug: // ---- build task Sort some build options to settings.json ---- (5ms)
8-2-2026 17:05:22-log: run build task Sort some build options to settings.json success in 5 ms√, progress: 12%
8-2-2026 17:05:22-debug: Fill script data to settings start, progress: 12%
8-2-2026 17:05:22-debug: [Build Memory track]: Sort some build options to settings.json start:234.71MB, end 234.74MB, increase: 26.99KB
8-2-2026 17:05:22-debug: // ---- build task Fill script data to settings ----
8-2-2026 17:05:22-debug: // ---- build task Fill script data to settings ---- (5ms)
8-2-2026 17:05:22-log: run build task Fill script data to settings success in 5 ms√, progress: 13%
8-2-2026 17:05:22-debug: [Build Memory track]: Fill script data to settings start:234.77MB, end 234.80MB, increase: 26.95KB
8-2-2026 17:05:22-debug: Sort some build options to settings.json start, progress: 13%
8-2-2026 17:05:22-debug: // ---- build task Sort some build options to settings.json ----
8-2-2026 17:05:22-debug: // ---- build task Sort some build options to settings.json ---- (11ms)
8-2-2026 17:05:22-debug: [Build Memory track]: Sort some build options to settings.json start:234.82MB, end 234.95MB, increase: 127.38KB
8-2-2026 17:05:22-log: run build task Sort some build options to settings.json success in 11 ms√, progress: 15%
8-2-2026 17:05:52-debug: Query all assets info in project
8-2-2026 17:05:52-debug: init custom config: keepNodeUuid: false, useCache: true
8-2-2026 17:05:52-debug: Skip compress image, progress: 0%
8-2-2026 17:05:52-debug: Init all bundles start..., progress: 0%
8-2-2026 17:05:52-debug: Query asset bundle start, progress: 0%
8-2-2026 17:05:52-debug: // ---- build task Query asset bundle ----
8-2-2026 17:05:52-debug: Init bundle root assets start..., progress: 0%
8-2-2026 17:05:52-debug: Num of bundles: 2..., progress: 0%
8-2-2026 17:05:52-debug: Query preload assets/scripts from cc.config.json: 60f7195c-ec2a-45eb-ba94-8955f60e81d0,1c02ae6f-4492-4915-b8f8-7492a3b1e4cd,810e96e4-e456-4468-9b59-f4e8f39732c0,efe8e2a3-eace-427b-b4f1-cb8a937ec77d,e9aa9a3e-5b2b-4ac7-a2c7-073de2b2b24f,8bbdbcdd-5cd4-4100-b6d5-b7c9625b6107,50f4348b-c883-4e2f-8f11-ce233b859fa1,fda095cb-831d-4601-ad94-846013963de8,f92806d7-1768-443f-afe8-12bcde84d0f0,dd3a144d-ab7f-41f0-82b8-2e43a090d496,f0416e68-0200-4b77-a926-4f9d16e494da,511d2633-09a7-4bdd-ac42-f778032124b3,5d45aa00-e064-4938-b314-4265f0c2258c,9361fd90-ba52-4f84-aa93-6e878fd576ca,970b0598-bcb0-4714-91fb-2e81440dccd8,bcd64cc6-2dd9-43f6-abbe-66318d332032,d930590d-bb92-4cc8-8bd1-23cd027f9edf,a3cd009f-0ab0-420d-9278-b9fdab939bbc,6a2d0734-bd9e-4ddf-946e-caa52498cb75,d9937e59-61fe-4ec6-92ab-7ac5a19c89b0,d1346436-ac96-4271-b863-1f4fdead95b0,971bdb23-3ff6-43eb-b422-1c30165a3663,17debcc3-0a6b-4b8a-b00b-dc58b885581e,711ebe11-f673-4cd9-9a83-63c60ba54c5b,c0143906-9aed-447e-9436-2ae8512d1b6e,14da1725-c4c2-42b4-ab08-ee0aeb6898b3,081cab31-dccd-428e-8652-f2404cc81c47,78e0584a-4343-4727-8f37-e14e65c2a2db,871c3b6c-7379-419d-bda3-794b239ab90d,ff9b0199-ce04-4cfe-86cc-6c719f08d6e4,de1c2107-70c8-4021-8459-6399f24d01c6,cbf30902-517f-40dc-af90-a550bac27cf1,5c601d96-e4c7-4698-991b-7ee674b11079
8-2-2026 17:05:52-debug:   Number of all scripts: 39
8-2-2026 17:05:52-debug:   Number of other assets: 486
8-2-2026 17:05:52-debug:   Number of all scenes: 3
8-2-2026 17:05:52-debug: Init bundle root assets success..., progress: 0%
8-2-2026 17:05:52-debug: // ---- build task Query asset bundle ---- (13ms)
8-2-2026 17:05:52-log: run build task Query asset bundle success in 13 ms√, progress: 5%
8-2-2026 17:05:52-debug: [Build Memory track]: Query asset bundle start:235.59MB, end 235.49MB, increase: -105.70KB
8-2-2026 17:05:52-debug: Query asset bundle start, progress: 5%
8-2-2026 17:05:52-debug: // ---- build task Query asset bundle ----
8-2-2026 17:05:52-debug: // ---- build task Query asset bundle ---- (8ms)
8-2-2026 17:05:52-log: run build task Query asset bundle success in 8 ms√, progress: 10%
8-2-2026 17:05:52-debug: Sort some build options to settings.json start, progress: 10%
8-2-2026 17:05:52-debug: [Build Memory track]: Query asset bundle start:235.51MB, end 234.84MB, increase: -690.27KB
8-2-2026 17:05:52-debug: // ---- build task Sort some build options to settings.json ----
8-2-2026 17:05:52-debug: // ---- build task Sort some build options to settings.json ---- (3ms)
8-2-2026 17:05:52-log: run build task Sort some build options to settings.json success in 3 ms√, progress: 12%
8-2-2026 17:05:52-debug: [Build Memory track]: Sort some build options to settings.json start:234.87MB, end 234.89MB, increase: 27.07KB
8-2-2026 17:05:52-debug: Fill script data to settings start, progress: 12%
8-2-2026 17:05:52-debug: // ---- build task Fill script data to settings ----
8-2-2026 17:05:52-debug: // ---- build task Fill script data to settings ---- (2ms)
8-2-2026 17:05:52-debug: [Build Memory track]: Fill script data to settings start:234.92MB, end 234.95MB, increase: 26.49KB
8-2-2026 17:05:52-debug: Sort some build options to settings.json start, progress: 13%
8-2-2026 17:05:52-log: run build task Fill script data to settings success in 2 ms√, progress: 13%
8-2-2026 17:05:52-debug: // ---- build task Sort some build options to settings.json ----
8-2-2026 17:05:52-log: run build task Sort some build options to settings.json success in 19 ms√, progress: 15%
8-2-2026 17:05:52-debug: [Build Memory track]: Sort some build options to settings.json start:234.98MB, end 235.10MB, increase: 130.60KB
8-2-2026 17:05:52-debug: // ---- build task Sort some build options to settings.json ---- (19ms)
8-2-2026 17:06:23-debug: Query all assets info in project
8-2-2026 17:06:23-debug: init custom config: keepNodeUuid: false, useCache: true
8-2-2026 17:06:23-debug: Skip compress image, progress: 0%
8-2-2026 17:06:23-debug: Init all bundles start..., progress: 0%
8-2-2026 17:06:23-debug: Query asset bundle start, progress: 0%
8-2-2026 17:06:23-debug: Num of bundles: 2..., progress: 0%
8-2-2026 17:06:23-debug: // ---- build task Query asset bundle ----
8-2-2026 17:06:23-debug: Init bundle root assets start..., progress: 0%
8-2-2026 17:06:23-debug: Query preload assets/scripts from cc.config.json: 60f7195c-ec2a-45eb-ba94-8955f60e81d0,1c02ae6f-4492-4915-b8f8-7492a3b1e4cd,810e96e4-e456-4468-9b59-f4e8f39732c0,efe8e2a3-eace-427b-b4f1-cb8a937ec77d,e9aa9a3e-5b2b-4ac7-a2c7-073de2b2b24f,8bbdbcdd-5cd4-4100-b6d5-b7c9625b6107,50f4348b-c883-4e2f-8f11-ce233b859fa1,fda095cb-831d-4601-ad94-846013963de8,f92806d7-1768-443f-afe8-12bcde84d0f0,dd3a144d-ab7f-41f0-82b8-2e43a090d496,f0416e68-0200-4b77-a926-4f9d16e494da,511d2633-09a7-4bdd-ac42-f778032124b3,5d45aa00-e064-4938-b314-4265f0c2258c,9361fd90-ba52-4f84-aa93-6e878fd576ca,970b0598-bcb0-4714-91fb-2e81440dccd8,bcd64cc6-2dd9-43f6-abbe-66318d332032,d930590d-bb92-4cc8-8bd1-23cd027f9edf,a3cd009f-0ab0-420d-9278-b9fdab939bbc,6a2d0734-bd9e-4ddf-946e-caa52498cb75,d9937e59-61fe-4ec6-92ab-7ac5a19c89b0,d1346436-ac96-4271-b863-1f4fdead95b0,971bdb23-3ff6-43eb-b422-1c30165a3663,17debcc3-0a6b-4b8a-b00b-dc58b885581e,711ebe11-f673-4cd9-9a83-63c60ba54c5b,c0143906-9aed-447e-9436-2ae8512d1b6e,14da1725-c4c2-42b4-ab08-ee0aeb6898b3,081cab31-dccd-428e-8652-f2404cc81c47,78e0584a-4343-4727-8f37-e14e65c2a2db,871c3b6c-7379-419d-bda3-794b239ab90d,ff9b0199-ce04-4cfe-86cc-6c719f08d6e4,de1c2107-70c8-4021-8459-6399f24d01c6,cbf30902-517f-40dc-af90-a550bac27cf1,5c601d96-e4c7-4698-991b-7ee674b11079
8-2-2026 17:06:23-debug:   Number of other assets: 486
8-2-2026 17:06:23-debug: Init bundle root assets success..., progress: 0%
8-2-2026 17:06:23-debug:   Number of all scenes: 3
8-2-2026 17:06:23-debug:   Number of all scripts: 39
8-2-2026 17:06:23-debug: // ---- build task Query asset bundle ---- (15ms)
8-2-2026 17:06:23-log: run build task Query asset bundle success in 15 ms√, progress: 5%
8-2-2026 17:06:23-debug: Query asset bundle start, progress: 5%
8-2-2026 17:06:23-debug: [Build Memory track]: Query asset bundle start:235.71MB, end 235.93MB, increase: 229.68KB
8-2-2026 17:06:23-debug: // ---- build task Query asset bundle ----
8-2-2026 17:06:23-debug: // ---- build task Query asset bundle ---- (6ms)
8-2-2026 17:06:23-log: run build task Query asset bundle success in 6 ms√, progress: 10%
8-2-2026 17:06:23-debug: [Build Memory track]: Query asset bundle start:235.65MB, end 234.98MB, increase: -685.45KB
8-2-2026 17:06:23-debug: // ---- build task Sort some build options to settings.json ----
8-2-2026 17:06:23-debug: Sort some build options to settings.json start, progress: 10%
8-2-2026 17:06:23-debug: // ---- build task Sort some build options to settings.json ---- (2ms)
8-2-2026 17:06:23-log: run build task Sort some build options to settings.json success in 2 ms√, progress: 12%
8-2-2026 17:06:23-debug: Fill script data to settings start, progress: 12%
8-2-2026 17:06:23-debug: [Build Memory track]: Sort some build options to settings.json start:235.01MB, end 235.04MB, increase: 26.98KB
8-2-2026 17:06:23-debug: // ---- build task Fill script data to settings ----
8-2-2026 17:06:23-debug: // ---- build task Fill script data to settings ---- (6ms)
8-2-2026 17:06:23-log: run build task Fill script data to settings success in 6 ms√, progress: 13%
8-2-2026 17:06:23-debug: [Build Memory track]: Fill script data to settings start:235.07MB, end 235.09MB, increase: 26.39KB
8-2-2026 17:06:23-debug: // ---- build task Sort some build options to settings.json ----
8-2-2026 17:06:23-debug: Sort some build options to settings.json start, progress: 13%
8-2-2026 17:06:23-debug: // ---- build task Sort some build options to settings.json ---- (15ms)
8-2-2026 17:06:23-log: run build task Sort some build options to settings.json success in 15 ms√, progress: 15%
8-2-2026 17:06:23-debug: [Build Memory track]: Sort some build options to settings.json start:235.12MB, end 235.25MB, increase: 130.77KB
8-2-2026 17:07:01-debug: Query all assets info in project
8-2-2026 17:07:01-debug: init custom config: keepNodeUuid: false, useCache: true
8-2-2026 17:07:01-debug: Skip compress image, progress: 0%
8-2-2026 17:07:01-debug: Num of bundles: 2..., progress: 0%
8-2-2026 17:07:01-debug: Query asset bundle start, progress: 0%
8-2-2026 17:07:01-debug: Init bundle root assets start..., progress: 0%
8-2-2026 17:07:01-debug: Init all bundles start..., progress: 0%
8-2-2026 17:07:01-debug: // ---- build task Query asset bundle ----
8-2-2026 17:07:01-debug: Query preload assets/scripts from cc.config.json: 60f7195c-ec2a-45eb-ba94-8955f60e81d0,1c02ae6f-4492-4915-b8f8-7492a3b1e4cd,810e96e4-e456-4468-9b59-f4e8f39732c0,efe8e2a3-eace-427b-b4f1-cb8a937ec77d,e9aa9a3e-5b2b-4ac7-a2c7-073de2b2b24f,8bbdbcdd-5cd4-4100-b6d5-b7c9625b6107,50f4348b-c883-4e2f-8f11-ce233b859fa1,fda095cb-831d-4601-ad94-846013963de8,f92806d7-1768-443f-afe8-12bcde84d0f0,dd3a144d-ab7f-41f0-82b8-2e43a090d496,f0416e68-0200-4b77-a926-4f9d16e494da,511d2633-09a7-4bdd-ac42-f778032124b3,5d45aa00-e064-4938-b314-4265f0c2258c,9361fd90-ba52-4f84-aa93-6e878fd576ca,970b0598-bcb0-4714-91fb-2e81440dccd8,bcd64cc6-2dd9-43f6-abbe-66318d332032,d930590d-bb92-4cc8-8bd1-23cd027f9edf,a3cd009f-0ab0-420d-9278-b9fdab939bbc,6a2d0734-bd9e-4ddf-946e-caa52498cb75,d9937e59-61fe-4ec6-92ab-7ac5a19c89b0,d1346436-ac96-4271-b863-1f4fdead95b0,971bdb23-3ff6-43eb-b422-1c30165a3663,17debcc3-0a6b-4b8a-b00b-dc58b885581e,711ebe11-f673-4cd9-9a83-63c60ba54c5b,c0143906-9aed-447e-9436-2ae8512d1b6e,14da1725-c4c2-42b4-ab08-ee0aeb6898b3,081cab31-dccd-428e-8652-f2404cc81c47,78e0584a-4343-4727-8f37-e14e65c2a2db,871c3b6c-7379-419d-bda3-794b239ab90d,ff9b0199-ce04-4cfe-86cc-6c719f08d6e4,de1c2107-70c8-4021-8459-6399f24d01c6,cbf30902-517f-40dc-af90-a550bac27cf1,5c601d96-e4c7-4698-991b-7ee674b11079
8-2-2026 17:07:01-debug:   Number of all scenes: 3
8-2-2026 17:07:01-debug:   Number of other assets: 486
8-2-2026 17:07:01-debug: Init bundle root assets success..., progress: 0%
8-2-2026 17:07:01-debug:   Number of all scripts: 39
8-2-2026 17:07:01-debug: // ---- build task Query asset bundle ---- (13ms)
8-2-2026 17:07:01-debug: [Build Memory track]: Query asset bundle start:235.85MB, end 235.76MB, increase: -87.88KB
8-2-2026 17:07:01-log: run build task Query asset bundle success in 13 ms√, progress: 5%
8-2-2026 17:07:01-debug: Query asset bundle start, progress: 5%
8-2-2026 17:07:01-debug: // ---- build task Query asset bundle ----
8-2-2026 17:07:01-debug: // ---- build task Query asset bundle ---- (6ms)
8-2-2026 17:07:01-log: run build task Query asset bundle success in 6 ms√, progress: 10%
8-2-2026 17:07:01-debug: [Build Memory track]: Query asset bundle start:235.79MB, end 235.12MB, increase: -686.32KB
8-2-2026 17:07:01-debug: Sort some build options to settings.json start, progress: 10%
8-2-2026 17:07:01-debug: // ---- build task Sort some build options to settings.json ----
8-2-2026 17:07:01-debug: // ---- build task Sort some build options to settings.json ---- (4ms)
8-2-2026 17:07:01-log: run build task Sort some build options to settings.json success in 4 ms√, progress: 12%
8-2-2026 17:07:01-debug: [Build Memory track]: Sort some build options to settings.json start:235.15MB, end 235.18MB, increase: 27.00KB
8-2-2026 17:07:01-debug: Fill script data to settings start, progress: 12%
8-2-2026 17:07:01-debug: // ---- build task Fill script data to settings ----
8-2-2026 17:07:01-debug: // ---- build task Fill script data to settings ---- (2ms)
8-2-2026 17:07:01-log: run build task Fill script data to settings success in 2 ms√, progress: 13%
8-2-2026 17:07:01-debug: [Build Memory track]: Fill script data to settings start:235.20MB, end 235.23MB, increase: 26.37KB
8-2-2026 17:07:01-debug: Sort some build options to settings.json start, progress: 13%
8-2-2026 17:07:01-debug: // ---- build task Sort some build options to settings.json ----
8-2-2026 17:07:01-debug: // ---- build task Sort some build options to settings.json ---- (20ms)
8-2-2026 17:07:01-log: run build task Sort some build options to settings.json success in 20 ms√, progress: 15%
8-2-2026 17:07:01-debug: [Build Memory track]: Sort some build options to settings.json start:235.26MB, end 235.39MB, increase: 130.98KB
8-2-2026 17:07:37-debug: Query all assets info in project
8-2-2026 17:07:37-debug: init custom config: keepNodeUuid: false, useCache: true
8-2-2026 17:07:37-debug: Skip compress image, progress: 0%
8-2-2026 17:07:37-debug: Init all bundles start..., progress: 0%
8-2-2026 17:07:37-debug: Num of bundles: 2..., progress: 0%
8-2-2026 17:07:37-debug: // ---- build task Query asset bundle ----
8-2-2026 17:07:37-debug: Init bundle root assets start..., progress: 0%
8-2-2026 17:07:37-debug: Query asset bundle start, progress: 0%
8-2-2026 17:07:37-debug: Query preload assets/scripts from cc.config.json: 60f7195c-ec2a-45eb-ba94-8955f60e81d0,1c02ae6f-4492-4915-b8f8-7492a3b1e4cd,810e96e4-e456-4468-9b59-f4e8f39732c0,efe8e2a3-eace-427b-b4f1-cb8a937ec77d,e9aa9a3e-5b2b-4ac7-a2c7-073de2b2b24f,8bbdbcdd-5cd4-4100-b6d5-b7c9625b6107,50f4348b-c883-4e2f-8f11-ce233b859fa1,fda095cb-831d-4601-ad94-846013963de8,f92806d7-1768-443f-afe8-12bcde84d0f0,dd3a144d-ab7f-41f0-82b8-2e43a090d496,f0416e68-0200-4b77-a926-4f9d16e494da,511d2633-09a7-4bdd-ac42-f778032124b3,5d45aa00-e064-4938-b314-4265f0c2258c,9361fd90-ba52-4f84-aa93-6e878fd576ca,970b0598-bcb0-4714-91fb-2e81440dccd8,bcd64cc6-2dd9-43f6-abbe-66318d332032,d930590d-bb92-4cc8-8bd1-23cd027f9edf,a3cd009f-0ab0-420d-9278-b9fdab939bbc,6a2d0734-bd9e-4ddf-946e-caa52498cb75,d9937e59-61fe-4ec6-92ab-7ac5a19c89b0,d1346436-ac96-4271-b863-1f4fdead95b0,971bdb23-3ff6-43eb-b422-1c30165a3663,17debcc3-0a6b-4b8a-b00b-dc58b885581e,711ebe11-f673-4cd9-9a83-63c60ba54c5b,c0143906-9aed-447e-9436-2ae8512d1b6e,14da1725-c4c2-42b4-ab08-ee0aeb6898b3,081cab31-dccd-428e-8652-f2404cc81c47,78e0584a-4343-4727-8f37-e14e65c2a2db,871c3b6c-7379-419d-bda3-794b239ab90d,ff9b0199-ce04-4cfe-86cc-6c719f08d6e4,de1c2107-70c8-4021-8459-6399f24d01c6,cbf30902-517f-40dc-af90-a550bac27cf1,5c601d96-e4c7-4698-991b-7ee674b11079
8-2-2026 17:07:37-debug:   Number of all scripts: 39
8-2-2026 17:07:37-debug:   Number of all scenes: 3
8-2-2026 17:07:37-debug: Init bundle root assets success..., progress: 0%
8-2-2026 17:07:37-debug:   Number of other assets: 486
8-2-2026 17:07:37-debug: // ---- build task Query asset bundle ---- (14ms)
8-2-2026 17:07:37-log: run build task Query asset bundle success in 14 ms√, progress: 5%
8-2-2026 17:07:37-debug: [Build Memory track]: Query asset bundle start:235.97MB, end 235.91MB, increase: -59.36KB
8-2-2026 17:07:37-debug: Query asset bundle start, progress: 5%
8-2-2026 17:07:37-debug: // ---- build task Query asset bundle ----
8-2-2026 17:07:37-debug: // ---- build task Query asset bundle ---- (8ms)
8-2-2026 17:07:37-log: run build task Query asset bundle success in 8 ms√, progress: 10%
8-2-2026 17:07:37-debug: [Build Memory track]: Query asset bundle start:235.94MB, end 235.26MB, increase: -698.56KB
8-2-2026 17:07:37-debug: Sort some build options to settings.json start, progress: 10%
8-2-2026 17:07:37-debug: // ---- build task Sort some build options to settings.json ----
8-2-2026 17:07:37-debug: // ---- build task Sort some build options to settings.json ---- (4ms)
8-2-2026 17:07:37-debug: [Build Memory track]: Sort some build options to settings.json start:235.29MB, end 235.31MB, increase: 26.98KB
8-2-2026 17:07:37-debug: Fill script data to settings start, progress: 12%
8-2-2026 17:07:37-log: run build task Sort some build options to settings.json success in 4 ms√, progress: 12%
8-2-2026 17:07:37-debug: // ---- build task Fill script data to settings ----
8-2-2026 17:07:37-debug: // ---- build task Fill script data to settings ---- (2ms)
8-2-2026 17:07:37-log: run build task Fill script data to settings success in 2 ms√, progress: 13%
8-2-2026 17:07:37-debug: [Build Memory track]: Fill script data to settings start:235.34MB, end 235.37MB, increase: 26.37KB
8-2-2026 17:07:37-debug: Sort some build options to settings.json start, progress: 13%
8-2-2026 17:07:37-debug: // ---- build task Sort some build options to settings.json ----
8-2-2026 17:07:37-debug: // ---- build task Sort some build options to settings.json ---- (17ms)
8-2-2026 17:07:37-log: run build task Sort some build options to settings.json success in 17 ms√, progress: 15%
8-2-2026 17:07:37-debug: [Build Memory track]: Sort some build options to settings.json start:235.40MB, end 235.52MB, increase: 131.03KB
8-2-2026 17:08:10-debug: Query all assets info in project
8-2-2026 17:08:10-debug: init custom config: keepNodeUuid: false, useCache: true
8-2-2026 17:08:10-debug: Skip compress image, progress: 0%
8-2-2026 17:08:10-debug: Init all bundles start..., progress: 0%
8-2-2026 17:08:10-debug: Num of bundles: 2..., progress: 0%
8-2-2026 17:08:10-debug: Query asset bundle start, progress: 0%
8-2-2026 17:08:10-debug: Init bundle root assets start..., progress: 0%
8-2-2026 17:08:10-debug: // ---- build task Query asset bundle ----
8-2-2026 17:08:10-debug:   Number of all scenes: 3
8-2-2026 17:08:10-debug:   Number of all scripts: 39
8-2-2026 17:08:10-debug: Query preload assets/scripts from cc.config.json: 60f7195c-ec2a-45eb-ba94-8955f60e81d0,1c02ae6f-4492-4915-b8f8-7492a3b1e4cd,810e96e4-e456-4468-9b59-f4e8f39732c0,efe8e2a3-eace-427b-b4f1-cb8a937ec77d,e9aa9a3e-5b2b-4ac7-a2c7-073de2b2b24f,8bbdbcdd-5cd4-4100-b6d5-b7c9625b6107,50f4348b-c883-4e2f-8f11-ce233b859fa1,fda095cb-831d-4601-ad94-846013963de8,f92806d7-1768-443f-afe8-12bcde84d0f0,dd3a144d-ab7f-41f0-82b8-2e43a090d496,f0416e68-0200-4b77-a926-4f9d16e494da,511d2633-09a7-4bdd-ac42-f778032124b3,5d45aa00-e064-4938-b314-4265f0c2258c,9361fd90-ba52-4f84-aa93-6e878fd576ca,970b0598-bcb0-4714-91fb-2e81440dccd8,bcd64cc6-2dd9-43f6-abbe-66318d332032,d930590d-bb92-4cc8-8bd1-23cd027f9edf,a3cd009f-0ab0-420d-9278-b9fdab939bbc,6a2d0734-bd9e-4ddf-946e-caa52498cb75,d9937e59-61fe-4ec6-92ab-7ac5a19c89b0,d1346436-ac96-4271-b863-1f4fdead95b0,971bdb23-3ff6-43eb-b422-1c30165a3663,17debcc3-0a6b-4b8a-b00b-dc58b885581e,711ebe11-f673-4cd9-9a83-63c60ba54c5b,c0143906-9aed-447e-9436-2ae8512d1b6e,14da1725-c4c2-42b4-ab08-ee0aeb6898b3,081cab31-dccd-428e-8652-f2404cc81c47,78e0584a-4343-4727-8f37-e14e65c2a2db,871c3b6c-7379-419d-bda3-794b239ab90d,ff9b0199-ce04-4cfe-86cc-6c719f08d6e4,de1c2107-70c8-4021-8459-6399f24d01c6,cbf30902-517f-40dc-af90-a550bac27cf1,5c601d96-e4c7-4698-991b-7ee674b11079
8-2-2026 17:08:10-debug: Init bundle root assets success..., progress: 0%
8-2-2026 17:08:10-debug:   Number of other assets: 486
8-2-2026 17:08:10-debug: // ---- build task Query asset bundle ---- (15ms)
8-2-2026 17:08:10-log: run build task Query asset bundle success in 15 ms√, progress: 5%
8-2-2026 17:08:10-debug: [Build Memory track]: Query asset bundle start:236.11MB, end 236.05MB, increase: -59.30KB
8-2-2026 17:08:10-debug: Query asset bundle start, progress: 5%
8-2-2026 17:08:10-debug: // ---- build task Query asset bundle ----
8-2-2026 17:08:10-debug: // ---- build task Query asset bundle ---- (7ms)
8-2-2026 17:08:10-log: run build task Query asset bundle success in 7 ms√, progress: 10%
8-2-2026 17:08:10-debug: Sort some build options to settings.json start, progress: 10%
8-2-2026 17:08:10-debug: [Build Memory track]: Query asset bundle start:236.08MB, end 235.39MB, increase: -704.84KB
8-2-2026 17:08:10-debug: // ---- build task Sort some build options to settings.json ----
8-2-2026 17:08:10-debug: // ---- build task Sort some build options to settings.json ---- (4ms)
8-2-2026 17:08:10-log: run build task Sort some build options to settings.json success in 4 ms√, progress: 12%
8-2-2026 17:08:10-debug: [Build Memory track]: Sort some build options to settings.json start:235.42MB, end 235.45MB, increase: 26.98KB
8-2-2026 17:08:10-debug: Fill script data to settings start, progress: 12%
8-2-2026 17:08:10-debug: // ---- build task Fill script data to settings ----
8-2-2026 17:08:10-debug: // ---- build task Fill script data to settings ---- (2ms)
8-2-2026 17:08:10-log: run build task Fill script data to settings success in 2 ms√, progress: 13%
8-2-2026 17:08:10-debug: [Build Memory track]: Fill script data to settings start:235.47MB, end 235.50MB, increase: 26.34KB
8-2-2026 17:08:10-debug: Sort some build options to settings.json start, progress: 13%
8-2-2026 17:08:10-debug: // ---- build task Sort some build options to settings.json ----
8-2-2026 17:08:10-debug: // ---- build task Sort some build options to settings.json ---- (13ms)
8-2-2026 17:08:10-log: run build task Sort some build options to settings.json success in 13 ms√, progress: 15%
8-2-2026 17:08:10-debug: [Build Memory track]: Sort some build options to settings.json start:235.53MB, end 235.66MB, increase: 137.39KB
8-2-2026 17:08:41-debug: Query all assets info in project
8-2-2026 17:08:41-debug: init custom config: keepNodeUuid: false, useCache: true
8-2-2026 17:08:41-debug: Skip compress image, progress: 0%
8-2-2026 17:08:41-debug: Init all bundles start..., progress: 0%
8-2-2026 17:08:41-debug: // ---- build task Query asset bundle ----
8-2-2026 17:08:41-debug: Init bundle root assets start..., progress: 0%
8-2-2026 17:08:41-debug: Num of bundles: 2..., progress: 0%
8-2-2026 17:08:41-debug: Query asset bundle start, progress: 0%
8-2-2026 17:08:41-debug: Query preload assets/scripts from cc.config.json: 60f7195c-ec2a-45eb-ba94-8955f60e81d0,1c02ae6f-4492-4915-b8f8-7492a3b1e4cd,810e96e4-e456-4468-9b59-f4e8f39732c0,efe8e2a3-eace-427b-b4f1-cb8a937ec77d,e9aa9a3e-5b2b-4ac7-a2c7-073de2b2b24f,8bbdbcdd-5cd4-4100-b6d5-b7c9625b6107,50f4348b-c883-4e2f-8f11-ce233b859fa1,fda095cb-831d-4601-ad94-846013963de8,f92806d7-1768-443f-afe8-12bcde84d0f0,dd3a144d-ab7f-41f0-82b8-2e43a090d496,f0416e68-0200-4b77-a926-4f9d16e494da,511d2633-09a7-4bdd-ac42-f778032124b3,5d45aa00-e064-4938-b314-4265f0c2258c,9361fd90-ba52-4f84-aa93-6e878fd576ca,970b0598-bcb0-4714-91fb-2e81440dccd8,bcd64cc6-2dd9-43f6-abbe-66318d332032,d930590d-bb92-4cc8-8bd1-23cd027f9edf,a3cd009f-0ab0-420d-9278-b9fdab939bbc,6a2d0734-bd9e-4ddf-946e-caa52498cb75,d9937e59-61fe-4ec6-92ab-7ac5a19c89b0,d1346436-ac96-4271-b863-1f4fdead95b0,971bdb23-3ff6-43eb-b422-1c30165a3663,17debcc3-0a6b-4b8a-b00b-dc58b885581e,711ebe11-f673-4cd9-9a83-63c60ba54c5b,c0143906-9aed-447e-9436-2ae8512d1b6e,14da1725-c4c2-42b4-ab08-ee0aeb6898b3,081cab31-dccd-428e-8652-f2404cc81c47,78e0584a-4343-4727-8f37-e14e65c2a2db,871c3b6c-7379-419d-bda3-794b239ab90d,ff9b0199-ce04-4cfe-86cc-6c719f08d6e4,de1c2107-70c8-4021-8459-6399f24d01c6,cbf30902-517f-40dc-af90-a550bac27cf1,5c601d96-e4c7-4698-991b-7ee674b11079
8-2-2026 17:08:41-debug:   Number of all scenes: 3
8-2-2026 17:08:41-debug:   Number of other assets: 486
8-2-2026 17:08:41-debug:   Number of all scripts: 39
8-2-2026 17:08:41-debug: Init bundle root assets success..., progress: 0%
8-2-2026 17:08:41-debug: // ---- build task Query asset bundle ---- (13ms)
8-2-2026 17:08:41-log: run build task Query asset bundle success in 13 ms√, progress: 5%
8-2-2026 17:08:41-debug: [Build Memory track]: Query asset bundle start:236.23MB, end 236.19MB, increase: -38.45KB
8-2-2026 17:08:41-debug: Query asset bundle start, progress: 5%
8-2-2026 17:08:41-debug: // ---- build task Query asset bundle ----
8-2-2026 17:08:41-debug: // ---- build task Query asset bundle ---- (8ms)
8-2-2026 17:08:41-log: run build task Query asset bundle success in 8 ms√, progress: 10%
8-2-2026 17:08:41-debug: Sort some build options to settings.json start, progress: 10%
8-2-2026 17:08:41-debug: [Build Memory track]: Query asset bundle start:236.22MB, end 235.55MB, increase: -688.11KB
8-2-2026 17:08:41-debug: // ---- build task Sort some build options to settings.json ----
8-2-2026 17:08:41-debug: // ---- build task Sort some build options to settings.json ---- (2ms)
8-2-2026 17:08:41-log: run build task Sort some build options to settings.json success in 2 ms√, progress: 12%
8-2-2026 17:08:41-debug: Fill script data to settings start, progress: 12%
8-2-2026 17:08:41-debug: [Build Memory track]: Sort some build options to settings.json start:235.57MB, end 235.60MB, increase: 27.06KB
8-2-2026 17:08:41-debug: // ---- build task Fill script data to settings ----
8-2-2026 17:08:41-debug: // ---- build task Fill script data to settings ---- (2ms)
8-2-2026 17:08:41-log: run build task Fill script data to settings success in 2 ms√, progress: 13%
8-2-2026 17:08:41-debug: Sort some build options to settings.json start, progress: 13%
8-2-2026 17:08:41-debug: [Build Memory track]: Fill script data to settings start:235.63MB, end 235.66MB, increase: 26.42KB
8-2-2026 17:08:41-debug: // ---- build task Sort some build options to settings.json ----
8-2-2026 17:08:41-debug: // ---- build task Sort some build options to settings.json ---- (17ms)
8-2-2026 17:08:41-log: run build task Sort some build options to settings.json success in 17 ms√, progress: 15%
8-2-2026 17:08:41-debug: [Build Memory track]: Sort some build options to settings.json start:235.68MB, end 235.81MB, increase: 126.98KB
8-2-2026 17:09:14-debug: Query all assets info in project
8-2-2026 17:09:14-debug: init custom config: keepNodeUuid: false, useCache: true
8-2-2026 17:09:14-debug: Skip compress image, progress: 0%
8-2-2026 17:09:14-debug: Init all bundles start..., progress: 0%
8-2-2026 17:09:14-debug: // ---- build task Query asset bundle ----
8-2-2026 17:09:14-debug: Init bundle root assets start..., progress: 0%
8-2-2026 17:09:14-debug: Num of bundles: 2..., progress: 0%
8-2-2026 17:09:14-debug: Query asset bundle start, progress: 0%
8-2-2026 17:09:14-debug: Query preload assets/scripts from cc.config.json: 60f7195c-ec2a-45eb-ba94-8955f60e81d0,1c02ae6f-4492-4915-b8f8-7492a3b1e4cd,810e96e4-e456-4468-9b59-f4e8f39732c0,efe8e2a3-eace-427b-b4f1-cb8a937ec77d,e9aa9a3e-5b2b-4ac7-a2c7-073de2b2b24f,8bbdbcdd-5cd4-4100-b6d5-b7c9625b6107,50f4348b-c883-4e2f-8f11-ce233b859fa1,fda095cb-831d-4601-ad94-846013963de8,f92806d7-1768-443f-afe8-12bcde84d0f0,dd3a144d-ab7f-41f0-82b8-2e43a090d496,f0416e68-0200-4b77-a926-4f9d16e494da,511d2633-09a7-4bdd-ac42-f778032124b3,5d45aa00-e064-4938-b314-4265f0c2258c,9361fd90-ba52-4f84-aa93-6e878fd576ca,970b0598-bcb0-4714-91fb-2e81440dccd8,bcd64cc6-2dd9-43f6-abbe-66318d332032,d930590d-bb92-4cc8-8bd1-23cd027f9edf,a3cd009f-0ab0-420d-9278-b9fdab939bbc,6a2d0734-bd9e-4ddf-946e-caa52498cb75,d9937e59-61fe-4ec6-92ab-7ac5a19c89b0,d1346436-ac96-4271-b863-1f4fdead95b0,971bdb23-3ff6-43eb-b422-1c30165a3663,17debcc3-0a6b-4b8a-b00b-dc58b885581e,711ebe11-f673-4cd9-9a83-63c60ba54c5b,c0143906-9aed-447e-9436-2ae8512d1b6e,14da1725-c4c2-42b4-ab08-ee0aeb6898b3,081cab31-dccd-428e-8652-f2404cc81c47,78e0584a-4343-4727-8f37-e14e65c2a2db,871c3b6c-7379-419d-bda3-794b239ab90d,ff9b0199-ce04-4cfe-86cc-6c719f08d6e4,de1c2107-70c8-4021-8459-6399f24d01c6,cbf30902-517f-40dc-af90-a550bac27cf1,5c601d96-e4c7-4698-991b-7ee674b11079
8-2-2026 17:09:14-debug:   Number of all scenes: 3
8-2-2026 17:09:14-debug:   Number of all scripts: 39
8-2-2026 17:09:14-debug:   Number of other assets: 486
8-2-2026 17:09:14-debug: Init bundle root assets success..., progress: 0%
8-2-2026 17:09:14-debug: // ---- build task Query asset bundle ---- (12ms)
8-2-2026 17:09:14-log: run build task Query asset bundle success in 12 ms√, progress: 5%
8-2-2026 17:09:14-debug: [Build Memory track]: Query asset bundle start:236.41MB, end 236.33MB, increase: -82.97KB
8-2-2026 17:09:14-debug: Query asset bundle start, progress: 5%
8-2-2026 17:09:14-debug: // ---- build task Query asset bundle ----
8-2-2026 17:09:14-debug: // ---- build task Query asset bundle ---- (10ms)
8-2-2026 17:09:14-log: run build task Query asset bundle success in 10 ms√, progress: 10%
8-2-2026 17:09:14-debug: [Build Memory track]: Query asset bundle start:236.36MB, end 235.70MB, increase: -672.94KB
8-2-2026 17:09:14-debug: Sort some build options to settings.json start, progress: 10%
8-2-2026 17:09:14-debug: // ---- build task Sort some build options to settings.json ----
8-2-2026 17:09:14-debug: // ---- build task Sort some build options to settings.json ---- (1ms)
8-2-2026 17:09:14-log: run build task Sort some build options to settings.json success in 1 ms√, progress: 12%
8-2-2026 17:09:14-debug: [Build Memory track]: Sort some build options to settings.json start:235.73MB, end 235.75MB, increase: 27.01KB
8-2-2026 17:09:14-debug: // ---- build task Fill script data to settings ----
8-2-2026 17:09:14-debug: Fill script data to settings start, progress: 12%
8-2-2026 17:09:14-debug: // ---- build task Fill script data to settings ---- (3ms)
8-2-2026 17:09:14-log: run build task Fill script data to settings success in 3 ms√, progress: 13%
8-2-2026 17:09:14-debug: Sort some build options to settings.json start, progress: 13%
8-2-2026 17:09:14-debug: [Build Memory track]: Fill script data to settings start:235.78MB, end 235.81MB, increase: 26.34KB
8-2-2026 17:09:14-debug: // ---- build task Sort some build options to settings.json ----
8-2-2026 17:09:14-debug: // ---- build task Sort some build options to settings.json ---- (13ms)
8-2-2026 17:09:14-debug: [Build Memory track]: Sort some build options to settings.json start:235.84MB, end 235.97MB, increase: 134.25KB
8-2-2026 17:09:14-log: run build task Sort some build options to settings.json success in 13 ms√, progress: 15%
8-2-2026 17:09:45-debug: Query all assets info in project
8-2-2026 17:09:45-debug: init custom config: keepNodeUuid: false, useCache: true
8-2-2026 17:09:45-debug: Skip compress image, progress: 0%
8-2-2026 17:09:45-debug: Init all bundles start..., progress: 0%
8-2-2026 17:09:45-debug: // ---- build task Query asset bundle ----
8-2-2026 17:09:45-debug: Init bundle root assets start..., progress: 0%
8-2-2026 17:09:45-debug: Num of bundles: 2..., progress: 0%
8-2-2026 17:09:45-debug: Query asset bundle start, progress: 0%
8-2-2026 17:09:45-debug: Query preload assets/scripts from cc.config.json: 60f7195c-ec2a-45eb-ba94-8955f60e81d0,1c02ae6f-4492-4915-b8f8-7492a3b1e4cd,810e96e4-e456-4468-9b59-f4e8f39732c0,efe8e2a3-eace-427b-b4f1-cb8a937ec77d,e9aa9a3e-5b2b-4ac7-a2c7-073de2b2b24f,8bbdbcdd-5cd4-4100-b6d5-b7c9625b6107,50f4348b-c883-4e2f-8f11-ce233b859fa1,fda095cb-831d-4601-ad94-846013963de8,f92806d7-1768-443f-afe8-12bcde84d0f0,dd3a144d-ab7f-41f0-82b8-2e43a090d496,f0416e68-0200-4b77-a926-4f9d16e494da,511d2633-09a7-4bdd-ac42-f778032124b3,5d45aa00-e064-4938-b314-4265f0c2258c,9361fd90-ba52-4f84-aa93-6e878fd576ca,970b0598-bcb0-4714-91fb-2e81440dccd8,bcd64cc6-2dd9-43f6-abbe-66318d332032,d930590d-bb92-4cc8-8bd1-23cd027f9edf,a3cd009f-0ab0-420d-9278-b9fdab939bbc,6a2d0734-bd9e-4ddf-946e-caa52498cb75,d9937e59-61fe-4ec6-92ab-7ac5a19c89b0,d1346436-ac96-4271-b863-1f4fdead95b0,971bdb23-3ff6-43eb-b422-1c30165a3663,17debcc3-0a6b-4b8a-b00b-dc58b885581e,711ebe11-f673-4cd9-9a83-63c60ba54c5b,c0143906-9aed-447e-9436-2ae8512d1b6e,14da1725-c4c2-42b4-ab08-ee0aeb6898b3,081cab31-dccd-428e-8652-f2404cc81c47,78e0584a-4343-4727-8f37-e14e65c2a2db,871c3b6c-7379-419d-bda3-794b239ab90d,ff9b0199-ce04-4cfe-86cc-6c719f08d6e4,de1c2107-70c8-4021-8459-6399f24d01c6,cbf30902-517f-40dc-af90-a550bac27cf1,5c601d96-e4c7-4698-991b-7ee674b11079
8-2-2026 17:09:45-debug:   Number of all scripts: 39
8-2-2026 17:09:45-debug:   Number of other assets: 486
8-2-2026 17:09:45-debug: Init bundle root assets success..., progress: 0%
8-2-2026 17:09:45-debug:   Number of all scenes: 3
8-2-2026 17:09:45-debug: // ---- build task Query asset bundle ---- (13ms)
8-2-2026 17:09:45-log: run build task Query asset bundle success in 13 ms√, progress: 5%
8-2-2026 17:09:45-debug: Query asset bundle start, progress: 5%
8-2-2026 17:09:45-debug: [Build Memory track]: Query asset bundle start:236.53MB, end 236.47MB, increase: -68.18KB
8-2-2026 17:09:45-debug: // ---- build task Query asset bundle ----
8-2-2026 17:09:45-debug: // ---- build task Query asset bundle ---- (8ms)
8-2-2026 17:09:45-log: run build task Query asset bundle success in 8 ms√, progress: 10%
8-2-2026 17:09:45-debug: [Build Memory track]: Query asset bundle start:236.50MB, end 235.83MB, increase: -687.45KB
8-2-2026 17:09:45-debug: Sort some build options to settings.json start, progress: 10%
8-2-2026 17:09:45-debug: // ---- build task Sort some build options to settings.json ----
8-2-2026 17:09:45-debug: // ---- build task Sort some build options to settings.json ---- (6ms)
8-2-2026 17:09:45-log: run build task Sort some build options to settings.json success in 6 ms√, progress: 12%
8-2-2026 17:09:45-debug: Fill script data to settings start, progress: 12%
8-2-2026 17:09:45-debug: [Build Memory track]: Sort some build options to settings.json start:235.85MB, end 235.88MB, increase: 27.00KB
8-2-2026 17:09:45-debug: // ---- build task Fill script data to settings ----
8-2-2026 17:09:45-debug: // ---- build task Fill script data to settings ---- (3ms)
8-2-2026 17:09:45-debug: [Build Memory track]: Fill script data to settings start:235.91MB, end 235.93MB, increase: 26.39KB
8-2-2026 17:09:45-log: run build task Fill script data to settings success in 3 ms√, progress: 13%
8-2-2026 17:09:45-debug: Sort some build options to settings.json start, progress: 13%
8-2-2026 17:09:45-debug: // ---- build task Sort some build options to settings.json ----
8-2-2026 17:09:45-log: run build task Sort some build options to settings.json success in 13 ms√, progress: 15%
8-2-2026 17:09:45-debug: [Build Memory track]: Sort some build options to settings.json start:235.96MB, end 236.09MB, increase: 127.16KB
8-2-2026 17:09:45-debug: // ---- build task Sort some build options to settings.json ---- (13ms)
8-2-2026 17:10:17-debug: Query all assets info in project
8-2-2026 17:10:17-debug: init custom config: keepNodeUuid: false, useCache: true
8-2-2026 17:10:17-debug: Skip compress image, progress: 0%
8-2-2026 17:10:17-debug: Init all bundles start..., progress: 0%
8-2-2026 17:10:17-debug: Num of bundles: 2..., progress: 0%
8-2-2026 17:10:17-debug: Query asset bundle start, progress: 0%
8-2-2026 17:10:17-debug: Init bundle root assets start..., progress: 0%
8-2-2026 17:10:17-debug: // ---- build task Query asset bundle ----
8-2-2026 17:10:17-debug: Query preload assets/scripts from cc.config.json: 60f7195c-ec2a-45eb-ba94-8955f60e81d0,1c02ae6f-4492-4915-b8f8-7492a3b1e4cd,810e96e4-e456-4468-9b59-f4e8f39732c0,efe8e2a3-eace-427b-b4f1-cb8a937ec77d,e9aa9a3e-5b2b-4ac7-a2c7-073de2b2b24f,8bbdbcdd-5cd4-4100-b6d5-b7c9625b6107,50f4348b-c883-4e2f-8f11-ce233b859fa1,fda095cb-831d-4601-ad94-846013963de8,f92806d7-1768-443f-afe8-12bcde84d0f0,dd3a144d-ab7f-41f0-82b8-2e43a090d496,f0416e68-0200-4b77-a926-4f9d16e494da,511d2633-09a7-4bdd-ac42-f778032124b3,5d45aa00-e064-4938-b314-4265f0c2258c,9361fd90-ba52-4f84-aa93-6e878fd576ca,970b0598-bcb0-4714-91fb-2e81440dccd8,bcd64cc6-2dd9-43f6-abbe-66318d332032,d930590d-bb92-4cc8-8bd1-23cd027f9edf,a3cd009f-0ab0-420d-9278-b9fdab939bbc,6a2d0734-bd9e-4ddf-946e-caa52498cb75,d9937e59-61fe-4ec6-92ab-7ac5a19c89b0,d1346436-ac96-4271-b863-1f4fdead95b0,971bdb23-3ff6-43eb-b422-1c30165a3663,17debcc3-0a6b-4b8a-b00b-dc58b885581e,711ebe11-f673-4cd9-9a83-63c60ba54c5b,c0143906-9aed-447e-9436-2ae8512d1b6e,14da1725-c4c2-42b4-ab08-ee0aeb6898b3,081cab31-dccd-428e-8652-f2404cc81c47,78e0584a-4343-4727-8f37-e14e65c2a2db,871c3b6c-7379-419d-bda3-794b239ab90d,ff9b0199-ce04-4cfe-86cc-6c719f08d6e4,de1c2107-70c8-4021-8459-6399f24d01c6,cbf30902-517f-40dc-af90-a550bac27cf1,5c601d96-e4c7-4698-991b-7ee674b11079
8-2-2026 17:10:17-debug:   Number of all scenes: 3
8-2-2026 17:10:17-debug:   Number of all scripts: 39
8-2-2026 17:10:17-debug:   Number of other assets: 486
8-2-2026 17:10:17-debug: Init bundle root assets success..., progress: 0%
8-2-2026 17:10:17-debug: // ---- build task Query asset bundle ---- (11ms)
8-2-2026 17:10:17-debug: Query asset bundle start, progress: 5%
8-2-2026 17:10:17-debug: [Build Memory track]: Query asset bundle start:236.68MB, end 236.61MB, increase: -79.73KB
8-2-2026 17:10:17-log: run build task Query asset bundle success in 11 ms√, progress: 5%
8-2-2026 17:10:17-debug: // ---- build task Query asset bundle ----
8-2-2026 17:10:17-debug: // ---- build task Query asset bundle ---- (7ms)
8-2-2026 17:10:17-log: run build task Query asset bundle success in 7 ms√, progress: 10%
8-2-2026 17:10:17-debug: [Build Memory track]: Query asset bundle start:236.63MB, end 235.96MB, increase: -685.13KB
8-2-2026 17:10:17-debug: Sort some build options to settings.json start, progress: 10%
8-2-2026 17:10:17-debug: // ---- build task Sort some build options to settings.json ----
8-2-2026 17:10:17-debug: // ---- build task Sort some build options to settings.json ---- (3ms)
8-2-2026 17:10:17-log: run build task Sort some build options to settings.json success in 3 ms√, progress: 12%
8-2-2026 17:10:17-debug: Fill script data to settings start, progress: 12%
8-2-2026 17:10:17-debug: [Build Memory track]: Sort some build options to settings.json start:235.99MB, end 236.02MB, increase: 27.00KB
8-2-2026 17:10:17-debug: // ---- build task Fill script data to settings ----
8-2-2026 17:10:17-debug: // ---- build task Fill script data to settings ---- (1ms)
8-2-2026 17:10:17-log: run build task Fill script data to settings success in 1 ms√, progress: 13%
8-2-2026 17:10:17-debug: [Build Memory track]: Fill script data to settings start:236.05MB, end 236.07MB, increase: 26.53KB
8-2-2026 17:10:17-debug: Sort some build options to settings.json start, progress: 13%
8-2-2026 17:10:17-debug: // ---- build task Sort some build options to settings.json ----
8-2-2026 17:10:17-debug: // ---- build task Sort some build options to settings.json ---- (19ms)
8-2-2026 17:10:17-log: run build task Sort some build options to settings.json success in 19 ms√, progress: 15%
8-2-2026 17:10:17-debug: [Build Memory track]: Sort some build options to settings.json start:236.10MB, end 236.23MB, increase: 130.88KB
8-2-2026 17:10:49-debug: Query all assets info in project
8-2-2026 17:10:49-debug: init custom config: keepNodeUuid: false, useCache: true
8-2-2026 17:10:49-debug: Skip compress image, progress: 0%
8-2-2026 17:10:49-debug: Init all bundles start..., progress: 0%
8-2-2026 17:10:49-debug: Num of bundles: 2..., progress: 0%
8-2-2026 17:10:49-debug: // ---- build task Query asset bundle ----
8-2-2026 17:10:49-debug: Init bundle root assets start..., progress: 0%
8-2-2026 17:10:49-debug: Query asset bundle start, progress: 0%
8-2-2026 17:10:49-debug: Query preload assets/scripts from cc.config.json: 60f7195c-ec2a-45eb-ba94-8955f60e81d0,1c02ae6f-4492-4915-b8f8-7492a3b1e4cd,810e96e4-e456-4468-9b59-f4e8f39732c0,efe8e2a3-eace-427b-b4f1-cb8a937ec77d,e9aa9a3e-5b2b-4ac7-a2c7-073de2b2b24f,8bbdbcdd-5cd4-4100-b6d5-b7c9625b6107,50f4348b-c883-4e2f-8f11-ce233b859fa1,fda095cb-831d-4601-ad94-846013963de8,f92806d7-1768-443f-afe8-12bcde84d0f0,dd3a144d-ab7f-41f0-82b8-2e43a090d496,f0416e68-0200-4b77-a926-4f9d16e494da,511d2633-09a7-4bdd-ac42-f778032124b3,5d45aa00-e064-4938-b314-4265f0c2258c,9361fd90-ba52-4f84-aa93-6e878fd576ca,970b0598-bcb0-4714-91fb-2e81440dccd8,bcd64cc6-2dd9-43f6-abbe-66318d332032,d930590d-bb92-4cc8-8bd1-23cd027f9edf,a3cd009f-0ab0-420d-9278-b9fdab939bbc,6a2d0734-bd9e-4ddf-946e-caa52498cb75,d9937e59-61fe-4ec6-92ab-7ac5a19c89b0,d1346436-ac96-4271-b863-1f4fdead95b0,971bdb23-3ff6-43eb-b422-1c30165a3663,17debcc3-0a6b-4b8a-b00b-dc58b885581e,711ebe11-f673-4cd9-9a83-63c60ba54c5b,c0143906-9aed-447e-9436-2ae8512d1b6e,14da1725-c4c2-42b4-ab08-ee0aeb6898b3,081cab31-dccd-428e-8652-f2404cc81c47,78e0584a-4343-4727-8f37-e14e65c2a2db,871c3b6c-7379-419d-bda3-794b239ab90d,ff9b0199-ce04-4cfe-86cc-6c719f08d6e4,de1c2107-70c8-4021-8459-6399f24d01c6,cbf30902-517f-40dc-af90-a550bac27cf1,5c601d96-e4c7-4698-991b-7ee674b11079
8-2-2026 17:10:49-debug:   Number of all scenes: 3
8-2-2026 17:10:49-debug:   Number of all scripts: 39
8-2-2026 17:10:49-debug: Init bundle root assets success..., progress: 0%
8-2-2026 17:10:49-debug:   Number of other assets: 486
8-2-2026 17:10:49-debug: // ---- build task Query asset bundle ---- (14ms)
8-2-2026 17:10:49-log: run build task Query asset bundle success in 14 ms√, progress: 5%
8-2-2026 17:10:49-debug: [Build Memory track]: Query asset bundle start:236.83MB, end 236.76MB, increase: -75.71KB
8-2-2026 17:10:49-debug: Query asset bundle start, progress: 5%
8-2-2026 17:10:49-debug: // ---- build task Query asset bundle ----
8-2-2026 17:10:49-debug: // ---- build task Query asset bundle ---- (9ms)
8-2-2026 17:10:49-log: run build task Query asset bundle success in 9 ms√, progress: 10%
8-2-2026 17:10:49-debug: [Build Memory track]: Query asset bundle start:236.78MB, end 236.10MB, increase: -698.57KB
8-2-2026 17:10:49-debug: Sort some build options to settings.json start, progress: 10%
8-2-2026 17:10:49-debug: // ---- build task Sort some build options to settings.json ----
8-2-2026 17:10:49-debug: // ---- build task Sort some build options to settings.json ---- (4ms)
8-2-2026 17:10:49-log: run build task Sort some build options to settings.json success in 4 ms√, progress: 12%
8-2-2026 17:10:49-debug: Fill script data to settings start, progress: 12%
8-2-2026 17:10:49-debug: [Build Memory track]: Sort some build options to settings.json start:236.13MB, end 236.16MB, increase: 28.13KB
8-2-2026 17:10:49-debug: // ---- build task Fill script data to settings ----
8-2-2026 17:10:49-debug: // ---- build task Fill script data to settings ---- (2ms)
8-2-2026 17:10:49-log: run build task Fill script data to settings success in 2 ms√, progress: 13%
8-2-2026 17:10:49-debug: [Build Memory track]: Fill script data to settings start:236.19MB, end 236.21MB, increase: 26.64KB
8-2-2026 17:10:49-debug: Sort some build options to settings.json start, progress: 13%
8-2-2026 17:10:49-debug: // ---- build task Sort some build options to settings.json ----
8-2-2026 17:10:49-debug: // ---- build task Sort some build options to settings.json ---- (18ms)
8-2-2026 17:10:49-log: run build task Sort some build options to settings.json success in 18 ms√, progress: 15%
8-2-2026 17:10:49-debug: [Build Memory track]: Sort some build options to settings.json start:236.24MB, end 236.37MB, increase: 131.86KB
8-2-2026 18:08:07-debug: refresh db internal success
8-2-2026 18:08:07-debug: %cImport%c: F:\Github\BattleGame\assets\scripts\LevelSettings.tsbackground: #aaff85; color: #000;color: #000;
8-2-2026 18:08:07-debug: refresh db assets success
8-2-2026 18:08:07-debug: Run asset db hook engine-extends:afterRefresh success!
8-2-2026 18:08:07-debug: Run asset db hook engine-extends:afterRefresh ...
8-2-2026 18:08:07-debug: asset-db:refresh-all-database (72ms)
8-2-2026 18:08:07-debug: asset-db:worker-effect-data-processing (2ms)
8-2-2026 18:08:07-debug: asset-db-hook-engine-extends-afterRefresh (2ms)
8-2-2026 18:08:09-debug: %cImport%c: F:\Github\BattleGame\assets\Test.scenebackground: #aaff85; color: #000;color: #000;
8-2-2026 18:08:09-debug: asset-db:reimport-asset1effe86e-a401-4769-9dbc-62218c68834d (34ms)
8-2-2026 18:08:10-debug: Query all assets info in project
8-2-2026 18:08:10-debug: init custom config: keepNodeUuid: false, useCache: true
8-2-2026 18:08:10-debug: Skip compress image, progress: 0%
8-2-2026 18:08:10-debug: Init all bundles start..., progress: 0%
8-2-2026 18:08:10-debug: // ---- build task Query asset bundle ----
8-2-2026 18:08:10-debug: Query asset bundle start, progress: 0%
8-2-2026 18:08:10-debug: Num of bundles: 2..., progress: 0%
8-2-2026 18:08:10-debug: Init bundle root assets start..., progress: 0%
8-2-2026 18:08:10-debug:   Number of all scenes: 3
8-2-2026 18:08:10-debug: Query preload assets/scripts from cc.config.json: 60f7195c-ec2a-45eb-ba94-8955f60e81d0,1c02ae6f-4492-4915-b8f8-7492a3b1e4cd,810e96e4-e456-4468-9b59-f4e8f39732c0,efe8e2a3-eace-427b-b4f1-cb8a937ec77d,e9aa9a3e-5b2b-4ac7-a2c7-073de2b2b24f,8bbdbcdd-5cd4-4100-b6d5-b7c9625b6107,50f4348b-c883-4e2f-8f11-ce233b859fa1,fda095cb-831d-4601-ad94-846013963de8,f92806d7-1768-443f-afe8-12bcde84d0f0,dd3a144d-ab7f-41f0-82b8-2e43a090d496,f0416e68-0200-4b77-a926-4f9d16e494da,511d2633-09a7-4bdd-ac42-f778032124b3,5d45aa00-e064-4938-b314-4265f0c2258c,9361fd90-ba52-4f84-aa93-6e878fd576ca,970b0598-bcb0-4714-91fb-2e81440dccd8,bcd64cc6-2dd9-43f6-abbe-66318d332032,d930590d-bb92-4cc8-8bd1-23cd027f9edf,a3cd009f-0ab0-420d-9278-b9fdab939bbc,6a2d0734-bd9e-4ddf-946e-caa52498cb75,d9937e59-61fe-4ec6-92ab-7ac5a19c89b0,d1346436-ac96-4271-b863-1f4fdead95b0,971bdb23-3ff6-43eb-b422-1c30165a3663,17debcc3-0a6b-4b8a-b00b-dc58b885581e,711ebe11-f673-4cd9-9a83-63c60ba54c5b,c0143906-9aed-447e-9436-2ae8512d1b6e,14da1725-c4c2-42b4-ab08-ee0aeb6898b3,081cab31-dccd-428e-8652-f2404cc81c47,78e0584a-4343-4727-8f37-e14e65c2a2db,871c3b6c-7379-419d-bda3-794b239ab90d,ff9b0199-ce04-4cfe-86cc-6c719f08d6e4,de1c2107-70c8-4021-8459-6399f24d01c6,cbf30902-517f-40dc-af90-a550bac27cf1,5c601d96-e4c7-4698-991b-7ee674b11079
8-2-2026 18:08:10-debug:   Number of all scripts: 39
8-2-2026 18:08:10-debug: Init bundle root assets success..., progress: 0%
8-2-2026 18:08:10-debug:   Number of other assets: 486
8-2-2026 18:08:10-debug: // ---- build task Query asset bundle ---- (11ms)
8-2-2026 18:08:10-log: run build task Query asset bundle success in 11 ms√, progress: 5%
8-2-2026 18:08:10-debug: [Build Memory track]: Query asset bundle start:238.89MB, end 237.92MB, increase: -997.27KB
8-2-2026 18:08:10-debug: Query asset bundle start, progress: 5%
8-2-2026 18:08:10-debug: // ---- build task Query asset bundle ----
8-2-2026 18:08:10-debug: // ---- build task Query asset bundle ---- (4ms)
8-2-2026 18:08:10-debug: [Build Memory track]: Query asset bundle start:237.95MB, end 238.08MB, increase: 139.76KB
8-2-2026 18:08:10-log: run build task Query asset bundle success in 4 ms√, progress: 10%
8-2-2026 18:08:10-debug: Sort some build options to settings.json start, progress: 10%
8-2-2026 18:08:10-debug: // ---- build task Sort some build options to settings.json ----
8-2-2026 18:08:10-log: run build task Sort some build options to settings.json success in 3 ms√, progress: 12%
8-2-2026 18:08:10-debug: [Build Memory track]: Sort some build options to settings.json start:238.11MB, end 238.14MB, increase: 26.98KB
8-2-2026 18:08:10-debug: Fill script data to settings start, progress: 12%
8-2-2026 18:08:10-debug: // ---- build task Sort some build options to settings.json ---- (3ms)
8-2-2026 18:08:10-debug: // ---- build task Fill script data to settings ----
8-2-2026 18:08:10-debug: // ---- build task Fill script data to settings ---- (3ms)
8-2-2026 18:08:10-log: run build task Fill script data to settings success in 3 ms√, progress: 13%
8-2-2026 18:08:10-debug: [Build Memory track]: Fill script data to settings start:238.17MB, end 238.19MB, increase: 26.29KB
8-2-2026 18:08:10-debug: Sort some build options to settings.json start, progress: 13%
8-2-2026 18:08:10-debug: // ---- build task Sort some build options to settings.json ----
8-2-2026 18:08:10-debug: // ---- build task Sort some build options to settings.json ---- (10ms)
8-2-2026 18:08:10-log: run build task Sort some build options to settings.json success in 10 ms√, progress: 15%
8-2-2026 18:08:10-debug: [Build Memory track]: Sort some build options to settings.json start:238.22MB, end 238.34MB, increase: 128.95KB
8-2-2026 18:08:16-debug: Query all assets info in project
8-2-2026 18:08:16-debug: init custom config: keepNodeUuid: false, useCache: true
8-2-2026 18:08:16-debug: Skip compress image, progress: 0%
8-2-2026 18:08:16-debug: Init all bundles start..., progress: 0%
8-2-2026 18:08:16-debug: Num of bundles: 2..., progress: 0%
8-2-2026 18:08:16-debug: Query asset bundle start, progress: 0%
8-2-2026 18:08:16-debug: // ---- build task Query asset bundle ----
8-2-2026 18:08:16-debug: Init bundle root assets start..., progress: 0%
8-2-2026 18:08:16-debug: Query preload assets/scripts from cc.config.json: 60f7195c-ec2a-45eb-ba94-8955f60e81d0,1c02ae6f-4492-4915-b8f8-7492a3b1e4cd,810e96e4-e456-4468-9b59-f4e8f39732c0,efe8e2a3-eace-427b-b4f1-cb8a937ec77d,e9aa9a3e-5b2b-4ac7-a2c7-073de2b2b24f,8bbdbcdd-5cd4-4100-b6d5-b7c9625b6107,50f4348b-c883-4e2f-8f11-ce233b859fa1,fda095cb-831d-4601-ad94-846013963de8,f92806d7-1768-443f-afe8-12bcde84d0f0,dd3a144d-ab7f-41f0-82b8-2e43a090d496,f0416e68-0200-4b77-a926-4f9d16e494da,511d2633-09a7-4bdd-ac42-f778032124b3,5d45aa00-e064-4938-b314-4265f0c2258c,9361fd90-ba52-4f84-aa93-6e878fd576ca,970b0598-bcb0-4714-91fb-2e81440dccd8,bcd64cc6-2dd9-43f6-abbe-66318d332032,d930590d-bb92-4cc8-8bd1-23cd027f9edf,a3cd009f-0ab0-420d-9278-b9fdab939bbc,6a2d0734-bd9e-4ddf-946e-caa52498cb75,d9937e59-61fe-4ec6-92ab-7ac5a19c89b0,d1346436-ac96-4271-b863-1f4fdead95b0,971bdb23-3ff6-43eb-b422-1c30165a3663,17debcc3-0a6b-4b8a-b00b-dc58b885581e,711ebe11-f673-4cd9-9a83-63c60ba54c5b,c0143906-9aed-447e-9436-2ae8512d1b6e,14da1725-c4c2-42b4-ab08-ee0aeb6898b3,081cab31-dccd-428e-8652-f2404cc81c47,78e0584a-4343-4727-8f37-e14e65c2a2db,871c3b6c-7379-419d-bda3-794b239ab90d,ff9b0199-ce04-4cfe-86cc-6c719f08d6e4,de1c2107-70c8-4021-8459-6399f24d01c6,cbf30902-517f-40dc-af90-a550bac27cf1,5c601d96-e4c7-4698-991b-7ee674b11079
8-2-2026 18:08:16-debug:   Number of all scripts: 39
8-2-2026 18:08:16-debug:   Number of other assets: 486
8-2-2026 18:08:16-debug: // ---- build task Query asset bundle ---- (12ms)
8-2-2026 18:08:16-debug:   Number of all scenes: 3
8-2-2026 18:08:16-log: run build task Query asset bundle success in 12 ms√, progress: 5%
8-2-2026 18:08:16-debug: Query asset bundle start, progress: 5%
8-2-2026 18:08:16-debug: [Build Memory track]: Query asset bundle start:239.02MB, end 238.02MB, increase: -1023.25KB
8-2-2026 18:08:16-debug: Init bundle root assets success..., progress: 0%
8-2-2026 18:08:16-debug: // ---- build task Query asset bundle ----
8-2-2026 18:08:16-debug: // ---- build task Query asset bundle ---- (6ms)
8-2-2026 18:08:16-log: run build task Query asset bundle success in 6 ms√, progress: 10%
8-2-2026 18:08:16-debug: [Build Memory track]: Query asset bundle start:238.04MB, end 238.19MB, increase: 143.90KB
8-2-2026 18:08:16-debug: Sort some build options to settings.json start, progress: 10%
8-2-2026 18:08:16-debug: // ---- build task Sort some build options to settings.json ----
8-2-2026 18:08:16-debug: // ---- build task Sort some build options to settings.json ---- (4ms)
8-2-2026 18:08:16-log: run build task Sort some build options to settings.json success in 4 ms√, progress: 12%
8-2-2026 18:08:16-debug: [Build Memory track]: Sort some build options to settings.json start:238.21MB, end 238.24MB, increase: 26.98KB
8-2-2026 18:08:16-debug: Fill script data to settings start, progress: 12%
8-2-2026 18:08:16-debug: // ---- build task Fill script data to settings ----
8-2-2026 18:08:16-debug: // ---- build task Fill script data to settings ---- (4ms)
8-2-2026 18:08:16-debug: [Build Memory track]: Fill script data to settings start:238.27MB, end 238.29MB, increase: 26.42KB
8-2-2026 18:08:16-log: run build task Fill script data to settings success in 4 ms√, progress: 13%
8-2-2026 18:08:16-debug: Sort some build options to settings.json start, progress: 13%
8-2-2026 18:08:16-debug: // ---- build task Sort some build options to settings.json ----
8-2-2026 18:08:16-debug: // ---- build task Sort some build options to settings.json ---- (15ms)
8-2-2026 18:08:16-log: run build task Sort some build options to settings.json success in 15 ms√, progress: 15%
8-2-2026 18:08:16-debug: [Build Memory track]: Sort some build options to settings.json start:238.32MB, end 238.45MB, increase: 127.18KB
8-2-2026 18:08:19-debug: refresh db internal success
8-2-2026 18:08:19-debug: refresh db assets success
8-2-2026 18:08:19-debug: Run asset db hook engine-extends:afterRefresh ...
8-2-2026 18:08:19-debug: Run asset db hook engine-extends:afterRefresh success!
8-2-2026 18:08:19-debug: asset-db:refresh-all-database (90ms)
8-2-2026 18:08:19-debug: asset-db:worker-effect-data-processing (6ms)
8-2-2026 18:08:19-debug: asset-db-hook-engine-extends-afterRefresh (6ms)
8-2-2026 18:08:21-debug: %cImport%c: F:\Github\BattleGame\assets\Test.scenebackground: #aaff85; color: #000;color: #000;
8-2-2026 18:08:21-debug: asset-db:reimport-asset1effe86e-a401-4769-9dbc-62218c68834d (44ms)
8-2-2026 18:08:22-debug: Query all assets info in project
8-2-2026 18:08:22-debug: init custom config: keepNodeUuid: false, useCache: true
8-2-2026 18:08:22-debug: Skip compress image, progress: 0%
8-2-2026 18:08:22-debug: Init all bundles start..., progress: 0%
8-2-2026 18:08:22-debug: Num of bundles: 2..., progress: 0%
8-2-2026 18:08:22-debug: Query asset bundle start, progress: 0%
8-2-2026 18:08:22-debug: // ---- build task Query asset bundle ----
8-2-2026 18:08:22-debug: Init bundle root assets start..., progress: 0%
8-2-2026 18:08:22-debug:   Number of all scripts: 39
8-2-2026 18:08:22-debug: Query preload assets/scripts from cc.config.json: 60f7195c-ec2a-45eb-ba94-8955f60e81d0,1c02ae6f-4492-4915-b8f8-7492a3b1e4cd,810e96e4-e456-4468-9b59-f4e8f39732c0,efe8e2a3-eace-427b-b4f1-cb8a937ec77d,e9aa9a3e-5b2b-4ac7-a2c7-073de2b2b24f,8bbdbcdd-5cd4-4100-b6d5-b7c9625b6107,50f4348b-c883-4e2f-8f11-ce233b859fa1,fda095cb-831d-4601-ad94-846013963de8,f92806d7-1768-443f-afe8-12bcde84d0f0,dd3a144d-ab7f-41f0-82b8-2e43a090d496,f0416e68-0200-4b77-a926-4f9d16e494da,511d2633-09a7-4bdd-ac42-f778032124b3,5d45aa00-e064-4938-b314-4265f0c2258c,9361fd90-ba52-4f84-aa93-6e878fd576ca,970b0598-bcb0-4714-91fb-2e81440dccd8,bcd64cc6-2dd9-43f6-abbe-66318d332032,d930590d-bb92-4cc8-8bd1-23cd027f9edf,a3cd009f-0ab0-420d-9278-b9fdab939bbc,6a2d0734-bd9e-4ddf-946e-caa52498cb75,d9937e59-61fe-4ec6-92ab-7ac5a19c89b0,d1346436-ac96-4271-b863-1f4fdead95b0,971bdb23-3ff6-43eb-b422-1c30165a3663,17debcc3-0a6b-4b8a-b00b-dc58b885581e,711ebe11-f673-4cd9-9a83-63c60ba54c5b,c0143906-9aed-447e-9436-2ae8512d1b6e,14da1725-c4c2-42b4-ab08-ee0aeb6898b3,081cab31-dccd-428e-8652-f2404cc81c47,78e0584a-4343-4727-8f37-e14e65c2a2db,871c3b6c-7379-419d-bda3-794b239ab90d,ff9b0199-ce04-4cfe-86cc-6c719f08d6e4,de1c2107-70c8-4021-8459-6399f24d01c6,cbf30902-517f-40dc-af90-a550bac27cf1,5c601d96-e4c7-4698-991b-7ee674b11079
8-2-2026 18:08:22-debug:   Number of other assets: 486
8-2-2026 18:08:22-debug: Init bundle root assets success..., progress: 0%
8-2-2026 18:08:22-debug:   Number of all scenes: 3
8-2-2026 18:08:22-debug: // ---- build task Query asset bundle ---- (12ms)
8-2-2026 18:08:22-log: run build task Query asset bundle success in 12 ms√, progress: 5%
8-2-2026 18:08:22-debug: [Build Memory track]: Query asset bundle start:241.70MB, end 239.93MB, increase: -1816.75KB
8-2-2026 18:08:22-debug: Query asset bundle start, progress: 5%
8-2-2026 18:08:22-debug: // ---- build task Query asset bundle ----
8-2-2026 18:08:22-debug: // ---- build task Query asset bundle ---- (13ms)
8-2-2026 18:08:22-debug: [Build Memory track]: Query asset bundle start:239.95MB, end 240.09MB, increase: 139.79KB
8-2-2026 18:08:22-log: run build task Query asset bundle success in 13 ms√, progress: 10%
8-2-2026 18:08:22-debug: // ---- build task Sort some build options to settings.json ----
8-2-2026 18:08:22-debug: Sort some build options to settings.json start, progress: 10%
8-2-2026 18:08:22-debug: [Build Memory track]: Sort some build options to settings.json start:240.12MB, end 240.14MB, increase: 26.98KB
8-2-2026 18:08:22-debug: Fill script data to settings start, progress: 12%
8-2-2026 18:08:22-debug: // ---- build task Sort some build options to settings.json ---- (6ms)
8-2-2026 18:08:22-log: run build task Sort some build options to settings.json success in 6 ms√, progress: 12%
8-2-2026 18:08:22-debug: // ---- build task Fill script data to settings ----
8-2-2026 18:08:22-debug: // ---- build task Fill script data to settings ---- (3ms)
8-2-2026 18:08:22-debug: [Build Memory track]: Fill script data to settings start:240.17MB, end 240.20MB, increase: 26.37KB
8-2-2026 18:08:22-debug: Sort some build options to settings.json start, progress: 13%
8-2-2026 18:08:22-log: run build task Fill script data to settings success in 3 ms√, progress: 13%
8-2-2026 18:08:22-debug: // ---- build task Sort some build options to settings.json ----
8-2-2026 18:08:22-log: run build task Sort some build options to settings.json success in 9 ms√, progress: 15%
8-2-2026 18:08:22-debug: [Build Memory track]: Sort some build options to settings.json start:240.23MB, end 240.35MB, increase: 127.00KB
8-2-2026 18:08:22-debug: // ---- build task Sort some build options to settings.json ---- (9ms)
8-2-2026 18:08:39-debug: refresh db internal success
8-2-2026 18:08:39-debug: refresh db assets success
8-2-2026 18:08:39-debug: Run asset db hook engine-extends:afterRefresh ...
8-2-2026 18:08:39-debug: Run asset db hook engine-extends:afterRefresh success!
8-2-2026 18:08:39-debug: asset-db:refresh-all-database (82ms)
8-2-2026 18:08:39-debug: asset-db:worker-effect-data-processing (3ms)
8-2-2026 18:08:39-debug: asset-db-hook-engine-extends-afterRefresh (3ms)
8-2-2026 18:08:45-debug: Query all assets info in project
8-2-2026 18:08:45-debug: init custom config: keepNodeUuid: false, useCache: true
8-2-2026 18:08:45-debug: Skip compress image, progress: 0%
8-2-2026 18:08:45-debug: Init all bundles start..., progress: 0%
8-2-2026 18:08:45-debug: Query asset bundle start, progress: 0%
8-2-2026 18:08:45-debug: Init bundle root assets start..., progress: 0%
8-2-2026 18:08:45-debug: // ---- build task Query asset bundle ----
8-2-2026 18:08:45-debug: Num of bundles: 2..., progress: 0%
8-2-2026 18:08:45-debug: Query preload assets/scripts from cc.config.json: 60f7195c-ec2a-45eb-ba94-8955f60e81d0,1c02ae6f-4492-4915-b8f8-7492a3b1e4cd,810e96e4-e456-4468-9b59-f4e8f39732c0,efe8e2a3-eace-427b-b4f1-cb8a937ec77d,e9aa9a3e-5b2b-4ac7-a2c7-073de2b2b24f,8bbdbcdd-5cd4-4100-b6d5-b7c9625b6107,50f4348b-c883-4e2f-8f11-ce233b859fa1,fda095cb-831d-4601-ad94-846013963de8,f92806d7-1768-443f-afe8-12bcde84d0f0,dd3a144d-ab7f-41f0-82b8-2e43a090d496,f0416e68-0200-4b77-a926-4f9d16e494da,511d2633-09a7-4bdd-ac42-f778032124b3,5d45aa00-e064-4938-b314-4265f0c2258c,9361fd90-ba52-4f84-aa93-6e878fd576ca,970b0598-bcb0-4714-91fb-2e81440dccd8,bcd64cc6-2dd9-43f6-abbe-66318d332032,d930590d-bb92-4cc8-8bd1-23cd027f9edf,a3cd009f-0ab0-420d-9278-b9fdab939bbc,6a2d0734-bd9e-4ddf-946e-caa52498cb75,d9937e59-61fe-4ec6-92ab-7ac5a19c89b0,d1346436-ac96-4271-b863-1f4fdead95b0,971bdb23-3ff6-43eb-b422-1c30165a3663,17debcc3-0a6b-4b8a-b00b-dc58b885581e,711ebe11-f673-4cd9-9a83-63c60ba54c5b,c0143906-9aed-447e-9436-2ae8512d1b6e,14da1725-c4c2-42b4-ab08-ee0aeb6898b3,081cab31-dccd-428e-8652-f2404cc81c47,78e0584a-4343-4727-8f37-e14e65c2a2db,871c3b6c-7379-419d-bda3-794b239ab90d,ff9b0199-ce04-4cfe-86cc-6c719f08d6e4,de1c2107-70c8-4021-8459-6399f24d01c6,cbf30902-517f-40dc-af90-a550bac27cf1,5c601d96-e4c7-4698-991b-7ee674b11079
8-2-2026 18:08:45-debug:   Number of all scripts: 39
8-2-2026 18:08:45-debug:   Number of other assets: 486
8-2-2026 18:08:45-debug: Init bundle root assets success..., progress: 0%
8-2-2026 18:08:45-debug:   Number of all scenes: 3
8-2-2026 18:08:45-log: run build task Query asset bundle success in 12 ms√, progress: 5%
8-2-2026 18:08:45-debug: [Build Memory track]: Query asset bundle start:242.06MB, end 241.32MB, increase: -755.51KB
8-2-2026 18:08:45-debug: Query asset bundle start, progress: 5%
8-2-2026 18:08:45-debug: // ---- build task Query asset bundle ---- (12ms)
8-2-2026 18:08:45-debug: // ---- build task Query asset bundle ----
8-2-2026 18:08:45-debug: // ---- build task Query asset bundle ---- (6ms)
8-2-2026 18:08:45-log: run build task Query asset bundle success in 6 ms√, progress: 10%
8-2-2026 18:08:45-debug: [Build Memory track]: Query asset bundle start:241.35MB, end 241.49MB, increase: 144.93KB
8-2-2026 18:08:45-debug: // ---- build task Sort some build options to settings.json ----
8-2-2026 18:08:45-debug: Sort some build options to settings.json start, progress: 10%
8-2-2026 18:08:45-debug: // ---- build task Sort some build options to settings.json ---- (5ms)
8-2-2026 18:08:45-log: run build task Sort some build options to settings.json success in 5 ms√, progress: 12%
8-2-2026 18:08:45-debug: [Build Memory track]: Sort some build options to settings.json start:241.52MB, end 241.54MB, increase: 26.88KB
8-2-2026 18:08:45-debug: Fill script data to settings start, progress: 12%
8-2-2026 18:08:45-debug: // ---- build task Fill script data to settings ----
8-2-2026 18:08:45-debug: // ---- build task Fill script data to settings ---- (3ms)
8-2-2026 18:08:45-log: run build task Fill script data to settings success in 3 ms√, progress: 13%
8-2-2026 18:08:45-debug: [Build Memory track]: Fill script data to settings start:241.57MB, end 241.60MB, increase: 26.57KB
8-2-2026 18:08:45-debug: Sort some build options to settings.json start, progress: 13%
8-2-2026 18:08:45-debug: // ---- build task Sort some build options to settings.json ----
8-2-2026 18:08:45-log: run build task Sort some build options to settings.json success in 9 ms√, progress: 15%
8-2-2026 18:08:45-debug: // ---- build task Sort some build options to settings.json ---- (9ms)
8-2-2026 18:08:45-debug: [Build Memory track]: Sort some build options to settings.json start:241.63MB, end 241.75MB, increase: 126.88KB
8-2-2026 18:08:58-debug: refresh db internal success
8-2-2026 18:08:58-debug: refresh db assets success
8-2-2026 18:08:58-debug: Run asset db hook engine-extends:afterRefresh ...
8-2-2026 18:08:58-debug: Run asset db hook engine-extends:afterRefresh success!
8-2-2026 18:08:58-debug: asset-db:refresh-all-database (96ms)
8-2-2026 18:08:58-debug: asset-db:worker-effect-data-processing (4ms)
8-2-2026 18:08:58-debug: asset-db-hook-engine-extends-afterRefresh (6ms)
8-2-2026 18:14:34-debug: refresh db internal success
8-2-2026 18:14:34-debug: %cImport%c: F:\Github\BattleGame\assets\scripts\LevelSettings.tsbackground: #aaff85; color: #000;color: #000;
8-2-2026 18:14:34-debug: refresh db assets success
8-2-2026 18:14:34-debug: Run asset db hook engine-extends:afterRefresh success!
8-2-2026 18:14:34-debug: Run asset db hook engine-extends:afterRefresh ...
8-2-2026 18:14:34-debug: asset-db:refresh-all-database (112ms)
8-2-2026 18:14:34-debug: asset-db:worker-effect-data-processing (3ms)
8-2-2026 18:14:34-debug: asset-db-hook-engine-extends-afterRefresh (3ms)
8-2-2026 18:14:36-debug: %cImport%c: F:\Github\BattleGame\assets\Test.scenebackground: #aaff85; color: #000;color: #000;
8-2-2026 18:14:36-debug: asset-db:reimport-asset1effe86e-a401-4769-9dbc-62218c68834d (25ms)
8-2-2026 18:14:37-debug: Query all assets info in project
8-2-2026 18:14:37-debug: init custom config: keepNodeUuid: false, useCache: true
8-2-2026 18:14:37-debug: Skip compress image, progress: 0%
8-2-2026 18:14:37-debug: Init all bundles start..., progress: 0%
8-2-2026 18:14:37-debug: // ---- build task Query asset bundle ----
8-2-2026 18:14:37-debug: Query asset bundle start, progress: 0%
8-2-2026 18:14:37-debug: Num of bundles: 2..., progress: 0%
8-2-2026 18:14:37-debug: Init bundle root assets start..., progress: 0%
8-2-2026 18:14:37-debug: Query preload assets/scripts from cc.config.json: 60f7195c-ec2a-45eb-ba94-8955f60e81d0,1c02ae6f-4492-4915-b8f8-7492a3b1e4cd,810e96e4-e456-4468-9b59-f4e8f39732c0,efe8e2a3-eace-427b-b4f1-cb8a937ec77d,e9aa9a3e-5b2b-4ac7-a2c7-073de2b2b24f,8bbdbcdd-5cd4-4100-b6d5-b7c9625b6107,50f4348b-c883-4e2f-8f11-ce233b859fa1,fda095cb-831d-4601-ad94-846013963de8,f92806d7-1768-443f-afe8-12bcde84d0f0,dd3a144d-ab7f-41f0-82b8-2e43a090d496,f0416e68-0200-4b77-a926-4f9d16e494da,511d2633-09a7-4bdd-ac42-f778032124b3,5d45aa00-e064-4938-b314-4265f0c2258c,9361fd90-ba52-4f84-aa93-6e878fd576ca,970b0598-bcb0-4714-91fb-2e81440dccd8,bcd64cc6-2dd9-43f6-abbe-66318d332032,d930590d-bb92-4cc8-8bd1-23cd027f9edf,a3cd009f-0ab0-420d-9278-b9fdab939bbc,6a2d0734-bd9e-4ddf-946e-caa52498cb75,d9937e59-61fe-4ec6-92ab-7ac5a19c89b0,d1346436-ac96-4271-b863-1f4fdead95b0,971bdb23-3ff6-43eb-b422-1c30165a3663,17debcc3-0a6b-4b8a-b00b-dc58b885581e,711ebe11-f673-4cd9-9a83-63c60ba54c5b,c0143906-9aed-447e-9436-2ae8512d1b6e,14da1725-c4c2-42b4-ab08-ee0aeb6898b3,081cab31-dccd-428e-8652-f2404cc81c47,78e0584a-4343-4727-8f37-e14e65c2a2db,871c3b6c-7379-419d-bda3-794b239ab90d,ff9b0199-ce04-4cfe-86cc-6c719f08d6e4,de1c2107-70c8-4021-8459-6399f24d01c6,cbf30902-517f-40dc-af90-a550bac27cf1,5c601d96-e4c7-4698-991b-7ee674b11079
8-2-2026 18:14:37-debug: Init bundle root assets success..., progress: 0%
8-2-2026 18:14:37-debug:   Number of all scenes: 3
8-2-2026 18:14:37-debug:   Number of all scripts: 39
8-2-2026 18:14:37-debug:   Number of other assets: 486
8-2-2026 18:14:37-debug: // ---- build task Query asset bundle ---- (8ms)
8-2-2026 18:14:37-log: run build task Query asset bundle success in 8 ms√, progress: 5%
8-2-2026 18:14:37-debug: [Build Memory track]: Query asset bundle start:224.29MB, end 224.16MB, increase: -124.50KB
8-2-2026 18:14:37-debug: Query asset bundle start, progress: 5%
8-2-2026 18:14:37-debug: // ---- build task Query asset bundle ----
8-2-2026 18:14:37-debug: // ---- build task Query asset bundle ---- (3ms)
8-2-2026 18:14:37-log: run build task Query asset bundle success in 3 ms√, progress: 10%
8-2-2026 18:14:37-debug: [Build Memory track]: Query asset bundle start:224.19MB, end 224.33MB, increase: 140.48KB
8-2-2026 18:14:37-debug: Sort some build options to settings.json start, progress: 10%
8-2-2026 18:14:37-debug: // ---- build task Sort some build options to settings.json ----
8-2-2026 18:14:37-debug: // ---- build task Sort some build options to settings.json ---- (2ms)
8-2-2026 18:14:37-log: run build task Sort some build options to settings.json success in 2 ms√, progress: 12%
8-2-2026 18:14:37-debug: [Build Memory track]: Sort some build options to settings.json start:224.36MB, end 224.39MB, increase: 27.00KB
8-2-2026 18:14:37-debug: Fill script data to settings start, progress: 12%
8-2-2026 18:14:37-debug: // ---- build task Fill script data to settings ----
8-2-2026 18:14:37-debug: [Build Memory track]: Fill script data to settings start:224.42MB, end 224.43MB, increase: 17.21KB
8-2-2026 18:14:37-log: run build task Fill script data to settings success in √, progress: 13%
8-2-2026 18:14:37-debug: Sort some build options to settings.json start, progress: 13%
8-2-2026 18:14:37-debug: // ---- build task Sort some build options to settings.json ----
8-2-2026 18:14:37-debug: // ---- build task Sort some build options to settings.json ---- (8ms)
8-2-2026 18:14:37-log: run build task Sort some build options to settings.json success in 8 ms√, progress: 15%
8-2-2026 18:14:37-debug: [Build Memory track]: Sort some build options to settings.json start:224.46MB, end 224.59MB, increase: 130.41KB
8-2-2026 18:14:44-debug: Query all assets info in project
8-2-2026 18:14:44-debug: init custom config: keepNodeUuid: false, useCache: true
8-2-2026 18:14:44-debug: Skip compress image, progress: 0%
8-2-2026 18:14:44-debug: Init all bundles start..., progress: 0%
8-2-2026 18:14:44-debug: Query asset bundle start, progress: 0%
8-2-2026 18:14:44-debug: Num of bundles: 2..., progress: 0%
8-2-2026 18:14:44-debug: // ---- build task Query asset bundle ----
8-2-2026 18:14:44-debug: Init bundle root assets start..., progress: 0%
8-2-2026 18:14:44-debug: Query preload assets/scripts from cc.config.json: 60f7195c-ec2a-45eb-ba94-8955f60e81d0,1c02ae6f-4492-4915-b8f8-7492a3b1e4cd,810e96e4-e456-4468-9b59-f4e8f39732c0,efe8e2a3-eace-427b-b4f1-cb8a937ec77d,e9aa9a3e-5b2b-4ac7-a2c7-073de2b2b24f,8bbdbcdd-5cd4-4100-b6d5-b7c9625b6107,50f4348b-c883-4e2f-8f11-ce233b859fa1,fda095cb-831d-4601-ad94-846013963de8,f92806d7-1768-443f-afe8-12bcde84d0f0,dd3a144d-ab7f-41f0-82b8-2e43a090d496,f0416e68-0200-4b77-a926-4f9d16e494da,511d2633-09a7-4bdd-ac42-f778032124b3,5d45aa00-e064-4938-b314-4265f0c2258c,9361fd90-ba52-4f84-aa93-6e878fd576ca,970b0598-bcb0-4714-91fb-2e81440dccd8,bcd64cc6-2dd9-43f6-abbe-66318d332032,d930590d-bb92-4cc8-8bd1-23cd027f9edf,a3cd009f-0ab0-420d-9278-b9fdab939bbc,6a2d0734-bd9e-4ddf-946e-caa52498cb75,d9937e59-61fe-4ec6-92ab-7ac5a19c89b0,d1346436-ac96-4271-b863-1f4fdead95b0,971bdb23-3ff6-43eb-b422-1c30165a3663,17debcc3-0a6b-4b8a-b00b-dc58b885581e,711ebe11-f673-4cd9-9a83-63c60ba54c5b,c0143906-9aed-447e-9436-2ae8512d1b6e,14da1725-c4c2-42b4-ab08-ee0aeb6898b3,081cab31-dccd-428e-8652-f2404cc81c47,78e0584a-4343-4727-8f37-e14e65c2a2db,871c3b6c-7379-419d-bda3-794b239ab90d,ff9b0199-ce04-4cfe-86cc-6c719f08d6e4,de1c2107-70c8-4021-8459-6399f24d01c6,cbf30902-517f-40dc-af90-a550bac27cf1,5c601d96-e4c7-4698-991b-7ee674b11079
8-2-2026 18:14:44-debug:   Number of all scenes: 3
8-2-2026 18:14:44-debug: Init bundle root assets success..., progress: 0%
8-2-2026 18:14:44-debug:   Number of other assets: 486
8-2-2026 18:14:44-debug:   Number of all scripts: 39
8-2-2026 18:14:44-debug: // ---- build task Query asset bundle ---- (12ms)
8-2-2026 18:14:44-log: run build task Query asset bundle success in 12 ms√, progress: 5%
8-2-2026 18:14:44-debug: [Build Memory track]: Query asset bundle start:224.35MB, end 224.27MB, increase: -85.52KB
8-2-2026 18:14:44-debug: // ---- build task Query asset bundle ----
8-2-2026 18:14:44-debug: Query asset bundle start, progress: 5%
8-2-2026 18:14:44-debug: // ---- build task Query asset bundle ---- (7ms)
8-2-2026 18:14:44-debug: [Build Memory track]: Query asset bundle start:224.29MB, end 224.43MB, increase: 140.52KB
8-2-2026 18:14:44-log: run build task Query asset bundle success in 7 ms√, progress: 10%
8-2-2026 18:14:44-debug: Sort some build options to settings.json start, progress: 10%
8-2-2026 18:14:44-debug: // ---- build task Sort some build options to settings.json ----
8-2-2026 18:14:44-debug: // ---- build task Sort some build options to settings.json ---- (1ms)
8-2-2026 18:14:44-log: run build task Sort some build options to settings.json success in 1 ms√, progress: 12%
8-2-2026 18:14:44-debug: [Build Memory track]: Sort some build options to settings.json start:224.46MB, end 224.49MB, increase: 28.64KB
8-2-2026 18:14:44-debug: Fill script data to settings start, progress: 12%
8-2-2026 18:14:44-debug: // ---- build task Fill script data to settings ----
8-2-2026 18:14:44-debug: // ---- build task Fill script data to settings ---- (2ms)
8-2-2026 18:14:44-log: run build task Fill script data to settings success in 2 ms√, progress: 13%
8-2-2026 18:14:44-debug: [Build Memory track]: Fill script data to settings start:224.52MB, end 224.54MB, increase: 26.68KB
8-2-2026 18:14:44-debug: Sort some build options to settings.json start, progress: 13%
8-2-2026 18:14:44-debug: // ---- build task Sort some build options to settings.json ----
8-2-2026 18:14:44-debug: // ---- build task Sort some build options to settings.json ---- (9ms)
8-2-2026 18:14:44-debug: [Build Memory track]: Sort some build options to settings.json start:224.57MB, end 224.69MB, increase: 127.34KB
8-2-2026 18:14:44-log: run build task Sort some build options to settings.json success in 9 ms√, progress: 15%
8-2-2026 18:14:50-debug: refresh db internal success
8-2-2026 18:14:50-debug: refresh db assets success
8-2-2026 18:14:50-debug: Run asset db hook engine-extends:afterRefresh success!
8-2-2026 18:14:50-debug: Run asset db hook engine-extends:afterRefresh ...
8-2-2026 18:14:50-debug: asset-db:refresh-all-database (134ms)
8-2-2026 18:14:50-debug: asset-db:worker-effect-data-processing (25ms)
8-2-2026 18:14:50-debug: asset-db-hook-engine-extends-afterRefresh (25ms)
8-2-2026 18:14:53-debug: %cImport%c: F:\Github\BattleGame\assets\Test.scenebackground: #aaff85; color: #000;color: #000;
8-2-2026 18:14:53-debug: asset-db:reimport-asset1effe86e-a401-4769-9dbc-62218c68834d (35ms)
8-2-2026 18:14:55-debug: Query all assets info in project
8-2-2026 18:14:55-debug: init custom config: keepNodeUuid: false, useCache: true
8-2-2026 18:14:55-debug: Skip compress image, progress: 0%
8-2-2026 18:14:55-debug: Init all bundles start..., progress: 0%
8-2-2026 18:14:55-debug: Query asset bundle start, progress: 0%
8-2-2026 18:14:55-debug: // ---- build task Query asset bundle ----
8-2-2026 18:14:55-debug: Init bundle root assets start..., progress: 0%
8-2-2026 18:14:55-debug: Num of bundles: 2..., progress: 0%
8-2-2026 18:14:55-debug: Query preload assets/scripts from cc.config.json: 60f7195c-ec2a-45eb-ba94-8955f60e81d0,1c02ae6f-4492-4915-b8f8-7492a3b1e4cd,810e96e4-e456-4468-9b59-f4e8f39732c0,efe8e2a3-eace-427b-b4f1-cb8a937ec77d,e9aa9a3e-5b2b-4ac7-a2c7-073de2b2b24f,8bbdbcdd-5cd4-4100-b6d5-b7c9625b6107,50f4348b-c883-4e2f-8f11-ce233b859fa1,fda095cb-831d-4601-ad94-846013963de8,f92806d7-1768-443f-afe8-12bcde84d0f0,dd3a144d-ab7f-41f0-82b8-2e43a090d496,f0416e68-0200-4b77-a926-4f9d16e494da,511d2633-09a7-4bdd-ac42-f778032124b3,5d45aa00-e064-4938-b314-4265f0c2258c,9361fd90-ba52-4f84-aa93-6e878fd576ca,970b0598-bcb0-4714-91fb-2e81440dccd8,bcd64cc6-2dd9-43f6-abbe-66318d332032,d930590d-bb92-4cc8-8bd1-23cd027f9edf,a3cd009f-0ab0-420d-9278-b9fdab939bbc,6a2d0734-bd9e-4ddf-946e-caa52498cb75,d9937e59-61fe-4ec6-92ab-7ac5a19c89b0,d1346436-ac96-4271-b863-1f4fdead95b0,971bdb23-3ff6-43eb-b422-1c30165a3663,17debcc3-0a6b-4b8a-b00b-dc58b885581e,711ebe11-f673-4cd9-9a83-63c60ba54c5b,c0143906-9aed-447e-9436-2ae8512d1b6e,14da1725-c4c2-42b4-ab08-ee0aeb6898b3,081cab31-dccd-428e-8652-f2404cc81c47,78e0584a-4343-4727-8f37-e14e65c2a2db,871c3b6c-7379-419d-bda3-794b239ab90d,ff9b0199-ce04-4cfe-86cc-6c719f08d6e4,de1c2107-70c8-4021-8459-6399f24d01c6,cbf30902-517f-40dc-af90-a550bac27cf1,5c601d96-e4c7-4698-991b-7ee674b11079
8-2-2026 18:14:55-debug:   Number of all scripts: 39
8-2-2026 18:14:55-debug:   Number of other assets: 486
8-2-2026 18:14:55-debug: Init bundle root assets success..., progress: 0%
8-2-2026 18:14:55-debug:   Number of all scenes: 3
8-2-2026 18:14:55-debug: // ---- build task Query asset bundle ---- (9ms)
8-2-2026 18:14:55-log: run build task Query asset bundle success in 9 ms√, progress: 5%
8-2-2026 18:14:55-debug: [Build Memory track]: Query asset bundle start:226.28MB, end 226.99MB, increase: 721.63KB
8-2-2026 18:14:55-debug: Query asset bundle start, progress: 5%
8-2-2026 18:14:55-debug: // ---- build task Query asset bundle ----
8-2-2026 18:14:55-debug: // ---- build task Query asset bundle ---- (11ms)
8-2-2026 18:14:55-log: run build task Query asset bundle success in 11 ms√, progress: 10%
8-2-2026 18:14:55-debug: [Build Memory track]: Query asset bundle start:227.01MB, end 227.15MB, increase: 139.66KB
8-2-2026 18:14:55-debug: Sort some build options to settings.json start, progress: 10%
8-2-2026 18:14:55-debug: // ---- build task Sort some build options to settings.json ----
8-2-2026 18:14:55-debug: // ---- build task Sort some build options to settings.json ---- (3ms)
8-2-2026 18:14:55-log: run build task Sort some build options to settings.json success in 3 ms√, progress: 12%
8-2-2026 18:14:55-debug: // ---- build task Fill script data to settings ----
8-2-2026 18:14:55-debug: Fill script data to settings start, progress: 12%
8-2-2026 18:14:55-debug: [Build Memory track]: Sort some build options to settings.json start:227.18MB, end 225.66MB, increase: -1551.44KB
8-2-2026 18:14:55-debug: // ---- build task Fill script data to settings ---- (2ms)
8-2-2026 18:14:55-log: run build task Fill script data to settings success in 2 ms√, progress: 13%
8-2-2026 18:14:55-debug: [Build Memory track]: Fill script data to settings start:225.69MB, end 225.72MB, increase: 26.27KB
8-2-2026 18:14:55-debug: Sort some build options to settings.json start, progress: 13%
8-2-2026 18:14:55-debug: // ---- build task Sort some build options to settings.json ----
8-2-2026 18:14:55-debug: // ---- build task Sort some build options to settings.json ---- (7ms)
8-2-2026 18:14:55-log: run build task Sort some build options to settings.json success in 7 ms√, progress: 15%
8-2-2026 18:14:55-debug: [Build Memory track]: Sort some build options to settings.json start:225.75MB, end 225.87MB, increase: 128.52KB
8-2-2026 18:17:16-debug: Query all assets info in project
8-2-2026 18:17:16-debug: init custom config: keepNodeUuid: false, useCache: true
8-2-2026 18:17:16-debug: Skip compress image, progress: 0%
8-2-2026 18:17:16-debug: Init all bundles start..., progress: 0%
8-2-2026 18:17:16-debug: // ---- build task Query asset bundle ----
8-2-2026 18:17:16-debug: Query asset bundle start, progress: 0%
8-2-2026 18:17:16-debug: Num of bundles: 2..., progress: 0%
8-2-2026 18:17:16-debug: Init bundle root assets start..., progress: 0%
8-2-2026 18:17:16-debug: Query preload assets/scripts from cc.config.json: 60f7195c-ec2a-45eb-ba94-8955f60e81d0,1c02ae6f-4492-4915-b8f8-7492a3b1e4cd,810e96e4-e456-4468-9b59-f4e8f39732c0,efe8e2a3-eace-427b-b4f1-cb8a937ec77d,e9aa9a3e-5b2b-4ac7-a2c7-073de2b2b24f,8bbdbcdd-5cd4-4100-b6d5-b7c9625b6107,50f4348b-c883-4e2f-8f11-ce233b859fa1,fda095cb-831d-4601-ad94-846013963de8,f92806d7-1768-443f-afe8-12bcde84d0f0,dd3a144d-ab7f-41f0-82b8-2e43a090d496,f0416e68-0200-4b77-a926-4f9d16e494da,511d2633-09a7-4bdd-ac42-f778032124b3,5d45aa00-e064-4938-b314-4265f0c2258c,9361fd90-ba52-4f84-aa93-6e878fd576ca,970b0598-bcb0-4714-91fb-2e81440dccd8,bcd64cc6-2dd9-43f6-abbe-66318d332032,d930590d-bb92-4cc8-8bd1-23cd027f9edf,a3cd009f-0ab0-420d-9278-b9fdab939bbc,6a2d0734-bd9e-4ddf-946e-caa52498cb75,d9937e59-61fe-4ec6-92ab-7ac5a19c89b0,d1346436-ac96-4271-b863-1f4fdead95b0,971bdb23-3ff6-43eb-b422-1c30165a3663,17debcc3-0a6b-4b8a-b00b-dc58b885581e,711ebe11-f673-4cd9-9a83-63c60ba54c5b,c0143906-9aed-447e-9436-2ae8512d1b6e,14da1725-c4c2-42b4-ab08-ee0aeb6898b3,081cab31-dccd-428e-8652-f2404cc81c47,78e0584a-4343-4727-8f37-e14e65c2a2db,871c3b6c-7379-419d-bda3-794b239ab90d,ff9b0199-ce04-4cfe-86cc-6c719f08d6e4,de1c2107-70c8-4021-8459-6399f24d01c6,cbf30902-517f-40dc-af90-a550bac27cf1,5c601d96-e4c7-4698-991b-7ee674b11079
8-2-2026 18:17:16-debug:   Number of all scenes: 3
8-2-2026 18:17:16-debug:   Number of all scripts: 39
8-2-2026 18:17:16-debug: Init bundle root assets success..., progress: 0%
8-2-2026 18:17:16-debug:   Number of other assets: 486
8-2-2026 18:17:16-debug: // ---- build task Query asset bundle ---- (17ms)
8-2-2026 18:17:16-log: run build task Query asset bundle success in 17 ms√, progress: 5%
8-2-2026 18:17:16-debug: [Build Memory track]: Query asset bundle start:226.31MB, end 227.02MB, increase: 722.04KB
8-2-2026 18:17:16-debug: Query asset bundle start, progress: 5%
8-2-2026 18:17:16-debug: // ---- build task Query asset bundle ----
8-2-2026 18:17:16-debug: // ---- build task Query asset bundle ---- (11ms)
8-2-2026 18:17:16-debug: [Build Memory track]: Query asset bundle start:227.05MB, end 225.69MB, increase: -1383.82KB
8-2-2026 18:17:16-debug: Sort some build options to settings.json start, progress: 10%
8-2-2026 18:17:16-log: run build task Query asset bundle success in 11 ms√, progress: 10%
8-2-2026 18:17:16-debug: // ---- build task Sort some build options to settings.json ----
8-2-2026 18:17:16-log: run build task Sort some build options to settings.json success in 2 ms√, progress: 12%
8-2-2026 18:17:16-debug: [Build Memory track]: Sort some build options to settings.json start:225.72MB, end 225.75MB, increase: 26.88KB
8-2-2026 18:17:16-debug: Fill script data to settings start, progress: 12%
8-2-2026 18:17:16-debug: // ---- build task Sort some build options to settings.json ---- (2ms)
8-2-2026 18:17:16-debug: // ---- build task Fill script data to settings ----
8-2-2026 18:17:16-debug: [Build Memory track]: Fill script data to settings start:225.78MB, end 225.80MB, increase: 26.19KB
8-2-2026 18:17:16-debug: Sort some build options to settings.json start, progress: 13%
8-2-2026 18:17:16-log: run build task Fill script data to settings success in 4 ms√, progress: 13%
8-2-2026 18:17:16-debug: // ---- build task Sort some build options to settings.json ----
8-2-2026 18:17:16-debug: // ---- build task Fill script data to settings ---- (4ms)
8-2-2026 18:17:16-debug: // ---- build task Sort some build options to settings.json ---- (16ms)
8-2-2026 18:17:16-log: run build task Sort some build options to settings.json success in 16 ms√, progress: 15%
8-2-2026 18:17:16-debug: [Build Memory track]: Sort some build options to settings.json start:225.83MB, end 225.96MB, increase: 135.00KB
8-2-2026 18:17:19-debug: refresh db internal success
8-2-2026 18:17:19-debug: refresh db assets success
8-2-2026 18:17:19-debug: Run asset db hook engine-extends:afterRefresh ...
8-2-2026 18:17:19-debug: Run asset db hook engine-extends:afterRefresh success!
8-2-2026 18:17:19-debug: asset-db:refresh-all-database (110ms)
8-2-2026 18:17:19-debug: asset-db-hook-engine-extends-afterRefresh (6ms)
8-2-2026 18:17:19-debug: asset-db:worker-effect-data-processing (5ms)
8-2-2026 18:17:23-debug: %cImport%c: F:\Github\BattleGame\assets\Test.scenebackground: #aaff85; color: #000;color: #000;
8-2-2026 18:17:23-debug: asset-db:reimport-asset1effe86e-a401-4769-9dbc-62218c68834d (38ms)
8-2-2026 18:17:23-debug: Query all assets info in project
8-2-2026 18:17:23-debug: init custom config: keepNodeUuid: false, useCache: true
8-2-2026 18:17:23-debug: Skip compress image, progress: 0%
8-2-2026 18:17:23-debug: Init all bundles start..., progress: 0%
8-2-2026 18:17:23-debug: Num of bundles: 2..., progress: 0%
8-2-2026 18:17:23-debug: Init bundle root assets start..., progress: 0%
8-2-2026 18:17:23-debug: Query asset bundle start, progress: 0%
8-2-2026 18:17:23-debug: // ---- build task Query asset bundle ----
8-2-2026 18:17:23-debug: Query preload assets/scripts from cc.config.json: 60f7195c-ec2a-45eb-ba94-8955f60e81d0,1c02ae6f-4492-4915-b8f8-7492a3b1e4cd,810e96e4-e456-4468-9b59-f4e8f39732c0,efe8e2a3-eace-427b-b4f1-cb8a937ec77d,e9aa9a3e-5b2b-4ac7-a2c7-073de2b2b24f,8bbdbcdd-5cd4-4100-b6d5-b7c9625b6107,50f4348b-c883-4e2f-8f11-ce233b859fa1,fda095cb-831d-4601-ad94-846013963de8,f92806d7-1768-443f-afe8-12bcde84d0f0,dd3a144d-ab7f-41f0-82b8-2e43a090d496,f0416e68-0200-4b77-a926-4f9d16e494da,511d2633-09a7-4bdd-ac42-f778032124b3,5d45aa00-e064-4938-b314-4265f0c2258c,9361fd90-ba52-4f84-aa93-6e878fd576ca,970b0598-bcb0-4714-91fb-2e81440dccd8,bcd64cc6-2dd9-43f6-abbe-66318d332032,d930590d-bb92-4cc8-8bd1-23cd027f9edf,a3cd009f-0ab0-420d-9278-b9fdab939bbc,6a2d0734-bd9e-4ddf-946e-caa52498cb75,d9937e59-61fe-4ec6-92ab-7ac5a19c89b0,d1346436-ac96-4271-b863-1f4fdead95b0,971bdb23-3ff6-43eb-b422-1c30165a3663,17debcc3-0a6b-4b8a-b00b-dc58b885581e,711ebe11-f673-4cd9-9a83-63c60ba54c5b,c0143906-9aed-447e-9436-2ae8512d1b6e,14da1725-c4c2-42b4-ab08-ee0aeb6898b3,081cab31-dccd-428e-8652-f2404cc81c47,78e0584a-4343-4727-8f37-e14e65c2a2db,871c3b6c-7379-419d-bda3-794b239ab90d,ff9b0199-ce04-4cfe-86cc-6c719f08d6e4,de1c2107-70c8-4021-8459-6399f24d01c6,cbf30902-517f-40dc-af90-a550bac27cf1,5c601d96-e4c7-4698-991b-7ee674b11079
8-2-2026 18:17:23-debug: Init bundle root assets success..., progress: 0%
8-2-2026 18:17:23-debug:   Number of all scenes: 3
8-2-2026 18:17:23-debug:   Number of all scripts: 39
8-2-2026 18:17:23-debug:   Number of other assets: 486
8-2-2026 18:17:23-debug: // ---- build task Query asset bundle ---- (14ms)
8-2-2026 18:17:23-debug: [Build Memory track]: Query asset bundle start:227.72MB, end 227.55MB, increase: -171.52KB
8-2-2026 18:17:23-log: run build task Query asset bundle success in 14 ms√, progress: 5%
8-2-2026 18:17:23-debug: // ---- build task Query asset bundle ----
8-2-2026 18:17:23-debug: Query asset bundle start, progress: 5%
8-2-2026 18:17:23-debug: // ---- build task Query asset bundle ---- (5ms)
8-2-2026 18:17:23-debug: [Build Memory track]: Query asset bundle start:227.58MB, end 226.92MB, increase: -674.91KB
8-2-2026 18:17:23-log: run build task Query asset bundle success in 5 ms√, progress: 10%
8-2-2026 18:17:23-debug: Sort some build options to settings.json start, progress: 10%
8-2-2026 18:17:23-debug: // ---- build task Sort some build options to settings.json ----
8-2-2026 18:17:23-debug: // ---- build task Sort some build options to settings.json ---- (1ms)
8-2-2026 18:17:23-debug: Fill script data to settings start, progress: 12%
8-2-2026 18:17:23-debug: // ---- build task Fill script data to settings ----
8-2-2026 18:17:23-log: run build task Sort some build options to settings.json success in 1 ms√, progress: 12%
8-2-2026 18:17:23-debug: [Build Memory track]: Sort some build options to settings.json start:226.95MB, end 226.97MB, increase: 26.73KB
8-2-2026 18:17:23-log: run build task Fill script data to settings success in √, progress: 13%
8-2-2026 18:17:23-debug: Sort some build options to settings.json start, progress: 13%
8-2-2026 18:17:23-debug: [Build Memory track]: Fill script data to settings start:227.00MB, end 227.02MB, increase: 16.25KB
8-2-2026 18:17:23-debug: // ---- build task Sort some build options to settings.json ----
8-2-2026 18:17:23-debug: // ---- build task Sort some build options to settings.json ---- (12ms)
8-2-2026 18:17:23-log: run build task Sort some build options to settings.json success in 12 ms√, progress: 15%
8-2-2026 18:17:23-debug: [Build Memory track]: Sort some build options to settings.json start:227.04MB, end 227.20MB, increase: 163.17KB
8-2-2026 18:17:33-debug: refresh db internal success
8-2-2026 18:17:33-debug: refresh db assets success
8-2-2026 18:17:33-debug: Run asset db hook engine-extends:afterRefresh ...
8-2-2026 18:17:33-debug: Run asset db hook engine-extends:afterRefresh success!
8-2-2026 18:17:33-debug: asset-db:refresh-all-database (80ms)
8-2-2026 18:17:33-debug: asset-db:worker-effect-data-processing (6ms)
8-2-2026 18:17:33-debug: asset-db-hook-engine-extends-afterRefresh (6ms)
8-2-2026 18:17:35-debug: Query all assets info in project
8-2-2026 18:17:35-debug: init custom config: keepNodeUuid: false, useCache: true
8-2-2026 18:17:35-debug: Skip compress image, progress: 0%
8-2-2026 18:17:35-debug: Num of bundles: 2..., progress: 0%
8-2-2026 18:17:35-debug: Query asset bundle start, progress: 0%
8-2-2026 18:17:35-debug: // ---- build task Query asset bundle ----
8-2-2026 18:17:35-debug: Init all bundles start..., progress: 0%
8-2-2026 18:17:35-debug: Init bundle root assets start..., progress: 0%
8-2-2026 18:17:35-debug: Query preload assets/scripts from cc.config.json: 60f7195c-ec2a-45eb-ba94-8955f60e81d0,1c02ae6f-4492-4915-b8f8-7492a3b1e4cd,810e96e4-e456-4468-9b59-f4e8f39732c0,efe8e2a3-eace-427b-b4f1-cb8a937ec77d,e9aa9a3e-5b2b-4ac7-a2c7-073de2b2b24f,8bbdbcdd-5cd4-4100-b6d5-b7c9625b6107,50f4348b-c883-4e2f-8f11-ce233b859fa1,fda095cb-831d-4601-ad94-846013963de8,f92806d7-1768-443f-afe8-12bcde84d0f0,dd3a144d-ab7f-41f0-82b8-2e43a090d496,f0416e68-0200-4b77-a926-4f9d16e494da,511d2633-09a7-4bdd-ac42-f778032124b3,5d45aa00-e064-4938-b314-4265f0c2258c,9361fd90-ba52-4f84-aa93-6e878fd576ca,970b0598-bcb0-4714-91fb-2e81440dccd8,bcd64cc6-2dd9-43f6-abbe-66318d332032,d930590d-bb92-4cc8-8bd1-23cd027f9edf,a3cd009f-0ab0-420d-9278-b9fdab939bbc,6a2d0734-bd9e-4ddf-946e-caa52498cb75,d9937e59-61fe-4ec6-92ab-7ac5a19c89b0,d1346436-ac96-4271-b863-1f4fdead95b0,971bdb23-3ff6-43eb-b422-1c30165a3663,17debcc3-0a6b-4b8a-b00b-dc58b885581e,711ebe11-f673-4cd9-9a83-63c60ba54c5b,c0143906-9aed-447e-9436-2ae8512d1b6e,14da1725-c4c2-42b4-ab08-ee0aeb6898b3,081cab31-dccd-428e-8652-f2404cc81c47,78e0584a-4343-4727-8f37-e14e65c2a2db,871c3b6c-7379-419d-bda3-794b239ab90d,ff9b0199-ce04-4cfe-86cc-6c719f08d6e4,de1c2107-70c8-4021-8459-6399f24d01c6,cbf30902-517f-40dc-af90-a550bac27cf1,5c601d96-e4c7-4698-991b-7ee674b11079
8-2-2026 18:17:35-debug:   Number of all scenes: 3
8-2-2026 18:17:35-debug:   Number of all scripts: 39
8-2-2026 18:17:35-debug:   Number of other assets: 486
8-2-2026 18:17:35-debug: Init bundle root assets success..., progress: 0%
8-2-2026 18:17:35-debug: // ---- build task Query asset bundle ---- (15ms)
8-2-2026 18:17:35-log: run build task Query asset bundle success in 15 ms√, progress: 5%
8-2-2026 18:17:35-debug: [Build Memory track]: Query asset bundle start:228.46MB, end 228.24MB, increase: -224.67KB
8-2-2026 18:17:35-debug: Query asset bundle start, progress: 5%
8-2-2026 18:17:35-debug: // ---- build task Query asset bundle ----
8-2-2026 18:17:35-debug: // ---- build task Query asset bundle ---- (7ms)
8-2-2026 18:17:35-debug: [Build Memory track]: Query asset bundle start:228.26MB, end 228.40MB, increase: 139.43KB
8-2-2026 18:17:35-log: run build task Query asset bundle success in 7 ms√, progress: 10%
8-2-2026 18:17:35-debug: Sort some build options to settings.json start, progress: 10%
8-2-2026 18:17:35-debug: // ---- build task Sort some build options to settings.json ----
8-2-2026 18:17:35-debug: // ---- build task Sort some build options to settings.json ---- (2ms)
8-2-2026 18:17:35-debug: [Build Memory track]: Sort some build options to settings.json start:228.43MB, end 228.45MB, increase: 27.47KB
8-2-2026 18:17:35-debug: Fill script data to settings start, progress: 12%
8-2-2026 18:17:35-debug: // ---- build task Fill script data to settings ----
8-2-2026 18:17:35-log: run build task Sort some build options to settings.json success in 2 ms√, progress: 12%
8-2-2026 18:17:35-debug: // ---- build task Fill script data to settings ---- (1ms)
8-2-2026 18:17:35-log: run build task Fill script data to settings success in 1 ms√, progress: 13%
8-2-2026 18:17:35-debug: // ---- build task Sort some build options to settings.json ----
8-2-2026 18:17:35-debug: [Build Memory track]: Fill script data to settings start:228.48MB, end 228.51MB, increase: 26.14KB
8-2-2026 18:17:35-debug: Sort some build options to settings.json start, progress: 13%
8-2-2026 18:17:35-debug: // ---- build task Sort some build options to settings.json ---- (9ms)
8-2-2026 18:17:35-log: run build task Sort some build options to settings.json success in 9 ms√, progress: 15%
8-2-2026 18:17:35-debug: [Build Memory track]: Sort some build options to settings.json start:228.54MB, end 228.66MB, increase: 126.15KB
8-2-2026 18:17:42-debug: refresh db internal success
8-2-2026 18:17:42-debug: refresh db assets success
8-2-2026 18:17:42-debug: Run asset db hook engine-extends:afterRefresh success!
8-2-2026 18:17:42-debug: Run asset db hook engine-extends:afterRefresh ...
8-2-2026 18:17:42-debug: asset-db:refresh-all-database (94ms)
8-2-2026 18:17:42-debug: asset-db-hook-engine-extends-afterRefresh (1ms)
8-2-2026 18:17:42-debug: asset-db:worker-effect-data-processing (1ms)
8-2-2026 18:17:58-debug: refresh db internal success
8-2-2026 18:17:58-debug: refresh db assets success
8-2-2026 18:17:58-debug: Run asset db hook engine-extends:afterRefresh ...
8-2-2026 18:17:58-debug: Run asset db hook engine-extends:afterRefresh success!
8-2-2026 18:17:58-debug: asset-db:worker-effect-data-processing (4ms)
8-2-2026 18:17:58-debug: asset-db:refresh-all-database (97ms)
8-2-2026 18:17:58-debug: asset-db-hook-engine-extends-afterRefresh (5ms)
8-2-2026 18:18:01-debug: Query all assets info in project
8-2-2026 18:18:01-debug: init custom config: keepNodeUuid: false, useCache: true
8-2-2026 18:18:01-debug: Skip compress image, progress: 0%
8-2-2026 18:18:01-debug: Init all bundles start..., progress: 0%
8-2-2026 18:18:01-debug: Query asset bundle start, progress: 0%
8-2-2026 18:18:01-debug: // ---- build task Query asset bundle ----
8-2-2026 18:18:01-debug: Num of bundles: 2..., progress: 0%
8-2-2026 18:18:01-debug: Init bundle root assets start..., progress: 0%
8-2-2026 18:18:01-debug:   Number of all scenes: 3
8-2-2026 18:18:01-debug: Query preload assets/scripts from cc.config.json: 60f7195c-ec2a-45eb-ba94-8955f60e81d0,1c02ae6f-4492-4915-b8f8-7492a3b1e4cd,810e96e4-e456-4468-9b59-f4e8f39732c0,efe8e2a3-eace-427b-b4f1-cb8a937ec77d,e9aa9a3e-5b2b-4ac7-a2c7-073de2b2b24f,8bbdbcdd-5cd4-4100-b6d5-b7c9625b6107,50f4348b-c883-4e2f-8f11-ce233b859fa1,fda095cb-831d-4601-ad94-846013963de8,f92806d7-1768-443f-afe8-12bcde84d0f0,dd3a144d-ab7f-41f0-82b8-2e43a090d496,f0416e68-0200-4b77-a926-4f9d16e494da,511d2633-09a7-4bdd-ac42-f778032124b3,5d45aa00-e064-4938-b314-4265f0c2258c,9361fd90-ba52-4f84-aa93-6e878fd576ca,970b0598-bcb0-4714-91fb-2e81440dccd8,bcd64cc6-2dd9-43f6-abbe-66318d332032,d930590d-bb92-4cc8-8bd1-23cd027f9edf,a3cd009f-0ab0-420d-9278-b9fdab939bbc,6a2d0734-bd9e-4ddf-946e-caa52498cb75,d9937e59-61fe-4ec6-92ab-7ac5a19c89b0,d1346436-ac96-4271-b863-1f4fdead95b0,971bdb23-3ff6-43eb-b422-1c30165a3663,17debcc3-0a6b-4b8a-b00b-dc58b885581e,711ebe11-f673-4cd9-9a83-63c60ba54c5b,c0143906-9aed-447e-9436-2ae8512d1b6e,14da1725-c4c2-42b4-ab08-ee0aeb6898b3,081cab31-dccd-428e-8652-f2404cc81c47,78e0584a-4343-4727-8f37-e14e65c2a2db,871c3b6c-7379-419d-bda3-794b239ab90d,ff9b0199-ce04-4cfe-86cc-6c719f08d6e4,de1c2107-70c8-4021-8459-6399f24d01c6,cbf30902-517f-40dc-af90-a550bac27cf1,5c601d96-e4c7-4698-991b-7ee674b11079
8-2-2026 18:18:01-debug:   Number of all scripts: 39
8-2-2026 18:18:01-debug:   Number of other assets: 486
8-2-2026 18:18:01-debug: Init bundle root assets success..., progress: 0%
8-2-2026 18:18:01-debug: // ---- build task Query asset bundle ---- (17ms)
8-2-2026 18:18:01-log: run build task Query asset bundle success in 17 ms√, progress: 5%
8-2-2026 18:18:01-debug: [Build Memory track]: Query asset bundle start:231.12MB, end 230.91MB, increase: -221.30KB
8-2-2026 18:18:01-debug: // ---- build task Query asset bundle ----
8-2-2026 18:18:01-debug: Query asset bundle start, progress: 5%
8-2-2026 18:18:01-log: run build task Query asset bundle success in 8 ms√, progress: 10%
8-2-2026 18:18:01-debug: [Build Memory track]: Query asset bundle start:230.94MB, end 231.07MB, increase: 139.39KB
8-2-2026 18:18:01-debug: // ---- build task Query asset bundle ---- (8ms)
8-2-2026 18:18:01-debug: Sort some build options to settings.json start, progress: 10%
8-2-2026 18:18:01-debug: // ---- build task Sort some build options to settings.json ----
8-2-2026 18:18:01-debug: // ---- build task Sort some build options to settings.json ---- (3ms)
8-2-2026 18:18:01-log: run build task Sort some build options to settings.json success in 3 ms√, progress: 12%
8-2-2026 18:18:01-debug: [Build Memory track]: Sort some build options to settings.json start:231.10MB, end 231.13MB, increase: 27.34KB
8-2-2026 18:18:01-debug: Fill script data to settings start, progress: 12%
8-2-2026 18:18:01-debug: // ---- build task Fill script data to settings ----
8-2-2026 18:18:01-debug: // ---- build task Fill script data to settings ---- (3ms)
8-2-2026 18:18:01-log: run build task Fill script data to settings success in 3 ms√, progress: 13%
8-2-2026 18:18:01-debug: [Build Memory track]: Fill script data to settings start:231.15MB, end 231.18MB, increase: 26.09KB
8-2-2026 18:18:01-debug: // ---- build task Sort some build options to settings.json ----
8-2-2026 18:18:01-debug: Sort some build options to settings.json start, progress: 13%
8-2-2026 18:18:01-debug: // ---- build task Sort some build options to settings.json ---- (11ms)
8-2-2026 18:18:01-log: run build task Sort some build options to settings.json success in 11 ms√, progress: 15%
8-2-2026 18:18:01-debug: [Build Memory track]: Sort some build options to settings.json start:231.21MB, end 230.60MB, increase: -618.83KB
8-2-2026 18:22:13-debug: Query all assets info in project
8-2-2026 18:22:13-debug: init custom config: keepNodeUuid: false, useCache: true
8-2-2026 18:22:13-debug: Skip compress image, progress: 0%
8-2-2026 18:22:13-debug: Init all bundles start..., progress: 0%
8-2-2026 18:22:13-debug: Num of bundles: 2..., progress: 0%
8-2-2026 18:22:13-debug: Query asset bundle start, progress: 0%
8-2-2026 18:22:13-debug: // ---- build task Query asset bundle ----
8-2-2026 18:22:13-debug: Init bundle root assets start..., progress: 0%
8-2-2026 18:22:13-debug: Query preload assets/scripts from cc.config.json: 60f7195c-ec2a-45eb-ba94-8955f60e81d0,1c02ae6f-4492-4915-b8f8-7492a3b1e4cd,810e96e4-e456-4468-9b59-f4e8f39732c0,efe8e2a3-eace-427b-b4f1-cb8a937ec77d,e9aa9a3e-5b2b-4ac7-a2c7-073de2b2b24f,8bbdbcdd-5cd4-4100-b6d5-b7c9625b6107,50f4348b-c883-4e2f-8f11-ce233b859fa1,fda095cb-831d-4601-ad94-846013963de8,f92806d7-1768-443f-afe8-12bcde84d0f0,dd3a144d-ab7f-41f0-82b8-2e43a090d496,f0416e68-0200-4b77-a926-4f9d16e494da,511d2633-09a7-4bdd-ac42-f778032124b3,5d45aa00-e064-4938-b314-4265f0c2258c,9361fd90-ba52-4f84-aa93-6e878fd576ca,970b0598-bcb0-4714-91fb-2e81440dccd8,bcd64cc6-2dd9-43f6-abbe-66318d332032,d930590d-bb92-4cc8-8bd1-23cd027f9edf,a3cd009f-0ab0-420d-9278-b9fdab939bbc,6a2d0734-bd9e-4ddf-946e-caa52498cb75,d9937e59-61fe-4ec6-92ab-7ac5a19c89b0,d1346436-ac96-4271-b863-1f4fdead95b0,971bdb23-3ff6-43eb-b422-1c30165a3663,17debcc3-0a6b-4b8a-b00b-dc58b885581e,711ebe11-f673-4cd9-9a83-63c60ba54c5b,c0143906-9aed-447e-9436-2ae8512d1b6e,14da1725-c4c2-42b4-ab08-ee0aeb6898b3,081cab31-dccd-428e-8652-f2404cc81c47,78e0584a-4343-4727-8f37-e14e65c2a2db,871c3b6c-7379-419d-bda3-794b239ab90d,ff9b0199-ce04-4cfe-86cc-6c719f08d6e4,de1c2107-70c8-4021-8459-6399f24d01c6,cbf30902-517f-40dc-af90-a550bac27cf1,5c601d96-e4c7-4698-991b-7ee674b11079
8-2-2026 18:22:13-debug:   Number of all scenes: 3
8-2-2026 18:22:13-debug:   Number of all scripts: 39
8-2-2026 18:22:13-debug: Init bundle root assets success..., progress: 0%
8-2-2026 18:22:13-debug:   Number of other assets: 486
8-2-2026 18:22:13-debug: // ---- build task Query asset bundle ---- (15ms)
8-2-2026 18:22:13-log: run build task Query asset bundle success in 15 ms√, progress: 5%
8-2-2026 18:22:13-debug: [Build Memory track]: Query asset bundle start:231.05MB, end 230.87MB, increase: -181.43KB
8-2-2026 18:22:13-debug: Query asset bundle start, progress: 5%
8-2-2026 18:22:13-debug: // ---- build task Query asset bundle ----
8-2-2026 18:22:13-debug: // ---- build task Query asset bundle ---- (6ms)
8-2-2026 18:22:13-log: run build task Query asset bundle success in 6 ms√, progress: 10%
8-2-2026 18:22:13-debug: [Build Memory track]: Query asset bundle start:230.90MB, end 231.03MB, increase: 139.39KB
8-2-2026 18:22:13-debug: Sort some build options to settings.json start, progress: 10%
8-2-2026 18:22:13-debug: // ---- build task Sort some build options to settings.json ----
8-2-2026 18:22:13-debug: // ---- build task Sort some build options to settings.json ---- (3ms)
8-2-2026 18:22:13-log: run build task Sort some build options to settings.json success in 3 ms√, progress: 12%
8-2-2026 18:22:13-debug: [Build Memory track]: Sort some build options to settings.json start:231.06MB, end 231.09MB, increase: 26.61KB
8-2-2026 18:22:13-debug: Fill script data to settings start, progress: 12%
8-2-2026 18:22:13-debug: // ---- build task Fill script data to settings ----
8-2-2026 18:22:13-debug: // ---- build task Fill script data to settings ---- (2ms)
8-2-2026 18:22:13-log: run build task Fill script data to settings success in 2 ms√, progress: 13%
8-2-2026 18:22:13-debug: [Build Memory track]: Fill script data to settings start:231.11MB, end 231.14MB, increase: 26.25KB
8-2-2026 18:22:13-debug: Sort some build options to settings.json start, progress: 13%
8-2-2026 18:22:13-debug: // ---- build task Sort some build options to settings.json ----
8-2-2026 18:22:13-debug: // ---- build task Sort some build options to settings.json ---- (7ms)
8-2-2026 18:22:13-log: run build task Sort some build options to settings.json success in 7 ms√, progress: 15%
8-2-2026 18:22:13-debug: [Build Memory track]: Sort some build options to settings.json start:231.17MB, end 231.31MB, increase: 145.16KB
8-2-2026 18:24:57-debug: Query all assets info in project
8-2-2026 18:24:57-debug: init custom config: keepNodeUuid: false, useCache: true
8-2-2026 18:24:57-debug: Skip compress image, progress: 0%
8-2-2026 18:24:57-debug: Init all bundles start..., progress: 0%
8-2-2026 18:24:57-debug: Query asset bundle start, progress: 0%
8-2-2026 18:24:57-debug: // ---- build task Query asset bundle ----
8-2-2026 18:24:57-debug: Num of bundles: 2..., progress: 0%
8-2-2026 18:24:57-debug: Init bundle root assets start..., progress: 0%
8-2-2026 18:24:57-debug: Query preload assets/scripts from cc.config.json: 60f7195c-ec2a-45eb-ba94-8955f60e81d0,1c02ae6f-4492-4915-b8f8-7492a3b1e4cd,810e96e4-e456-4468-9b59-f4e8f39732c0,efe8e2a3-eace-427b-b4f1-cb8a937ec77d,e9aa9a3e-5b2b-4ac7-a2c7-073de2b2b24f,8bbdbcdd-5cd4-4100-b6d5-b7c9625b6107,50f4348b-c883-4e2f-8f11-ce233b859fa1,fda095cb-831d-4601-ad94-846013963de8,f92806d7-1768-443f-afe8-12bcde84d0f0,dd3a144d-ab7f-41f0-82b8-2e43a090d496,f0416e68-0200-4b77-a926-4f9d16e494da,511d2633-09a7-4bdd-ac42-f778032124b3,5d45aa00-e064-4938-b314-4265f0c2258c,9361fd90-ba52-4f84-aa93-6e878fd576ca,970b0598-bcb0-4714-91fb-2e81440dccd8,bcd64cc6-2dd9-43f6-abbe-66318d332032,d930590d-bb92-4cc8-8bd1-23cd027f9edf,a3cd009f-0ab0-420d-9278-b9fdab939bbc,6a2d0734-bd9e-4ddf-946e-caa52498cb75,d9937e59-61fe-4ec6-92ab-7ac5a19c89b0,d1346436-ac96-4271-b863-1f4fdead95b0,971bdb23-3ff6-43eb-b422-1c30165a3663,17debcc3-0a6b-4b8a-b00b-dc58b885581e,711ebe11-f673-4cd9-9a83-63c60ba54c5b,c0143906-9aed-447e-9436-2ae8512d1b6e,14da1725-c4c2-42b4-ab08-ee0aeb6898b3,081cab31-dccd-428e-8652-f2404cc81c47,78e0584a-4343-4727-8f37-e14e65c2a2db,871c3b6c-7379-419d-bda3-794b239ab90d,ff9b0199-ce04-4cfe-86cc-6c719f08d6e4,de1c2107-70c8-4021-8459-6399f24d01c6,cbf30902-517f-40dc-af90-a550bac27cf1,5c601d96-e4c7-4698-991b-7ee674b11079
8-2-2026 18:24:57-debug:   Number of all scenes: 3
8-2-2026 18:24:57-debug: Init bundle root assets success..., progress: 0%
8-2-2026 18:24:57-debug:   Number of all scripts: 39
8-2-2026 18:24:57-debug:   Number of other assets: 486
8-2-2026 18:24:57-debug: // ---- build task Query asset bundle ---- (13ms)
8-2-2026 18:24:57-log: run build task Query asset bundle success in 13 ms√, progress: 5%
8-2-2026 18:24:57-debug: [Build Memory track]: Query asset bundle start:230.97MB, end 230.76MB, increase: -215.34KB
8-2-2026 18:24:57-debug: Query asset bundle start, progress: 5%
8-2-2026 18:24:57-debug: // ---- build task Query asset bundle ----
8-2-2026 18:24:57-debug: // ---- build task Query asset bundle ---- (6ms)
8-2-2026 18:24:57-log: run build task Query asset bundle success in 6 ms√, progress: 10%
8-2-2026 18:24:57-debug: [Build Memory track]: Query asset bundle start:230.79MB, end 230.92MB, increase: 139.40KB
8-2-2026 18:24:57-debug: Sort some build options to settings.json start, progress: 10%
8-2-2026 18:24:57-debug: // ---- build task Sort some build options to settings.json ----
8-2-2026 18:24:57-debug: // ---- build task Sort some build options to settings.json ---- (5ms)
8-2-2026 18:24:57-log: run build task Sort some build options to settings.json success in 5 ms√, progress: 12%
8-2-2026 18:24:57-debug: [Build Memory track]: Sort some build options to settings.json start:230.95MB, end 230.98MB, increase: 26.55KB
8-2-2026 18:24:57-debug: Fill script data to settings start, progress: 12%
8-2-2026 18:24:57-debug: // ---- build task Fill script data to settings ----
8-2-2026 18:24:57-debug: // ---- build task Fill script data to settings ---- (1ms)
8-2-2026 18:24:57-log: run build task Fill script data to settings success in 1 ms√, progress: 13%
8-2-2026 18:24:57-debug: [Build Memory track]: Fill script data to settings start:231.00MB, end 231.03MB, increase: 26.11KB
8-2-2026 18:24:57-debug: Sort some build options to settings.json start, progress: 13%
8-2-2026 18:24:57-debug: // ---- build task Sort some build options to settings.json ----
8-2-2026 18:24:57-debug: // ---- build task Sort some build options to settings.json ---- (8ms)
8-2-2026 18:24:57-log: run build task Sort some build options to settings.json success in 8 ms√, progress: 15%
8-2-2026 18:24:57-debug: [Build Memory track]: Sort some build options to settings.json start:231.06MB, end 231.18MB, increase: 126.27KB
8-2-2026 18:25:26-debug: Query all assets info in project
8-2-2026 18:25:26-debug: init custom config: keepNodeUuid: false, useCache: true
8-2-2026 18:25:26-debug: Skip compress image, progress: 0%
8-2-2026 18:25:26-debug: Init all bundles start..., progress: 0%
8-2-2026 18:25:26-debug: // ---- build task Query asset bundle ----
8-2-2026 18:25:26-debug: Num of bundles: 2..., progress: 0%
8-2-2026 18:25:26-debug: Query asset bundle start, progress: 0%
8-2-2026 18:25:26-debug: Init bundle root assets start..., progress: 0%
8-2-2026 18:25:26-debug: Query preload assets/scripts from cc.config.json: 60f7195c-ec2a-45eb-ba94-8955f60e81d0,1c02ae6f-4492-4915-b8f8-7492a3b1e4cd,810e96e4-e456-4468-9b59-f4e8f39732c0,efe8e2a3-eace-427b-b4f1-cb8a937ec77d,e9aa9a3e-5b2b-4ac7-a2c7-073de2b2b24f,8bbdbcdd-5cd4-4100-b6d5-b7c9625b6107,50f4348b-c883-4e2f-8f11-ce233b859fa1,fda095cb-831d-4601-ad94-846013963de8,f92806d7-1768-443f-afe8-12bcde84d0f0,dd3a144d-ab7f-41f0-82b8-2e43a090d496,f0416e68-0200-4b77-a926-4f9d16e494da,511d2633-09a7-4bdd-ac42-f778032124b3,5d45aa00-e064-4938-b314-4265f0c2258c,9361fd90-ba52-4f84-aa93-6e878fd576ca,970b0598-bcb0-4714-91fb-2e81440dccd8,bcd64cc6-2dd9-43f6-abbe-66318d332032,d930590d-bb92-4cc8-8bd1-23cd027f9edf,a3cd009f-0ab0-420d-9278-b9fdab939bbc,6a2d0734-bd9e-4ddf-946e-caa52498cb75,d9937e59-61fe-4ec6-92ab-7ac5a19c89b0,d1346436-ac96-4271-b863-1f4fdead95b0,971bdb23-3ff6-43eb-b422-1c30165a3663,17debcc3-0a6b-4b8a-b00b-dc58b885581e,711ebe11-f673-4cd9-9a83-63c60ba54c5b,c0143906-9aed-447e-9436-2ae8512d1b6e,14da1725-c4c2-42b4-ab08-ee0aeb6898b3,081cab31-dccd-428e-8652-f2404cc81c47,78e0584a-4343-4727-8f37-e14e65c2a2db,871c3b6c-7379-419d-bda3-794b239ab90d,ff9b0199-ce04-4cfe-86cc-6c719f08d6e4,de1c2107-70c8-4021-8459-6399f24d01c6,cbf30902-517f-40dc-af90-a550bac27cf1,5c601d96-e4c7-4698-991b-7ee674b11079
8-2-2026 18:25:26-debug:   Number of all scripts: 39
8-2-2026 18:25:26-debug:   Number of other assets: 486
8-2-2026 18:25:26-debug:   Number of all scenes: 3
8-2-2026 18:25:26-debug: Init bundle root assets success..., progress: 0%
8-2-2026 18:25:26-debug: // ---- build task Query asset bundle ---- (16ms)
8-2-2026 18:25:26-log: run build task Query asset bundle success in 16 ms√, progress: 5%
8-2-2026 18:25:26-debug: [Build Memory track]: Query asset bundle start:230.84MB, end 230.74MB, increase: -107.64KB
8-2-2026 18:25:26-debug: Query asset bundle start, progress: 5%
8-2-2026 18:25:26-debug: // ---- build task Query asset bundle ----
8-2-2026 18:25:26-debug: // ---- build task Query asset bundle ---- (7ms)
8-2-2026 18:25:26-log: run build task Query asset bundle success in 7 ms√, progress: 10%
8-2-2026 18:25:26-debug: [Build Memory track]: Query asset bundle start:230.77MB, end 230.90MB, increase: 139.44KB
8-2-2026 18:25:26-debug: Sort some build options to settings.json start, progress: 10%
8-2-2026 18:25:26-debug: // ---- build task Sort some build options to settings.json ----
8-2-2026 18:25:26-debug: // ---- build task Sort some build options to settings.json ---- (3ms)
8-2-2026 18:25:26-log: run build task Sort some build options to settings.json success in 3 ms√, progress: 12%
8-2-2026 18:25:26-debug: [Build Memory track]: Sort some build options to settings.json start:230.93MB, end 230.96MB, increase: 26.61KB
8-2-2026 18:25:26-debug: Fill script data to settings start, progress: 12%
8-2-2026 18:25:26-debug: // ---- build task Fill script data to settings ----
8-2-2026 18:25:26-debug: // ---- build task Fill script data to settings ---- (3ms)
8-2-2026 18:25:26-log: run build task Fill script data to settings success in 3 ms√, progress: 13%
8-2-2026 18:25:26-debug: [Build Memory track]: Fill script data to settings start:230.98MB, end 231.01MB, increase: 26.09KB
8-2-2026 18:25:26-debug: Sort some build options to settings.json start, progress: 13%
8-2-2026 18:25:26-debug: // ---- build task Sort some build options to settings.json ----
8-2-2026 18:25:26-debug: // ---- build task Sort some build options to settings.json ---- (8ms)
8-2-2026 18:25:26-log: run build task Sort some build options to settings.json success in 8 ms√, progress: 15%
8-2-2026 18:25:26-debug: [Build Memory track]: Sort some build options to settings.json start:231.04MB, end 231.16MB, increase: 126.18KB
8-2-2026 18:26:24-debug: refresh db internal success
8-2-2026 18:26:24-debug: refresh db assets success
8-2-2026 18:26:24-debug: Run asset db hook engine-extends:afterRefresh success!
8-2-2026 18:26:24-debug: Run asset db hook engine-extends:afterRefresh ...
8-2-2026 18:26:24-debug: asset-db:refresh-all-database (87ms)
8-2-2026 18:26:24-debug: asset-db:worker-effect-data-processing (4ms)
8-2-2026 18:26:24-debug: asset-db-hook-engine-extends-afterRefresh (4ms)
8-2-2026 18:26:31-debug: %cImport%c: F:\Github\BattleGame\assets\Test.scenebackground: #aaff85; color: #000;color: #000;
8-2-2026 18:26:31-debug: asset-db:reimport-asset1effe86e-a401-4769-9dbc-62218c68834d (40ms)
8-2-2026 18:26:34-debug: Query all assets info in project
8-2-2026 18:26:34-debug: init custom config: keepNodeUuid: false, useCache: true
8-2-2026 18:26:34-debug: Skip compress image, progress: 0%
8-2-2026 18:26:34-debug: Init all bundles start..., progress: 0%
8-2-2026 18:26:34-debug: // ---- build task Query asset bundle ----
8-2-2026 18:26:34-debug: Num of bundles: 2..., progress: 0%
8-2-2026 18:26:34-debug: Query asset bundle start, progress: 0%
8-2-2026 18:26:34-debug: Init bundle root assets start..., progress: 0%
8-2-2026 18:26:34-debug: Query preload assets/scripts from cc.config.json: 60f7195c-ec2a-45eb-ba94-8955f60e81d0,1c02ae6f-4492-4915-b8f8-7492a3b1e4cd,810e96e4-e456-4468-9b59-f4e8f39732c0,efe8e2a3-eace-427b-b4f1-cb8a937ec77d,e9aa9a3e-5b2b-4ac7-a2c7-073de2b2b24f,8bbdbcdd-5cd4-4100-b6d5-b7c9625b6107,50f4348b-c883-4e2f-8f11-ce233b859fa1,fda095cb-831d-4601-ad94-846013963de8,f92806d7-1768-443f-afe8-12bcde84d0f0,dd3a144d-ab7f-41f0-82b8-2e43a090d496,f0416e68-0200-4b77-a926-4f9d16e494da,511d2633-09a7-4bdd-ac42-f778032124b3,5d45aa00-e064-4938-b314-4265f0c2258c,9361fd90-ba52-4f84-aa93-6e878fd576ca,970b0598-bcb0-4714-91fb-2e81440dccd8,bcd64cc6-2dd9-43f6-abbe-66318d332032,d930590d-bb92-4cc8-8bd1-23cd027f9edf,a3cd009f-0ab0-420d-9278-b9fdab939bbc,6a2d0734-bd9e-4ddf-946e-caa52498cb75,d9937e59-61fe-4ec6-92ab-7ac5a19c89b0,d1346436-ac96-4271-b863-1f4fdead95b0,971bdb23-3ff6-43eb-b422-1c30165a3663,17debcc3-0a6b-4b8a-b00b-dc58b885581e,711ebe11-f673-4cd9-9a83-63c60ba54c5b,c0143906-9aed-447e-9436-2ae8512d1b6e,14da1725-c4c2-42b4-ab08-ee0aeb6898b3,081cab31-dccd-428e-8652-f2404cc81c47,78e0584a-4343-4727-8f37-e14e65c2a2db,871c3b6c-7379-419d-bda3-794b239ab90d,ff9b0199-ce04-4cfe-86cc-6c719f08d6e4,de1c2107-70c8-4021-8459-6399f24d01c6,cbf30902-517f-40dc-af90-a550bac27cf1,5c601d96-e4c7-4698-991b-7ee674b11079
8-2-2026 18:26:34-debug:   Number of all scripts: 39
8-2-2026 18:26:34-debug: Init bundle root assets success..., progress: 0%
8-2-2026 18:26:34-debug:   Number of other assets: 486
8-2-2026 18:26:34-debug:   Number of all scenes: 3
8-2-2026 18:26:34-debug: // ---- build task Query asset bundle ---- (15ms)
8-2-2026 18:26:34-log: run build task Query asset bundle success in 15 ms√, progress: 5%
8-2-2026 18:26:34-debug: [Build Memory track]: Query asset bundle start:232.84MB, end 232.62MB, increase: -232.70KB
8-2-2026 18:26:34-debug: Query asset bundle start, progress: 5%
8-2-2026 18:26:34-debug: // ---- build task Query asset bundle ----
8-2-2026 18:26:34-debug: // ---- build task Query asset bundle ---- (7ms)
8-2-2026 18:26:34-log: run build task Query asset bundle success in 7 ms√, progress: 10%
8-2-2026 18:26:34-debug: [Build Memory track]: Query asset bundle start:232.64MB, end 232.03MB, increase: -627.81KB
8-2-2026 18:26:34-debug: Sort some build options to settings.json start, progress: 10%
8-2-2026 18:26:34-debug: // ---- build task Sort some build options to settings.json ----
8-2-2026 18:26:34-debug: // ---- build task Sort some build options to settings.json ---- (3ms)
8-2-2026 18:26:34-log: run build task Sort some build options to settings.json success in 3 ms√, progress: 12%
8-2-2026 18:26:34-debug: Fill script data to settings start, progress: 12%
8-2-2026 18:26:34-debug: [Build Memory track]: Sort some build options to settings.json start:232.06MB, end 232.08MB, increase: 26.73KB
8-2-2026 18:26:34-debug: // ---- build task Fill script data to settings ----
8-2-2026 18:26:34-debug: // ---- build task Fill script data to settings ---- (2ms)
8-2-2026 18:26:34-log: run build task Fill script data to settings success in 2 ms√, progress: 13%
8-2-2026 18:26:34-debug: [Build Memory track]: Fill script data to settings start:232.11MB, end 232.14MB, increase: 26.02KB
8-2-2026 18:26:34-debug: Sort some build options to settings.json start, progress: 13%
8-2-2026 18:26:34-debug: // ---- build task Sort some build options to settings.json ----
8-2-2026 18:26:34-debug: // ---- build task Sort some build options to settings.json ---- (12ms)
8-2-2026 18:26:34-log: run build task Sort some build options to settings.json success in 12 ms√, progress: 15%
8-2-2026 18:26:34-debug: [Build Memory track]: Sort some build options to settings.json start:232.17MB, end 232.29MB, increase: 132.08KB
8-2-2026 18:27:17-debug: Query all assets info in project
8-2-2026 18:27:17-debug: init custom config: keepNodeUuid: false, useCache: true
8-2-2026 18:27:17-debug: Skip compress image, progress: 0%
8-2-2026 18:27:17-debug: Init all bundles start..., progress: 0%
8-2-2026 18:27:17-debug: Num of bundles: 2..., progress: 0%
8-2-2026 18:27:17-debug: // ---- build task Query asset bundle ----
8-2-2026 18:27:17-debug: Query asset bundle start, progress: 0%
8-2-2026 18:27:17-debug: Init bundle root assets start..., progress: 0%
8-2-2026 18:27:17-debug:   Number of all scenes: 3
8-2-2026 18:27:17-debug: Query preload assets/scripts from cc.config.json: 60f7195c-ec2a-45eb-ba94-8955f60e81d0,1c02ae6f-4492-4915-b8f8-7492a3b1e4cd,810e96e4-e456-4468-9b59-f4e8f39732c0,efe8e2a3-eace-427b-b4f1-cb8a937ec77d,e9aa9a3e-5b2b-4ac7-a2c7-073de2b2b24f,8bbdbcdd-5cd4-4100-b6d5-b7c9625b6107,50f4348b-c883-4e2f-8f11-ce233b859fa1,fda095cb-831d-4601-ad94-846013963de8,f92806d7-1768-443f-afe8-12bcde84d0f0,dd3a144d-ab7f-41f0-82b8-2e43a090d496,f0416e68-0200-4b77-a926-4f9d16e494da,511d2633-09a7-4bdd-ac42-f778032124b3,5d45aa00-e064-4938-b314-4265f0c2258c,9361fd90-ba52-4f84-aa93-6e878fd576ca,970b0598-bcb0-4714-91fb-2e81440dccd8,bcd64cc6-2dd9-43f6-abbe-66318d332032,d930590d-bb92-4cc8-8bd1-23cd027f9edf,a3cd009f-0ab0-420d-9278-b9fdab939bbc,6a2d0734-bd9e-4ddf-946e-caa52498cb75,d9937e59-61fe-4ec6-92ab-7ac5a19c89b0,d1346436-ac96-4271-b863-1f4fdead95b0,971bdb23-3ff6-43eb-b422-1c30165a3663,17debcc3-0a6b-4b8a-b00b-dc58b885581e,711ebe11-f673-4cd9-9a83-63c60ba54c5b,c0143906-9aed-447e-9436-2ae8512d1b6e,14da1725-c4c2-42b4-ab08-ee0aeb6898b3,081cab31-dccd-428e-8652-f2404cc81c47,78e0584a-4343-4727-8f37-e14e65c2a2db,871c3b6c-7379-419d-bda3-794b239ab90d,ff9b0199-ce04-4cfe-86cc-6c719f08d6e4,de1c2107-70c8-4021-8459-6399f24d01c6,cbf30902-517f-40dc-af90-a550bac27cf1,5c601d96-e4c7-4698-991b-7ee674b11079
8-2-2026 18:27:17-debug: Init bundle root assets success..., progress: 0%
8-2-2026 18:27:17-debug:   Number of all scripts: 39
8-2-2026 18:27:17-debug:   Number of other assets: 486
8-2-2026 18:27:17-debug: // ---- build task Query asset bundle ---- (15ms)
8-2-2026 18:27:17-log: run build task Query asset bundle success in 15 ms√, progress: 5%
8-2-2026 18:27:17-debug: [Build Memory track]: Query asset bundle start:232.85MB, end 232.80MB, increase: -50.35KB
8-2-2026 18:27:17-debug: Query asset bundle start, progress: 5%
8-2-2026 18:27:17-debug: // ---- build task Query asset bundle ----
8-2-2026 18:27:17-debug: // ---- build task Query asset bundle ---- (10ms)
8-2-2026 18:27:17-debug: [Build Memory track]: Query asset bundle start:232.83MB, end 232.15MB, increase: -696.40KB
8-2-2026 18:27:17-log: run build task Query asset bundle success in 10 ms√, progress: 10%
8-2-2026 18:27:17-debug: // ---- build task Sort some build options to settings.json ----
8-2-2026 18:27:17-debug: Sort some build options to settings.json start, progress: 10%
8-2-2026 18:27:17-debug: // ---- build task Sort some build options to settings.json ---- (2ms)
8-2-2026 18:27:17-debug: [Build Memory track]: Sort some build options to settings.json start:232.18MB, end 232.20MB, increase: 26.88KB
8-2-2026 18:27:17-debug: Fill script data to settings start, progress: 12%
8-2-2026 18:27:17-log: run build task Sort some build options to settings.json success in 2 ms√, progress: 12%
8-2-2026 18:27:17-debug: // ---- build task Fill script data to settings ----
8-2-2026 18:27:17-debug: // ---- build task Fill script data to settings ---- (7ms)
8-2-2026 18:27:17-log: run build task Fill script data to settings success in 7 ms√, progress: 13%
8-2-2026 18:27:17-debug: [Build Memory track]: Fill script data to settings start:232.23MB, end 232.26MB, increase: 26.10KB
8-2-2026 18:27:17-debug: Sort some build options to settings.json start, progress: 13%
8-2-2026 18:27:17-debug: // ---- build task Sort some build options to settings.json ----
8-2-2026 18:27:17-debug: // ---- build task Sort some build options to settings.json ---- (16ms)
8-2-2026 18:27:17-log: run build task Sort some build options to settings.json success in 16 ms√, progress: 15%
8-2-2026 18:27:17-debug: [Build Memory track]: Sort some build options to settings.json start:232.28MB, end 232.41MB, increase: 131.69KB
8-2-2026 18:27:23-debug: Query all assets info in project
8-2-2026 18:27:23-debug: init custom config: keepNodeUuid: false, useCache: true
8-2-2026 18:27:23-debug: Skip compress image, progress: 0%
8-2-2026 18:27:23-debug: Init all bundles start..., progress: 0%
8-2-2026 18:27:23-debug: // ---- build task Query asset bundle ----
8-2-2026 18:27:23-debug: Init bundle root assets start..., progress: 0%
8-2-2026 18:27:23-debug: Query asset bundle start, progress: 0%
8-2-2026 18:27:23-debug: Num of bundles: 2..., progress: 0%
8-2-2026 18:27:23-debug: Query preload assets/scripts from cc.config.json: 60f7195c-ec2a-45eb-ba94-8955f60e81d0,1c02ae6f-4492-4915-b8f8-7492a3b1e4cd,810e96e4-e456-4468-9b59-f4e8f39732c0,efe8e2a3-eace-427b-b4f1-cb8a937ec77d,e9aa9a3e-5b2b-4ac7-a2c7-073de2b2b24f,8bbdbcdd-5cd4-4100-b6d5-b7c9625b6107,50f4348b-c883-4e2f-8f11-ce233b859fa1,fda095cb-831d-4601-ad94-846013963de8,f92806d7-1768-443f-afe8-12bcde84d0f0,dd3a144d-ab7f-41f0-82b8-2e43a090d496,f0416e68-0200-4b77-a926-4f9d16e494da,511d2633-09a7-4bdd-ac42-f778032124b3,5d45aa00-e064-4938-b314-4265f0c2258c,9361fd90-ba52-4f84-aa93-6e878fd576ca,970b0598-bcb0-4714-91fb-2e81440dccd8,bcd64cc6-2dd9-43f6-abbe-66318d332032,d930590d-bb92-4cc8-8bd1-23cd027f9edf,a3cd009f-0ab0-420d-9278-b9fdab939bbc,6a2d0734-bd9e-4ddf-946e-caa52498cb75,d9937e59-61fe-4ec6-92ab-7ac5a19c89b0,d1346436-ac96-4271-b863-1f4fdead95b0,971bdb23-3ff6-43eb-b422-1c30165a3663,17debcc3-0a6b-4b8a-b00b-dc58b885581e,711ebe11-f673-4cd9-9a83-63c60ba54c5b,c0143906-9aed-447e-9436-2ae8512d1b6e,14da1725-c4c2-42b4-ab08-ee0aeb6898b3,081cab31-dccd-428e-8652-f2404cc81c47,78e0584a-4343-4727-8f37-e14e65c2a2db,871c3b6c-7379-419d-bda3-794b239ab90d,ff9b0199-ce04-4cfe-86cc-6c719f08d6e4,de1c2107-70c8-4021-8459-6399f24d01c6,cbf30902-517f-40dc-af90-a550bac27cf1,5c601d96-e4c7-4698-991b-7ee674b11079
8-2-2026 18:27:23-debug:   Number of all scenes: 3
8-2-2026 18:27:23-debug:   Number of all scripts: 39
8-2-2026 18:27:23-debug:   Number of other assets: 486
8-2-2026 18:27:23-debug: Init bundle root assets success..., progress: 0%
8-2-2026 18:27:23-debug: // ---- build task Query asset bundle ---- (12ms)
8-2-2026 18:27:23-log: run build task Query asset bundle success in 12 ms√, progress: 5%
8-2-2026 18:27:23-debug: [Build Memory track]: Query asset bundle start:232.95MB, end 232.91MB, increase: -41.35KB
8-2-2026 18:27:23-debug: Query asset bundle start, progress: 5%
8-2-2026 18:27:23-debug: // ---- build task Query asset bundle ----
8-2-2026 18:27:23-debug: // ---- build task Query asset bundle ---- (8ms)
8-2-2026 18:27:23-log: run build task Query asset bundle success in 8 ms√, progress: 10%
8-2-2026 18:27:23-debug: [Build Memory track]: Query asset bundle start:232.94MB, end 232.26MB, increase: -690.68KB
8-2-2026 18:27:23-debug: Sort some build options to settings.json start, progress: 10%
8-2-2026 18:27:23-debug: // ---- build task Sort some build options to settings.json ----
8-2-2026 18:27:23-debug: // ---- build task Sort some build options to settings.json ---- (4ms)
8-2-2026 18:27:23-debug: [Build Memory track]: Sort some build options to settings.json start:232.29MB, end 232.32MB, increase: 26.45KB
8-2-2026 18:27:23-debug: // ---- build task Fill script data to settings ----
8-2-2026 18:27:23-log: run build task Sort some build options to settings.json success in 4 ms√, progress: 12%
8-2-2026 18:27:23-debug: Fill script data to settings start, progress: 12%
8-2-2026 18:27:23-debug: // ---- build task Fill script data to settings ---- (5ms)
8-2-2026 18:27:23-log: run build task Fill script data to settings success in 5 ms√, progress: 13%
8-2-2026 18:27:23-debug: [Build Memory track]: Fill script data to settings start:232.34MB, end 232.37MB, increase: 25.89KB
8-2-2026 18:27:23-debug: Sort some build options to settings.json start, progress: 13%
8-2-2026 18:27:23-debug: // ---- build task Sort some build options to settings.json ----
8-2-2026 18:27:23-debug: // ---- build task Sort some build options to settings.json ---- (11ms)
8-2-2026 18:27:23-log: run build task Sort some build options to settings.json success in 11 ms√, progress: 15%
8-2-2026 18:27:23-debug: [Build Memory track]: Sort some build options to settings.json start:232.40MB, end 232.52MB, increase: 126.06KB
8-2-2026 18:27:50-debug: Query all assets info in project
8-2-2026 18:27:50-debug: init custom config: keepNodeUuid: false, useCache: true
8-2-2026 18:27:50-debug: Skip compress image, progress: 0%
8-2-2026 18:27:50-debug: Init all bundles start..., progress: 0%
8-2-2026 18:27:50-debug: Query asset bundle start, progress: 0%
8-2-2026 18:27:50-debug: Num of bundles: 2..., progress: 0%
8-2-2026 18:27:50-debug: Init bundle root assets start..., progress: 0%
8-2-2026 18:27:50-debug: // ---- build task Query asset bundle ----
8-2-2026 18:27:50-debug: Query preload assets/scripts from cc.config.json: 60f7195c-ec2a-45eb-ba94-8955f60e81d0,1c02ae6f-4492-4915-b8f8-7492a3b1e4cd,810e96e4-e456-4468-9b59-f4e8f39732c0,efe8e2a3-eace-427b-b4f1-cb8a937ec77d,e9aa9a3e-5b2b-4ac7-a2c7-073de2b2b24f,8bbdbcdd-5cd4-4100-b6d5-b7c9625b6107,50f4348b-c883-4e2f-8f11-ce233b859fa1,fda095cb-831d-4601-ad94-846013963de8,f92806d7-1768-443f-afe8-12bcde84d0f0,dd3a144d-ab7f-41f0-82b8-2e43a090d496,f0416e68-0200-4b77-a926-4f9d16e494da,511d2633-09a7-4bdd-ac42-f778032124b3,5d45aa00-e064-4938-b314-4265f0c2258c,9361fd90-ba52-4f84-aa93-6e878fd576ca,970b0598-bcb0-4714-91fb-2e81440dccd8,bcd64cc6-2dd9-43f6-abbe-66318d332032,d930590d-bb92-4cc8-8bd1-23cd027f9edf,a3cd009f-0ab0-420d-9278-b9fdab939bbc,6a2d0734-bd9e-4ddf-946e-caa52498cb75,d9937e59-61fe-4ec6-92ab-7ac5a19c89b0,d1346436-ac96-4271-b863-1f4fdead95b0,971bdb23-3ff6-43eb-b422-1c30165a3663,17debcc3-0a6b-4b8a-b00b-dc58b885581e,711ebe11-f673-4cd9-9a83-63c60ba54c5b,c0143906-9aed-447e-9436-2ae8512d1b6e,14da1725-c4c2-42b4-ab08-ee0aeb6898b3,081cab31-dccd-428e-8652-f2404cc81c47,78e0584a-4343-4727-8f37-e14e65c2a2db,871c3b6c-7379-419d-bda3-794b239ab90d,ff9b0199-ce04-4cfe-86cc-6c719f08d6e4,de1c2107-70c8-4021-8459-6399f24d01c6,cbf30902-517f-40dc-af90-a550bac27cf1,5c601d96-e4c7-4698-991b-7ee674b11079
8-2-2026 18:27:50-debug:   Number of all scenes: 3
8-2-2026 18:27:50-debug:   Number of other assets: 486
8-2-2026 18:27:50-debug: Init bundle root assets success..., progress: 0%
8-2-2026 18:27:50-debug:   Number of all scripts: 39
8-2-2026 18:27:50-debug: // ---- build task Query asset bundle ---- (15ms)
8-2-2026 18:27:50-log: run build task Query asset bundle success in 15 ms√, progress: 5%
8-2-2026 18:27:50-debug: [Build Memory track]: Query asset bundle start:233.09MB, end 233.01MB, increase: -81.50KB
8-2-2026 18:27:50-debug: Query asset bundle start, progress: 5%
8-2-2026 18:27:50-debug: // ---- build task Query asset bundle ----
8-2-2026 18:27:50-debug: // ---- build task Query asset bundle ---- (9ms)
8-2-2026 18:27:50-debug: [Build Memory track]: Query asset bundle start:233.04MB, end 232.36MB, increase: -691.55KB
8-2-2026 18:27:50-log: run build task Query asset bundle success in 9 ms√, progress: 10%
8-2-2026 18:27:50-debug: Sort some build options to settings.json start, progress: 10%
8-2-2026 18:27:50-debug: // ---- build task Sort some build options to settings.json ----
8-2-2026 18:27:50-debug: // ---- build task Sort some build options to settings.json ---- (6ms)
8-2-2026 18:27:50-log: run build task Sort some build options to settings.json success in 6 ms√, progress: 12%
8-2-2026 18:27:50-debug: [Build Memory track]: Sort some build options to settings.json start:232.39MB, end 232.42MB, increase: 26.50KB
8-2-2026 18:27:50-debug: Fill script data to settings start, progress: 12%
8-2-2026 18:27:50-debug: // ---- build task Fill script data to settings ----
8-2-2026 18:27:50-debug: // ---- build task Fill script data to settings ---- (7ms)
8-2-2026 18:27:50-log: run build task Fill script data to settings success in 7 ms√, progress: 13%
8-2-2026 18:27:50-debug: [Build Memory track]: Fill script data to settings start:232.45MB, end 232.47MB, increase: 25.84KB
8-2-2026 18:27:50-debug: Sort some build options to settings.json start, progress: 13%
8-2-2026 18:27:50-debug: // ---- build task Sort some build options to settings.json ----
8-2-2026 18:27:50-debug: // ---- build task Sort some build options to settings.json ---- (18ms)
8-2-2026 18:27:50-log: run build task Sort some build options to settings.json success in 18 ms√, progress: 15%
8-2-2026 18:27:50-debug: [Build Memory track]: Sort some build options to settings.json start:232.50MB, end 232.62MB, increase: 126.31KB
8-2-2026 18:28:16-debug: Query all assets info in project
8-2-2026 18:28:16-debug: init custom config: keepNodeUuid: false, useCache: true
8-2-2026 18:28:16-debug: Skip compress image, progress: 0%
8-2-2026 18:28:16-debug: Init all bundles start..., progress: 0%
8-2-2026 18:28:16-debug: // ---- build task Query asset bundle ----
8-2-2026 18:28:16-debug: Query asset bundle start, progress: 0%
8-2-2026 18:28:16-debug: Init bundle root assets start..., progress: 0%
8-2-2026 18:28:16-debug: Num of bundles: 2..., progress: 0%
8-2-2026 18:28:16-debug: Query preload assets/scripts from cc.config.json: 60f7195c-ec2a-45eb-ba94-8955f60e81d0,1c02ae6f-4492-4915-b8f8-7492a3b1e4cd,810e96e4-e456-4468-9b59-f4e8f39732c0,efe8e2a3-eace-427b-b4f1-cb8a937ec77d,e9aa9a3e-5b2b-4ac7-a2c7-073de2b2b24f,8bbdbcdd-5cd4-4100-b6d5-b7c9625b6107,50f4348b-c883-4e2f-8f11-ce233b859fa1,fda095cb-831d-4601-ad94-846013963de8,f92806d7-1768-443f-afe8-12bcde84d0f0,dd3a144d-ab7f-41f0-82b8-2e43a090d496,f0416e68-0200-4b77-a926-4f9d16e494da,511d2633-09a7-4bdd-ac42-f778032124b3,5d45aa00-e064-4938-b314-4265f0c2258c,9361fd90-ba52-4f84-aa93-6e878fd576ca,970b0598-bcb0-4714-91fb-2e81440dccd8,bcd64cc6-2dd9-43f6-abbe-66318d332032,d930590d-bb92-4cc8-8bd1-23cd027f9edf,a3cd009f-0ab0-420d-9278-b9fdab939bbc,6a2d0734-bd9e-4ddf-946e-caa52498cb75,d9937e59-61fe-4ec6-92ab-7ac5a19c89b0,d1346436-ac96-4271-b863-1f4fdead95b0,971bdb23-3ff6-43eb-b422-1c30165a3663,17debcc3-0a6b-4b8a-b00b-dc58b885581e,711ebe11-f673-4cd9-9a83-63c60ba54c5b,c0143906-9aed-447e-9436-2ae8512d1b6e,14da1725-c4c2-42b4-ab08-ee0aeb6898b3,081cab31-dccd-428e-8652-f2404cc81c47,78e0584a-4343-4727-8f37-e14e65c2a2db,871c3b6c-7379-419d-bda3-794b239ab90d,ff9b0199-ce04-4cfe-86cc-6c719f08d6e4,de1c2107-70c8-4021-8459-6399f24d01c6,cbf30902-517f-40dc-af90-a550bac27cf1,5c601d96-e4c7-4698-991b-7ee674b11079
8-2-2026 18:28:16-debug:   Number of other assets: 486
8-2-2026 18:28:16-debug: Init bundle root assets success..., progress: 0%
8-2-2026 18:28:16-debug:   Number of all scripts: 39
8-2-2026 18:28:16-debug:   Number of all scenes: 3
8-2-2026 18:28:16-debug: // ---- build task Query asset bundle ---- (14ms)
8-2-2026 18:28:16-log: run build task Query asset bundle success in 14 ms√, progress: 5%
8-2-2026 18:28:16-debug: [Build Memory track]: Query asset bundle start:233.19MB, end 233.12MB, increase: -78.36KB
8-2-2026 18:28:16-debug: Query asset bundle start, progress: 5%
8-2-2026 18:28:16-debug: // ---- build task Query asset bundle ----
8-2-2026 18:28:16-debug: // ---- build task Query asset bundle ---- (7ms)
8-2-2026 18:28:16-log: run build task Query asset bundle success in 7 ms√, progress: 10%
8-2-2026 18:28:16-debug: [Build Memory track]: Query asset bundle start:233.14MB, end 232.47MB, increase: -693.80KB
8-2-2026 18:28:16-debug: Sort some build options to settings.json start, progress: 10%
8-2-2026 18:28:16-debug: // ---- build task Sort some build options to settings.json ----
8-2-2026 18:28:16-debug: // ---- build task Sort some build options to settings.json ---- (3ms)
8-2-2026 18:28:16-log: run build task Sort some build options to settings.json success in 3 ms√, progress: 12%
8-2-2026 18:28:16-debug: [Build Memory track]: Sort some build options to settings.json start:232.49MB, end 232.52MB, increase: 26.45KB
8-2-2026 18:28:16-debug: Fill script data to settings start, progress: 12%
8-2-2026 18:28:16-debug: // ---- build task Fill script data to settings ----
8-2-2026 18:28:16-debug: // ---- build task Fill script data to settings ---- (5ms)
8-2-2026 18:28:16-log: run build task Fill script data to settings success in 5 ms√, progress: 13%
8-2-2026 18:28:16-debug: Sort some build options to settings.json start, progress: 13%
8-2-2026 18:28:16-debug: [Build Memory track]: Fill script data to settings start:232.55MB, end 232.57MB, increase: 26.11KB
8-2-2026 18:28:16-debug: // ---- build task Sort some build options to settings.json ----
8-2-2026 18:28:16-debug: // ---- build task Sort some build options to settings.json ---- (15ms)
8-2-2026 18:28:16-log: run build task Sort some build options to settings.json success in 15 ms√, progress: 15%
8-2-2026 18:28:16-debug: [Build Memory track]: Sort some build options to settings.json start:232.60MB, end 232.73MB, increase: 128.34KB
8-2-2026 18:28:44-debug: Query all assets info in project
8-2-2026 18:28:44-debug: init custom config: keepNodeUuid: false, useCache: true
8-2-2026 18:28:44-debug: Skip compress image, progress: 0%
8-2-2026 18:28:44-debug: Init all bundles start..., progress: 0%
8-2-2026 18:28:44-debug: // ---- build task Query asset bundle ----
8-2-2026 18:28:44-debug: Init bundle root assets start..., progress: 0%
8-2-2026 18:28:44-debug: Num of bundles: 2..., progress: 0%
8-2-2026 18:28:44-debug: Query asset bundle start, progress: 0%
8-2-2026 18:28:44-debug: Query preload assets/scripts from cc.config.json: 60f7195c-ec2a-45eb-ba94-8955f60e81d0,1c02ae6f-4492-4915-b8f8-7492a3b1e4cd,810e96e4-e456-4468-9b59-f4e8f39732c0,efe8e2a3-eace-427b-b4f1-cb8a937ec77d,e9aa9a3e-5b2b-4ac7-a2c7-073de2b2b24f,8bbdbcdd-5cd4-4100-b6d5-b7c9625b6107,50f4348b-c883-4e2f-8f11-ce233b859fa1,fda095cb-831d-4601-ad94-846013963de8,f92806d7-1768-443f-afe8-12bcde84d0f0,dd3a144d-ab7f-41f0-82b8-2e43a090d496,f0416e68-0200-4b77-a926-4f9d16e494da,511d2633-09a7-4bdd-ac42-f778032124b3,5d45aa00-e064-4938-b314-4265f0c2258c,9361fd90-ba52-4f84-aa93-6e878fd576ca,970b0598-bcb0-4714-91fb-2e81440dccd8,bcd64cc6-2dd9-43f6-abbe-66318d332032,d930590d-bb92-4cc8-8bd1-23cd027f9edf,a3cd009f-0ab0-420d-9278-b9fdab939bbc,6a2d0734-bd9e-4ddf-946e-caa52498cb75,d9937e59-61fe-4ec6-92ab-7ac5a19c89b0,d1346436-ac96-4271-b863-1f4fdead95b0,971bdb23-3ff6-43eb-b422-1c30165a3663,17debcc3-0a6b-4b8a-b00b-dc58b885581e,711ebe11-f673-4cd9-9a83-63c60ba54c5b,c0143906-9aed-447e-9436-2ae8512d1b6e,14da1725-c4c2-42b4-ab08-ee0aeb6898b3,081cab31-dccd-428e-8652-f2404cc81c47,78e0584a-4343-4727-8f37-e14e65c2a2db,871c3b6c-7379-419d-bda3-794b239ab90d,ff9b0199-ce04-4cfe-86cc-6c719f08d6e4,de1c2107-70c8-4021-8459-6399f24d01c6,cbf30902-517f-40dc-af90-a550bac27cf1,5c601d96-e4c7-4698-991b-7ee674b11079
8-2-2026 18:28:44-debug:   Number of other assets: 486
8-2-2026 18:28:44-debug: Init bundle root assets success..., progress: 0%
8-2-2026 18:28:44-debug:   Number of all scenes: 3
8-2-2026 18:28:44-debug:   Number of all scripts: 39
8-2-2026 18:28:44-debug: // ---- build task Query asset bundle ---- (14ms)
8-2-2026 18:28:44-log: run build task Query asset bundle success in 14 ms√, progress: 5%
8-2-2026 18:28:44-debug: [Build Memory track]: Query asset bundle start:233.30MB, end 233.22MB, increase: -77.05KB
8-2-2026 18:28:44-debug: Query asset bundle start, progress: 5%
8-2-2026 18:28:44-debug: // ---- build task Query asset bundle ----
8-2-2026 18:28:44-debug: // ---- build task Query asset bundle ---- (8ms)
8-2-2026 18:28:44-debug: [Build Memory track]: Query asset bundle start:233.25MB, end 232.57MB, increase: -694.45KB
8-2-2026 18:28:44-log: run build task Query asset bundle success in 8 ms√, progress: 10%
8-2-2026 18:28:44-debug: Sort some build options to settings.json start, progress: 10%
8-2-2026 18:28:44-debug: // ---- build task Sort some build options to settings.json ----
8-2-2026 18:28:44-debug: // ---- build task Sort some build options to settings.json ---- (1ms)
8-2-2026 18:28:44-log: run build task Sort some build options to settings.json success in 1 ms√, progress: 12%
8-2-2026 18:28:44-debug: [Build Memory track]: Sort some build options to settings.json start:232.60MB, end 232.62MB, increase: 26.27KB
8-2-2026 18:28:44-debug: Fill script data to settings start, progress: 12%
8-2-2026 18:28:44-debug: // ---- build task Fill script data to settings ----
8-2-2026 18:28:44-debug: // ---- build task Fill script data to settings ---- (5ms)
8-2-2026 18:28:44-log: run build task Fill script data to settings success in 5 ms√, progress: 13%
8-2-2026 18:28:44-debug: [Build Memory track]: Fill script data to settings start:232.65MB, end 232.68MB, increase: 26.32KB
8-2-2026 18:28:44-debug: Sort some build options to settings.json start, progress: 13%
8-2-2026 18:28:44-debug: // ---- build task Sort some build options to settings.json ----
8-2-2026 18:28:44-debug: // ---- build task Sort some build options to settings.json ---- (16ms)
8-2-2026 18:28:44-log: run build task Sort some build options to settings.json success in 16 ms√, progress: 15%
8-2-2026 18:28:44-debug: [Build Memory track]: Sort some build options to settings.json start:232.71MB, end 232.83MB, increase: 131.50KB
8-2-2026 18:29:13-debug: Query all assets info in project
8-2-2026 18:29:13-debug: init custom config: keepNodeUuid: false, useCache: true
8-2-2026 18:29:13-debug: Skip compress image, progress: 0%
8-2-2026 18:29:13-debug: Init all bundles start..., progress: 0%
8-2-2026 18:29:13-debug: // ---- build task Query asset bundle ----
8-2-2026 18:29:13-debug: Num of bundles: 2..., progress: 0%
8-2-2026 18:29:13-debug: Init bundle root assets start..., progress: 0%
8-2-2026 18:29:13-debug: Query asset bundle start, progress: 0%
8-2-2026 18:29:13-debug: Query preload assets/scripts from cc.config.json: 60f7195c-ec2a-45eb-ba94-8955f60e81d0,1c02ae6f-4492-4915-b8f8-7492a3b1e4cd,810e96e4-e456-4468-9b59-f4e8f39732c0,efe8e2a3-eace-427b-b4f1-cb8a937ec77d,e9aa9a3e-5b2b-4ac7-a2c7-073de2b2b24f,8bbdbcdd-5cd4-4100-b6d5-b7c9625b6107,50f4348b-c883-4e2f-8f11-ce233b859fa1,fda095cb-831d-4601-ad94-846013963de8,f92806d7-1768-443f-afe8-12bcde84d0f0,dd3a144d-ab7f-41f0-82b8-2e43a090d496,f0416e68-0200-4b77-a926-4f9d16e494da,511d2633-09a7-4bdd-ac42-f778032124b3,5d45aa00-e064-4938-b314-4265f0c2258c,9361fd90-ba52-4f84-aa93-6e878fd576ca,970b0598-bcb0-4714-91fb-2e81440dccd8,bcd64cc6-2dd9-43f6-abbe-66318d332032,d930590d-bb92-4cc8-8bd1-23cd027f9edf,a3cd009f-0ab0-420d-9278-b9fdab939bbc,6a2d0734-bd9e-4ddf-946e-caa52498cb75,d9937e59-61fe-4ec6-92ab-7ac5a19c89b0,d1346436-ac96-4271-b863-1f4fdead95b0,971bdb23-3ff6-43eb-b422-1c30165a3663,17debcc3-0a6b-4b8a-b00b-dc58b885581e,711ebe11-f673-4cd9-9a83-63c60ba54c5b,c0143906-9aed-447e-9436-2ae8512d1b6e,14da1725-c4c2-42b4-ab08-ee0aeb6898b3,081cab31-dccd-428e-8652-f2404cc81c47,78e0584a-4343-4727-8f37-e14e65c2a2db,871c3b6c-7379-419d-bda3-794b239ab90d,ff9b0199-ce04-4cfe-86cc-6c719f08d6e4,de1c2107-70c8-4021-8459-6399f24d01c6,cbf30902-517f-40dc-af90-a550bac27cf1,5c601d96-e4c7-4698-991b-7ee674b11079
8-2-2026 18:29:13-debug:   Number of all scenes: 3
8-2-2026 18:29:13-debug:   Number of all scripts: 39
8-2-2026 18:29:13-debug: Init bundle root assets success..., progress: 0%
8-2-2026 18:29:13-debug:   Number of other assets: 486
8-2-2026 18:29:13-debug: // ---- build task Query asset bundle ---- (12ms)
8-2-2026 18:29:13-log: run build task Query asset bundle success in 12 ms√, progress: 5%
8-2-2026 18:29:13-debug: Query asset bundle start, progress: 5%
8-2-2026 18:29:13-debug: [Build Memory track]: Query asset bundle start:233.43MB, end 233.38MB, increase: -54.71KB
8-2-2026 18:29:13-debug: // ---- build task Query asset bundle ----
8-2-2026 18:29:13-debug: // ---- build task Query asset bundle ---- (5ms)
8-2-2026 18:29:13-debug: [Build Memory track]: Query asset bundle start:233.41MB, end 232.74MB, increase: -686.02KB
8-2-2026 18:29:13-log: run build task Query asset bundle success in 5 ms√, progress: 10%
8-2-2026 18:29:13-debug: Sort some build options to settings.json start, progress: 10%
8-2-2026 18:29:13-debug: // ---- build task Sort some build options to settings.json ----
8-2-2026 18:29:13-debug: // ---- build task Sort some build options to settings.json ---- (1ms)
8-2-2026 18:29:13-log: run build task Sort some build options to settings.json success in 1 ms√, progress: 12%
8-2-2026 18:29:13-debug: [Build Memory track]: Sort some build options to settings.json start:232.76MB, end 232.79MB, increase: 26.50KB
8-2-2026 18:29:13-debug: Fill script data to settings start, progress: 12%
8-2-2026 18:29:13-debug: // ---- build task Fill script data to settings ----
8-2-2026 18:29:13-debug: // ---- build task Fill script data to settings ---- (2ms)
8-2-2026 18:29:13-log: run build task Fill script data to settings success in 2 ms√, progress: 13%
8-2-2026 18:29:13-debug: [Build Memory track]: Fill script data to settings start:232.82MB, end 232.84MB, increase: 25.84KB
8-2-2026 18:29:13-debug: Sort some build options to settings.json start, progress: 13%
8-2-2026 18:29:13-debug: // ---- build task Sort some build options to settings.json ----
8-2-2026 18:29:13-debug: // ---- build task Sort some build options to settings.json ---- (18ms)
8-2-2026 18:29:13-log: run build task Sort some build options to settings.json success in 18 ms√, progress: 15%
8-2-2026 18:29:13-debug: [Build Memory track]: Sort some build options to settings.json start:232.87MB, end 232.99MB, increase: 125.99KB
8-2-2026 18:29:44-debug: Query all assets info in project
8-2-2026 18:29:44-debug: init custom config: keepNodeUuid: false, useCache: true
8-2-2026 18:29:44-debug: Skip compress image, progress: 0%
8-2-2026 18:29:44-debug: Init all bundles start..., progress: 0%
8-2-2026 18:29:44-debug: Num of bundles: 2..., progress: 0%
8-2-2026 18:29:44-debug: Query asset bundle start, progress: 0%
8-2-2026 18:29:44-debug: Init bundle root assets start..., progress: 0%
8-2-2026 18:29:44-debug: // ---- build task Query asset bundle ----
8-2-2026 18:29:44-debug: Query preload assets/scripts from cc.config.json: 60f7195c-ec2a-45eb-ba94-8955f60e81d0,1c02ae6f-4492-4915-b8f8-7492a3b1e4cd,810e96e4-e456-4468-9b59-f4e8f39732c0,efe8e2a3-eace-427b-b4f1-cb8a937ec77d,e9aa9a3e-5b2b-4ac7-a2c7-073de2b2b24f,8bbdbcdd-5cd4-4100-b6d5-b7c9625b6107,50f4348b-c883-4e2f-8f11-ce233b859fa1,fda095cb-831d-4601-ad94-846013963de8,f92806d7-1768-443f-afe8-12bcde84d0f0,dd3a144d-ab7f-41f0-82b8-2e43a090d496,f0416e68-0200-4b77-a926-4f9d16e494da,511d2633-09a7-4bdd-ac42-f778032124b3,5d45aa00-e064-4938-b314-4265f0c2258c,9361fd90-ba52-4f84-aa93-6e878fd576ca,970b0598-bcb0-4714-91fb-2e81440dccd8,bcd64cc6-2dd9-43f6-abbe-66318d332032,d930590d-bb92-4cc8-8bd1-23cd027f9edf,a3cd009f-0ab0-420d-9278-b9fdab939bbc,6a2d0734-bd9e-4ddf-946e-caa52498cb75,d9937e59-61fe-4ec6-92ab-7ac5a19c89b0,d1346436-ac96-4271-b863-1f4fdead95b0,971bdb23-3ff6-43eb-b422-1c30165a3663,17debcc3-0a6b-4b8a-b00b-dc58b885581e,711ebe11-f673-4cd9-9a83-63c60ba54c5b,c0143906-9aed-447e-9436-2ae8512d1b6e,14da1725-c4c2-42b4-ab08-ee0aeb6898b3,081cab31-dccd-428e-8652-f2404cc81c47,78e0584a-4343-4727-8f37-e14e65c2a2db,871c3b6c-7379-419d-bda3-794b239ab90d,ff9b0199-ce04-4cfe-86cc-6c719f08d6e4,de1c2107-70c8-4021-8459-6399f24d01c6,cbf30902-517f-40dc-af90-a550bac27cf1,5c601d96-e4c7-4698-991b-7ee674b11079
8-2-2026 18:29:44-debug:   Number of all scenes: 3
8-2-2026 18:29:44-debug:   Number of other assets: 486
8-2-2026 18:29:44-debug: Init bundle root assets success..., progress: 0%
8-2-2026 18:29:44-debug:   Number of all scripts: 39
8-2-2026 18:29:44-debug: // ---- build task Query asset bundle ---- (11ms)
8-2-2026 18:29:44-debug: [Build Memory track]: Query asset bundle start:233.52MB, end 233.48MB, increase: -41.28KB
8-2-2026 18:29:44-log: run build task Query asset bundle success in 11 ms√, progress: 5%
8-2-2026 18:29:44-debug: // ---- build task Query asset bundle ----
8-2-2026 18:29:44-debug: Query asset bundle start, progress: 5%
8-2-2026 18:29:44-debug: // ---- build task Query asset bundle ---- (10ms)
8-2-2026 18:29:44-log: run build task Query asset bundle success in 10 ms√, progress: 10%
8-2-2026 18:29:44-debug: [Build Memory track]: Query asset bundle start:233.51MB, end 232.83MB, increase: -696.34KB
8-2-2026 18:29:44-debug: Sort some build options to settings.json start, progress: 10%
8-2-2026 18:29:44-debug: // ---- build task Sort some build options to settings.json ----
8-2-2026 18:29:44-debug: [Build Memory track]: Sort some build options to settings.json start:232.86MB, end 232.88MB, increase: 17.36KB
8-2-2026 18:29:44-log: run build task Sort some build options to settings.json success in √, progress: 12%
8-2-2026 18:29:44-debug: Fill script data to settings start, progress: 12%
8-2-2026 18:29:44-debug: // ---- build task Fill script data to settings ----
8-2-2026 18:29:44-debug: // ---- build task Fill script data to settings ---- (3ms)
8-2-2026 18:29:44-log: run build task Fill script data to settings success in 3 ms√, progress: 13%
8-2-2026 18:29:44-debug: [Build Memory track]: Fill script data to settings start:232.90MB, end 232.93MB, increase: 25.20KB
8-2-2026 18:29:44-debug: Sort some build options to settings.json start, progress: 13%
8-2-2026 18:29:44-debug: // ---- build task Sort some build options to settings.json ----
8-2-2026 18:29:44-debug: // ---- build task Sort some build options to settings.json ---- (14ms)
8-2-2026 18:29:44-log: run build task Sort some build options to settings.json success in 14 ms√, progress: 15%
8-2-2026 18:29:44-debug: [Build Memory track]: Sort some build options to settings.json start:232.96MB, end 233.10MB, increase: 142.23KB
8-2-2026 18:30:12-debug: Query all assets info in project
8-2-2026 18:30:12-debug: init custom config: keepNodeUuid: false, useCache: true
8-2-2026 18:30:12-debug: Skip compress image, progress: 0%
8-2-2026 18:30:12-debug: Init all bundles start..., progress: 0%
8-2-2026 18:30:12-debug: // ---- build task Query asset bundle ----
8-2-2026 18:30:12-debug: Num of bundles: 2..., progress: 0%
8-2-2026 18:30:12-debug: Init bundle root assets start..., progress: 0%
8-2-2026 18:30:12-debug: Query asset bundle start, progress: 0%
8-2-2026 18:30:12-debug: Query preload assets/scripts from cc.config.json: 60f7195c-ec2a-45eb-ba94-8955f60e81d0,1c02ae6f-4492-4915-b8f8-7492a3b1e4cd,810e96e4-e456-4468-9b59-f4e8f39732c0,efe8e2a3-eace-427b-b4f1-cb8a937ec77d,e9aa9a3e-5b2b-4ac7-a2c7-073de2b2b24f,8bbdbcdd-5cd4-4100-b6d5-b7c9625b6107,50f4348b-c883-4e2f-8f11-ce233b859fa1,fda095cb-831d-4601-ad94-846013963de8,f92806d7-1768-443f-afe8-12bcde84d0f0,dd3a144d-ab7f-41f0-82b8-2e43a090d496,f0416e68-0200-4b77-a926-4f9d16e494da,511d2633-09a7-4bdd-ac42-f778032124b3,5d45aa00-e064-4938-b314-4265f0c2258c,9361fd90-ba52-4f84-aa93-6e878fd576ca,970b0598-bcb0-4714-91fb-2e81440dccd8,bcd64cc6-2dd9-43f6-abbe-66318d332032,d930590d-bb92-4cc8-8bd1-23cd027f9edf,a3cd009f-0ab0-420d-9278-b9fdab939bbc,6a2d0734-bd9e-4ddf-946e-caa52498cb75,d9937e59-61fe-4ec6-92ab-7ac5a19c89b0,d1346436-ac96-4271-b863-1f4fdead95b0,971bdb23-3ff6-43eb-b422-1c30165a3663,17debcc3-0a6b-4b8a-b00b-dc58b885581e,711ebe11-f673-4cd9-9a83-63c60ba54c5b,c0143906-9aed-447e-9436-2ae8512d1b6e,14da1725-c4c2-42b4-ab08-ee0aeb6898b3,081cab31-dccd-428e-8652-f2404cc81c47,78e0584a-4343-4727-8f37-e14e65c2a2db,871c3b6c-7379-419d-bda3-794b239ab90d,ff9b0199-ce04-4cfe-86cc-6c719f08d6e4,de1c2107-70c8-4021-8459-6399f24d01c6,cbf30902-517f-40dc-af90-a550bac27cf1,5c601d96-e4c7-4698-991b-7ee674b11079
8-2-2026 18:30:12-debug:   Number of all scenes: 3
8-2-2026 18:30:12-debug:   Number of all scripts: 39
8-2-2026 18:30:12-debug:   Number of other assets: 486
8-2-2026 18:30:12-debug: Init bundle root assets success..., progress: 0%
8-2-2026 18:30:12-debug: // ---- build task Query asset bundle ---- (12ms)
8-2-2026 18:30:12-log: run build task Query asset bundle success in 12 ms√, progress: 5%
8-2-2026 18:30:12-debug: [Build Memory track]: Query asset bundle start:233.63MB, end 233.59MB, increase: -42.57KB
8-2-2026 18:30:12-debug: Query asset bundle start, progress: 5%
8-2-2026 18:30:12-debug: // ---- build task Query asset bundle ----
8-2-2026 18:30:12-debug: // ---- build task Query asset bundle ---- (5ms)
8-2-2026 18:30:12-log: run build task Query asset bundle success in 5 ms√, progress: 10%
8-2-2026 18:30:12-debug: [Build Memory track]: Query asset bundle start:233.62MB, end 232.94MB, increase: -690.96KB
8-2-2026 18:30:12-debug: // ---- build task Sort some build options to settings.json ----
8-2-2026 18:30:12-debug: Sort some build options to settings.json start, progress: 10%
8-2-2026 18:30:12-debug: // ---- build task Sort some build options to settings.json ---- (3ms)
8-2-2026 18:30:12-log: run build task Sort some build options to settings.json success in 3 ms√, progress: 12%
8-2-2026 18:30:12-debug: [Build Memory track]: Sort some build options to settings.json start:232.97MB, end 233.00MB, increase: 26.61KB
8-2-2026 18:30:12-debug: Fill script data to settings start, progress: 12%
8-2-2026 18:30:12-debug: // ---- build task Fill script data to settings ----
8-2-2026 18:30:12-debug: // ---- build task Fill script data to settings ---- (1ms)
8-2-2026 18:30:12-log: run build task Fill script data to settings success in 1 ms√, progress: 13%
8-2-2026 18:30:12-debug: [Build Memory track]: Fill script data to settings start:233.02MB, end 233.05MB, increase: 25.87KB
8-2-2026 18:30:12-debug: Sort some build options to settings.json start, progress: 13%
8-2-2026 18:30:12-debug: // ---- build task Sort some build options to settings.json ----
8-2-2026 18:30:12-debug: // ---- build task Sort some build options to settings.json ---- (16ms)
8-2-2026 18:30:12-log: run build task Sort some build options to settings.json success in 16 ms√, progress: 15%
8-2-2026 18:30:12-debug: [Build Memory track]: Sort some build options to settings.json start:233.08MB, end 233.20MB, increase: 126.01KB
8-2-2026 18:30:42-debug: Query all assets info in project
8-2-2026 18:30:42-debug: Skip compress image, progress: 0%
8-2-2026 18:30:42-debug: init custom config: keepNodeUuid: false, useCache: true
8-2-2026 18:30:42-debug: Init all bundles start..., progress: 0%
8-2-2026 18:30:42-debug: Num of bundles: 2..., progress: 0%
8-2-2026 18:30:42-debug: Query asset bundle start, progress: 0%
8-2-2026 18:30:42-debug: Init bundle root assets start..., progress: 0%
8-2-2026 18:30:42-debug: // ---- build task Query asset bundle ----
8-2-2026 18:30:42-debug: Query preload assets/scripts from cc.config.json: 60f7195c-ec2a-45eb-ba94-8955f60e81d0,1c02ae6f-4492-4915-b8f8-7492a3b1e4cd,810e96e4-e456-4468-9b59-f4e8f39732c0,efe8e2a3-eace-427b-b4f1-cb8a937ec77d,e9aa9a3e-5b2b-4ac7-a2c7-073de2b2b24f,8bbdbcdd-5cd4-4100-b6d5-b7c9625b6107,50f4348b-c883-4e2f-8f11-ce233b859fa1,fda095cb-831d-4601-ad94-846013963de8,f92806d7-1768-443f-afe8-12bcde84d0f0,dd3a144d-ab7f-41f0-82b8-2e43a090d496,f0416e68-0200-4b77-a926-4f9d16e494da,511d2633-09a7-4bdd-ac42-f778032124b3,5d45aa00-e064-4938-b314-4265f0c2258c,9361fd90-ba52-4f84-aa93-6e878fd576ca,970b0598-bcb0-4714-91fb-2e81440dccd8,bcd64cc6-2dd9-43f6-abbe-66318d332032,d930590d-bb92-4cc8-8bd1-23cd027f9edf,a3cd009f-0ab0-420d-9278-b9fdab939bbc,6a2d0734-bd9e-4ddf-946e-caa52498cb75,d9937e59-61fe-4ec6-92ab-7ac5a19c89b0,d1346436-ac96-4271-b863-1f4fdead95b0,971bdb23-3ff6-43eb-b422-1c30165a3663,17debcc3-0a6b-4b8a-b00b-dc58b885581e,711ebe11-f673-4cd9-9a83-63c60ba54c5b,c0143906-9aed-447e-9436-2ae8512d1b6e,14da1725-c4c2-42b4-ab08-ee0aeb6898b3,081cab31-dccd-428e-8652-f2404cc81c47,78e0584a-4343-4727-8f37-e14e65c2a2db,871c3b6c-7379-419d-bda3-794b239ab90d,ff9b0199-ce04-4cfe-86cc-6c719f08d6e4,de1c2107-70c8-4021-8459-6399f24d01c6,cbf30902-517f-40dc-af90-a550bac27cf1,5c601d96-e4c7-4698-991b-7ee674b11079
8-2-2026 18:30:42-debug:   Number of all scenes: 3
8-2-2026 18:30:42-debug:   Number of all scripts: 39
8-2-2026 18:30:42-debug: Init bundle root assets success..., progress: 0%
8-2-2026 18:30:42-debug:   Number of other assets: 486
8-2-2026 18:30:42-debug: // ---- build task Query asset bundle ---- (14ms)
8-2-2026 18:30:42-log: run build task Query asset bundle success in 14 ms√, progress: 5%
8-2-2026 18:30:42-debug: [Build Memory track]: Query asset bundle start:233.72MB, end 233.69MB, increase: -30.21KB
8-2-2026 18:30:42-debug: // ---- build task Query asset bundle ----
8-2-2026 18:30:42-debug: Query asset bundle start, progress: 5%
8-2-2026 18:30:42-debug: // ---- build task Query asset bundle ---- (9ms)
8-2-2026 18:30:42-log: run build task Query asset bundle success in 9 ms√, progress: 10%
8-2-2026 18:30:42-debug: Sort some build options to settings.json start, progress: 10%
8-2-2026 18:30:42-debug: [Build Memory track]: Query asset bundle start:233.72MB, end 233.06MB, increase: -672.26KB
8-2-2026 18:30:42-debug: // ---- build task Sort some build options to settings.json ----
8-2-2026 18:30:42-log: run build task Sort some build options to settings.json success in 2 ms√, progress: 12%
8-2-2026 18:30:42-debug: [Build Memory track]: Sort some build options to settings.json start:233.09MB, end 233.12MB, increase: 26.50KB
8-2-2026 18:30:42-debug: // ---- build task Sort some build options to settings.json ---- (2ms)
8-2-2026 18:30:42-debug: Fill script data to settings start, progress: 12%
8-2-2026 18:30:42-debug: // ---- build task Fill script data to settings ----
8-2-2026 18:30:42-debug: // ---- build task Fill script data to settings ---- (3ms)
8-2-2026 18:30:42-log: run build task Fill script data to settings success in 3 ms√, progress: 13%
8-2-2026 18:30:42-debug: [Build Memory track]: Fill script data to settings start:233.15MB, end 233.17MB, increase: 25.98KB
8-2-2026 18:30:42-debug: // ---- build task Sort some build options to settings.json ----
8-2-2026 18:30:42-debug: Sort some build options to settings.json start, progress: 13%
8-2-2026 18:30:42-debug: // ---- build task Sort some build options to settings.json ---- (17ms)
8-2-2026 18:30:42-log: run build task Sort some build options to settings.json success in 17 ms√, progress: 15%
8-2-2026 18:30:42-debug: [Build Memory track]: Sort some build options to settings.json start:233.20MB, end 233.33MB, increase: 135.57KB
8-2-2026 18:31:12-debug: Query all assets info in project
8-2-2026 18:31:12-debug: init custom config: keepNodeUuid: false, useCache: true
8-2-2026 18:31:12-debug: Skip compress image, progress: 0%
8-2-2026 18:31:12-debug: Init all bundles start..., progress: 0%
8-2-2026 18:31:12-debug: Num of bundles: 2..., progress: 0%
8-2-2026 18:31:12-debug: Query asset bundle start, progress: 0%
8-2-2026 18:31:12-debug: // ---- build task Query asset bundle ----
8-2-2026 18:31:12-debug: Init bundle root assets start..., progress: 0%
8-2-2026 18:31:12-debug: Query preload assets/scripts from cc.config.json: 60f7195c-ec2a-45eb-ba94-8955f60e81d0,1c02ae6f-4492-4915-b8f8-7492a3b1e4cd,810e96e4-e456-4468-9b59-f4e8f39732c0,efe8e2a3-eace-427b-b4f1-cb8a937ec77d,e9aa9a3e-5b2b-4ac7-a2c7-073de2b2b24f,8bbdbcdd-5cd4-4100-b6d5-b7c9625b6107,50f4348b-c883-4e2f-8f11-ce233b859fa1,fda095cb-831d-4601-ad94-846013963de8,f92806d7-1768-443f-afe8-12bcde84d0f0,dd3a144d-ab7f-41f0-82b8-2e43a090d496,f0416e68-0200-4b77-a926-4f9d16e494da,511d2633-09a7-4bdd-ac42-f778032124b3,5d45aa00-e064-4938-b314-4265f0c2258c,9361fd90-ba52-4f84-aa93-6e878fd576ca,970b0598-bcb0-4714-91fb-2e81440dccd8,bcd64cc6-2dd9-43f6-abbe-66318d332032,d930590d-bb92-4cc8-8bd1-23cd027f9edf,a3cd009f-0ab0-420d-9278-b9fdab939bbc,6a2d0734-bd9e-4ddf-946e-caa52498cb75,d9937e59-61fe-4ec6-92ab-7ac5a19c89b0,d1346436-ac96-4271-b863-1f4fdead95b0,971bdb23-3ff6-43eb-b422-1c30165a3663,17debcc3-0a6b-4b8a-b00b-dc58b885581e,711ebe11-f673-4cd9-9a83-63c60ba54c5b,c0143906-9aed-447e-9436-2ae8512d1b6e,14da1725-c4c2-42b4-ab08-ee0aeb6898b3,081cab31-dccd-428e-8652-f2404cc81c47,78e0584a-4343-4727-8f37-e14e65c2a2db,871c3b6c-7379-419d-bda3-794b239ab90d,ff9b0199-ce04-4cfe-86cc-6c719f08d6e4,de1c2107-70c8-4021-8459-6399f24d01c6,cbf30902-517f-40dc-af90-a550bac27cf1,5c601d96-e4c7-4698-991b-7ee674b11079
8-2-2026 18:31:12-debug:   Number of other assets: 486
8-2-2026 18:31:12-debug: Init bundle root assets success..., progress: 0%
8-2-2026 18:31:12-debug:   Number of all scripts: 39
8-2-2026 18:31:12-debug:   Number of all scenes: 3
8-2-2026 18:31:12-log: run build task Query asset bundle success in 10 ms√, progress: 5%
8-2-2026 18:31:12-debug: [Build Memory track]: Query asset bundle start:233.85MB, end 233.80MB, increase: -53.28KB
8-2-2026 18:31:12-debug: Query asset bundle start, progress: 5%
8-2-2026 18:31:12-debug: // ---- build task Query asset bundle ---- (10ms)
8-2-2026 18:31:12-debug: // ---- build task Query asset bundle ----
8-2-2026 18:31:12-debug: // ---- build task Query asset bundle ---- (5ms)
8-2-2026 18:31:12-debug: Sort some build options to settings.json start, progress: 10%
8-2-2026 18:31:12-debug: [Build Memory track]: Query asset bundle start:233.82MB, end 233.15MB, increase: -686.82KB
8-2-2026 18:31:12-log: run build task Query asset bundle success in 5 ms√, progress: 10%
8-2-2026 18:31:12-debug: // ---- build task Sort some build options to settings.json ----
8-2-2026 18:31:12-debug: // ---- build task Sort some build options to settings.json ---- (3ms)
8-2-2026 18:31:12-log: run build task Sort some build options to settings.json success in 3 ms√, progress: 12%
8-2-2026 18:31:12-debug: [Build Memory track]: Sort some build options to settings.json start:233.18MB, end 233.21MB, increase: 26.64KB
8-2-2026 18:31:12-debug: Fill script data to settings start, progress: 12%
8-2-2026 18:31:12-debug: // ---- build task Fill script data to settings ----
8-2-2026 18:31:12-debug: // ---- build task Fill script data to settings ---- (4ms)
8-2-2026 18:31:12-log: run build task Fill script data to settings success in 4 ms√, progress: 13%
8-2-2026 18:31:12-debug: [Build Memory track]: Fill script data to settings start:233.24MB, end 233.26MB, increase: 25.84KB
8-2-2026 18:31:12-debug: Sort some build options to settings.json start, progress: 13%
8-2-2026 18:31:12-debug: // ---- build task Sort some build options to settings.json ----
8-2-2026 18:31:12-debug: // ---- build task Sort some build options to settings.json ---- (11ms)
8-2-2026 18:31:12-log: run build task Sort some build options to settings.json success in 11 ms√, progress: 15%
8-2-2026 18:31:12-debug: [Build Memory track]: Sort some build options to settings.json start:233.29MB, end 233.41MB, increase: 126.12KB
8-2-2026 18:31:42-debug: Query all assets info in project
8-2-2026 18:31:42-debug: init custom config: keepNodeUuid: false, useCache: true
8-2-2026 18:31:42-debug: Skip compress image, progress: 0%
8-2-2026 18:31:42-debug: Init all bundles start..., progress: 0%
8-2-2026 18:31:42-debug: Num of bundles: 2..., progress: 0%
8-2-2026 18:31:42-debug: Query asset bundle start, progress: 0%
8-2-2026 18:31:42-debug: Init bundle root assets start..., progress: 0%
8-2-2026 18:31:42-debug: // ---- build task Query asset bundle ----
8-2-2026 18:31:42-debug: Query preload assets/scripts from cc.config.json: 60f7195c-ec2a-45eb-ba94-8955f60e81d0,1c02ae6f-4492-4915-b8f8-7492a3b1e4cd,810e96e4-e456-4468-9b59-f4e8f39732c0,efe8e2a3-eace-427b-b4f1-cb8a937ec77d,e9aa9a3e-5b2b-4ac7-a2c7-073de2b2b24f,8bbdbcdd-5cd4-4100-b6d5-b7c9625b6107,50f4348b-c883-4e2f-8f11-ce233b859fa1,fda095cb-831d-4601-ad94-846013963de8,f92806d7-1768-443f-afe8-12bcde84d0f0,dd3a144d-ab7f-41f0-82b8-2e43a090d496,f0416e68-0200-4b77-a926-4f9d16e494da,511d2633-09a7-4bdd-ac42-f778032124b3,5d45aa00-e064-4938-b314-4265f0c2258c,9361fd90-ba52-4f84-aa93-6e878fd576ca,970b0598-bcb0-4714-91fb-2e81440dccd8,bcd64cc6-2dd9-43f6-abbe-66318d332032,d930590d-bb92-4cc8-8bd1-23cd027f9edf,a3cd009f-0ab0-420d-9278-b9fdab939bbc,6a2d0734-bd9e-4ddf-946e-caa52498cb75,d9937e59-61fe-4ec6-92ab-7ac5a19c89b0,d1346436-ac96-4271-b863-1f4fdead95b0,971bdb23-3ff6-43eb-b422-1c30165a3663,17debcc3-0a6b-4b8a-b00b-dc58b885581e,711ebe11-f673-4cd9-9a83-63c60ba54c5b,c0143906-9aed-447e-9436-2ae8512d1b6e,14da1725-c4c2-42b4-ab08-ee0aeb6898b3,081cab31-dccd-428e-8652-f2404cc81c47,78e0584a-4343-4727-8f37-e14e65c2a2db,871c3b6c-7379-419d-bda3-794b239ab90d,ff9b0199-ce04-4cfe-86cc-6c719f08d6e4,de1c2107-70c8-4021-8459-6399f24d01c6,cbf30902-517f-40dc-af90-a550bac27cf1,5c601d96-e4c7-4698-991b-7ee674b11079
8-2-2026 18:31:42-debug:   Number of all scripts: 39
8-2-2026 18:31:42-debug:   Number of other assets: 486
8-2-2026 18:31:42-debug: Init bundle root assets success..., progress: 0%
8-2-2026 18:31:42-debug:   Number of all scenes: 3
8-2-2026 18:31:42-debug: // ---- build task Query asset bundle ---- (14ms)
8-2-2026 18:31:42-log: run build task Query asset bundle success in 14 ms√, progress: 5%
8-2-2026 18:31:42-debug: [Build Memory track]: Query asset bundle start:233.94MB, end 233.91MB, increase: -25.18KB
8-2-2026 18:31:42-debug: Query asset bundle start, progress: 5%
8-2-2026 18:31:42-debug: // ---- build task Query asset bundle ----
8-2-2026 18:31:42-debug: // ---- build task Query asset bundle ---- (7ms)
8-2-2026 18:31:42-debug: [Build Memory track]: Query asset bundle start:233.94MB, end 233.26MB, increase: -696.32KB
8-2-2026 18:31:42-debug: Sort some build options to settings.json start, progress: 10%
8-2-2026 18:31:42-debug: // ---- build task Sort some build options to settings.json ----
8-2-2026 18:31:42-log: run build task Query asset bundle success in 7 ms√, progress: 10%
8-2-2026 18:31:42-debug: // ---- build task Sort some build options to settings.json ---- (3ms)
8-2-2026 18:31:42-debug: [Build Memory track]: Sort some build options to settings.json start:233.29MB, end 233.31MB, increase: 26.32KB
8-2-2026 18:31:42-debug: Fill script data to settings start, progress: 12%
8-2-2026 18:31:42-log: run build task Sort some build options to settings.json success in 3 ms√, progress: 12%
8-2-2026 18:31:42-debug: // ---- build task Fill script data to settings ----
8-2-2026 18:31:42-debug: // ---- build task Fill script data to settings ---- (1ms)
8-2-2026 18:31:42-log: run build task Fill script data to settings success in 1 ms√, progress: 13%
8-2-2026 18:31:42-debug: [Build Memory track]: Fill script data to settings start:233.34MB, end 233.37MB, increase: 25.74KB
8-2-2026 18:31:42-debug: Sort some build options to settings.json start, progress: 13%
8-2-2026 18:31:42-debug: // ---- build task Sort some build options to settings.json ----
8-2-2026 18:31:42-debug: // ---- build task Sort some build options to settings.json ---- (21ms)
8-2-2026 18:31:42-debug: [Build Memory track]: Sort some build options to settings.json start:233.39MB, end 233.52MB, increase: 132.71KB
8-2-2026 18:31:42-log: run build task Sort some build options to settings.json success in 21 ms√, progress: 15%
8-2-2026 18:32:14-debug: Query all assets info in project
8-2-2026 18:32:14-debug: init custom config: keepNodeUuid: false, useCache: true
8-2-2026 18:32:14-debug: Skip compress image, progress: 0%
8-2-2026 18:32:14-debug: Init all bundles start..., progress: 0%
8-2-2026 18:32:14-debug: Num of bundles: 2..., progress: 0%
8-2-2026 18:32:14-debug: // ---- build task Query asset bundle ----
8-2-2026 18:32:14-debug: Init bundle root assets start..., progress: 0%
8-2-2026 18:32:14-debug: Query asset bundle start, progress: 0%
8-2-2026 18:32:14-debug: Query preload assets/scripts from cc.config.json: 60f7195c-ec2a-45eb-ba94-8955f60e81d0,1c02ae6f-4492-4915-b8f8-7492a3b1e4cd,810e96e4-e456-4468-9b59-f4e8f39732c0,efe8e2a3-eace-427b-b4f1-cb8a937ec77d,e9aa9a3e-5b2b-4ac7-a2c7-073de2b2b24f,8bbdbcdd-5cd4-4100-b6d5-b7c9625b6107,50f4348b-c883-4e2f-8f11-ce233b859fa1,fda095cb-831d-4601-ad94-846013963de8,f92806d7-1768-443f-afe8-12bcde84d0f0,dd3a144d-ab7f-41f0-82b8-2e43a090d496,f0416e68-0200-4b77-a926-4f9d16e494da,511d2633-09a7-4bdd-ac42-f778032124b3,5d45aa00-e064-4938-b314-4265f0c2258c,9361fd90-ba52-4f84-aa93-6e878fd576ca,970b0598-bcb0-4714-91fb-2e81440dccd8,bcd64cc6-2dd9-43f6-abbe-66318d332032,d930590d-bb92-4cc8-8bd1-23cd027f9edf,a3cd009f-0ab0-420d-9278-b9fdab939bbc,6a2d0734-bd9e-4ddf-946e-caa52498cb75,d9937e59-61fe-4ec6-92ab-7ac5a19c89b0,d1346436-ac96-4271-b863-1f4fdead95b0,971bdb23-3ff6-43eb-b422-1c30165a3663,17debcc3-0a6b-4b8a-b00b-dc58b885581e,711ebe11-f673-4cd9-9a83-63c60ba54c5b,c0143906-9aed-447e-9436-2ae8512d1b6e,14da1725-c4c2-42b4-ab08-ee0aeb6898b3,081cab31-dccd-428e-8652-f2404cc81c47,78e0584a-4343-4727-8f37-e14e65c2a2db,871c3b6c-7379-419d-bda3-794b239ab90d,ff9b0199-ce04-4cfe-86cc-6c719f08d6e4,de1c2107-70c8-4021-8459-6399f24d01c6,cbf30902-517f-40dc-af90-a550bac27cf1,5c601d96-e4c7-4698-991b-7ee674b11079
8-2-2026 18:32:14-debug:   Number of other assets: 486
8-2-2026 18:32:14-debug:   Number of all scenes: 3
8-2-2026 18:32:14-debug:   Number of all scripts: 39
8-2-2026 18:32:14-debug: Init bundle root assets success..., progress: 0%
8-2-2026 18:32:14-debug: // ---- build task Query asset bundle ---- (14ms)
8-2-2026 18:32:14-debug: Query asset bundle start, progress: 5%
8-2-2026 18:32:14-debug: [Build Memory track]: Query asset bundle start:234.07MB, end 234.02MB, increase: -56.16KB
8-2-2026 18:32:14-log: run build task Query asset bundle success in 14 ms√, progress: 5%
8-2-2026 18:32:14-debug: // ---- build task Query asset bundle ----
8-2-2026 18:32:14-debug: // ---- build task Query asset bundle ---- (7ms)
8-2-2026 18:32:14-debug: [Build Memory track]: Query asset bundle start:234.04MB, end 233.36MB, increase: -697.24KB
8-2-2026 18:32:14-debug: Sort some build options to settings.json start, progress: 10%
8-2-2026 18:32:14-log: run build task Query asset bundle success in 7 ms√, progress: 10%
8-2-2026 18:32:14-debug: // ---- build task Sort some build options to settings.json ----
8-2-2026 18:32:14-debug: // ---- build task Sort some build options to settings.json ---- (3ms)
8-2-2026 18:32:14-debug: Fill script data to settings start, progress: 12%
8-2-2026 18:32:14-debug: [Build Memory track]: Sort some build options to settings.json start:233.39MB, end 233.42MB, increase: 26.43KB
8-2-2026 18:32:14-log: run build task Sort some build options to settings.json success in 3 ms√, progress: 12%
8-2-2026 18:32:14-debug: // ---- build task Fill script data to settings ----
8-2-2026 18:32:14-debug: // ---- build task Fill script data to settings ---- (8ms)
8-2-2026 18:32:14-log: run build task Fill script data to settings success in 8 ms√, progress: 13%
8-2-2026 18:32:14-debug: [Build Memory track]: Fill script data to settings start:233.44MB, end 233.47MB, increase: 25.71KB
8-2-2026 18:32:14-debug: Sort some build options to settings.json start, progress: 13%
8-2-2026 18:32:14-debug: // ---- build task Sort some build options to settings.json ----
8-2-2026 18:32:14-debug: // ---- build task Sort some build options to settings.json ---- (16ms)
8-2-2026 18:32:14-log: run build task Sort some build options to settings.json success in 16 ms√, progress: 15%
8-2-2026 18:32:14-debug: [Build Memory track]: Sort some build options to settings.json start:233.50MB, end 233.63MB, increase: 133.18KB
8-2-2026 18:32:44-debug: Query all assets info in project
8-2-2026 18:32:44-debug: init custom config: keepNodeUuid: false, useCache: true
8-2-2026 18:32:44-debug: Skip compress image, progress: 0%
8-2-2026 18:32:44-debug: Init all bundles start..., progress: 0%
8-2-2026 18:32:44-debug: Num of bundles: 2..., progress: 0%
8-2-2026 18:32:44-debug: Query asset bundle start, progress: 0%
8-2-2026 18:32:44-debug: Init bundle root assets start..., progress: 0%
8-2-2026 18:32:44-debug: // ---- build task Query asset bundle ----
8-2-2026 18:32:44-debug: Query preload assets/scripts from cc.config.json: 60f7195c-ec2a-45eb-ba94-8955f60e81d0,1c02ae6f-4492-4915-b8f8-7492a3b1e4cd,810e96e4-e456-4468-9b59-f4e8f39732c0,efe8e2a3-eace-427b-b4f1-cb8a937ec77d,e9aa9a3e-5b2b-4ac7-a2c7-073de2b2b24f,8bbdbcdd-5cd4-4100-b6d5-b7c9625b6107,50f4348b-c883-4e2f-8f11-ce233b859fa1,fda095cb-831d-4601-ad94-846013963de8,f92806d7-1768-443f-afe8-12bcde84d0f0,dd3a144d-ab7f-41f0-82b8-2e43a090d496,f0416e68-0200-4b77-a926-4f9d16e494da,511d2633-09a7-4bdd-ac42-f778032124b3,5d45aa00-e064-4938-b314-4265f0c2258c,9361fd90-ba52-4f84-aa93-6e878fd576ca,970b0598-bcb0-4714-91fb-2e81440dccd8,bcd64cc6-2dd9-43f6-abbe-66318d332032,d930590d-bb92-4cc8-8bd1-23cd027f9edf,a3cd009f-0ab0-420d-9278-b9fdab939bbc,6a2d0734-bd9e-4ddf-946e-caa52498cb75,d9937e59-61fe-4ec6-92ab-7ac5a19c89b0,d1346436-ac96-4271-b863-1f4fdead95b0,971bdb23-3ff6-43eb-b422-1c30165a3663,17debcc3-0a6b-4b8a-b00b-dc58b885581e,711ebe11-f673-4cd9-9a83-63c60ba54c5b,c0143906-9aed-447e-9436-2ae8512d1b6e,14da1725-c4c2-42b4-ab08-ee0aeb6898b3,081cab31-dccd-428e-8652-f2404cc81c47,78e0584a-4343-4727-8f37-e14e65c2a2db,871c3b6c-7379-419d-bda3-794b239ab90d,ff9b0199-ce04-4cfe-86cc-6c719f08d6e4,de1c2107-70c8-4021-8459-6399f24d01c6,cbf30902-517f-40dc-af90-a550bac27cf1,5c601d96-e4c7-4698-991b-7ee674b11079
8-2-2026 18:32:44-debug:   Number of other assets: 486
8-2-2026 18:32:44-debug: Init bundle root assets success..., progress: 0%
8-2-2026 18:32:44-debug:   Number of all scenes: 3
8-2-2026 18:32:44-debug:   Number of all scripts: 39
8-2-2026 18:32:44-debug: // ---- build task Query asset bundle ---- (16ms)
8-2-2026 18:32:44-log: run build task Query asset bundle success in 16 ms√, progress: 5%
8-2-2026 18:32:44-debug: [Build Memory track]: Query asset bundle start:234.17MB, end 234.12MB, increase: -54.63KB
8-2-2026 18:32:44-debug: Query asset bundle start, progress: 5%
8-2-2026 18:32:44-debug: // ---- build task Query asset bundle ----
8-2-2026 18:32:44-debug: // ---- build task Query asset bundle ---- (6ms)
8-2-2026 18:32:44-log: run build task Query asset bundle success in 6 ms√, progress: 10%
8-2-2026 18:32:44-debug: [Build Memory track]: Query asset bundle start:234.15MB, end 233.47MB, increase: -691.30KB
8-2-2026 18:32:44-debug: Sort some build options to settings.json start, progress: 10%
8-2-2026 18:32:44-debug: // ---- build task Sort some build options to settings.json ----
8-2-2026 18:32:44-debug: // ---- build task Sort some build options to settings.json ---- (4ms)
8-2-2026 18:32:44-log: run build task Sort some build options to settings.json success in 4 ms√, progress: 12%
8-2-2026 18:32:44-debug: [Build Memory track]: Sort some build options to settings.json start:233.50MB, end 233.53MB, increase: 26.43KB
8-2-2026 18:32:44-debug: Fill script data to settings start, progress: 12%
8-2-2026 18:32:44-debug: // ---- build task Fill script data to settings ----
8-2-2026 18:32:44-debug: // ---- build task Fill script data to settings ---- (2ms)
8-2-2026 18:32:44-debug: Sort some build options to settings.json start, progress: 13%
8-2-2026 18:32:44-log: run build task Fill script data to settings success in 2 ms√, progress: 13%
8-2-2026 18:32:44-debug: [Build Memory track]: Fill script data to settings start:233.56MB, end 233.58MB, increase: 25.85KB
8-2-2026 18:32:44-debug: // ---- build task Sort some build options to settings.json ----
8-2-2026 18:32:45-debug: // ---- build task Sort some build options to settings.json ---- (17ms)
8-2-2026 18:32:45-debug: [Build Memory track]: Sort some build options to settings.json start:233.61MB, end 233.73MB, increase: 127.49KB
8-2-2026 18:32:45-log: run build task Sort some build options to settings.json success in 17 ms√, progress: 15%
8-2-2026 18:33:14-debug: Query all assets info in project
8-2-2026 18:33:14-debug: init custom config: keepNodeUuid: false, useCache: true
8-2-2026 18:33:14-debug: Skip compress image, progress: 0%
8-2-2026 18:33:14-debug: Init all bundles start..., progress: 0%
8-2-2026 18:33:14-debug: Num of bundles: 2..., progress: 0%
8-2-2026 18:33:14-debug: Query asset bundle start, progress: 0%
8-2-2026 18:33:14-debug: // ---- build task Query asset bundle ----
8-2-2026 18:33:14-debug: Init bundle root assets start..., progress: 0%
8-2-2026 18:33:14-debug: Query preload assets/scripts from cc.config.json: 60f7195c-ec2a-45eb-ba94-8955f60e81d0,1c02ae6f-4492-4915-b8f8-7492a3b1e4cd,810e96e4-e456-4468-9b59-f4e8f39732c0,efe8e2a3-eace-427b-b4f1-cb8a937ec77d,e9aa9a3e-5b2b-4ac7-a2c7-073de2b2b24f,8bbdbcdd-5cd4-4100-b6d5-b7c9625b6107,50f4348b-c883-4e2f-8f11-ce233b859fa1,fda095cb-831d-4601-ad94-846013963de8,f92806d7-1768-443f-afe8-12bcde84d0f0,dd3a144d-ab7f-41f0-82b8-2e43a090d496,f0416e68-0200-4b77-a926-4f9d16e494da,511d2633-09a7-4bdd-ac42-f778032124b3,5d45aa00-e064-4938-b314-4265f0c2258c,9361fd90-ba52-4f84-aa93-6e878fd576ca,970b0598-bcb0-4714-91fb-2e81440dccd8,bcd64cc6-2dd9-43f6-abbe-66318d332032,d930590d-bb92-4cc8-8bd1-23cd027f9edf,a3cd009f-0ab0-420d-9278-b9fdab939bbc,6a2d0734-bd9e-4ddf-946e-caa52498cb75,d9937e59-61fe-4ec6-92ab-7ac5a19c89b0,d1346436-ac96-4271-b863-1f4fdead95b0,971bdb23-3ff6-43eb-b422-1c30165a3663,17debcc3-0a6b-4b8a-b00b-dc58b885581e,711ebe11-f673-4cd9-9a83-63c60ba54c5b,c0143906-9aed-447e-9436-2ae8512d1b6e,14da1725-c4c2-42b4-ab08-ee0aeb6898b3,081cab31-dccd-428e-8652-f2404cc81c47,78e0584a-4343-4727-8f37-e14e65c2a2db,871c3b6c-7379-419d-bda3-794b239ab90d,ff9b0199-ce04-4cfe-86cc-6c719f08d6e4,de1c2107-70c8-4021-8459-6399f24d01c6,cbf30902-517f-40dc-af90-a550bac27cf1,5c601d96-e4c7-4698-991b-7ee674b11079
8-2-2026 18:33:14-debug:   Number of all scenes: 3
8-2-2026 18:33:14-debug:   Number of all scripts: 39
8-2-2026 18:33:14-debug: Init bundle root assets success..., progress: 0%
8-2-2026 18:33:14-debug:   Number of other assets: 486
8-2-2026 18:33:14-debug: // ---- build task Query asset bundle ---- (12ms)
8-2-2026 18:33:14-log: run build task Query asset bundle success in 12 ms√, progress: 5%
8-2-2026 18:33:14-debug: [Build Memory track]: Query asset bundle start:234.28MB, end 234.23MB, increase: -55.24KB
8-2-2026 18:33:14-debug: Query asset bundle start, progress: 5%
8-2-2026 18:33:14-debug: // ---- build task Query asset bundle ----
8-2-2026 18:33:14-debug: // ---- build task Query asset bundle ---- (6ms)
8-2-2026 18:33:14-log: run build task Query asset bundle success in 6 ms√, progress: 10%
8-2-2026 18:33:14-debug: [Build Memory track]: Query asset bundle start:234.26MB, end 233.58MB, increase: -699.10KB
8-2-2026 18:33:14-debug: // ---- build task Sort some build options to settings.json ----
8-2-2026 18:33:14-debug: Sort some build options to settings.json start, progress: 10%
8-2-2026 18:33:14-debug: // ---- build task Sort some build options to settings.json ---- (1ms)
8-2-2026 18:33:14-log: run build task Sort some build options to settings.json success in 1 ms√, progress: 12%
8-2-2026 18:33:14-debug: [Build Memory track]: Sort some build options to settings.json start:233.60MB, end 233.63MB, increase: 26.35KB
8-2-2026 18:33:14-debug: Fill script data to settings start, progress: 12%
8-2-2026 18:33:14-debug: // ---- build task Fill script data to settings ----
8-2-2026 18:33:14-debug: // ---- build task Fill script data to settings ---- (3ms)
8-2-2026 18:33:14-log: run build task Fill script data to settings success in 3 ms√, progress: 13%
8-2-2026 18:33:14-debug: // ---- build task Sort some build options to settings.json ----
8-2-2026 18:33:14-debug: [Build Memory track]: Fill script data to settings start:233.66MB, end 233.68MB, increase: 25.71KB
8-2-2026 18:33:14-debug: Sort some build options to settings.json start, progress: 13%
8-2-2026 18:33:14-debug: // ---- build task Sort some build options to settings.json ---- (18ms)
8-2-2026 18:33:14-log: run build task Sort some build options to settings.json success in 18 ms√, progress: 15%
8-2-2026 18:33:14-debug: [Build Memory track]: Sort some build options to settings.json start:233.71MB, end 233.84MB, increase: 135.03KB
8-2-2026 18:33:43-debug: Query all assets info in project
8-2-2026 18:33:43-debug: init custom config: keepNodeUuid: false, useCache: true
8-2-2026 18:33:43-debug: Skip compress image, progress: 0%
8-2-2026 18:33:43-debug: Init all bundles start..., progress: 0%
8-2-2026 18:33:43-debug: Query asset bundle start, progress: 0%
8-2-2026 18:33:43-debug: // ---- build task Query asset bundle ----
8-2-2026 18:33:43-debug: Num of bundles: 2..., progress: 0%
8-2-2026 18:33:43-debug: Init bundle root assets start..., progress: 0%
8-2-2026 18:33:43-debug: Query preload assets/scripts from cc.config.json: 60f7195c-ec2a-45eb-ba94-8955f60e81d0,1c02ae6f-4492-4915-b8f8-7492a3b1e4cd,810e96e4-e456-4468-9b59-f4e8f39732c0,efe8e2a3-eace-427b-b4f1-cb8a937ec77d,e9aa9a3e-5b2b-4ac7-a2c7-073de2b2b24f,8bbdbcdd-5cd4-4100-b6d5-b7c9625b6107,50f4348b-c883-4e2f-8f11-ce233b859fa1,fda095cb-831d-4601-ad94-846013963de8,f92806d7-1768-443f-afe8-12bcde84d0f0,dd3a144d-ab7f-41f0-82b8-2e43a090d496,f0416e68-0200-4b77-a926-4f9d16e494da,511d2633-09a7-4bdd-ac42-f778032124b3,5d45aa00-e064-4938-b314-4265f0c2258c,9361fd90-ba52-4f84-aa93-6e878fd576ca,970b0598-bcb0-4714-91fb-2e81440dccd8,bcd64cc6-2dd9-43f6-abbe-66318d332032,d930590d-bb92-4cc8-8bd1-23cd027f9edf,a3cd009f-0ab0-420d-9278-b9fdab939bbc,6a2d0734-bd9e-4ddf-946e-caa52498cb75,d9937e59-61fe-4ec6-92ab-7ac5a19c89b0,d1346436-ac96-4271-b863-1f4fdead95b0,971bdb23-3ff6-43eb-b422-1c30165a3663,17debcc3-0a6b-4b8a-b00b-dc58b885581e,711ebe11-f673-4cd9-9a83-63c60ba54c5b,c0143906-9aed-447e-9436-2ae8512d1b6e,14da1725-c4c2-42b4-ab08-ee0aeb6898b3,081cab31-dccd-428e-8652-f2404cc81c47,78e0584a-4343-4727-8f37-e14e65c2a2db,871c3b6c-7379-419d-bda3-794b239ab90d,ff9b0199-ce04-4cfe-86cc-6c719f08d6e4,de1c2107-70c8-4021-8459-6399f24d01c6,cbf30902-517f-40dc-af90-a550bac27cf1,5c601d96-e4c7-4698-991b-7ee674b11079
8-2-2026 18:33:43-debug:   Number of all scenes: 3
8-2-2026 18:33:43-debug:   Number of other assets: 486
8-2-2026 18:33:43-debug:   Number of all scripts: 39
8-2-2026 18:33:43-debug: Init bundle root assets success..., progress: 0%
8-2-2026 18:33:43-debug: // ---- build task Query asset bundle ---- (14ms)
8-2-2026 18:33:43-log: run build task Query asset bundle success in 14 ms√, progress: 5%
8-2-2026 18:33:43-debug: [Build Memory track]: Query asset bundle start:234.36MB, end 234.34MB, increase: -20.93KB
8-2-2026 18:33:43-debug: Query asset bundle start, progress: 5%
8-2-2026 18:33:43-debug: // ---- build task Query asset bundle ----
8-2-2026 18:33:43-debug: // ---- build task Query asset bundle ---- (6ms)
8-2-2026 18:33:43-debug: Sort some build options to settings.json start, progress: 10%
8-2-2026 18:33:43-debug: [Build Memory track]: Query asset bundle start:234.37MB, end 233.69MB, increase: -696.75KB
8-2-2026 18:33:43-log: run build task Query asset bundle success in 6 ms√, progress: 10%
8-2-2026 18:33:43-debug: // ---- build task Sort some build options to settings.json ----
8-2-2026 18:33:43-debug: // ---- build task Sort some build options to settings.json ---- (4ms)
8-2-2026 18:33:43-log: run build task Sort some build options to settings.json success in 4 ms√, progress: 12%
8-2-2026 18:33:43-debug: [Build Memory track]: Sort some build options to settings.json start:233.72MB, end 233.74MB, increase: 26.35KB
8-2-2026 18:33:43-debug: Fill script data to settings start, progress: 12%
8-2-2026 18:33:43-debug: // ---- build task Fill script data to settings ----
8-2-2026 18:33:43-debug: // ---- build task Fill script data to settings ---- (1ms)
8-2-2026 18:33:43-log: run build task Fill script data to settings success in 1 ms√, progress: 13%
8-2-2026 18:33:43-debug: Sort some build options to settings.json start, progress: 13%
8-2-2026 18:33:43-debug: // ---- build task Sort some build options to settings.json ----
8-2-2026 18:33:43-debug: [Build Memory track]: Fill script data to settings start:233.77MB, end 233.79MB, increase: 24.07KB
8-2-2026 18:33:43-log: run build task Sort some build options to settings.json success in 20 ms√, progress: 15%
8-2-2026 18:33:43-debug: [Build Memory track]: Sort some build options to settings.json start:233.82MB, end 233.95MB, increase: 134.77KB
8-2-2026 18:33:43-debug: // ---- build task Sort some build options to settings.json ---- (20ms)
8-2-2026 18:34:15-debug: Query all assets info in project
8-2-2026 18:34:15-debug: init custom config: keepNodeUuid: false, useCache: true
8-2-2026 18:34:15-debug: Skip compress image, progress: 0%
8-2-2026 18:34:15-debug: Init all bundles start..., progress: 0%
8-2-2026 18:34:15-debug: Num of bundles: 2..., progress: 0%
8-2-2026 18:34:15-debug: Init bundle root assets start..., progress: 0%
8-2-2026 18:34:15-debug: // ---- build task Query asset bundle ----
8-2-2026 18:34:15-debug: Query asset bundle start, progress: 0%
8-2-2026 18:34:15-debug: Query preload assets/scripts from cc.config.json: 60f7195c-ec2a-45eb-ba94-8955f60e81d0,1c02ae6f-4492-4915-b8f8-7492a3b1e4cd,810e96e4-e456-4468-9b59-f4e8f39732c0,efe8e2a3-eace-427b-b4f1-cb8a937ec77d,e9aa9a3e-5b2b-4ac7-a2c7-073de2b2b24f,8bbdbcdd-5cd4-4100-b6d5-b7c9625b6107,50f4348b-c883-4e2f-8f11-ce233b859fa1,fda095cb-831d-4601-ad94-846013963de8,f92806d7-1768-443f-afe8-12bcde84d0f0,dd3a144d-ab7f-41f0-82b8-2e43a090d496,f0416e68-0200-4b77-a926-4f9d16e494da,511d2633-09a7-4bdd-ac42-f778032124b3,5d45aa00-e064-4938-b314-4265f0c2258c,9361fd90-ba52-4f84-aa93-6e878fd576ca,970b0598-bcb0-4714-91fb-2e81440dccd8,bcd64cc6-2dd9-43f6-abbe-66318d332032,d930590d-bb92-4cc8-8bd1-23cd027f9edf,a3cd009f-0ab0-420d-9278-b9fdab939bbc,6a2d0734-bd9e-4ddf-946e-caa52498cb75,d9937e59-61fe-4ec6-92ab-7ac5a19c89b0,d1346436-ac96-4271-b863-1f4fdead95b0,971bdb23-3ff6-43eb-b422-1c30165a3663,17debcc3-0a6b-4b8a-b00b-dc58b885581e,711ebe11-f673-4cd9-9a83-63c60ba54c5b,c0143906-9aed-447e-9436-2ae8512d1b6e,14da1725-c4c2-42b4-ab08-ee0aeb6898b3,081cab31-dccd-428e-8652-f2404cc81c47,78e0584a-4343-4727-8f37-e14e65c2a2db,871c3b6c-7379-419d-bda3-794b239ab90d,ff9b0199-ce04-4cfe-86cc-6c719f08d6e4,de1c2107-70c8-4021-8459-6399f24d01c6,cbf30902-517f-40dc-af90-a550bac27cf1,5c601d96-e4c7-4698-991b-7ee674b11079
8-2-2026 18:34:15-debug:   Number of all scripts: 39
8-2-2026 18:34:15-debug:   Number of other assets: 486
8-2-2026 18:34:15-debug: Init bundle root assets success..., progress: 0%
8-2-2026 18:34:15-debug:   Number of all scenes: 3
8-2-2026 18:34:15-debug: // ---- build task Query asset bundle ---- (12ms)
8-2-2026 18:34:15-log: run build task Query asset bundle success in 12 ms√, progress: 5%
8-2-2026 18:34:15-debug: [Build Memory track]: Query asset bundle start:234.50MB, end 234.45MB, increase: -55.92KB
8-2-2026 18:34:15-debug: Query asset bundle start, progress: 5%
8-2-2026 18:34:15-debug: // ---- build task Query asset bundle ----
8-2-2026 18:34:15-debug: // ---- build task Query asset bundle ---- (11ms)
8-2-2026 18:34:15-log: run build task Query asset bundle success in 11 ms√, progress: 10%
8-2-2026 18:34:15-debug: [Build Memory track]: Query asset bundle start:234.47MB, end 233.79MB, increase: -696.61KB
8-2-2026 18:34:15-debug: Sort some build options to settings.json start, progress: 10%
8-2-2026 18:34:15-debug: // ---- build task Sort some build options to settings.json ----
8-2-2026 18:34:15-debug: // ---- build task Sort some build options to settings.json ---- (5ms)
8-2-2026 18:34:15-log: run build task Sort some build options to settings.json success in 5 ms√, progress: 12%
8-2-2026 18:34:15-debug: [Build Memory track]: Sort some build options to settings.json start:233.82MB, end 233.85MB, increase: 26.36KB
8-2-2026 18:34:15-debug: Fill script data to settings start, progress: 12%
8-2-2026 18:34:15-debug: // ---- build task Fill script data to settings ----
8-2-2026 18:34:15-debug: // ---- build task Fill script data to settings ---- (1ms)
8-2-2026 18:34:15-debug: [Build Memory track]: Fill script data to settings start:233.88MB, end 233.90MB, increase: 25.39KB
8-2-2026 18:34:15-debug: Sort some build options to settings.json start, progress: 13%
8-2-2026 18:34:15-log: run build task Fill script data to settings success in 1 ms√, progress: 13%
8-2-2026 18:34:15-debug: // ---- build task Sort some build options to settings.json ----
8-2-2026 18:34:15-debug: // ---- build task Sort some build options to settings.json ---- (15ms)
8-2-2026 18:34:15-log: run build task Sort some build options to settings.json success in 15 ms√, progress: 15%
8-2-2026 18:34:15-debug: [Build Memory track]: Sort some build options to settings.json start:233.93MB, end 234.06MB, increase: 133.00KB
8-2-2026 18:34:48-debug: Query all assets info in project
8-2-2026 18:34:48-debug: init custom config: keepNodeUuid: false, useCache: true
8-2-2026 18:34:48-debug: Skip compress image, progress: 0%
8-2-2026 18:34:48-debug: Init all bundles start..., progress: 0%
8-2-2026 18:34:48-debug: Query asset bundle start, progress: 0%
8-2-2026 18:34:48-debug: Num of bundles: 2..., progress: 0%
8-2-2026 18:34:48-debug: Init bundle root assets start..., progress: 0%
8-2-2026 18:34:48-debug: // ---- build task Query asset bundle ----
8-2-2026 18:34:48-debug: Query preload assets/scripts from cc.config.json: 60f7195c-ec2a-45eb-ba94-8955f60e81d0,1c02ae6f-4492-4915-b8f8-7492a3b1e4cd,810e96e4-e456-4468-9b59-f4e8f39732c0,efe8e2a3-eace-427b-b4f1-cb8a937ec77d,e9aa9a3e-5b2b-4ac7-a2c7-073de2b2b24f,8bbdbcdd-5cd4-4100-b6d5-b7c9625b6107,50f4348b-c883-4e2f-8f11-ce233b859fa1,fda095cb-831d-4601-ad94-846013963de8,f92806d7-1768-443f-afe8-12bcde84d0f0,dd3a144d-ab7f-41f0-82b8-2e43a090d496,f0416e68-0200-4b77-a926-4f9d16e494da,511d2633-09a7-4bdd-ac42-f778032124b3,5d45aa00-e064-4938-b314-4265f0c2258c,9361fd90-ba52-4f84-aa93-6e878fd576ca,970b0598-bcb0-4714-91fb-2e81440dccd8,bcd64cc6-2dd9-43f6-abbe-66318d332032,d930590d-bb92-4cc8-8bd1-23cd027f9edf,a3cd009f-0ab0-420d-9278-b9fdab939bbc,6a2d0734-bd9e-4ddf-946e-caa52498cb75,d9937e59-61fe-4ec6-92ab-7ac5a19c89b0,d1346436-ac96-4271-b863-1f4fdead95b0,971bdb23-3ff6-43eb-b422-1c30165a3663,17debcc3-0a6b-4b8a-b00b-dc58b885581e,711ebe11-f673-4cd9-9a83-63c60ba54c5b,c0143906-9aed-447e-9436-2ae8512d1b6e,14da1725-c4c2-42b4-ab08-ee0aeb6898b3,081cab31-dccd-428e-8652-f2404cc81c47,78e0584a-4343-4727-8f37-e14e65c2a2db,871c3b6c-7379-419d-bda3-794b239ab90d,ff9b0199-ce04-4cfe-86cc-6c719f08d6e4,de1c2107-70c8-4021-8459-6399f24d01c6,cbf30902-517f-40dc-af90-a550bac27cf1,5c601d96-e4c7-4698-991b-7ee674b11079
8-2-2026 18:34:48-debug:   Number of all scenes: 3
8-2-2026 18:34:48-debug:   Number of other assets: 486
8-2-2026 18:34:48-debug:   Number of all scripts: 39
8-2-2026 18:34:48-debug: Init bundle root assets success..., progress: 0%
8-2-2026 18:34:48-debug: // ---- build task Query asset bundle ---- (12ms)
8-2-2026 18:34:48-log: run build task Query asset bundle success in 12 ms√, progress: 5%
8-2-2026 18:34:48-debug: [Build Memory track]: Query asset bundle start:234.58MB, end 234.56MB, increase: -24.15KB
8-2-2026 18:34:48-debug: Query asset bundle start, progress: 5%
8-2-2026 18:34:48-debug: // ---- build task Query asset bundle ----
8-2-2026 18:34:48-debug: // ---- build task Query asset bundle ---- (6ms)
8-2-2026 18:34:48-log: run build task Query asset bundle success in 6 ms√, progress: 10%
8-2-2026 18:34:48-debug: [Build Memory track]: Query asset bundle start:234.59MB, end 233.91MB, increase: -697.15KB
8-2-2026 18:34:48-debug: Sort some build options to settings.json start, progress: 10%
8-2-2026 18:34:48-debug: // ---- build task Sort some build options to settings.json ----
8-2-2026 18:34:48-debug: // ---- build task Sort some build options to settings.json ---- (1ms)
8-2-2026 18:34:48-log: run build task Sort some build options to settings.json success in 1 ms√, progress: 12%
8-2-2026 18:34:48-debug: [Build Memory track]: Sort some build options to settings.json start:233.93MB, end 233.96MB, increase: 25.80KB
8-2-2026 18:34:48-debug: Fill script data to settings start, progress: 12%
8-2-2026 18:34:48-debug: // ---- build task Fill script data to settings ----
8-2-2026 18:34:48-debug: // ---- build task Fill script data to settings ---- (1ms)
8-2-2026 18:34:48-log: run build task Fill script data to settings success in 1 ms√, progress: 13%
8-2-2026 18:34:48-debug: // ---- build task Sort some build options to settings.json ----
8-2-2026 18:34:48-debug: Sort some build options to settings.json start, progress: 13%
8-2-2026 18:34:48-debug: [Build Memory track]: Fill script data to settings start:233.99MB, end 234.01MB, increase: 26.32KB
8-2-2026 18:34:48-debug: // ---- build task Sort some build options to settings.json ---- (18ms)
8-2-2026 18:34:48-log: run build task Sort some build options to settings.json success in 18 ms√, progress: 15%
8-2-2026 18:34:48-debug: [Build Memory track]: Sort some build options to settings.json start:234.04MB, end 234.17MB, increase: 133.12KB
8-2-2026 18:35:25-debug: Query all assets info in project
8-2-2026 18:35:25-debug: init custom config: keepNodeUuid: false, useCache: true
8-2-2026 18:35:25-debug: Skip compress image, progress: 0%
8-2-2026 18:35:25-debug: Init all bundles start..., progress: 0%
8-2-2026 18:35:25-debug: Query asset bundle start, progress: 0%
8-2-2026 18:35:25-debug: // ---- build task Query asset bundle ----
8-2-2026 18:35:25-debug: Num of bundles: 2..., progress: 0%
8-2-2026 18:35:25-debug: Init bundle root assets start..., progress: 0%
8-2-2026 18:35:25-debug:   Number of all scenes: 3
8-2-2026 18:35:25-debug:   Number of other assets: 486
8-2-2026 18:35:25-debug: Query preload assets/scripts from cc.config.json: 60f7195c-ec2a-45eb-ba94-8955f60e81d0,1c02ae6f-4492-4915-b8f8-7492a3b1e4cd,810e96e4-e456-4468-9b59-f4e8f39732c0,efe8e2a3-eace-427b-b4f1-cb8a937ec77d,e9aa9a3e-5b2b-4ac7-a2c7-073de2b2b24f,8bbdbcdd-5cd4-4100-b6d5-b7c9625b6107,50f4348b-c883-4e2f-8f11-ce233b859fa1,fda095cb-831d-4601-ad94-846013963de8,f92806d7-1768-443f-afe8-12bcde84d0f0,dd3a144d-ab7f-41f0-82b8-2e43a090d496,f0416e68-0200-4b77-a926-4f9d16e494da,511d2633-09a7-4bdd-ac42-f778032124b3,5d45aa00-e064-4938-b314-4265f0c2258c,9361fd90-ba52-4f84-aa93-6e878fd576ca,970b0598-bcb0-4714-91fb-2e81440dccd8,bcd64cc6-2dd9-43f6-abbe-66318d332032,d930590d-bb92-4cc8-8bd1-23cd027f9edf,a3cd009f-0ab0-420d-9278-b9fdab939bbc,6a2d0734-bd9e-4ddf-946e-caa52498cb75,d9937e59-61fe-4ec6-92ab-7ac5a19c89b0,d1346436-ac96-4271-b863-1f4fdead95b0,971bdb23-3ff6-43eb-b422-1c30165a3663,17debcc3-0a6b-4b8a-b00b-dc58b885581e,711ebe11-f673-4cd9-9a83-63c60ba54c5b,c0143906-9aed-447e-9436-2ae8512d1b6e,14da1725-c4c2-42b4-ab08-ee0aeb6898b3,081cab31-dccd-428e-8652-f2404cc81c47,78e0584a-4343-4727-8f37-e14e65c2a2db,871c3b6c-7379-419d-bda3-794b239ab90d,ff9b0199-ce04-4cfe-86cc-6c719f08d6e4,de1c2107-70c8-4021-8459-6399f24d01c6,cbf30902-517f-40dc-af90-a550bac27cf1,5c601d96-e4c7-4698-991b-7ee674b11079
8-2-2026 18:35:25-debug:   Number of all scripts: 39
8-2-2026 18:35:25-debug: Init bundle root assets success..., progress: 0%
8-2-2026 18:35:25-debug: // ---- build task Query asset bundle ---- (15ms)
8-2-2026 18:35:25-debug: [Build Memory track]: Query asset bundle start:234.70MB, end 234.66MB, increase: -36.45KB
8-2-2026 18:35:25-log: run build task Query asset bundle success in 15 ms√, progress: 5%
8-2-2026 18:35:25-debug: Query asset bundle start, progress: 5%
8-2-2026 18:35:25-debug: // ---- build task Query asset bundle ----
8-2-2026 18:35:25-debug: // ---- build task Query asset bundle ---- (9ms)
8-2-2026 18:35:25-log: run build task Query asset bundle success in 9 ms√, progress: 10%
8-2-2026 18:35:25-debug: [Build Memory track]: Query asset bundle start:234.69MB, end 234.04MB, increase: -673.00KB
8-2-2026 18:35:25-debug: Sort some build options to settings.json start, progress: 10%
8-2-2026 18:35:25-debug: // ---- build task Sort some build options to settings.json ----
8-2-2026 18:35:25-debug: // ---- build task Sort some build options to settings.json ---- (6ms)
8-2-2026 18:35:25-log: run build task Sort some build options to settings.json success in 6 ms√, progress: 12%
8-2-2026 18:35:25-debug: [Build Memory track]: Sort some build options to settings.json start:234.06MB, end 234.09MB, increase: 26.35KB
8-2-2026 18:35:25-debug: Fill script data to settings start, progress: 12%
8-2-2026 18:35:25-debug: // ---- build task Fill script data to settings ----
8-2-2026 18:35:25-debug: // ---- build task Fill script data to settings ---- (4ms)
8-2-2026 18:35:25-debug: [Build Memory track]: Fill script data to settings start:234.12MB, end 234.14MB, increase: 25.71KB
8-2-2026 18:35:25-log: run build task Fill script data to settings success in 4 ms√, progress: 13%
8-2-2026 18:35:25-debug: Sort some build options to settings.json start, progress: 13%
8-2-2026 18:35:25-debug: // ---- build task Sort some build options to settings.json ----
8-2-2026 18:35:25-log: run build task Sort some build options to settings.json success in 19 ms√, progress: 15%
8-2-2026 18:35:25-debug: [Build Memory track]: Sort some build options to settings.json start:234.17MB, end 234.30MB, increase: 136.56KB
8-2-2026 18:35:25-debug: // ---- build task Sort some build options to settings.json ---- (19ms)
8-2-2026 18:36:03-debug: Query all assets info in project
8-2-2026 18:36:03-debug: init custom config: keepNodeUuid: false, useCache: true
8-2-2026 18:36:03-debug: Skip compress image, progress: 0%
8-2-2026 18:36:03-debug: Num of bundles: 2..., progress: 0%
8-2-2026 18:36:03-debug: Query asset bundle start, progress: 0%
8-2-2026 18:36:03-debug: // ---- build task Query asset bundle ----
8-2-2026 18:36:03-debug: Init bundle root assets start..., progress: 0%
8-2-2026 18:36:03-debug: Init all bundles start..., progress: 0%
8-2-2026 18:36:03-debug: Query preload assets/scripts from cc.config.json: 60f7195c-ec2a-45eb-ba94-8955f60e81d0,1c02ae6f-4492-4915-b8f8-7492a3b1e4cd,810e96e4-e456-4468-9b59-f4e8f39732c0,efe8e2a3-eace-427b-b4f1-cb8a937ec77d,e9aa9a3e-5b2b-4ac7-a2c7-073de2b2b24f,8bbdbcdd-5cd4-4100-b6d5-b7c9625b6107,50f4348b-c883-4e2f-8f11-ce233b859fa1,fda095cb-831d-4601-ad94-846013963de8,f92806d7-1768-443f-afe8-12bcde84d0f0,dd3a144d-ab7f-41f0-82b8-2e43a090d496,f0416e68-0200-4b77-a926-4f9d16e494da,511d2633-09a7-4bdd-ac42-f778032124b3,5d45aa00-e064-4938-b314-4265f0c2258c,9361fd90-ba52-4f84-aa93-6e878fd576ca,970b0598-bcb0-4714-91fb-2e81440dccd8,bcd64cc6-2dd9-43f6-abbe-66318d332032,d930590d-bb92-4cc8-8bd1-23cd027f9edf,a3cd009f-0ab0-420d-9278-b9fdab939bbc,6a2d0734-bd9e-4ddf-946e-caa52498cb75,d9937e59-61fe-4ec6-92ab-7ac5a19c89b0,d1346436-ac96-4271-b863-1f4fdead95b0,971bdb23-3ff6-43eb-b422-1c30165a3663,17debcc3-0a6b-4b8a-b00b-dc58b885581e,711ebe11-f673-4cd9-9a83-63c60ba54c5b,c0143906-9aed-447e-9436-2ae8512d1b6e,14da1725-c4c2-42b4-ab08-ee0aeb6898b3,081cab31-dccd-428e-8652-f2404cc81c47,78e0584a-4343-4727-8f37-e14e65c2a2db,871c3b6c-7379-419d-bda3-794b239ab90d,ff9b0199-ce04-4cfe-86cc-6c719f08d6e4,de1c2107-70c8-4021-8459-6399f24d01c6,cbf30902-517f-40dc-af90-a550bac27cf1,5c601d96-e4c7-4698-991b-7ee674b11079
8-2-2026 18:36:03-debug:   Number of all scenes: 3
8-2-2026 18:36:03-debug:   Number of all scripts: 39
8-2-2026 18:36:03-debug: Init bundle root assets success..., progress: 0%
8-2-2026 18:36:03-debug:   Number of other assets: 486
8-2-2026 18:36:03-debug: // ---- build task Query asset bundle ---- (10ms)
8-2-2026 18:36:03-log: run build task Query asset bundle success in 10 ms√, progress: 5%
8-2-2026 18:36:03-debug: [Build Memory track]: Query asset bundle start:234.81MB, end 234.77MB, increase: -43.85KB
8-2-2026 18:36:03-debug: Query asset bundle start, progress: 5%
8-2-2026 18:36:03-debug: // ---- build task Query asset bundle ----
8-2-2026 18:36:03-debug: // ---- build task Query asset bundle ---- (7ms)
8-2-2026 18:36:03-log: run build task Query asset bundle success in 7 ms√, progress: 10%
8-2-2026 18:36:03-debug: [Build Memory track]: Query asset bundle start:234.79MB, end 234.12MB, increase: -689.64KB
8-2-2026 18:36:03-debug: Sort some build options to settings.json start, progress: 10%
8-2-2026 18:36:03-debug: // ---- build task Sort some build options to settings.json ----
8-2-2026 18:36:03-debug: // ---- build task Sort some build options to settings.json ---- (2ms)
8-2-2026 18:36:03-log: run build task Sort some build options to settings.json success in 2 ms√, progress: 12%
8-2-2026 18:36:03-debug: [Build Memory track]: Sort some build options to settings.json start:234.15MB, end 234.17MB, increase: 25.80KB
8-2-2026 18:36:03-debug: Fill script data to settings start, progress: 12%
8-2-2026 18:36:03-debug: // ---- build task Fill script data to settings ----
8-2-2026 18:36:03-debug: // ---- build task Fill script data to settings ---- (8ms)
8-2-2026 18:36:03-log: run build task Fill script data to settings success in 8 ms√, progress: 13%
8-2-2026 18:36:03-debug: [Build Memory track]: Fill script data to settings start:234.20MB, end 234.23MB, increase: 26.41KB
8-2-2026 18:36:03-debug: Sort some build options to settings.json start, progress: 13%
8-2-2026 18:36:03-debug: // ---- build task Sort some build options to settings.json ----
8-2-2026 18:36:03-debug: // ---- build task Sort some build options to settings.json ---- (19ms)
8-2-2026 18:36:03-log: run build task Sort some build options to settings.json success in 19 ms√, progress: 15%
8-2-2026 18:36:03-debug: [Build Memory track]: Sort some build options to settings.json start:234.26MB, end 234.38MB, increase: 125.91KB
8-2-2026 18:36:39-debug: Query all assets info in project
8-2-2026 18:36:39-debug: init custom config: keepNodeUuid: false, useCache: true
8-2-2026 18:36:39-debug: Skip compress image, progress: 0%
8-2-2026 18:36:39-debug: Init all bundles start..., progress: 0%
8-2-2026 18:36:39-debug: Num of bundles: 2..., progress: 0%
8-2-2026 18:36:39-debug: Query asset bundle start, progress: 0%
8-2-2026 18:36:39-debug: // ---- build task Query asset bundle ----
8-2-2026 18:36:39-debug: Init bundle root assets start..., progress: 0%
8-2-2026 18:36:39-debug: Query preload assets/scripts from cc.config.json: 60f7195c-ec2a-45eb-ba94-8955f60e81d0,1c02ae6f-4492-4915-b8f8-7492a3b1e4cd,810e96e4-e456-4468-9b59-f4e8f39732c0,efe8e2a3-eace-427b-b4f1-cb8a937ec77d,e9aa9a3e-5b2b-4ac7-a2c7-073de2b2b24f,8bbdbcdd-5cd4-4100-b6d5-b7c9625b6107,50f4348b-c883-4e2f-8f11-ce233b859fa1,fda095cb-831d-4601-ad94-846013963de8,f92806d7-1768-443f-afe8-12bcde84d0f0,dd3a144d-ab7f-41f0-82b8-2e43a090d496,f0416e68-0200-4b77-a926-4f9d16e494da,511d2633-09a7-4bdd-ac42-f778032124b3,5d45aa00-e064-4938-b314-4265f0c2258c,9361fd90-ba52-4f84-aa93-6e878fd576ca,970b0598-bcb0-4714-91fb-2e81440dccd8,bcd64cc6-2dd9-43f6-abbe-66318d332032,d930590d-bb92-4cc8-8bd1-23cd027f9edf,a3cd009f-0ab0-420d-9278-b9fdab939bbc,6a2d0734-bd9e-4ddf-946e-caa52498cb75,d9937e59-61fe-4ec6-92ab-7ac5a19c89b0,d1346436-ac96-4271-b863-1f4fdead95b0,971bdb23-3ff6-43eb-b422-1c30165a3663,17debcc3-0a6b-4b8a-b00b-dc58b885581e,711ebe11-f673-4cd9-9a83-63c60ba54c5b,c0143906-9aed-447e-9436-2ae8512d1b6e,14da1725-c4c2-42b4-ab08-ee0aeb6898b3,081cab31-dccd-428e-8652-f2404cc81c47,78e0584a-4343-4727-8f37-e14e65c2a2db,871c3b6c-7379-419d-bda3-794b239ab90d,ff9b0199-ce04-4cfe-86cc-6c719f08d6e4,de1c2107-70c8-4021-8459-6399f24d01c6,cbf30902-517f-40dc-af90-a550bac27cf1,5c601d96-e4c7-4698-991b-7ee674b11079
8-2-2026 18:36:39-debug:   Number of other assets: 486
8-2-2026 18:36:39-debug: Init bundle root assets success..., progress: 0%
8-2-2026 18:36:39-debug:   Number of all scenes: 3
8-2-2026 18:36:39-debug:   Number of all scripts: 39
8-2-2026 18:36:39-debug: // ---- build task Query asset bundle ---- (10ms)
8-2-2026 18:36:39-log: run build task Query asset bundle success in 10 ms√, progress: 5%
8-2-2026 18:36:39-debug: [Build Memory track]: Query asset bundle start:234.89MB, end 234.87MB, increase: -20.09KB
8-2-2026 18:36:39-debug: Query asset bundle start, progress: 5%
8-2-2026 18:36:39-debug: // ---- build task Query asset bundle ----
8-2-2026 18:36:39-debug: // ---- build task Query asset bundle ---- (5ms)
8-2-2026 18:36:39-log: run build task Query asset bundle success in 5 ms√, progress: 10%
8-2-2026 18:36:39-debug: [Build Memory track]: Query asset bundle start:234.90MB, end 234.24MB, increase: -671.55KB
8-2-2026 18:36:39-debug: Sort some build options to settings.json start, progress: 10%
8-2-2026 18:36:39-debug: // ---- build task Sort some build options to settings.json ----
8-2-2026 18:36:39-debug: // ---- build task Sort some build options to settings.json ---- (5ms)
8-2-2026 18:36:39-log: run build task Sort some build options to settings.json success in 5 ms√, progress: 12%
8-2-2026 18:36:39-debug: [Build Memory track]: Sort some build options to settings.json start:234.27MB, end 234.30MB, increase: 26.41KB
8-2-2026 18:36:39-debug: Fill script data to settings start, progress: 12%
8-2-2026 18:36:39-debug: // ---- build task Fill script data to settings ----
8-2-2026 18:36:39-debug: // ---- build task Fill script data to settings ---- (2ms)
8-2-2026 18:36:39-log: run build task Fill script data to settings success in 2 ms√, progress: 13%
8-2-2026 18:36:39-debug: [Build Memory track]: Fill script data to settings start:234.32MB, end 234.35MB, increase: 25.74KB
8-2-2026 18:36:39-debug: Sort some build options to settings.json start, progress: 13%
8-2-2026 18:36:39-debug: // ---- build task Sort some build options to settings.json ----
8-2-2026 18:36:39-debug: // ---- build task Sort some build options to settings.json ---- (19ms)
8-2-2026 18:36:39-log: run build task Sort some build options to settings.json success in 19 ms√, progress: 15%
8-2-2026 18:36:39-debug: [Build Memory track]: Sort some build options to settings.json start:234.38MB, end 234.51MB, increase: 136.38KB
8-2-2026 18:37:13-debug: Query all assets info in project
8-2-2026 18:37:13-debug: init custom config: keepNodeUuid: false, useCache: true
8-2-2026 18:37:13-debug: Skip compress image, progress: 0%
8-2-2026 18:37:13-debug: Init all bundles start..., progress: 0%
8-2-2026 18:37:13-debug: Num of bundles: 2..., progress: 0%
8-2-2026 18:37:13-debug: // ---- build task Query asset bundle ----
8-2-2026 18:37:13-debug: Init bundle root assets start..., progress: 0%
8-2-2026 18:37:13-debug: Query asset bundle start, progress: 0%
8-2-2026 18:37:13-debug: Query preload assets/scripts from cc.config.json: 60f7195c-ec2a-45eb-ba94-8955f60e81d0,1c02ae6f-4492-4915-b8f8-7492a3b1e4cd,810e96e4-e456-4468-9b59-f4e8f39732c0,efe8e2a3-eace-427b-b4f1-cb8a937ec77d,e9aa9a3e-5b2b-4ac7-a2c7-073de2b2b24f,8bbdbcdd-5cd4-4100-b6d5-b7c9625b6107,50f4348b-c883-4e2f-8f11-ce233b859fa1,fda095cb-831d-4601-ad94-846013963de8,f92806d7-1768-443f-afe8-12bcde84d0f0,dd3a144d-ab7f-41f0-82b8-2e43a090d496,f0416e68-0200-4b77-a926-4f9d16e494da,511d2633-09a7-4bdd-ac42-f778032124b3,5d45aa00-e064-4938-b314-4265f0c2258c,9361fd90-ba52-4f84-aa93-6e878fd576ca,970b0598-bcb0-4714-91fb-2e81440dccd8,bcd64cc6-2dd9-43f6-abbe-66318d332032,d930590d-bb92-4cc8-8bd1-23cd027f9edf,a3cd009f-0ab0-420d-9278-b9fdab939bbc,6a2d0734-bd9e-4ddf-946e-caa52498cb75,d9937e59-61fe-4ec6-92ab-7ac5a19c89b0,d1346436-ac96-4271-b863-1f4fdead95b0,971bdb23-3ff6-43eb-b422-1c30165a3663,17debcc3-0a6b-4b8a-b00b-dc58b885581e,711ebe11-f673-4cd9-9a83-63c60ba54c5b,c0143906-9aed-447e-9436-2ae8512d1b6e,14da1725-c4c2-42b4-ab08-ee0aeb6898b3,081cab31-dccd-428e-8652-f2404cc81c47,78e0584a-4343-4727-8f37-e14e65c2a2db,871c3b6c-7379-419d-bda3-794b239ab90d,ff9b0199-ce04-4cfe-86cc-6c719f08d6e4,de1c2107-70c8-4021-8459-6399f24d01c6,cbf30902-517f-40dc-af90-a550bac27cf1,5c601d96-e4c7-4698-991b-7ee674b11079
8-2-2026 18:37:13-debug:   Number of all scripts: 39
8-2-2026 18:37:13-debug:   Number of other assets: 486
8-2-2026 18:37:13-debug: Init bundle root assets success..., progress: 0%
8-2-2026 18:37:13-debug:   Number of all scenes: 3
8-2-2026 18:37:13-debug: // ---- build task Query asset bundle ---- (12ms)
8-2-2026 18:37:13-log: run build task Query asset bundle success in 12 ms√, progress: 5%
8-2-2026 18:37:13-debug: [Build Memory track]: Query asset bundle start:235.02MB, end 234.98MB, increase: -44.41KB
8-2-2026 18:37:13-debug: Query asset bundle start, progress: 5%
8-2-2026 18:37:13-debug: // ---- build task Query asset bundle ----
8-2-2026 18:37:13-debug: // ---- build task Query asset bundle ---- (7ms)
8-2-2026 18:37:13-log: run build task Query asset bundle success in 7 ms√, progress: 10%
8-2-2026 18:37:13-debug: [Build Memory track]: Query asset bundle start:235.00MB, end 234.33MB, increase: -686.58KB
8-2-2026 18:37:13-debug: Sort some build options to settings.json start, progress: 10%
8-2-2026 18:37:13-debug: // ---- build task Sort some build options to settings.json ----
8-2-2026 18:37:13-debug: // ---- build task Sort some build options to settings.json ---- (6ms)
8-2-2026 18:37:13-log: run build task Sort some build options to settings.json success in 6 ms√, progress: 12%
8-2-2026 18:37:13-debug: [Build Memory track]: Sort some build options to settings.json start:234.36MB, end 234.39MB, increase: 26.38KB
8-2-2026 18:37:13-debug: Fill script data to settings start, progress: 12%
8-2-2026 18:37:13-debug: // ---- build task Fill script data to settings ----
8-2-2026 18:37:13-debug: // ---- build task Fill script data to settings ---- (4ms)
8-2-2026 18:37:13-log: run build task Fill script data to settings success in 4 ms√, progress: 13%
8-2-2026 18:37:13-debug: [Build Memory track]: Fill script data to settings start:234.41MB, end 234.44MB, increase: 25.74KB
8-2-2026 18:37:13-debug: Sort some build options to settings.json start, progress: 13%
8-2-2026 18:37:13-debug: // ---- build task Sort some build options to settings.json ----
8-2-2026 18:37:13-debug: // ---- build task Sort some build options to settings.json ---- (13ms)
8-2-2026 18:37:13-log: run build task Sort some build options to settings.json success in 13 ms√, progress: 15%
8-2-2026 18:37:13-debug: [Build Memory track]: Sort some build options to settings.json start:234.47MB, end 234.59MB, increase: 125.83KB
8-2-2026 18:37:44-debug: Query all assets info in project
8-2-2026 18:37:44-debug: init custom config: keepNodeUuid: false, useCache: true
8-2-2026 18:37:44-debug: Skip compress image, progress: 0%
8-2-2026 18:37:44-debug: Init all bundles start..., progress: 0%
8-2-2026 18:37:44-debug: // ---- build task Query asset bundle ----
8-2-2026 18:37:44-debug: Init bundle root assets start..., progress: 0%
8-2-2026 18:37:44-debug: Query asset bundle start, progress: 0%
8-2-2026 18:37:44-debug: Num of bundles: 2..., progress: 0%
8-2-2026 18:37:44-debug:   Number of all scenes: 3
8-2-2026 18:37:44-debug:   Number of all scripts: 39
8-2-2026 18:37:44-debug: Query preload assets/scripts from cc.config.json: 60f7195c-ec2a-45eb-ba94-8955f60e81d0,1c02ae6f-4492-4915-b8f8-7492a3b1e4cd,810e96e4-e456-4468-9b59-f4e8f39732c0,efe8e2a3-eace-427b-b4f1-cb8a937ec77d,e9aa9a3e-5b2b-4ac7-a2c7-073de2b2b24f,8bbdbcdd-5cd4-4100-b6d5-b7c9625b6107,50f4348b-c883-4e2f-8f11-ce233b859fa1,fda095cb-831d-4601-ad94-846013963de8,f92806d7-1768-443f-afe8-12bcde84d0f0,dd3a144d-ab7f-41f0-82b8-2e43a090d496,f0416e68-0200-4b77-a926-4f9d16e494da,511d2633-09a7-4bdd-ac42-f778032124b3,5d45aa00-e064-4938-b314-4265f0c2258c,9361fd90-ba52-4f84-aa93-6e878fd576ca,970b0598-bcb0-4714-91fb-2e81440dccd8,bcd64cc6-2dd9-43f6-abbe-66318d332032,d930590d-bb92-4cc8-8bd1-23cd027f9edf,a3cd009f-0ab0-420d-9278-b9fdab939bbc,6a2d0734-bd9e-4ddf-946e-caa52498cb75,d9937e59-61fe-4ec6-92ab-7ac5a19c89b0,d1346436-ac96-4271-b863-1f4fdead95b0,971bdb23-3ff6-43eb-b422-1c30165a3663,17debcc3-0a6b-4b8a-b00b-dc58b885581e,711ebe11-f673-4cd9-9a83-63c60ba54c5b,c0143906-9aed-447e-9436-2ae8512d1b6e,14da1725-c4c2-42b4-ab08-ee0aeb6898b3,081cab31-dccd-428e-8652-f2404cc81c47,78e0584a-4343-4727-8f37-e14e65c2a2db,871c3b6c-7379-419d-bda3-794b239ab90d,ff9b0199-ce04-4cfe-86cc-6c719f08d6e4,de1c2107-70c8-4021-8459-6399f24d01c6,cbf30902-517f-40dc-af90-a550bac27cf1,5c601d96-e4c7-4698-991b-7ee674b11079
8-2-2026 18:37:44-debug: Init bundle root assets success..., progress: 0%
8-2-2026 18:37:44-debug:   Number of other assets: 486
8-2-2026 18:37:44-debug: // ---- build task Query asset bundle ---- (11ms)
8-2-2026 18:37:44-debug: [Build Memory track]: Query asset bundle start:235.10MB, end 235.08MB, increase: -19.88KB
8-2-2026 18:37:44-debug: Query asset bundle start, progress: 5%
8-2-2026 18:37:44-log: run build task Query asset bundle success in 11 ms√, progress: 5%
8-2-2026 18:37:44-debug: // ---- build task Query asset bundle ----
8-2-2026 18:37:44-debug: // ---- build task Query asset bundle ---- (5ms)
8-2-2026 18:37:44-log: run build task Query asset bundle success in 5 ms√, progress: 10%
8-2-2026 18:37:44-debug: [Build Memory track]: Query asset bundle start:235.11MB, end 234.45MB, increase: -671.54KB
8-2-2026 18:37:44-debug: Sort some build options to settings.json start, progress: 10%
8-2-2026 18:37:44-debug: // ---- build task Sort some build options to settings.json ----
8-2-2026 18:37:44-debug: // ---- build task Sort some build options to settings.json ---- (2ms)
8-2-2026 18:37:44-log: run build task Sort some build options to settings.json success in 2 ms√, progress: 12%
8-2-2026 18:37:44-debug: Fill script data to settings start, progress: 12%
8-2-2026 18:37:44-debug: [Build Memory track]: Sort some build options to settings.json start:234.48MB, end 234.51MB, increase: 26.38KB
8-2-2026 18:37:44-debug: // ---- build task Fill script data to settings ----
8-2-2026 18:37:44-debug: // ---- build task Fill script data to settings ---- (4ms)
8-2-2026 18:37:44-log: run build task Fill script data to settings success in 4 ms√, progress: 13%
8-2-2026 18:37:44-debug: [Build Memory track]: Fill script data to settings start:234.53MB, end 234.56MB, increase: 25.93KB
8-2-2026 18:37:44-debug: Sort some build options to settings.json start, progress: 13%
8-2-2026 18:37:44-debug: // ---- build task Sort some build options to settings.json ----
8-2-2026 18:37:44-debug: // ---- build task Sort some build options to settings.json ---- (16ms)
8-2-2026 18:37:44-log: run build task Sort some build options to settings.json success in 16 ms√, progress: 15%
8-2-2026 18:37:44-debug: [Build Memory track]: Sort some build options to settings.json start:234.59MB, end 234.72MB, increase: 136.21KB
8-2-2026 18:38:14-debug: Query all assets info in project
8-2-2026 18:38:14-debug: init custom config: keepNodeUuid: false, useCache: true
8-2-2026 18:38:14-debug: Skip compress image, progress: 0%
8-2-2026 18:38:14-debug: Init all bundles start..., progress: 0%
8-2-2026 18:38:14-debug: Query asset bundle start, progress: 0%
8-2-2026 18:38:14-debug: // ---- build task Query asset bundle ----
8-2-2026 18:38:14-debug: Init bundle root assets start..., progress: 0%
8-2-2026 18:38:14-debug: Num of bundles: 2..., progress: 0%
8-2-2026 18:38:14-debug: Query preload assets/scripts from cc.config.json: 60f7195c-ec2a-45eb-ba94-8955f60e81d0,1c02ae6f-4492-4915-b8f8-7492a3b1e4cd,810e96e4-e456-4468-9b59-f4e8f39732c0,efe8e2a3-eace-427b-b4f1-cb8a937ec77d,e9aa9a3e-5b2b-4ac7-a2c7-073de2b2b24f,8bbdbcdd-5cd4-4100-b6d5-b7c9625b6107,50f4348b-c883-4e2f-8f11-ce233b859fa1,fda095cb-831d-4601-ad94-846013963de8,f92806d7-1768-443f-afe8-12bcde84d0f0,dd3a144d-ab7f-41f0-82b8-2e43a090d496,f0416e68-0200-4b77-a926-4f9d16e494da,511d2633-09a7-4bdd-ac42-f778032124b3,5d45aa00-e064-4938-b314-4265f0c2258c,9361fd90-ba52-4f84-aa93-6e878fd576ca,970b0598-bcb0-4714-91fb-2e81440dccd8,bcd64cc6-2dd9-43f6-abbe-66318d332032,d930590d-bb92-4cc8-8bd1-23cd027f9edf,a3cd009f-0ab0-420d-9278-b9fdab939bbc,6a2d0734-bd9e-4ddf-946e-caa52498cb75,d9937e59-61fe-4ec6-92ab-7ac5a19c89b0,d1346436-ac96-4271-b863-1f4fdead95b0,971bdb23-3ff6-43eb-b422-1c30165a3663,17debcc3-0a6b-4b8a-b00b-dc58b885581e,711ebe11-f673-4cd9-9a83-63c60ba54c5b,c0143906-9aed-447e-9436-2ae8512d1b6e,14da1725-c4c2-42b4-ab08-ee0aeb6898b3,081cab31-dccd-428e-8652-f2404cc81c47,78e0584a-4343-4727-8f37-e14e65c2a2db,871c3b6c-7379-419d-bda3-794b239ab90d,ff9b0199-ce04-4cfe-86cc-6c719f08d6e4,de1c2107-70c8-4021-8459-6399f24d01c6,cbf30902-517f-40dc-af90-a550bac27cf1,5c601d96-e4c7-4698-991b-7ee674b11079
8-2-2026 18:38:14-debug:   Number of all scenes: 3
8-2-2026 18:38:14-debug:   Number of all scripts: 39
8-2-2026 18:38:14-debug:   Number of other assets: 486
8-2-2026 18:38:14-debug: Init bundle root assets success..., progress: 0%
8-2-2026 18:38:14-debug: // ---- build task Query asset bundle ---- (10ms)
8-2-2026 18:38:14-log: run build task Query asset bundle success in 10 ms√, progress: 5%
8-2-2026 18:38:14-debug: [Build Memory track]: Query asset bundle start:235.22MB, end 235.18MB, increase: -37.83KB
8-2-2026 18:38:14-debug: // ---- build task Query asset bundle ----
8-2-2026 18:38:14-debug: Query asset bundle start, progress: 5%
8-2-2026 18:38:14-debug: // ---- build task Query asset bundle ---- (11ms)
8-2-2026 18:38:14-log: run build task Query asset bundle success in 11 ms√, progress: 10%
8-2-2026 18:38:14-debug: [Build Memory track]: Query asset bundle start:235.21MB, end 234.53MB, increase: -693.18KB
8-2-2026 18:38:14-debug: // ---- build task Sort some build options to settings.json ----
8-2-2026 18:38:14-debug: Sort some build options to settings.json start, progress: 10%
8-2-2026 18:38:14-debug: // ---- build task Sort some build options to settings.json ---- (2ms)
8-2-2026 18:38:14-log: run build task Sort some build options to settings.json success in 2 ms√, progress: 12%
8-2-2026 18:38:14-debug: [Build Memory track]: Sort some build options to settings.json start:234.56MB, end 234.59MB, increase: 26.36KB
8-2-2026 18:38:14-debug: Fill script data to settings start, progress: 12%
8-2-2026 18:38:14-debug: // ---- build task Fill script data to settings ----
8-2-2026 18:38:14-debug: // ---- build task Fill script data to settings ---- (2ms)
8-2-2026 18:38:14-log: run build task Fill script data to settings success in 2 ms√, progress: 13%
8-2-2026 18:38:14-debug: [Build Memory track]: Fill script data to settings start:234.62MB, end 234.64MB, increase: 25.71KB
8-2-2026 18:38:14-debug: Sort some build options to settings.json start, progress: 13%
8-2-2026 18:38:14-debug: // ---- build task Sort some build options to settings.json ----
8-2-2026 18:38:14-debug: // ---- build task Sort some build options to settings.json ---- (15ms)
8-2-2026 18:38:14-log: run build task Sort some build options to settings.json success in 15 ms√, progress: 15%
8-2-2026 18:38:14-debug: [Build Memory track]: Sort some build options to settings.json start:234.67MB, end 234.80MB, increase: 133.13KB
8-2-2026 18:38:46-debug: Query all assets info in project
8-2-2026 18:38:46-debug: init custom config: keepNodeUuid: false, useCache: true
8-2-2026 18:38:46-debug: Skip compress image, progress: 0%
8-2-2026 18:38:46-debug: Init all bundles start..., progress: 0%
8-2-2026 18:38:46-debug: // ---- build task Query asset bundle ----
8-2-2026 18:38:46-debug: Init bundle root assets start..., progress: 0%
8-2-2026 18:38:46-debug: Num of bundles: 2..., progress: 0%
8-2-2026 18:38:46-debug: Query asset bundle start, progress: 0%
8-2-2026 18:38:46-debug: Query preload assets/scripts from cc.config.json: 60f7195c-ec2a-45eb-ba94-8955f60e81d0,1c02ae6f-4492-4915-b8f8-7492a3b1e4cd,810e96e4-e456-4468-9b59-f4e8f39732c0,efe8e2a3-eace-427b-b4f1-cb8a937ec77d,e9aa9a3e-5b2b-4ac7-a2c7-073de2b2b24f,8bbdbcdd-5cd4-4100-b6d5-b7c9625b6107,50f4348b-c883-4e2f-8f11-ce233b859fa1,fda095cb-831d-4601-ad94-846013963de8,f92806d7-1768-443f-afe8-12bcde84d0f0,dd3a144d-ab7f-41f0-82b8-2e43a090d496,f0416e68-0200-4b77-a926-4f9d16e494da,511d2633-09a7-4bdd-ac42-f778032124b3,5d45aa00-e064-4938-b314-4265f0c2258c,9361fd90-ba52-4f84-aa93-6e878fd576ca,970b0598-bcb0-4714-91fb-2e81440dccd8,bcd64cc6-2dd9-43f6-abbe-66318d332032,d930590d-bb92-4cc8-8bd1-23cd027f9edf,a3cd009f-0ab0-420d-9278-b9fdab939bbc,6a2d0734-bd9e-4ddf-946e-caa52498cb75,d9937e59-61fe-4ec6-92ab-7ac5a19c89b0,d1346436-ac96-4271-b863-1f4fdead95b0,971bdb23-3ff6-43eb-b422-1c30165a3663,17debcc3-0a6b-4b8a-b00b-dc58b885581e,711ebe11-f673-4cd9-9a83-63c60ba54c5b,c0143906-9aed-447e-9436-2ae8512d1b6e,14da1725-c4c2-42b4-ab08-ee0aeb6898b3,081cab31-dccd-428e-8652-f2404cc81c47,78e0584a-4343-4727-8f37-e14e65c2a2db,871c3b6c-7379-419d-bda3-794b239ab90d,ff9b0199-ce04-4cfe-86cc-6c719f08d6e4,de1c2107-70c8-4021-8459-6399f24d01c6,cbf30902-517f-40dc-af90-a550bac27cf1,5c601d96-e4c7-4698-991b-7ee674b11079
8-2-2026 18:38:46-debug:   Number of other assets: 486
8-2-2026 18:38:46-debug:   Number of all scenes: 3
8-2-2026 18:38:46-debug: Init bundle root assets success..., progress: 0%
8-2-2026 18:38:46-debug:   Number of all scripts: 39
8-2-2026 18:38:46-debug: // ---- build task Query asset bundle ---- (11ms)
8-2-2026 18:38:46-debug: [Build Memory track]: Query asset bundle start:235.33MB, end 235.29MB, increase: -37.21KB
8-2-2026 18:38:46-log: run build task Query asset bundle success in 11 ms√, progress: 5%
8-2-2026 18:38:46-debug: Query asset bundle start, progress: 5%
8-2-2026 18:38:46-debug: // ---- build task Query asset bundle ----
8-2-2026 18:38:46-debug: // ---- build task Query asset bundle ---- (7ms)
8-2-2026 18:38:46-log: run build task Query asset bundle success in 7 ms√, progress: 10%
8-2-2026 18:38:46-debug: [Build Memory track]: Query asset bundle start:235.32MB, end 234.66MB, increase: -671.73KB
8-2-2026 18:38:46-debug: Sort some build options to settings.json start, progress: 10%
8-2-2026 18:38:46-debug: // ---- build task Sort some build options to settings.json ----
8-2-2026 18:38:46-log: run build task Sort some build options to settings.json success in √, progress: 12%
8-2-2026 18:38:46-debug: [Build Memory track]: Sort some build options to settings.json start:234.69MB, end 234.71MB, increase: 17.32KB
8-2-2026 18:38:46-debug: Fill script data to settings start, progress: 12%
8-2-2026 18:38:46-debug: // ---- build task Fill script data to settings ----
8-2-2026 18:38:46-debug: // ---- build task Fill script data to settings ---- (4ms)
8-2-2026 18:38:46-debug: Sort some build options to settings.json start, progress: 13%
8-2-2026 18:38:46-log: run build task Fill script data to settings success in 4 ms√, progress: 13%
8-2-2026 18:38:46-debug: [Build Memory track]: Fill script data to settings start:234.74MB, end 234.76MB, increase: 24.96KB
8-2-2026 18:38:46-debug: // ---- build task Sort some build options to settings.json ----
8-2-2026 18:38:46-debug: // ---- build task Sort some build options to settings.json ---- (15ms)
8-2-2026 18:38:46-log: run build task Sort some build options to settings.json success in 15 ms√, progress: 15%
8-2-2026 18:38:46-debug: [Build Memory track]: Sort some build options to settings.json start:234.79MB, end 234.91MB, increase: 126.14KB
8-2-2026 18:39:21-debug: Query all assets info in project
8-2-2026 18:39:21-debug: init custom config: keepNodeUuid: false, useCache: true
8-2-2026 18:39:21-debug: Skip compress image, progress: 0%
8-2-2026 18:39:21-debug: Init all bundles start..., progress: 0%
8-2-2026 18:39:21-debug: Query asset bundle start, progress: 0%
8-2-2026 18:39:21-debug: Init bundle root assets start..., progress: 0%
8-2-2026 18:39:21-debug: Num of bundles: 2..., progress: 0%
8-2-2026 18:39:21-debug: // ---- build task Query asset bundle ----
8-2-2026 18:39:21-debug: Query preload assets/scripts from cc.config.json: 60f7195c-ec2a-45eb-ba94-8955f60e81d0,1c02ae6f-4492-4915-b8f8-7492a3b1e4cd,810e96e4-e456-4468-9b59-f4e8f39732c0,efe8e2a3-eace-427b-b4f1-cb8a937ec77d,e9aa9a3e-5b2b-4ac7-a2c7-073de2b2b24f,8bbdbcdd-5cd4-4100-b6d5-b7c9625b6107,50f4348b-c883-4e2f-8f11-ce233b859fa1,fda095cb-831d-4601-ad94-846013963de8,f92806d7-1768-443f-afe8-12bcde84d0f0,dd3a144d-ab7f-41f0-82b8-2e43a090d496,f0416e68-0200-4b77-a926-4f9d16e494da,511d2633-09a7-4bdd-ac42-f778032124b3,5d45aa00-e064-4938-b314-4265f0c2258c,9361fd90-ba52-4f84-aa93-6e878fd576ca,970b0598-bcb0-4714-91fb-2e81440dccd8,bcd64cc6-2dd9-43f6-abbe-66318d332032,d930590d-bb92-4cc8-8bd1-23cd027f9edf,a3cd009f-0ab0-420d-9278-b9fdab939bbc,6a2d0734-bd9e-4ddf-946e-caa52498cb75,d9937e59-61fe-4ec6-92ab-7ac5a19c89b0,d1346436-ac96-4271-b863-1f4fdead95b0,971bdb23-3ff6-43eb-b422-1c30165a3663,17debcc3-0a6b-4b8a-b00b-dc58b885581e,711ebe11-f673-4cd9-9a83-63c60ba54c5b,c0143906-9aed-447e-9436-2ae8512d1b6e,14da1725-c4c2-42b4-ab08-ee0aeb6898b3,081cab31-dccd-428e-8652-f2404cc81c47,78e0584a-4343-4727-8f37-e14e65c2a2db,871c3b6c-7379-419d-bda3-794b239ab90d,ff9b0199-ce04-4cfe-86cc-6c719f08d6e4,de1c2107-70c8-4021-8459-6399f24d01c6,cbf30902-517f-40dc-af90-a550bac27cf1,5c601d96-e4c7-4698-991b-7ee674b11079
8-2-2026 18:39:21-debug:   Number of all scripts: 39
8-2-2026 18:39:21-debug:   Number of other assets: 486
8-2-2026 18:39:21-debug: Init bundle root assets success..., progress: 0%
8-2-2026 18:39:21-debug:   Number of all scenes: 3
8-2-2026 18:39:21-debug: // ---- build task Query asset bundle ---- (13ms)
8-2-2026 18:39:21-log: run build task Query asset bundle success in 13 ms√, progress: 5%
8-2-2026 18:39:21-debug: [Build Memory track]: Query asset bundle start:235.42MB, end 235.40MB, increase: -22.77KB
8-2-2026 18:39:21-debug: Query asset bundle start, progress: 5%
8-2-2026 18:39:21-debug: // ---- build task Query asset bundle ----
8-2-2026 18:39:21-debug: // ---- build task Query asset bundle ---- (6ms)
8-2-2026 18:39:21-log: run build task Query asset bundle success in 6 ms√, progress: 10%
8-2-2026 18:39:21-debug: [Build Memory track]: Query asset bundle start:235.42MB, end 234.74MB, increase: -696.75KB
8-2-2026 18:39:21-debug: Sort some build options to settings.json start, progress: 10%
8-2-2026 18:39:21-debug: // ---- build task Sort some build options to settings.json ----
8-2-2026 18:39:21-debug: // ---- build task Sort some build options to settings.json ---- (5ms)
8-2-2026 18:39:21-log: run build task Sort some build options to settings.json success in 5 ms√, progress: 12%
8-2-2026 18:39:21-debug: [Build Memory track]: Sort some build options to settings.json start:234.77MB, end 234.80MB, increase: 26.38KB
8-2-2026 18:39:21-debug: Fill script data to settings start, progress: 12%
8-2-2026 18:39:21-debug: // ---- build task Fill script data to settings ----
8-2-2026 18:39:21-log: run build task Fill script data to settings success in √, progress: 13%
8-2-2026 18:39:21-debug: [Build Memory track]: Fill script data to settings start:234.83MB, end 234.84MB, increase: 16.71KB
8-2-2026 18:39:21-debug: Sort some build options to settings.json start, progress: 13%
8-2-2026 18:39:21-debug: // ---- build task Sort some build options to settings.json ----
8-2-2026 18:39:21-debug: // ---- build task Sort some build options to settings.json ---- (15ms)
8-2-2026 18:39:21-log: run build task Sort some build options to settings.json success in 15 ms√, progress: 15%
8-2-2026 18:39:21-debug: [Build Memory track]: Sort some build options to settings.json start:234.87MB, end 235.01MB, increase: 141.05KB
8-2-2026 18:39:57-debug: Query all assets info in project
8-2-2026 18:39:57-debug: init custom config: keepNodeUuid: false, useCache: true
8-2-2026 18:39:57-debug: Skip compress image, progress: 0%
8-2-2026 18:39:57-debug: Init all bundles start..., progress: 0%
8-2-2026 18:39:57-debug: Num of bundles: 2..., progress: 0%
8-2-2026 18:39:57-debug: Query asset bundle start, progress: 0%
8-2-2026 18:39:57-debug: // ---- build task Query asset bundle ----
8-2-2026 18:39:57-debug: Init bundle root assets start..., progress: 0%
8-2-2026 18:39:57-debug: Query preload assets/scripts from cc.config.json: 60f7195c-ec2a-45eb-ba94-8955f60e81d0,1c02ae6f-4492-4915-b8f8-7492a3b1e4cd,810e96e4-e456-4468-9b59-f4e8f39732c0,efe8e2a3-eace-427b-b4f1-cb8a937ec77d,e9aa9a3e-5b2b-4ac7-a2c7-073de2b2b24f,8bbdbcdd-5cd4-4100-b6d5-b7c9625b6107,50f4348b-c883-4e2f-8f11-ce233b859fa1,fda095cb-831d-4601-ad94-846013963de8,f92806d7-1768-443f-afe8-12bcde84d0f0,dd3a144d-ab7f-41f0-82b8-2e43a090d496,f0416e68-0200-4b77-a926-4f9d16e494da,511d2633-09a7-4bdd-ac42-f778032124b3,5d45aa00-e064-4938-b314-4265f0c2258c,9361fd90-ba52-4f84-aa93-6e878fd576ca,970b0598-bcb0-4714-91fb-2e81440dccd8,bcd64cc6-2dd9-43f6-abbe-66318d332032,d930590d-bb92-4cc8-8bd1-23cd027f9edf,a3cd009f-0ab0-420d-9278-b9fdab939bbc,6a2d0734-bd9e-4ddf-946e-caa52498cb75,d9937e59-61fe-4ec6-92ab-7ac5a19c89b0,d1346436-ac96-4271-b863-1f4fdead95b0,971bdb23-3ff6-43eb-b422-1c30165a3663,17debcc3-0a6b-4b8a-b00b-dc58b885581e,711ebe11-f673-4cd9-9a83-63c60ba54c5b,c0143906-9aed-447e-9436-2ae8512d1b6e,14da1725-c4c2-42b4-ab08-ee0aeb6898b3,081cab31-dccd-428e-8652-f2404cc81c47,78e0584a-4343-4727-8f37-e14e65c2a2db,871c3b6c-7379-419d-bda3-794b239ab90d,ff9b0199-ce04-4cfe-86cc-6c719f08d6e4,de1c2107-70c8-4021-8459-6399f24d01c6,cbf30902-517f-40dc-af90-a550bac27cf1,5c601d96-e4c7-4698-991b-7ee674b11079
8-2-2026 18:39:57-debug:   Number of all scripts: 39
8-2-2026 18:39:57-debug:   Number of other assets: 486
8-2-2026 18:39:57-debug: Init bundle root assets success..., progress: 0%
8-2-2026 18:39:57-debug:   Number of all scenes: 3
8-2-2026 18:39:57-debug: // ---- build task Query asset bundle ---- (11ms)
8-2-2026 18:39:57-log: run build task Query asset bundle success in 11 ms√, progress: 5%
8-2-2026 18:39:57-debug: [Build Memory track]: Query asset bundle start:235.53MB, end 235.50MB, increase: -25.41KB
8-2-2026 18:39:57-debug: Query asset bundle start, progress: 5%
8-2-2026 18:39:57-debug: // ---- build task Query asset bundle ----
8-2-2026 18:39:57-debug: // ---- build task Query asset bundle ---- (6ms)
8-2-2026 18:39:57-log: run build task Query asset bundle success in 6 ms√, progress: 10%
8-2-2026 18:39:57-debug: [Build Memory track]: Query asset bundle start:235.53MB, end 234.85MB, increase: -697.51KB
8-2-2026 18:39:57-debug: Sort some build options to settings.json start, progress: 10%
8-2-2026 18:39:57-debug: // ---- build task Sort some build options to settings.json ----
8-2-2026 18:39:57-debug: // ---- build task Sort some build options to settings.json ---- (4ms)
8-2-2026 18:39:57-debug: [Build Memory track]: Sort some build options to settings.json start:234.88MB, end 234.90MB, increase: 26.35KB
8-2-2026 18:39:57-debug: Fill script data to settings start, progress: 12%
8-2-2026 18:39:57-log: run build task Sort some build options to settings.json success in 4 ms√, progress: 12%
8-2-2026 18:39:57-debug: // ---- build task Fill script data to settings ----
8-2-2026 18:39:57-debug: // ---- build task Fill script data to settings ---- (1ms)
8-2-2026 18:39:57-log: run build task Fill script data to settings success in 1 ms√, progress: 13%
8-2-2026 18:39:57-debug: [Build Memory track]: Fill script data to settings start:234.93MB, end 234.96MB, increase: 25.71KB
8-2-2026 18:39:57-debug: Sort some build options to settings.json start, progress: 13%
8-2-2026 18:39:57-debug: // ---- build task Sort some build options to settings.json ----
8-2-2026 18:39:57-debug: // ---- build task Sort some build options to settings.json ---- (15ms)
8-2-2026 18:39:57-log: run build task Sort some build options to settings.json success in 15 ms√, progress: 15%
8-2-2026 18:39:57-debug: [Build Memory track]: Sort some build options to settings.json start:234.98MB, end 235.13MB, increase: 146.57KB
8-2-2026 18:40:28-debug: Query all assets info in project
8-2-2026 18:40:28-debug: init custom config: keepNodeUuid: false, useCache: true
8-2-2026 18:40:28-debug: Skip compress image, progress: 0%
8-2-2026 18:40:28-debug: Init all bundles start..., progress: 0%
8-2-2026 18:40:28-debug: Query asset bundle start, progress: 0%
8-2-2026 18:40:28-debug: // ---- build task Query asset bundle ----
8-2-2026 18:40:28-debug: Num of bundles: 2..., progress: 0%
8-2-2026 18:40:28-debug: Init bundle root assets start..., progress: 0%
8-2-2026 18:40:28-debug: Query preload assets/scripts from cc.config.json: 60f7195c-ec2a-45eb-ba94-8955f60e81d0,1c02ae6f-4492-4915-b8f8-7492a3b1e4cd,810e96e4-e456-4468-9b59-f4e8f39732c0,efe8e2a3-eace-427b-b4f1-cb8a937ec77d,e9aa9a3e-5b2b-4ac7-a2c7-073de2b2b24f,8bbdbcdd-5cd4-4100-b6d5-b7c9625b6107,50f4348b-c883-4e2f-8f11-ce233b859fa1,fda095cb-831d-4601-ad94-846013963de8,f92806d7-1768-443f-afe8-12bcde84d0f0,dd3a144d-ab7f-41f0-82b8-2e43a090d496,f0416e68-0200-4b77-a926-4f9d16e494da,511d2633-09a7-4bdd-ac42-f778032124b3,5d45aa00-e064-4938-b314-4265f0c2258c,9361fd90-ba52-4f84-aa93-6e878fd576ca,970b0598-bcb0-4714-91fb-2e81440dccd8,bcd64cc6-2dd9-43f6-abbe-66318d332032,d930590d-bb92-4cc8-8bd1-23cd027f9edf,a3cd009f-0ab0-420d-9278-b9fdab939bbc,6a2d0734-bd9e-4ddf-946e-caa52498cb75,d9937e59-61fe-4ec6-92ab-7ac5a19c89b0,d1346436-ac96-4271-b863-1f4fdead95b0,971bdb23-3ff6-43eb-b422-1c30165a3663,17debcc3-0a6b-4b8a-b00b-dc58b885581e,711ebe11-f673-4cd9-9a83-63c60ba54c5b,c0143906-9aed-447e-9436-2ae8512d1b6e,14da1725-c4c2-42b4-ab08-ee0aeb6898b3,081cab31-dccd-428e-8652-f2404cc81c47,78e0584a-4343-4727-8f37-e14e65c2a2db,871c3b6c-7379-419d-bda3-794b239ab90d,ff9b0199-ce04-4cfe-86cc-6c719f08d6e4,de1c2107-70c8-4021-8459-6399f24d01c6,cbf30902-517f-40dc-af90-a550bac27cf1,5c601d96-e4c7-4698-991b-7ee674b11079
8-2-2026 18:40:28-debug:   Number of all scripts: 39
8-2-2026 18:40:28-debug:   Number of all scenes: 3
8-2-2026 18:40:28-debug: Init bundle root assets success..., progress: 0%
8-2-2026 18:40:28-debug:   Number of other assets: 486
8-2-2026 18:40:28-debug: // ---- build task Query asset bundle ---- (16ms)
8-2-2026 18:40:28-log: run build task Query asset bundle success in 16 ms√, progress: 5%
8-2-2026 18:40:28-debug: [Build Memory track]: Query asset bundle start:235.66MB, end 235.62MB, increase: -36.95KB
8-2-2026 18:40:28-debug: Query asset bundle start, progress: 5%
8-2-2026 18:40:28-debug: // ---- build task Query asset bundle ----
8-2-2026 18:40:28-debug: // ---- build task Query asset bundle ---- (7ms)
8-2-2026 18:40:28-log: run build task Query asset bundle success in 7 ms√, progress: 10%
8-2-2026 18:40:28-debug: [Build Memory track]: Query asset bundle start:235.65MB, end 234.97MB, increase: -691.67KB
8-2-2026 18:40:28-debug: Sort some build options to settings.json start, progress: 10%
8-2-2026 18:40:28-debug: // ---- build task Sort some build options to settings.json ----
8-2-2026 18:40:28-debug: // ---- build task Sort some build options to settings.json ---- (4ms)
8-2-2026 18:40:28-log: run build task Sort some build options to settings.json success in 4 ms√, progress: 12%
8-2-2026 18:40:28-debug: [Build Memory track]: Sort some build options to settings.json start:235.00MB, end 235.03MB, increase: 26.43KB
8-2-2026 18:40:28-debug: Fill script data to settings start, progress: 12%
8-2-2026 18:40:28-debug: // ---- build task Fill script data to settings ----
8-2-2026 18:40:28-debug: // ---- build task Fill script data to settings ---- (1ms)
8-2-2026 18:40:28-log: run build task Fill script data to settings success in 1 ms√, progress: 13%
8-2-2026 18:40:28-debug: [Build Memory track]: Fill script data to settings start:235.05MB, end 235.08MB, increase: 25.71KB
8-2-2026 18:40:28-debug: // ---- build task Sort some build options to settings.json ----
8-2-2026 18:40:28-debug: Sort some build options to settings.json start, progress: 13%
8-2-2026 18:40:28-debug: // ---- build task Sort some build options to settings.json ---- (20ms)
8-2-2026 18:40:28-log: run build task Sort some build options to settings.json success in 20 ms√, progress: 15%
8-2-2026 18:40:28-debug: [Build Memory track]: Sort some build options to settings.json start:235.11MB, end 235.23MB, increase: 127.80KB
8-2-2026 18:40:59-debug: Query all assets info in project
8-2-2026 18:40:59-debug: init custom config: keepNodeUuid: false, useCache: true
8-2-2026 18:40:59-debug: Skip compress image, progress: 0%
8-2-2026 18:40:59-debug: Init all bundles start..., progress: 0%
8-2-2026 18:40:59-debug: Query asset bundle start, progress: 0%
8-2-2026 18:40:59-debug: // ---- build task Query asset bundle ----
8-2-2026 18:40:59-debug: Num of bundles: 2..., progress: 0%
8-2-2026 18:40:59-debug: Init bundle root assets start..., progress: 0%
8-2-2026 18:40:59-debug: Query preload assets/scripts from cc.config.json: 60f7195c-ec2a-45eb-ba94-8955f60e81d0,1c02ae6f-4492-4915-b8f8-7492a3b1e4cd,810e96e4-e456-4468-9b59-f4e8f39732c0,efe8e2a3-eace-427b-b4f1-cb8a937ec77d,e9aa9a3e-5b2b-4ac7-a2c7-073de2b2b24f,8bbdbcdd-5cd4-4100-b6d5-b7c9625b6107,50f4348b-c883-4e2f-8f11-ce233b859fa1,fda095cb-831d-4601-ad94-846013963de8,f92806d7-1768-443f-afe8-12bcde84d0f0,dd3a144d-ab7f-41f0-82b8-2e43a090d496,f0416e68-0200-4b77-a926-4f9d16e494da,511d2633-09a7-4bdd-ac42-f778032124b3,5d45aa00-e064-4938-b314-4265f0c2258c,9361fd90-ba52-4f84-aa93-6e878fd576ca,970b0598-bcb0-4714-91fb-2e81440dccd8,bcd64cc6-2dd9-43f6-abbe-66318d332032,d930590d-bb92-4cc8-8bd1-23cd027f9edf,a3cd009f-0ab0-420d-9278-b9fdab939bbc,6a2d0734-bd9e-4ddf-946e-caa52498cb75,d9937e59-61fe-4ec6-92ab-7ac5a19c89b0,d1346436-ac96-4271-b863-1f4fdead95b0,971bdb23-3ff6-43eb-b422-1c30165a3663,17debcc3-0a6b-4b8a-b00b-dc58b885581e,711ebe11-f673-4cd9-9a83-63c60ba54c5b,c0143906-9aed-447e-9436-2ae8512d1b6e,14da1725-c4c2-42b4-ab08-ee0aeb6898b3,081cab31-dccd-428e-8652-f2404cc81c47,78e0584a-4343-4727-8f37-e14e65c2a2db,871c3b6c-7379-419d-bda3-794b239ab90d,ff9b0199-ce04-4cfe-86cc-6c719f08d6e4,de1c2107-70c8-4021-8459-6399f24d01c6,cbf30902-517f-40dc-af90-a550bac27cf1,5c601d96-e4c7-4698-991b-7ee674b11079
8-2-2026 18:40:59-debug:   Number of all scenes: 3
8-2-2026 18:40:59-debug:   Number of all scripts: 39
8-2-2026 18:40:59-debug:   Number of other assets: 486
8-2-2026 18:40:59-debug: Init bundle root assets success..., progress: 0%
8-2-2026 18:40:59-debug: // ---- build task Query asset bundle ---- (11ms)
8-2-2026 18:40:59-debug: [Build Memory track]: Query asset bundle start:235.77MB, end 235.73MB, increase: -42.71KB
8-2-2026 18:40:59-debug: Query asset bundle start, progress: 5%
8-2-2026 18:40:59-log: run build task Query asset bundle success in 11 ms√, progress: 5%
8-2-2026 18:40:59-debug: // ---- build task Query asset bundle ----
8-2-2026 18:40:59-debug: // ---- build task Query asset bundle ---- (5ms)
8-2-2026 18:40:59-log: run build task Query asset bundle success in 5 ms√, progress: 10%
8-2-2026 18:40:59-debug: [Build Memory track]: Query asset bundle start:235.76MB, end 235.07MB, increase: -697.49KB
8-2-2026 18:40:59-debug: Sort some build options to settings.json start, progress: 10%
8-2-2026 18:40:59-debug: // ---- build task Sort some build options to settings.json ----
8-2-2026 18:40:59-debug: // ---- build task Sort some build options to settings.json ---- (3ms)
8-2-2026 18:40:59-log: run build task Sort some build options to settings.json success in 3 ms√, progress: 12%
8-2-2026 18:40:59-debug: [Build Memory track]: Sort some build options to settings.json start:235.10MB, end 235.13MB, increase: 26.56KB
8-2-2026 18:40:59-debug: // ---- build task Fill script data to settings ----
8-2-2026 18:40:59-debug: Fill script data to settings start, progress: 12%
8-2-2026 18:40:59-debug: // ---- build task Fill script data to settings ---- (4ms)
8-2-2026 18:41:00-log: run build task Fill script data to settings success in 4 ms√, progress: 13%
8-2-2026 18:41:00-debug: [Build Memory track]: Fill script data to settings start:235.16MB, end 235.18MB, increase: 25.87KB
8-2-2026 18:41:00-debug: Sort some build options to settings.json start, progress: 13%
8-2-2026 18:41:00-debug: // ---- build task Sort some build options to settings.json ----
8-2-2026 18:41:00-debug: // ---- build task Sort some build options to settings.json ---- (19ms)
8-2-2026 18:41:00-log: run build task Sort some build options to settings.json success in 19 ms√, progress: 15%
8-2-2026 18:41:00-debug: [Build Memory track]: Sort some build options to settings.json start:235.21MB, end 235.34MB, increase: 132.93KB
8-2-2026 18:41:24-debug: Query all assets info in project
8-2-2026 18:41:24-debug: init custom config: keepNodeUuid: false, useCache: true
8-2-2026 18:41:24-debug: Skip compress image, progress: 0%
8-2-2026 18:41:24-debug: Init all bundles start..., progress: 0%
8-2-2026 18:41:24-debug: // ---- build task Query asset bundle ----
8-2-2026 18:41:24-debug: Init bundle root assets start..., progress: 0%
8-2-2026 18:41:24-debug: Num of bundles: 2..., progress: 0%
8-2-2026 18:41:24-debug: Query asset bundle start, progress: 0%
8-2-2026 18:41:24-debug: Query preload assets/scripts from cc.config.json: 60f7195c-ec2a-45eb-ba94-8955f60e81d0,1c02ae6f-4492-4915-b8f8-7492a3b1e4cd,810e96e4-e456-4468-9b59-f4e8f39732c0,efe8e2a3-eace-427b-b4f1-cb8a937ec77d,e9aa9a3e-5b2b-4ac7-a2c7-073de2b2b24f,8bbdbcdd-5cd4-4100-b6d5-b7c9625b6107,50f4348b-c883-4e2f-8f11-ce233b859fa1,fda095cb-831d-4601-ad94-846013963de8,f92806d7-1768-443f-afe8-12bcde84d0f0,dd3a144d-ab7f-41f0-82b8-2e43a090d496,f0416e68-0200-4b77-a926-4f9d16e494da,511d2633-09a7-4bdd-ac42-f778032124b3,5d45aa00-e064-4938-b314-4265f0c2258c,9361fd90-ba52-4f84-aa93-6e878fd576ca,970b0598-bcb0-4714-91fb-2e81440dccd8,bcd64cc6-2dd9-43f6-abbe-66318d332032,d930590d-bb92-4cc8-8bd1-23cd027f9edf,a3cd009f-0ab0-420d-9278-b9fdab939bbc,6a2d0734-bd9e-4ddf-946e-caa52498cb75,d9937e59-61fe-4ec6-92ab-7ac5a19c89b0,d1346436-ac96-4271-b863-1f4fdead95b0,971bdb23-3ff6-43eb-b422-1c30165a3663,17debcc3-0a6b-4b8a-b00b-dc58b885581e,711ebe11-f673-4cd9-9a83-63c60ba54c5b,c0143906-9aed-447e-9436-2ae8512d1b6e,14da1725-c4c2-42b4-ab08-ee0aeb6898b3,081cab31-dccd-428e-8652-f2404cc81c47,78e0584a-4343-4727-8f37-e14e65c2a2db,871c3b6c-7379-419d-bda3-794b239ab90d,ff9b0199-ce04-4cfe-86cc-6c719f08d6e4,de1c2107-70c8-4021-8459-6399f24d01c6,cbf30902-517f-40dc-af90-a550bac27cf1,5c601d96-e4c7-4698-991b-7ee674b11079
8-2-2026 18:41:24-debug:   Number of all scenes: 3
8-2-2026 18:41:24-debug:   Number of all scripts: 39
8-2-2026 18:41:24-debug: Init bundle root assets success..., progress: 0%
8-2-2026 18:41:24-debug:   Number of other assets: 486
8-2-2026 18:41:24-debug: // ---- build task Query asset bundle ---- (11ms)
8-2-2026 18:41:24-log: run build task Query asset bundle success in 11 ms√, progress: 5%
8-2-2026 18:41:24-debug: Query asset bundle start, progress: 5%
8-2-2026 18:41:24-debug: [Build Memory track]: Query asset bundle start:235.87MB, end 235.83MB, increase: -38.09KB
8-2-2026 18:41:24-debug: // ---- build task Query asset bundle ----
8-2-2026 18:41:24-debug: // ---- build task Query asset bundle ---- (5ms)
8-2-2026 18:41:24-log: run build task Query asset bundle success in 5 ms√, progress: 10%
8-2-2026 18:41:24-debug: [Build Memory track]: Query asset bundle start:235.86MB, end 235.18MB, increase: -695.28KB
8-2-2026 18:41:24-debug: Sort some build options to settings.json start, progress: 10%
8-2-2026 18:41:24-debug: // ---- build task Sort some build options to settings.json ----
8-2-2026 18:41:24-debug: // ---- build task Sort some build options to settings.json ---- (3ms)
8-2-2026 18:41:24-debug: [Build Memory track]: Sort some build options to settings.json start:235.21MB, end 235.23MB, increase: 26.32KB
8-2-2026 18:41:24-log: run build task Sort some build options to settings.json success in 3 ms√, progress: 12%
8-2-2026 18:41:24-debug: Fill script data to settings start, progress: 12%
8-2-2026 18:41:24-debug: // ---- build task Fill script data to settings ----
8-2-2026 18:41:24-debug: // ---- build task Fill script data to settings ---- (4ms)
8-2-2026 18:41:24-log: run build task Fill script data to settings success in 4 ms√, progress: 13%
8-2-2026 18:41:24-debug: [Build Memory track]: Fill script data to settings start:235.26MB, end 235.29MB, increase: 25.82KB
8-2-2026 18:41:24-debug: Sort some build options to settings.json start, progress: 13%
8-2-2026 18:41:24-debug: // ---- build task Sort some build options to settings.json ----
8-2-2026 18:41:24-debug: // ---- build task Sort some build options to settings.json ---- (10ms)
8-2-2026 18:41:24-log: run build task Sort some build options to settings.json success in 10 ms√, progress: 15%
8-2-2026 18:41:24-debug: [Build Memory track]: Sort some build options to settings.json start:235.31MB, end 235.44MB, increase: 133.25KB
8-2-2026 18:41:52-debug: Query all assets info in project
8-2-2026 18:41:52-debug: init custom config: keepNodeUuid: false, useCache: true
8-2-2026 18:41:52-debug: Skip compress image, progress: 0%
8-2-2026 18:41:52-debug: Init all bundles start..., progress: 0%
8-2-2026 18:41:52-debug: Query asset bundle start, progress: 0%
8-2-2026 18:41:52-debug: Num of bundles: 2..., progress: 0%
8-2-2026 18:41:52-debug: Init bundle root assets start..., progress: 0%
8-2-2026 18:41:52-debug: // ---- build task Query asset bundle ----
8-2-2026 18:41:52-debug: Query preload assets/scripts from cc.config.json: 60f7195c-ec2a-45eb-ba94-8955f60e81d0,1c02ae6f-4492-4915-b8f8-7492a3b1e4cd,810e96e4-e456-4468-9b59-f4e8f39732c0,efe8e2a3-eace-427b-b4f1-cb8a937ec77d,e9aa9a3e-5b2b-4ac7-a2c7-073de2b2b24f,8bbdbcdd-5cd4-4100-b6d5-b7c9625b6107,50f4348b-c883-4e2f-8f11-ce233b859fa1,fda095cb-831d-4601-ad94-846013963de8,f92806d7-1768-443f-afe8-12bcde84d0f0,dd3a144d-ab7f-41f0-82b8-2e43a090d496,f0416e68-0200-4b77-a926-4f9d16e494da,511d2633-09a7-4bdd-ac42-f778032124b3,5d45aa00-e064-4938-b314-4265f0c2258c,9361fd90-ba52-4f84-aa93-6e878fd576ca,970b0598-bcb0-4714-91fb-2e81440dccd8,bcd64cc6-2dd9-43f6-abbe-66318d332032,d930590d-bb92-4cc8-8bd1-23cd027f9edf,a3cd009f-0ab0-420d-9278-b9fdab939bbc,6a2d0734-bd9e-4ddf-946e-caa52498cb75,d9937e59-61fe-4ec6-92ab-7ac5a19c89b0,d1346436-ac96-4271-b863-1f4fdead95b0,971bdb23-3ff6-43eb-b422-1c30165a3663,17debcc3-0a6b-4b8a-b00b-dc58b885581e,711ebe11-f673-4cd9-9a83-63c60ba54c5b,c0143906-9aed-447e-9436-2ae8512d1b6e,14da1725-c4c2-42b4-ab08-ee0aeb6898b3,081cab31-dccd-428e-8652-f2404cc81c47,78e0584a-4343-4727-8f37-e14e65c2a2db,871c3b6c-7379-419d-bda3-794b239ab90d,ff9b0199-ce04-4cfe-86cc-6c719f08d6e4,de1c2107-70c8-4021-8459-6399f24d01c6,cbf30902-517f-40dc-af90-a550bac27cf1,5c601d96-e4c7-4698-991b-7ee674b11079
8-2-2026 18:41:52-debug:   Number of all scenes: 3
8-2-2026 18:41:52-debug:   Number of other assets: 486
8-2-2026 18:41:52-debug:   Number of all scripts: 39
8-2-2026 18:41:52-debug: Init bundle root assets success..., progress: 0%
8-2-2026 18:41:52-debug: // ---- build task Query asset bundle ---- (12ms)
8-2-2026 18:41:52-log: run build task Query asset bundle success in 12 ms√, progress: 5%
8-2-2026 18:41:52-debug: [Build Memory track]: Query asset bundle start:235.97MB, end 235.94MB, increase: -36.19KB
8-2-2026 18:41:52-debug: Query asset bundle start, progress: 5%
8-2-2026 18:41:52-debug: // ---- build task Query asset bundle ----
8-2-2026 18:41:52-debug: // ---- build task Query asset bundle ---- (8ms)
8-2-2026 18:41:52-log: run build task Query asset bundle success in 8 ms√, progress: 10%
8-2-2026 18:41:52-debug: [Build Memory track]: Query asset bundle start:235.97MB, end 235.31MB, increase: -671.68KB
8-2-2026 18:41:52-debug: Sort some build options to settings.json start, progress: 10%
8-2-2026 18:41:52-debug: // ---- build task Sort some build options to settings.json ----
8-2-2026 18:41:52-debug: // ---- build task Sort some build options to settings.json ---- (2ms)
8-2-2026 18:41:52-log: run build task Sort some build options to settings.json success in 2 ms√, progress: 12%
8-2-2026 18:41:52-debug: [Build Memory track]: Sort some build options to settings.json start:235.34MB, end 235.36MB, increase: 26.34KB
8-2-2026 18:41:52-debug: Fill script data to settings start, progress: 12%
8-2-2026 18:41:52-debug: // ---- build task Fill script data to settings ----
8-2-2026 18:41:52-debug: // ---- build task Fill script data to settings ---- (3ms)
8-2-2026 18:41:52-debug: [Build Memory track]: Fill script data to settings start:235.40MB, end 235.42MB, increase: 25.73KB
8-2-2026 18:41:52-log: run build task Fill script data to settings success in 3 ms√, progress: 13%
8-2-2026 18:41:52-debug: Sort some build options to settings.json start, progress: 13%
8-2-2026 18:41:52-debug: // ---- build task Sort some build options to settings.json ----
8-2-2026 18:41:52-debug: // ---- build task Sort some build options to settings.json ---- (19ms)
8-2-2026 18:41:52-log: run build task Sort some build options to settings.json success in 19 ms√, progress: 15%
8-2-2026 18:41:52-debug: [Build Memory track]: Sort some build options to settings.json start:235.45MB, end 235.58MB, increase: 135.79KB
8-2-2026 20:56:35-debug: refresh db internal success
8-2-2026 20:56:35-debug: refresh db assets success
8-2-2026 20:56:35-debug: Run asset db hook engine-extends:afterRefresh ...
8-2-2026 20:56:35-debug: Run asset db hook engine-extends:afterRefresh success!
8-2-2026 20:56:35-debug: asset-db:refresh-all-database (126ms)
8-2-2026 20:56:35-debug: asset-db:worker-effect-data-processing (7ms)
8-2-2026 20:56:35-debug: asset-db-hook-engine-extends-afterRefresh (7ms)
8-2-2026 21:23:42-debug: refresh db internal success
8-2-2026 21:23:42-debug: %cImport%c: F:\Github\BattleGame\assets\scriptsbackground: #aaff85; color: #000;color: #000;
8-2-2026 21:23:42-debug: %cImport%c: F:\Github\BattleGame\assets\Test.scenebackground: #aaff85; color: #000;color: #000;
8-2-2026 21:23:42-debug: %cImport%c: F:\Github\BattleGame\assets\scripts\BattleTelemetry.tsbackground: #aaff85; color: #000;color: #000;
8-2-2026 21:23:42-debug: %cImport%c: F:\Github\BattleGame\assets\scripts\GameManager.tsbackground: #aaff85; color: #000;color: #000;
8-2-2026 21:23:42-debug: %cImport%c: F:\Github\BattleGame\assets\scripts\LevelSettings.tsbackground: #aaff85; color: #000;color: #000;
8-2-2026 21:23:42-debug: refresh db assets success
8-2-2026 21:23:42-debug: Run asset db hook engine-extends:afterRefresh success!
8-2-2026 21:23:42-debug: Run asset db hook engine-extends:afterRefresh ...
8-2-2026 21:23:42-debug: asset-db:refresh-all-database (99ms)
8-2-2026 21:23:42-debug: asset-db:worker-effect-data-processing (2ms)
8-2-2026 21:23:42-debug: asset-db-hook-engine-extends-afterRefresh (2ms)
8-2-2026 21:23:43-debug: Query all assets info in project
8-2-2026 21:23:43-debug: init custom config: keepNodeUuid: false, useCache: true
8-2-2026 21:23:43-debug: Skip compress image, progress: 0%
8-2-2026 21:23:43-debug: Init all bundles start..., progress: 0%
8-2-2026 21:23:43-debug: Query asset bundle start, progress: 0%
8-2-2026 21:23:43-debug: // ---- build task Query asset bundle ----
8-2-2026 21:23:43-debug: Num of bundles: 2..., progress: 0%
8-2-2026 21:23:43-debug: Init bundle root assets start..., progress: 0%
8-2-2026 21:23:43-debug: Query preload assets/scripts from cc.config.json: 60f7195c-ec2a-45eb-ba94-8955f60e81d0,1c02ae6f-4492-4915-b8f8-7492a3b1e4cd,810e96e4-e456-4468-9b59-f4e8f39732c0,efe8e2a3-eace-427b-b4f1-cb8a937ec77d,e9aa9a3e-5b2b-4ac7-a2c7-073de2b2b24f,8bbdbcdd-5cd4-4100-b6d5-b7c9625b6107,50f4348b-c883-4e2f-8f11-ce233b859fa1,fda095cb-831d-4601-ad94-846013963de8,f92806d7-1768-443f-afe8-12bcde84d0f0,dd3a144d-ab7f-41f0-82b8-2e43a090d496,f0416e68-0200-4b77-a926-4f9d16e494da,511d2633-09a7-4bdd-ac42-f778032124b3,5d45aa00-e064-4938-b314-4265f0c2258c,9361fd90-ba52-4f84-aa93-6e878fd576ca,970b0598-bcb0-4714-91fb-2e81440dccd8,bcd64cc6-2dd9-43f6-abbe-66318d332032,d930590d-bb92-4cc8-8bd1-23cd027f9edf,a3cd009f-0ab0-420d-9278-b9fdab939bbc,6a2d0734-bd9e-4ddf-946e-caa52498cb75,d9937e59-61fe-4ec6-92ab-7ac5a19c89b0,d1346436-ac96-4271-b863-1f4fdead95b0,971bdb23-3ff6-43eb-b422-1c30165a3663,17debcc3-0a6b-4b8a-b00b-dc58b885581e,711ebe11-f673-4cd9-9a83-63c60ba54c5b,c0143906-9aed-447e-9436-2ae8512d1b6e,14da1725-c4c2-42b4-ab08-ee0aeb6898b3,081cab31-dccd-428e-8652-f2404cc81c47,78e0584a-4343-4727-8f37-e14e65c2a2db,871c3b6c-7379-419d-bda3-794b239ab90d,ff9b0199-ce04-4cfe-86cc-6c719f08d6e4,de1c2107-70c8-4021-8459-6399f24d01c6,cbf30902-517f-40dc-af90-a550bac27cf1,5c601d96-e4c7-4698-991b-7ee674b11079
8-2-2026 21:23:43-debug:   Number of all scripts: 39
8-2-2026 21:23:43-debug:   Number of other assets: 486
8-2-2026 21:23:43-debug: Init bundle root assets success..., progress: 0%
8-2-2026 21:23:43-debug:   Number of all scenes: 3
8-2-2026 21:23:43-debug: // ---- build task Query asset bundle ---- (18ms)
8-2-2026 21:23:43-log: run build task Query asset bundle success in 18 ms√, progress: 5%
8-2-2026 21:23:43-debug: [Build Memory track]: Query asset bundle start:237.85MB, end 237.74MB, increase: -109.54KB
8-2-2026 21:23:43-debug: Query asset bundle start, progress: 5%
8-2-2026 21:23:43-debug: // ---- build task Query asset bundle ----
8-2-2026 21:23:43-debug: // ---- build task Query asset bundle ---- (8ms)
8-2-2026 21:23:43-log: run build task Query asset bundle success in 8 ms√, progress: 10%
8-2-2026 21:23:43-debug: [Build Memory track]: Query asset bundle start:237.77MB, end 237.90MB, increase: 138.92KB
8-2-2026 21:23:43-debug: // ---- build task Sort some build options to settings.json ----
8-2-2026 21:23:43-debug: Sort some build options to settings.json start, progress: 10%
8-2-2026 21:23:43-debug: // ---- build task Sort some build options to settings.json ---- (3ms)
8-2-2026 21:23:43-log: run build task Sort some build options to settings.json success in 3 ms√, progress: 12%
8-2-2026 21:23:43-debug: [Build Memory track]: Sort some build options to settings.json start:237.93MB, end 237.96MB, increase: 26.25KB
8-2-2026 21:23:43-debug: Fill script data to settings start, progress: 12%
8-2-2026 21:23:43-debug: // ---- build task Fill script data to settings ----
8-2-2026 21:23:43-debug: // ---- build task Fill script data to settings ---- (3ms)
8-2-2026 21:23:43-log: run build task Fill script data to settings success in 3 ms√, progress: 13%
8-2-2026 21:23:43-debug: [Build Memory track]: Fill script data to settings start:237.99MB, end 238.01MB, increase: 25.78KB
8-2-2026 21:23:43-debug: Sort some build options to settings.json start, progress: 13%
8-2-2026 21:23:43-debug: // ---- build task Sort some build options to settings.json ----
8-2-2026 21:23:43-debug: // ---- build task Sort some build options to settings.json ---- (9ms)
8-2-2026 21:23:43-log: run build task Sort some build options to settings.json success in 9 ms√, progress: 15%
8-2-2026 21:23:43-debug: [Build Memory track]: Sort some build options to settings.json start:238.04MB, end 238.16MB, increase: 125.73KB
8-2-2026 21:23:48-debug: Query all assets info in project
8-2-2026 21:23:48-debug: init custom config: keepNodeUuid: false, useCache: true
8-2-2026 21:23:48-debug: Skip compress image, progress: 0%
8-2-2026 21:23:48-debug: Init all bundles start..., progress: 0%
8-2-2026 21:23:48-debug: Query asset bundle start, progress: 0%
8-2-2026 21:23:48-debug: // ---- build task Query asset bundle ----
8-2-2026 21:23:48-debug: Num of bundles: 2..., progress: 0%
8-2-2026 21:23:48-debug: Init bundle root assets start..., progress: 0%
8-2-2026 21:23:48-debug: Query preload assets/scripts from cc.config.json: 60f7195c-ec2a-45eb-ba94-8955f60e81d0,1c02ae6f-4492-4915-b8f8-7492a3b1e4cd,810e96e4-e456-4468-9b59-f4e8f39732c0,efe8e2a3-eace-427b-b4f1-cb8a937ec77d,e9aa9a3e-5b2b-4ac7-a2c7-073de2b2b24f,8bbdbcdd-5cd4-4100-b6d5-b7c9625b6107,50f4348b-c883-4e2f-8f11-ce233b859fa1,fda095cb-831d-4601-ad94-846013963de8,f92806d7-1768-443f-afe8-12bcde84d0f0,dd3a144d-ab7f-41f0-82b8-2e43a090d496,f0416e68-0200-4b77-a926-4f9d16e494da,511d2633-09a7-4bdd-ac42-f778032124b3,5d45aa00-e064-4938-b314-4265f0c2258c,9361fd90-ba52-4f84-aa93-6e878fd576ca,970b0598-bcb0-4714-91fb-2e81440dccd8,bcd64cc6-2dd9-43f6-abbe-66318d332032,d930590d-bb92-4cc8-8bd1-23cd027f9edf,a3cd009f-0ab0-420d-9278-b9fdab939bbc,6a2d0734-bd9e-4ddf-946e-caa52498cb75,d9937e59-61fe-4ec6-92ab-7ac5a19c89b0,d1346436-ac96-4271-b863-1f4fdead95b0,971bdb23-3ff6-43eb-b422-1c30165a3663,17debcc3-0a6b-4b8a-b00b-dc58b885581e,711ebe11-f673-4cd9-9a83-63c60ba54c5b,c0143906-9aed-447e-9436-2ae8512d1b6e,14da1725-c4c2-42b4-ab08-ee0aeb6898b3,081cab31-dccd-428e-8652-f2404cc81c47,78e0584a-4343-4727-8f37-e14e65c2a2db,871c3b6c-7379-419d-bda3-794b239ab90d,ff9b0199-ce04-4cfe-86cc-6c719f08d6e4,de1c2107-70c8-4021-8459-6399f24d01c6,cbf30902-517f-40dc-af90-a550bac27cf1,5c601d96-e4c7-4698-991b-7ee674b11079
8-2-2026 21:23:48-debug:   Number of other assets: 486
8-2-2026 21:23:48-debug: Init bundle root assets success..., progress: 0%
8-2-2026 21:23:48-debug:   Number of all scenes: 3
8-2-2026 21:23:48-debug:   Number of all scripts: 39
8-2-2026 21:23:48-debug: // ---- build task Query asset bundle ---- (7ms)
8-2-2026 21:23:48-debug: [Build Memory track]: Query asset bundle start:237.96MB, end 237.84MB, increase: -115.97KB
8-2-2026 21:23:48-log: run build task Query asset bundle success in 7 ms√, progress: 5%
8-2-2026 21:23:48-debug: // ---- build task Query asset bundle ----
8-2-2026 21:23:48-debug: Query asset bundle start, progress: 5%
8-2-2026 21:23:48-debug: // ---- build task Query asset bundle ---- (5ms)
8-2-2026 21:23:48-log: run build task Query asset bundle success in 5 ms√, progress: 10%
8-2-2026 21:23:48-debug: [Build Memory track]: Query asset bundle start:237.87MB, end 238.01MB, increase: 143.82KB
8-2-2026 21:23:48-debug: // ---- build task Sort some build options to settings.json ----
8-2-2026 21:23:48-debug: Sort some build options to settings.json start, progress: 10%
8-2-2026 21:23:48-debug: // ---- build task Sort some build options to settings.json ---- (2ms)
8-2-2026 21:23:48-log: run build task Sort some build options to settings.json success in 2 ms√, progress: 12%
8-2-2026 21:23:48-debug: [Build Memory track]: Sort some build options to settings.json start:238.04MB, end 238.07MB, increase: 26.27KB
8-2-2026 21:23:48-debug: Fill script data to settings start, progress: 12%
8-2-2026 21:23:48-debug: // ---- build task Fill script data to settings ----
8-2-2026 21:23:48-debug: // ---- build task Fill script data to settings ---- (3ms)
8-2-2026 21:23:48-debug: // ---- build task Sort some build options to settings.json ----
8-2-2026 21:23:48-debug: Sort some build options to settings.json start, progress: 13%
8-2-2026 21:23:48-debug: [Build Memory track]: Fill script data to settings start:238.09MB, end 238.12MB, increase: 25.91KB
8-2-2026 21:23:48-log: run build task Fill script data to settings success in 3 ms√, progress: 13%
8-2-2026 21:23:48-log: run build task Sort some build options to settings.json success in 7 ms√, progress: 15%
8-2-2026 21:23:48-debug: [Build Memory track]: Sort some build options to settings.json start:238.15MB, end 238.27MB, increase: 125.87KB
8-2-2026 21:23:48-debug: // ---- build task Sort some build options to settings.json ---- (7ms)
8-2-2026 21:24:19-debug: %cImport%c: F:\Github\BattleGame\assets\Test.scenebackground: #aaff85; color: #000;color: #000;
8-2-2026 21:24:19-debug: asset-db:reimport-asset1effe86e-a401-4769-9dbc-62218c68834d (34ms)
8-2-2026 21:24:20-debug: Query all assets info in project
8-2-2026 21:24:20-debug: init custom config: keepNodeUuid: false, useCache: true
8-2-2026 21:24:20-debug: Skip compress image, progress: 0%
8-2-2026 21:24:20-debug: Init all bundles start..., progress: 0%
8-2-2026 21:24:20-debug: Num of bundles: 2..., progress: 0%
8-2-2026 21:24:20-debug: // ---- build task Query asset bundle ----
8-2-2026 21:24:20-debug: Query asset bundle start, progress: 0%
8-2-2026 21:24:20-debug: Init bundle root assets start..., progress: 0%
8-2-2026 21:24:20-debug: Query preload assets/scripts from cc.config.json: 60f7195c-ec2a-45eb-ba94-8955f60e81d0,1c02ae6f-4492-4915-b8f8-7492a3b1e4cd,810e96e4-e456-4468-9b59-f4e8f39732c0,efe8e2a3-eace-427b-b4f1-cb8a937ec77d,e9aa9a3e-5b2b-4ac7-a2c7-073de2b2b24f,8bbdbcdd-5cd4-4100-b6d5-b7c9625b6107,50f4348b-c883-4e2f-8f11-ce233b859fa1,fda095cb-831d-4601-ad94-846013963de8,f92806d7-1768-443f-afe8-12bcde84d0f0,dd3a144d-ab7f-41f0-82b8-2e43a090d496,f0416e68-0200-4b77-a926-4f9d16e494da,511d2633-09a7-4bdd-ac42-f778032124b3,5d45aa00-e064-4938-b314-4265f0c2258c,9361fd90-ba52-4f84-aa93-6e878fd576ca,970b0598-bcb0-4714-91fb-2e81440dccd8,bcd64cc6-2dd9-43f6-abbe-66318d332032,d930590d-bb92-4cc8-8bd1-23cd027f9edf,a3cd009f-0ab0-420d-9278-b9fdab939bbc,6a2d0734-bd9e-4ddf-946e-caa52498cb75,d9937e59-61fe-4ec6-92ab-7ac5a19c89b0,d1346436-ac96-4271-b863-1f4fdead95b0,971bdb23-3ff6-43eb-b422-1c30165a3663,17debcc3-0a6b-4b8a-b00b-dc58b885581e,711ebe11-f673-4cd9-9a83-63c60ba54c5b,c0143906-9aed-447e-9436-2ae8512d1b6e,14da1725-c4c2-42b4-ab08-ee0aeb6898b3,081cab31-dccd-428e-8652-f2404cc81c47,78e0584a-4343-4727-8f37-e14e65c2a2db,871c3b6c-7379-419d-bda3-794b239ab90d,ff9b0199-ce04-4cfe-86cc-6c719f08d6e4,de1c2107-70c8-4021-8459-6399f24d01c6,cbf30902-517f-40dc-af90-a550bac27cf1,5c601d96-e4c7-4698-991b-7ee674b11079
8-2-2026 21:24:20-debug:   Number of other assets: 486
8-2-2026 21:24:20-debug: Init bundle root assets success..., progress: 0%
8-2-2026 21:24:20-debug:   Number of all scenes: 3
8-2-2026 21:24:20-debug:   Number of all scripts: 39
8-2-2026 21:24:20-debug: // ---- build task Query asset bundle ---- (10ms)
8-2-2026 21:24:20-log: run build task Query asset bundle success in 10 ms√, progress: 5%
8-2-2026 21:24:20-debug: [Build Memory track]: Query asset bundle start:238.65MB, end 238.45MB, increase: -199.27KB
8-2-2026 21:24:20-debug: // ---- build task Query asset bundle ----
8-2-2026 21:24:20-debug: Query asset bundle start, progress: 5%
8-2-2026 21:24:20-debug: // ---- build task Query asset bundle ---- (4ms)
8-2-2026 21:24:20-debug: [Build Memory track]: Query asset bundle start:238.48MB, end 238.62MB, increase: 139.09KB
8-2-2026 21:24:20-debug: // ---- build task Sort some build options to settings.json ----
8-2-2026 21:24:20-log: run build task Query asset bundle success in 4 ms√, progress: 10%
8-2-2026 21:24:20-debug: Sort some build options to settings.json start, progress: 10%
8-2-2026 21:24:20-debug: // ---- build task Sort some build options to settings.json ---- (3ms)
8-2-2026 21:24:20-debug: [Build Memory track]: Sort some build options to settings.json start:238.65MB, end 238.67MB, increase: 26.49KB
8-2-2026 21:24:20-debug: Fill script data to settings start, progress: 12%
8-2-2026 21:24:20-log: run build task Sort some build options to settings.json success in 3 ms√, progress: 12%
8-2-2026 21:24:20-debug: // ---- build task Fill script data to settings ----
8-2-2026 21:24:20-debug: // ---- build task Fill script data to settings ---- (10ms)
8-2-2026 21:24:20-debug: [Build Memory track]: Fill script data to settings start:238.70MB, end 238.72MB, increase: 25.95KB
8-2-2026 21:24:20-log: run build task Fill script data to settings success in 10 ms√, progress: 13%
8-2-2026 21:24:20-debug: Sort some build options to settings.json start, progress: 13%
8-2-2026 21:24:20-debug: // ---- build task Sort some build options to settings.json ----
8-2-2026 21:24:20-debug: // ---- build task Sort some build options to settings.json ---- (13ms)
8-2-2026 21:24:20-log: run build task Sort some build options to settings.json success in 13 ms√, progress: 15%
8-2-2026 21:24:20-debug: [Build Memory track]: Sort some build options to settings.json start:238.75MB, end 238.16MB, increase: -610.30KB
8-2-2026 21:24:24-debug: Query all assets info in project
8-2-2026 21:24:24-debug: init custom config: keepNodeUuid: false, useCache: true
8-2-2026 21:24:24-debug: Skip compress image, progress: 0%
8-2-2026 21:24:24-debug: Init all bundles start..., progress: 0%
8-2-2026 21:24:24-debug: Num of bundles: 2..., progress: 0%
8-2-2026 21:24:24-debug: Query asset bundle start, progress: 0%
8-2-2026 21:24:24-debug: // ---- build task Query asset bundle ----
8-2-2026 21:24:24-debug: Init bundle root assets start..., progress: 0%
8-2-2026 21:24:24-debug: Query preload assets/scripts from cc.config.json: 60f7195c-ec2a-45eb-ba94-8955f60e81d0,1c02ae6f-4492-4915-b8f8-7492a3b1e4cd,810e96e4-e456-4468-9b59-f4e8f39732c0,efe8e2a3-eace-427b-b4f1-cb8a937ec77d,e9aa9a3e-5b2b-4ac7-a2c7-073de2b2b24f,8bbdbcdd-5cd4-4100-b6d5-b7c9625b6107,50f4348b-c883-4e2f-8f11-ce233b859fa1,fda095cb-831d-4601-ad94-846013963de8,f92806d7-1768-443f-afe8-12bcde84d0f0,dd3a144d-ab7f-41f0-82b8-2e43a090d496,f0416e68-0200-4b77-a926-4f9d16e494da,511d2633-09a7-4bdd-ac42-f778032124b3,5d45aa00-e064-4938-b314-4265f0c2258c,9361fd90-ba52-4f84-aa93-6e878fd576ca,970b0598-bcb0-4714-91fb-2e81440dccd8,bcd64cc6-2dd9-43f6-abbe-66318d332032,d930590d-bb92-4cc8-8bd1-23cd027f9edf,a3cd009f-0ab0-420d-9278-b9fdab939bbc,6a2d0734-bd9e-4ddf-946e-caa52498cb75,d9937e59-61fe-4ec6-92ab-7ac5a19c89b0,d1346436-ac96-4271-b863-1f4fdead95b0,971bdb23-3ff6-43eb-b422-1c30165a3663,17debcc3-0a6b-4b8a-b00b-dc58b885581e,711ebe11-f673-4cd9-9a83-63c60ba54c5b,c0143906-9aed-447e-9436-2ae8512d1b6e,14da1725-c4c2-42b4-ab08-ee0aeb6898b3,081cab31-dccd-428e-8652-f2404cc81c47,78e0584a-4343-4727-8f37-e14e65c2a2db,871c3b6c-7379-419d-bda3-794b239ab90d,ff9b0199-ce04-4cfe-86cc-6c719f08d6e4,de1c2107-70c8-4021-8459-6399f24d01c6,cbf30902-517f-40dc-af90-a550bac27cf1,5c601d96-e4c7-4698-991b-7ee674b11079
8-2-2026 21:24:24-debug:   Number of all scenes: 3
8-2-2026 21:24:24-debug:   Number of all scripts: 39
8-2-2026 21:24:24-debug:   Number of other assets: 486
8-2-2026 21:24:24-debug: Init bundle root assets success..., progress: 0%
8-2-2026 21:24:24-log: run build task Query asset bundle success in 13 ms√, progress: 5%
8-2-2026 21:24:24-debug: // ---- build task Query asset bundle ---- (13ms)
8-2-2026 21:24:24-debug: [Build Memory track]: Query asset bundle start:238.60MB, end 238.42MB, increase: -192.56KB
8-2-2026 21:24:24-debug: // ---- build task Query asset bundle ----
8-2-2026 21:24:24-debug: Query asset bundle start, progress: 5%
8-2-2026 21:24:24-debug: // ---- build task Query asset bundle ---- (8ms)
8-2-2026 21:24:24-log: run build task Query asset bundle success in 8 ms√, progress: 10%
8-2-2026 21:24:24-debug: [Build Memory track]: Query asset bundle start:238.44MB, end 238.58MB, increase: 140.32KB
8-2-2026 21:24:24-debug: Sort some build options to settings.json start, progress: 10%
8-2-2026 21:24:24-debug: // ---- build task Sort some build options to settings.json ----
8-2-2026 21:24:24-debug: // ---- build task Sort some build options to settings.json ---- (4ms)
8-2-2026 21:24:24-log: run build task Sort some build options to settings.json success in 4 ms√, progress: 12%
8-2-2026 21:24:24-debug: [Build Memory track]: Sort some build options to settings.json start:238.61MB, end 238.63MB, increase: 26.30KB
8-2-2026 21:24:24-debug: Fill script data to settings start, progress: 12%
8-2-2026 21:24:24-debug: // ---- build task Fill script data to settings ----
8-2-2026 21:24:24-debug: // ---- build task Fill script data to settings ---- (4ms)
8-2-2026 21:24:24-debug: [Build Memory track]: Fill script data to settings start:238.66MB, end 238.69MB, increase: 25.88KB
8-2-2026 21:24:24-log: run build task Fill script data to settings success in 4 ms√, progress: 13%
8-2-2026 21:24:24-debug: Sort some build options to settings.json start, progress: 13%
8-2-2026 21:24:24-debug: // ---- build task Sort some build options to settings.json ----
8-2-2026 21:24:24-debug: // ---- build task Sort some build options to settings.json ---- (8ms)
8-2-2026 21:24:24-log: run build task Sort some build options to settings.json success in 8 ms√, progress: 15%
8-2-2026 21:24:24-debug: [Build Memory track]: Sort some build options to settings.json start:238.72MB, end 238.84MB, increase: 125.79KB
8-2-2026 21:24:40-debug: refresh db internal success
8-2-2026 21:24:41-debug: refresh db assets success
8-2-2026 21:24:41-debug: Run asset db hook engine-extends:afterRefresh ...
8-2-2026 21:24:41-debug: Run asset db hook engine-extends:afterRefresh success!
8-2-2026 21:24:41-debug: asset-db:refresh-all-database (114ms)
8-2-2026 21:24:41-debug: asset-db:worker-effect-data-processing (5ms)
8-2-2026 21:24:41-debug: asset-db-hook-engine-extends-afterRefresh (6ms)
8-2-2026 21:24:42-debug: %cImport%c: F:\Github\BattleGame\assets\Test.scenebackground: #aaff85; color: #000;color: #000;
8-2-2026 21:24:42-debug: asset-db:reimport-asset1effe86e-a401-4769-9dbc-62218c68834d (33ms)
8-2-2026 21:24:43-debug: Query all assets info in project
8-2-2026 21:24:43-debug: init custom config: keepNodeUuid: false, useCache: true
8-2-2026 21:24:43-debug: Skip compress image, progress: 0%
8-2-2026 21:24:43-debug: Init all bundles start..., progress: 0%
8-2-2026 21:24:43-debug: Query asset bundle start, progress: 0%
8-2-2026 21:24:43-debug: Init bundle root assets start..., progress: 0%
8-2-2026 21:24:43-debug: Num of bundles: 2..., progress: 0%
8-2-2026 21:24:43-debug: // ---- build task Query asset bundle ----
8-2-2026 21:24:43-debug: Query preload assets/scripts from cc.config.json: 60f7195c-ec2a-45eb-ba94-8955f60e81d0,1c02ae6f-4492-4915-b8f8-7492a3b1e4cd,810e96e4-e456-4468-9b59-f4e8f39732c0,efe8e2a3-eace-427b-b4f1-cb8a937ec77d,e9aa9a3e-5b2b-4ac7-a2c7-073de2b2b24f,8bbdbcdd-5cd4-4100-b6d5-b7c9625b6107,50f4348b-c883-4e2f-8f11-ce233b859fa1,fda095cb-831d-4601-ad94-846013963de8,f92806d7-1768-443f-afe8-12bcde84d0f0,dd3a144d-ab7f-41f0-82b8-2e43a090d496,f0416e68-0200-4b77-a926-4f9d16e494da,511d2633-09a7-4bdd-ac42-f778032124b3,5d45aa00-e064-4938-b314-4265f0c2258c,9361fd90-ba52-4f84-aa93-6e878fd576ca,970b0598-bcb0-4714-91fb-2e81440dccd8,bcd64cc6-2dd9-43f6-abbe-66318d332032,d930590d-bb92-4cc8-8bd1-23cd027f9edf,a3cd009f-0ab0-420d-9278-b9fdab939bbc,6a2d0734-bd9e-4ddf-946e-caa52498cb75,d9937e59-61fe-4ec6-92ab-7ac5a19c89b0,d1346436-ac96-4271-b863-1f4fdead95b0,971bdb23-3ff6-43eb-b422-1c30165a3663,17debcc3-0a6b-4b8a-b00b-dc58b885581e,711ebe11-f673-4cd9-9a83-63c60ba54c5b,c0143906-9aed-447e-9436-2ae8512d1b6e,14da1725-c4c2-42b4-ab08-ee0aeb6898b3,081cab31-dccd-428e-8652-f2404cc81c47,78e0584a-4343-4727-8f37-e14e65c2a2db,871c3b6c-7379-419d-bda3-794b239ab90d,ff9b0199-ce04-4cfe-86cc-6c719f08d6e4,de1c2107-70c8-4021-8459-6399f24d01c6,cbf30902-517f-40dc-af90-a550bac27cf1,5c601d96-e4c7-4698-991b-7ee674b11079
8-2-2026 21:24:43-debug:   Number of all scenes: 3
8-2-2026 21:24:43-debug: Init bundle root assets success..., progress: 0%
8-2-2026 21:24:43-debug:   Number of all scripts: 39
8-2-2026 21:24:43-debug:   Number of other assets: 486
8-2-2026 21:24:43-debug: // ---- build task Query asset bundle ---- (10ms)
8-2-2026 21:24:43-log: run build task Query asset bundle success in 10 ms√, progress: 5%
8-2-2026 21:24:43-debug: [Build Memory track]: Query asset bundle start:239.57MB, end 239.46MB, increase: -116.38KB
8-2-2026 21:24:43-debug: Query asset bundle start, progress: 5%
8-2-2026 21:24:43-debug: // ---- build task Query asset bundle ----
8-2-2026 21:24:43-debug: // ---- build task Query asset bundle ---- (10ms)
8-2-2026 21:24:43-debug: // ---- build task Sort some build options to settings.json ----
8-2-2026 21:24:43-log: run build task Query asset bundle success in 10 ms√, progress: 10%
8-2-2026 21:24:43-debug: [Build Memory track]: Query asset bundle start:239.48MB, end 239.62MB, increase: 138.93KB
8-2-2026 21:24:43-debug: Query all assets info in project
8-2-2026 21:24:43-debug: Sort some build options to settings.json start, progress: 10%
8-2-2026 21:24:43-debug: // ---- build task Sort some build options to settings.json ---- (5ms)
8-2-2026 21:24:43-log: run build task Sort some build options to settings.json success in 5 ms√, progress: 12%
8-2-2026 21:24:43-debug: [Build Memory track]: Sort some build options to settings.json start:239.65MB, end 239.69MB, increase: 43.20KB
8-2-2026 21:24:43-debug: // ---- build task Fill script data to settings ----
8-2-2026 21:24:43-debug: Fill script data to settings start, progress: 12%
8-2-2026 21:24:43-log: run build task Fill script data to settings success in 2 ms√, progress: 13%
8-2-2026 21:24:43-debug: [Build Memory track]: Fill script data to settings start:239.72MB, end 239.74MB, increase: 27.65KB
8-2-2026 21:24:43-debug: // ---- build task Sort some build options to settings.json ----
8-2-2026 21:24:43-debug: Sort some build options to settings.json start, progress: 13%
8-2-2026 21:24:43-debug: // ---- build task Fill script data to settings ---- (2ms)
8-2-2026 21:24:43-debug: // ---- build task Sort some build options to settings.json ---- (10ms)
8-2-2026 21:24:43-log: run build task Sort some build options to settings.json success in 10 ms√, progress: 15%
8-2-2026 21:24:43-debug: [Build Memory track]: Sort some build options to settings.json start:239.77MB, end 239.92MB, increase: 154.27KB
8-2-2026 21:24:43-debug: init custom config: keepNodeUuid: false, useCache: true
8-2-2026 21:24:43-debug: Skip compress image, progress: 0%
8-2-2026 21:24:43-debug: Init all bundles start..., progress: 0%
8-2-2026 21:24:43-debug: // ---- build task Query asset bundle ----
8-2-2026 21:24:43-debug: Init bundle root assets start..., progress: 0%
8-2-2026 21:24:43-debug: Num of bundles: 2..., progress: 0%
8-2-2026 21:24:43-debug: Query asset bundle start, progress: 0%
8-2-2026 21:24:43-debug: Query preload assets/scripts from cc.config.json: 60f7195c-ec2a-45eb-ba94-8955f60e81d0,1c02ae6f-4492-4915-b8f8-7492a3b1e4cd,810e96e4-e456-4468-9b59-f4e8f39732c0,efe8e2a3-eace-427b-b4f1-cb8a937ec77d,e9aa9a3e-5b2b-4ac7-a2c7-073de2b2b24f,8bbdbcdd-5cd4-4100-b6d5-b7c9625b6107,50f4348b-c883-4e2f-8f11-ce233b859fa1,fda095cb-831d-4601-ad94-846013963de8,f92806d7-1768-443f-afe8-12bcde84d0f0,dd3a144d-ab7f-41f0-82b8-2e43a090d496,f0416e68-0200-4b77-a926-4f9d16e494da,511d2633-09a7-4bdd-ac42-f778032124b3,5d45aa00-e064-4938-b314-4265f0c2258c,9361fd90-ba52-4f84-aa93-6e878fd576ca,970b0598-bcb0-4714-91fb-2e81440dccd8,bcd64cc6-2dd9-43f6-abbe-66318d332032,d930590d-bb92-4cc8-8bd1-23cd027f9edf,a3cd009f-0ab0-420d-9278-b9fdab939bbc,6a2d0734-bd9e-4ddf-946e-caa52498cb75,d9937e59-61fe-4ec6-92ab-7ac5a19c89b0,d1346436-ac96-4271-b863-1f4fdead95b0,971bdb23-3ff6-43eb-b422-1c30165a3663,17debcc3-0a6b-4b8a-b00b-dc58b885581e,711ebe11-f673-4cd9-9a83-63c60ba54c5b,c0143906-9aed-447e-9436-2ae8512d1b6e,14da1725-c4c2-42b4-ab08-ee0aeb6898b3,081cab31-dccd-428e-8652-f2404cc81c47,78e0584a-4343-4727-8f37-e14e65c2a2db,871c3b6c-7379-419d-bda3-794b239ab90d,ff9b0199-ce04-4cfe-86cc-6c719f08d6e4,de1c2107-70c8-4021-8459-6399f24d01c6,cbf30902-517f-40dc-af90-a550bac27cf1,5c601d96-e4c7-4698-991b-7ee674b11079
8-2-2026 21:24:43-debug:   Number of all scenes: 3
8-2-2026 21:24:43-debug:   Number of other assets: 486
8-2-2026 21:24:43-debug: Init bundle root assets success..., progress: 0%
8-2-2026 21:24:43-debug:   Number of all scripts: 39
8-2-2026 21:24:43-debug: // ---- build task Query asset bundle ---- (20ms)
8-2-2026 21:24:43-log: run build task Query asset bundle success in 20 ms√, progress: 5%
8-2-2026 21:24:43-debug: [Build Memory track]: Query asset bundle start:240.33MB, end 240.18MB, increase: -150.19KB
8-2-2026 21:24:43-debug: Query asset bundle start, progress: 5%
8-2-2026 21:24:43-debug: // ---- build task Query asset bundle ----
8-2-2026 21:24:43-debug: // ---- build task Query asset bundle ---- (11ms)
8-2-2026 21:24:43-log: run build task Query asset bundle success in 11 ms√, progress: 10%
8-2-2026 21:24:43-debug: // ---- build task Sort some build options to settings.json ----
8-2-2026 21:24:43-debug: [Build Memory track]: Query asset bundle start:240.21MB, end 239.55MB, increase: -672.78KB
8-2-2026 21:24:43-debug: Sort some build options to settings.json start, progress: 10%
8-2-2026 21:24:43-debug: // ---- build task Sort some build options to settings.json ---- (7ms)
8-2-2026 21:24:43-debug: [Build Memory track]: Sort some build options to settings.json start:239.58MB, end 239.61MB, increase: 26.63KB
8-2-2026 21:24:43-log: run build task Sort some build options to settings.json success in 7 ms√, progress: 12%
8-2-2026 21:24:43-debug: Fill script data to settings start, progress: 12%
8-2-2026 21:24:43-debug: // ---- build task Fill script data to settings ----
8-2-2026 21:24:43-debug: // ---- build task Fill script data to settings ---- (2ms)
8-2-2026 21:24:43-log: run build task Fill script data to settings success in 2 ms√, progress: 13%
8-2-2026 21:24:43-debug: [Build Memory track]: Fill script data to settings start:239.64MB, end 239.66MB, increase: 25.79KB
8-2-2026 21:24:43-debug: Sort some build options to settings.json start, progress: 13%
8-2-2026 21:24:43-debug: // ---- build task Sort some build options to settings.json ----
8-2-2026 21:24:43-debug: // ---- build task Sort some build options to settings.json ---- (15ms)
8-2-2026 21:24:43-log: run build task Sort some build options to settings.json success in 15 ms√, progress: 15%
8-2-2026 21:24:43-debug: [Build Memory track]: Sort some build options to settings.json start:239.69MB, end 239.82MB, increase: 133.09KB
8-2-2026 21:32:22-debug: refresh db internal success
8-2-2026 21:32:22-debug: Run asset db hook engine-extends:afterRefresh ...
8-2-2026 21:32:22-debug: refresh db assets success
8-2-2026 21:32:22-debug: Run asset db hook engine-extends:afterRefresh success!
8-2-2026 21:32:22-debug: asset-db:refresh-all-database (73ms)
8-2-2026 21:32:22-debug: asset-db-hook-engine-extends-afterRefresh (1ms)
