8-3-2026 01:51:14-log: Cannot access game frame or container.
8-3-2026 01:51:16-debug: asset-db:require-engine-code (2283ms)
8-3-2026 01:51:16-log: meshopt wasm decoder initialized
8-3-2026 01:51:16-log: [bullet]:bullet wasm lib loaded.
8-3-2026 01:51:16-log: [box2d]:box2d wasm lib loaded.
8-3-2026 01:51:16-log: Cocos Creator v3.8.8
8-3-2026 01:51:16-log: Using legacy pipeline
8-3-2026 01:51:16-log: Forward render pipeline initialized.
8-3-2026 01:51:16-debug: [Assets Memory track]: asset-db:worker-init: initEngine start:32.07MB, end 79.57MB, increase: 47.51MB
8-3-2026 01:51:20-debug: [Assets Memory track]: asset-db:worker-init: initPlugin start:79.61MB, end 274.14MB, increase: 194.53MB
8-3-2026 01:51:20-debug: asset-db:worker-init: initPlugin (3955ms)
8-3-2026 01:51:20-debug: [Assets Memory track]: asset-db:worker-init start:32.06MB, end 274.25MB, increase: 242.19MB
8-3-2026 01:51:20-debug: Run asset db hook programming:beforePreStart ...
8-3-2026 01:51:20-debug: Run asset db hook programming:beforePreStart success!
8-3-2026 01:51:20-debug: Run asset db hook engine-extends:beforePreStart ...
8-3-2026 01:51:20-debug: Run asset db hook engine-extends:beforePreStart success!
8-3-2026 01:51:20-debug: asset-db:worker-init (6725ms)
8-3-2026 01:51:20-debug: asset-db-hook-programming-beforePreStart (297ms)
8-3-2026 01:51:20-debug: asset-db-hook-engine-extends-beforePreStart (296ms)
8-3-2026 01:51:20-debug: Preimport db internal success
8-3-2026 01:51:20-debug: Preimport db assets success
8-3-2026 01:51:20-debug: Run asset db hook programming:afterPreStart ...
8-3-2026 01:51:20-debug: starting packer-driver...
8-3-2026 01:51:22-debug: initialize scripting environment...
8-3-2026 01:51:22-debug: [[Executor]] prepare before lock
8-3-2026 01:51:22-debug: Set detail map pack:///resolution-detail-map.json: {}
8-3-2026 01:51:22-debug: [[Executor]] prepare after unlock
8-3-2026 01:51:22-debug: Run asset db hook engine-extends:afterPreStart ...
8-3-2026 01:51:22-debug: Run asset db hook engine-extends:afterPreStart success!
8-3-2026 01:51:22-debug: Start up the 'internal' database...
8-3-2026 01:51:22-debug: Run asset db hook programming:afterPreStart success!
8-3-2026 01:51:23-debug: Run asset db hook engine-extends:afterStartDB ...
8-3-2026 01:51:24-debug: recompile effect.bin success
8-3-2026 01:51:24-debug: Run asset db hook engine-extends:afterStartDB success!
8-3-2026 01:51:24-debug: Start up the 'assets' database...
8-3-2026 01:51:24-debug: Run asset db hook engine-extends:afterStartDB ...
8-3-2026 01:51:25-debug: recompile effect.bin success
8-3-2026 01:51:25-debug: Run asset db hook engine-extends:afterStartDB success!
8-3-2026 01:51:25-debug: lazy register asset handler directory
8-3-2026 01:51:25-debug: lazy register asset handler text
8-3-2026 01:51:25-debug: lazy register asset handler json
8-3-2026 01:51:25-debug: lazy register asset handler spine-data
8-3-2026 01:51:25-debug: lazy register asset handler dragonbones
8-3-2026 01:51:25-debug: lazy register asset handler dragonbones-atlas
8-3-2026 01:51:25-debug: lazy register asset handler terrain
8-3-2026 01:51:25-debug: lazy register asset handler javascript
8-3-2026 01:51:25-debug: lazy register asset handler scene
8-3-2026 01:51:25-debug: lazy register asset handler typescript
8-3-2026 01:51:25-debug: lazy register asset handler sprite-frame
8-3-2026 01:51:25-debug: lazy register asset handler *
8-3-2026 01:51:25-debug: lazy register asset handler prefab
8-3-2026 01:51:25-debug: lazy register asset handler tiled-map
8-3-2026 01:51:25-debug: lazy register asset handler buffer
8-3-2026 01:51:25-debug: lazy register asset handler sign-image
8-3-2026 01:51:25-debug: lazy register asset handler alpha-image
8-3-2026 01:51:25-debug: lazy register asset handler image
8-3-2026 01:51:25-debug: lazy register asset handler texture
8-3-2026 01:51:25-debug: lazy register asset handler erp-texture-cube
8-3-2026 01:51:25-debug: lazy register asset handler texture-cube-face
8-3-2026 01:51:25-debug: lazy register asset handler texture-cube
8-3-2026 01:51:25-debug: lazy register asset handler render-texture
8-3-2026 01:51:25-debug: lazy register asset handler rt-sprite-frame
8-3-2026 01:51:25-debug: lazy register asset handler gltf-mesh
8-3-2026 01:51:25-debug: lazy register asset handler gltf-animation
8-3-2026 01:51:25-debug: lazy register asset handler gltf-skeleton
8-3-2026 01:51:25-debug: lazy register asset handler gltf-material
8-3-2026 01:51:25-debug: lazy register asset handler gltf-embeded-image
8-3-2026 01:51:25-debug: lazy register asset handler gltf
8-3-2026 01:51:25-debug: lazy register asset handler gltf-scene
8-3-2026 01:51:25-debug: lazy register asset handler physics-material
8-3-2026 01:51:25-debug: lazy register asset handler material
8-3-2026 01:51:25-debug: lazy register asset handler fbx
8-3-2026 01:51:25-debug: lazy register asset handler effect-header
8-3-2026 01:51:25-debug: lazy register asset handler effect
8-3-2026 01:51:25-debug: lazy register asset handler animation-clip
8-3-2026 01:51:25-debug: lazy register asset handler animation-graph
8-3-2026 01:51:25-debug: lazy register asset handler animation-graph-variant
8-3-2026 01:51:25-debug: lazy register asset handler animation-mask
8-3-2026 01:51:25-debug: lazy register asset handler bitmap-font
8-3-2026 01:51:25-debug: lazy register asset handler particle
8-3-2026 01:51:25-debug: lazy register asset handler audio-clip
8-3-2026 01:51:25-debug: lazy register asset handler auto-atlas
8-3-2026 01:51:25-debug: lazy register asset handler sprite-atlas
8-3-2026 01:51:25-debug: lazy register asset handler ttf-font
8-3-2026 01:51:25-debug: lazy register asset handler label-atlas
8-3-2026 01:51:25-debug: lazy register asset handler render-pipeline
8-3-2026 01:51:25-debug: lazy register asset handler instantiation-material
8-3-2026 01:51:25-debug: lazy register asset handler render-stage
8-3-2026 01:51:25-debug: lazy register asset handler instantiation-mesh
8-3-2026 01:51:25-debug: lazy register asset handler instantiation-skeleton
8-3-2026 01:51:25-debug: lazy register asset handler instantiation-animation
8-3-2026 01:51:25-debug: lazy register asset handler render-flow
8-3-2026 01:51:25-debug: lazy register asset handler video-clip
8-3-2026 01:51:25-debug: asset-db-hook-programming-afterPreStart (4835ms)
8-3-2026 01:51:25-debug: asset-db-hook-engine-extends-afterPreStart (3161ms)
8-3-2026 01:51:25-debug: asset-db:worker-effect-data-processing (3159ms)
8-3-2026 01:51:25-debug: asset-db:worker-effect-data-processing (2212ms)
8-3-2026 01:51:25-debug: asset-db-hook-engine-extends-afterStartDB (2212ms)
8-3-2026 01:51:25-debug: asset-db:worker-effect-data-processing (1318ms)
8-3-2026 01:51:25-debug: asset-db-hook-engine-extends-afterStartDB (1318ms)
8-3-2026 01:51:25-debug: asset-db:start-database (5287ms)
8-3-2026 01:51:25-debug: asset-db:ready (18469ms)
8-3-2026 01:51:25-debug: init worker message success
8-3-2026 01:51:26-debug: programming:execute-script (4ms)
8-3-2026 01:51:26-debug: [Build Memory track]: builder:worker-init start:222.02MB, end 230.11MB, increase: 8.09MB
8-3-2026 01:51:26-debug: builder:worker-init (823ms)
8-3-2026 01:51:26-debug: Query all assets info in project
8-3-2026 01:51:26-debug: init custom config: keepNodeUuid: false, useCache: true
8-3-2026 01:51:26-debug: Skip compress image, progress: 0%
8-3-2026 01:51:26-debug: Init all bundles start..., progress: 0%
8-3-2026 01:51:26-debug: Num of bundles: 2..., progress: 0%
8-3-2026 01:51:26-debug: Query asset bundle start, progress: 0%
8-3-2026 01:51:26-debug: // ---- build task Query asset bundle ----
8-3-2026 01:51:26-debug: Init bundle root assets start..., progress: 0%
8-3-2026 01:51:26-debug: Query preload assets/scripts from cc.config.json: 60f7195c-ec2a-45eb-ba94-8955f60e81d0,1c02ae6f-4492-4915-b8f8-7492a3b1e4cd,810e96e4-e456-4468-9b59-f4e8f39732c0,efe8e2a3-eace-427b-b4f1-cb8a937ec77d,e9aa9a3e-5b2b-4ac7-a2c7-073de2b2b24f,8bbdbcdd-5cd4-4100-b6d5-b7c9625b6107,50f4348b-c883-4e2f-8f11-ce233b859fa1,fda095cb-831d-4601-ad94-846013963de8,f92806d7-1768-443f-afe8-12bcde84d0f0,dd3a144d-ab7f-41f0-82b8-2e43a090d496,f0416e68-0200-4b77-a926-4f9d16e494da,511d2633-09a7-4bdd-ac42-f778032124b3,5d45aa00-e064-4938-b314-4265f0c2258c,9361fd90-ba52-4f84-aa93-6e878fd576ca,970b0598-bcb0-4714-91fb-2e81440dccd8,bcd64cc6-2dd9-43f6-abbe-66318d332032,d930590d-bb92-4cc8-8bd1-23cd027f9edf,a3cd009f-0ab0-420d-9278-b9fdab939bbc,6a2d0734-bd9e-4ddf-946e-caa52498cb75,d9937e59-61fe-4ec6-92ab-7ac5a19c89b0,d1346436-ac96-4271-b863-1f4fdead95b0,971bdb23-3ff6-43eb-b422-1c30165a3663,17debcc3-0a6b-4b8a-b00b-dc58b885581e,711ebe11-f673-4cd9-9a83-63c60ba54c5b,c0143906-9aed-447e-9436-2ae8512d1b6e,14da1725-c4c2-42b4-ab08-ee0aeb6898b3,081cab31-dccd-428e-8652-f2404cc81c47,78e0584a-4343-4727-8f37-e14e65c2a2db,871c3b6c-7379-419d-bda3-794b239ab90d,ff9b0199-ce04-4cfe-86cc-6c719f08d6e4,de1c2107-70c8-4021-8459-6399f24d01c6,cbf30902-517f-40dc-af90-a550bac27cf1,5c601d96-e4c7-4698-991b-7ee674b11079
8-3-2026 01:51:26-debug:   Number of all scripts: 39
8-3-2026 01:51:26-debug:   Number of other assets: 486
8-3-2026 01:51:26-debug: Init bundle root assets success..., progress: 0%
8-3-2026 01:51:26-debug:   Number of all scenes: 3
8-3-2026 01:51:26-debug: // ---- build task Query asset bundle ---- (21ms)
8-3-2026 01:51:26-log: run build task Query asset bundle success in 21 ms√, progress: 5%
8-3-2026 01:51:26-debug: [Build Memory track]: Query asset bundle start:228.44MB, end 229.30MB, increase: 883.66KB
8-3-2026 01:51:26-debug: Query asset bundle start, progress: 5%
8-3-2026 01:51:26-debug: // ---- build task Query asset bundle ----
8-3-2026 01:51:26-debug: // ---- build task Query asset bundle ---- (7ms)
8-3-2026 01:51:26-log: run build task Query asset bundle success in 7 ms√, progress: 10%
8-3-2026 01:51:26-debug: [Build Memory track]: Query asset bundle start:229.34MB, end 229.51MB, increase: 171.64KB
8-3-2026 01:51:26-debug: Sort some build options to settings.json start, progress: 10%
8-3-2026 01:51:26-debug: // ---- build task Sort some build options to settings.json ----
8-3-2026 01:51:26-debug: // ---- build task Sort some build options to settings.json ---- (3ms)
8-3-2026 01:51:26-log: run build task Sort some build options to settings.json success in 3 ms√, progress: 12%
8-3-2026 01:51:26-debug: [Build Memory track]: Sort some build options to settings.json start:229.55MB, end 229.59MB, increase: 36.98KB
8-3-2026 01:51:26-debug: Fill script data to settings start, progress: 12%
8-3-2026 01:51:26-debug: // ---- build task Fill script data to settings ----
8-3-2026 01:51:26-debug: // ---- build task Fill script data to settings ---- (4ms)
8-3-2026 01:51:26-log: run build task Fill script data to settings success in 4 ms√, progress: 13%
8-3-2026 01:51:26-debug: [Build Memory track]: Fill script data to settings start:229.63MB, end 229.66MB, increase: 33.54KB
8-3-2026 01:51:26-debug: Sort some build options to settings.json start, progress: 13%
8-3-2026 01:51:26-debug: // ---- build task Sort some build options to settings.json ----
8-3-2026 01:51:26-debug: // ---- build task Sort some build options to settings.json ---- (11ms)
8-3-2026 01:51:26-log: run build task Sort some build options to settings.json success in 11 ms√, progress: 15%
8-3-2026 01:51:26-debug: [Build Memory track]: Sort some build options to settings.json start:229.70MB, end 229.86MB, increase: 164.05KB
8-3-2026 01:51:29-debug: Query all assets info in project
8-3-2026 01:51:29-debug: init custom config: keepNodeUuid: false, useCache: true
8-3-2026 01:51:29-debug: Skip compress image, progress: 0%
8-3-2026 01:51:29-debug: Init all bundles start..., progress: 0%
8-3-2026 01:51:29-debug: Num of bundles: 2..., progress: 0%
8-3-2026 01:51:29-debug: Query asset bundle start, progress: 0%
8-3-2026 01:51:29-debug: // ---- build task Query asset bundle ----
8-3-2026 01:51:29-debug: Init bundle root assets start..., progress: 0%
8-3-2026 01:51:29-debug: Query preload assets/scripts from cc.config.json: 60f7195c-ec2a-45eb-ba94-8955f60e81d0,1c02ae6f-4492-4915-b8f8-7492a3b1e4cd,810e96e4-e456-4468-9b59-f4e8f39732c0,efe8e2a3-eace-427b-b4f1-cb8a937ec77d,e9aa9a3e-5b2b-4ac7-a2c7-073de2b2b24f,8bbdbcdd-5cd4-4100-b6d5-b7c9625b6107,50f4348b-c883-4e2f-8f11-ce233b859fa1,fda095cb-831d-4601-ad94-846013963de8,f92806d7-1768-443f-afe8-12bcde84d0f0,dd3a144d-ab7f-41f0-82b8-2e43a090d496,f0416e68-0200-4b77-a926-4f9d16e494da,511d2633-09a7-4bdd-ac42-f778032124b3,5d45aa00-e064-4938-b314-4265f0c2258c,9361fd90-ba52-4f84-aa93-6e878fd576ca,970b0598-bcb0-4714-91fb-2e81440dccd8,bcd64cc6-2dd9-43f6-abbe-66318d332032,d930590d-bb92-4cc8-8bd1-23cd027f9edf,a3cd009f-0ab0-420d-9278-b9fdab939bbc,6a2d0734-bd9e-4ddf-946e-caa52498cb75,d9937e59-61fe-4ec6-92ab-7ac5a19c89b0,d1346436-ac96-4271-b863-1f4fdead95b0,971bdb23-3ff6-43eb-b422-1c30165a3663,17debcc3-0a6b-4b8a-b00b-dc58b885581e,711ebe11-f673-4cd9-9a83-63c60ba54c5b,c0143906-9aed-447e-9436-2ae8512d1b6e,14da1725-c4c2-42b4-ab08-ee0aeb6898b3,081cab31-dccd-428e-8652-f2404cc81c47,78e0584a-4343-4727-8f37-e14e65c2a2db,871c3b6c-7379-419d-bda3-794b239ab90d,ff9b0199-ce04-4cfe-86cc-6c719f08d6e4,de1c2107-70c8-4021-8459-6399f24d01c6,cbf30902-517f-40dc-af90-a550bac27cf1,5c601d96-e4c7-4698-991b-7ee674b11079
8-3-2026 01:51:29-debug:   Number of all scenes: 3
8-3-2026 01:51:29-debug:   Number of all scripts: 39
8-3-2026 01:51:29-debug: Init bundle root assets success..., progress: 0%
8-3-2026 01:51:29-debug:   Number of other assets: 486
8-3-2026 01:51:29-debug: // ---- build task Query asset bundle ---- (14ms)
8-3-2026 01:51:29-log: run build task Query asset bundle success in 14 ms√, progress: 5%
8-3-2026 01:51:29-debug: [Build Memory track]: Query asset bundle start:231.62MB, end 232.36MB, increase: 757.46KB
8-3-2026 01:51:29-debug: Query asset bundle start, progress: 5%
8-3-2026 01:51:29-debug: // ---- build task Query asset bundle ----
8-3-2026 01:51:29-debug: // ---- build task Query asset bundle ---- (14ms)
8-3-2026 01:51:29-log: run build task Query asset bundle success in 14 ms√, progress: 10%
8-3-2026 01:51:29-debug: [Build Memory track]: Query asset bundle start:232.40MB, end 232.55MB, increase: 147.89KB
8-3-2026 01:51:29-debug: // ---- build task Sort some build options to settings.json ----
8-3-2026 01:51:29-debug: Sort some build options to settings.json start, progress: 10%
8-3-2026 01:51:29-debug: // ---- build task Sort some build options to settings.json ---- (3ms)
8-3-2026 01:51:29-log: run build task Sort some build options to settings.json success in 3 ms√, progress: 12%
8-3-2026 01:51:29-debug: // ---- build task Fill script data to settings ----
8-3-2026 01:51:29-debug: [Build Memory track]: Sort some build options to settings.json start:232.60MB, end 232.64MB, increase: 34.25KB
8-3-2026 01:51:29-debug: Fill script data to settings start, progress: 12%
8-3-2026 01:51:29-debug: // ---- build task Fill script data to settings ---- (4ms)
8-3-2026 01:51:29-log: run build task Fill script data to settings success in 4 ms√, progress: 13%
8-3-2026 01:51:29-debug: [Build Memory track]: Fill script data to settings start:232.67MB, end 232.71MB, increase: 38.98KB
8-3-2026 01:51:29-debug: Sort some build options to settings.json start, progress: 13%
8-3-2026 01:51:29-debug: // ---- build task Sort some build options to settings.json ----
8-3-2026 01:51:29-debug: // ---- build task Sort some build options to settings.json ---- (15ms)
8-3-2026 01:51:29-log: run build task Sort some build options to settings.json success in 15 ms√, progress: 15%
8-3-2026 01:51:29-debug: [Build Memory track]: Sort some build options to settings.json start:232.75MB, end 232.89MB, increase: 136.51KB
8-3-2026 01:51:47-debug: refresh db internal success
8-3-2026 01:51:47-debug: refresh db assets success
8-3-2026 01:51:47-debug: Run asset db hook engine-extends:afterRefresh ...
8-3-2026 01:51:47-debug: Run asset db hook engine-extends:afterRefresh success!
8-3-2026 01:51:47-debug: asset-db:refresh-all-database (85ms)
8-3-2026 01:51:47-debug: asset-db:worker-effect-data-processing (1ms)
8-3-2026 01:51:47-debug: asset-db-hook-engine-extends-afterRefresh (2ms)
8-3-2026 01:51:50-debug: Query all assets info in project
8-3-2026 01:51:50-debug: init custom config: keepNodeUuid: false, useCache: true
8-3-2026 01:51:50-debug: Skip compress image, progress: 0%
8-3-2026 01:51:50-debug: Init all bundles start..., progress: 0%
8-3-2026 01:51:50-debug: // ---- build task Query asset bundle ----
8-3-2026 01:51:50-debug: Num of bundles: 2..., progress: 0%
8-3-2026 01:51:50-debug: Query asset bundle start, progress: 0%
8-3-2026 01:51:50-debug: Init bundle root assets start..., progress: 0%
8-3-2026 01:51:50-debug: Query preload assets/scripts from cc.config.json: 60f7195c-ec2a-45eb-ba94-8955f60e81d0,1c02ae6f-4492-4915-b8f8-7492a3b1e4cd,810e96e4-e456-4468-9b59-f4e8f39732c0,efe8e2a3-eace-427b-b4f1-cb8a937ec77d,e9aa9a3e-5b2b-4ac7-a2c7-073de2b2b24f,8bbdbcdd-5cd4-4100-b6d5-b7c9625b6107,50f4348b-c883-4e2f-8f11-ce233b859fa1,fda095cb-831d-4601-ad94-846013963de8,f92806d7-1768-443f-afe8-12bcde84d0f0,dd3a144d-ab7f-41f0-82b8-2e43a090d496,f0416e68-0200-4b77-a926-4f9d16e494da,511d2633-09a7-4bdd-ac42-f778032124b3,5d45aa00-e064-4938-b314-4265f0c2258c,9361fd90-ba52-4f84-aa93-6e878fd576ca,970b0598-bcb0-4714-91fb-2e81440dccd8,bcd64cc6-2dd9-43f6-abbe-66318d332032,d930590d-bb92-4cc8-8bd1-23cd027f9edf,a3cd009f-0ab0-420d-9278-b9fdab939bbc,6a2d0734-bd9e-4ddf-946e-caa52498cb75,d9937e59-61fe-4ec6-92ab-7ac5a19c89b0,d1346436-ac96-4271-b863-1f4fdead95b0,971bdb23-3ff6-43eb-b422-1c30165a3663,17debcc3-0a6b-4b8a-b00b-dc58b885581e,711ebe11-f673-4cd9-9a83-63c60ba54c5b,c0143906-9aed-447e-9436-2ae8512d1b6e,14da1725-c4c2-42b4-ab08-ee0aeb6898b3,081cab31-dccd-428e-8652-f2404cc81c47,78e0584a-4343-4727-8f37-e14e65c2a2db,871c3b6c-7379-419d-bda3-794b239ab90d,ff9b0199-ce04-4cfe-86cc-6c719f08d6e4,de1c2107-70c8-4021-8459-6399f24d01c6,cbf30902-517f-40dc-af90-a550bac27cf1,5c601d96-e4c7-4698-991b-7ee674b11079
8-3-2026 01:51:50-debug:   Number of all scripts: 39
8-3-2026 01:51:50-debug:   Number of all scenes: 3
8-3-2026 01:51:50-debug:   Number of other assets: 486
8-3-2026 01:51:50-debug: Init bundle root assets success..., progress: 0%
8-3-2026 01:51:50-debug: // ---- build task Query asset bundle ---- (16ms)
8-3-2026 01:51:50-log: run build task Query asset bundle success in 16 ms√, progress: 5%
8-3-2026 01:51:50-debug: [Build Memory track]: Query asset bundle start:223.78MB, end 223.00MB, increase: -802.43KB
8-3-2026 01:51:50-debug: Query asset bundle start, progress: 5%
8-3-2026 01:51:50-debug: // ---- build task Query asset bundle ----
8-3-2026 01:51:50-debug: // ---- build task Query asset bundle ---- (7ms)
8-3-2026 01:51:50-log: run build task Query asset bundle success in 7 ms√, progress: 10%
8-3-2026 01:51:50-debug: [Build Memory track]: Query asset bundle start:223.04MB, end 223.18MB, increase: 146.96KB
8-3-2026 01:51:50-debug: // ---- build task Sort some build options to settings.json ----
8-3-2026 01:51:50-debug: Sort some build options to settings.json start, progress: 10%
8-3-2026 01:51:50-debug: // ---- build task Sort some build options to settings.json ---- (3ms)
8-3-2026 01:51:50-log: run build task Sort some build options to settings.json success in 3 ms√, progress: 12%
8-3-2026 01:51:50-debug: [Build Memory track]: Sort some build options to settings.json start:223.22MB, end 223.25MB, increase: 33.17KB
8-3-2026 01:51:50-debug: // ---- build task Fill script data to settings ----
8-3-2026 01:51:50-debug: Fill script data to settings start, progress: 12%
8-3-2026 01:51:50-debug: // ---- build task Fill script data to settings ---- (4ms)
8-3-2026 01:51:50-log: run build task Fill script data to settings success in 4 ms√, progress: 13%
8-3-2026 01:51:50-debug: [Build Memory track]: Fill script data to settings start:223.29MB, end 223.32MB, increase: 32.62KB
8-3-2026 01:51:50-debug: Sort some build options to settings.json start, progress: 13%
8-3-2026 01:51:50-debug: // ---- build task Sort some build options to settings.json ----
8-3-2026 01:51:50-debug: // ---- build task Sort some build options to settings.json ---- (8ms)
8-3-2026 01:51:50-log: run build task Sort some build options to settings.json success in 8 ms√, progress: 15%
8-3-2026 01:51:50-debug: [Build Memory track]: Sort some build options to settings.json start:223.36MB, end 223.50MB, increase: 142.83KB
8-3-2026 01:52:14-debug: Query all assets info in project
8-3-2026 01:52:14-debug: init custom config: keepNodeUuid: false, useCache: true
8-3-2026 01:52:14-debug: Skip compress image, progress: 0%
8-3-2026 01:52:14-debug: Init all bundles start..., progress: 0%
8-3-2026 01:52:14-debug: // ---- build task Query asset bundle ----
8-3-2026 01:52:14-debug: Num of bundles: 2..., progress: 0%
8-3-2026 01:52:14-debug: Query asset bundle start, progress: 0%
8-3-2026 01:52:14-debug: Init bundle root assets start..., progress: 0%
8-3-2026 01:52:14-debug: Query preload assets/scripts from cc.config.json: 60f7195c-ec2a-45eb-ba94-8955f60e81d0,1c02ae6f-4492-4915-b8f8-7492a3b1e4cd,810e96e4-e456-4468-9b59-f4e8f39732c0,efe8e2a3-eace-427b-b4f1-cb8a937ec77d,e9aa9a3e-5b2b-4ac7-a2c7-073de2b2b24f,8bbdbcdd-5cd4-4100-b6d5-b7c9625b6107,50f4348b-c883-4e2f-8f11-ce233b859fa1,fda095cb-831d-4601-ad94-846013963de8,f92806d7-1768-443f-afe8-12bcde84d0f0,dd3a144d-ab7f-41f0-82b8-2e43a090d496,f0416e68-0200-4b77-a926-4f9d16e494da,511d2633-09a7-4bdd-ac42-f778032124b3,5d45aa00-e064-4938-b314-4265f0c2258c,9361fd90-ba52-4f84-aa93-6e878fd576ca,970b0598-bcb0-4714-91fb-2e81440dccd8,bcd64cc6-2dd9-43f6-abbe-66318d332032,d930590d-bb92-4cc8-8bd1-23cd027f9edf,a3cd009f-0ab0-420d-9278-b9fdab939bbc,6a2d0734-bd9e-4ddf-946e-caa52498cb75,d9937e59-61fe-4ec6-92ab-7ac5a19c89b0,d1346436-ac96-4271-b863-1f4fdead95b0,971bdb23-3ff6-43eb-b422-1c30165a3663,17debcc3-0a6b-4b8a-b00b-dc58b885581e,711ebe11-f673-4cd9-9a83-63c60ba54c5b,c0143906-9aed-447e-9436-2ae8512d1b6e,14da1725-c4c2-42b4-ab08-ee0aeb6898b3,081cab31-dccd-428e-8652-f2404cc81c47,78e0584a-4343-4727-8f37-e14e65c2a2db,871c3b6c-7379-419d-bda3-794b239ab90d,ff9b0199-ce04-4cfe-86cc-6c719f08d6e4,de1c2107-70c8-4021-8459-6399f24d01c6,cbf30902-517f-40dc-af90-a550bac27cf1,5c601d96-e4c7-4698-991b-7ee674b11079
8-3-2026 01:52:14-debug:   Number of all scenes: 3
8-3-2026 01:52:14-debug:   Number of other assets: 486
8-3-2026 01:52:14-debug: Init bundle root assets success..., progress: 0%
8-3-2026 01:52:14-debug:   Number of all scripts: 39
8-3-2026 01:52:14-debug: // ---- build task Query asset bundle ---- (15ms)
8-3-2026 01:52:14-debug: [Build Memory track]: Query asset bundle start:223.38MB, end 224.16MB, increase: 799.97KB
8-3-2026 01:52:14-log: run build task Query asset bundle success in 15 ms√, progress: 5%
8-3-2026 01:52:14-debug: Query asset bundle start, progress: 5%
8-3-2026 01:52:14-debug: // ---- build task Query asset bundle ----
8-3-2026 01:52:14-debug: // ---- build task Query asset bundle ---- (9ms)
8-3-2026 01:52:14-log: run build task Query asset bundle success in 9 ms√, progress: 10%
8-3-2026 01:52:14-debug: [Build Memory track]: Query asset bundle start:224.20MB, end 224.34MB, increase: 149.10KB
8-3-2026 01:52:14-debug: Sort some build options to settings.json start, progress: 10%
8-3-2026 01:52:14-debug: // ---- build task Sort some build options to settings.json ----
8-3-2026 01:52:14-debug: // ---- build task Sort some build options to settings.json ---- (3ms)
8-3-2026 01:52:14-log: run build task Sort some build options to settings.json success in 3 ms√, progress: 12%
8-3-2026 01:52:14-debug: [Build Memory track]: Sort some build options to settings.json start:224.39MB, end 224.42MB, increase: 37.70KB
8-3-2026 01:52:14-debug: Fill script data to settings start, progress: 12%
8-3-2026 01:52:14-debug: // ---- build task Fill script data to settings ----
8-3-2026 01:52:14-debug: // ---- build task Fill script data to settings ---- (4ms)
8-3-2026 01:52:14-log: run build task Fill script data to settings success in 4 ms√, progress: 13%
8-3-2026 01:52:14-debug: [Build Memory track]: Fill script data to settings start:224.47MB, end 224.50MB, increase: 32.68KB
8-3-2026 01:52:14-debug: Sort some build options to settings.json start, progress: 13%
8-3-2026 01:52:14-debug: // ---- build task Sort some build options to settings.json ----
8-3-2026 01:52:14-debug: // ---- build task Sort some build options to settings.json ---- (16ms)
8-3-2026 01:52:14-log: run build task Sort some build options to settings.json success in 16 ms√, progress: 15%
8-3-2026 01:52:14-debug: [Build Memory track]: Sort some build options to settings.json start:224.54MB, end 223.18MB, increase: -1389.65KB
8-3-2026 01:52:34-debug: Query all assets info in project
8-3-2026 01:52:34-debug: init custom config: keepNodeUuid: false, useCache: true
8-3-2026 01:52:34-debug: Skip compress image, progress: 0%
8-3-2026 01:52:35-debug: Init all bundles start..., progress: 0%
8-3-2026 01:52:35-debug: Num of bundles: 2..., progress: 0%
8-3-2026 01:52:35-debug: Query asset bundle start, progress: 0%
8-3-2026 01:52:35-debug: // ---- build task Query asset bundle ----
8-3-2026 01:52:35-debug: Init bundle root assets start..., progress: 0%
8-3-2026 01:52:35-debug: Query preload assets/scripts from cc.config.json: 60f7195c-ec2a-45eb-ba94-8955f60e81d0,1c02ae6f-4492-4915-b8f8-7492a3b1e4cd,810e96e4-e456-4468-9b59-f4e8f39732c0,efe8e2a3-eace-427b-b4f1-cb8a937ec77d,e9aa9a3e-5b2b-4ac7-a2c7-073de2b2b24f,8bbdbcdd-5cd4-4100-b6d5-b7c9625b6107,50f4348b-c883-4e2f-8f11-ce233b859fa1,fda095cb-831d-4601-ad94-846013963de8,f92806d7-1768-443f-afe8-12bcde84d0f0,dd3a144d-ab7f-41f0-82b8-2e43a090d496,f0416e68-0200-4b77-a926-4f9d16e494da,511d2633-09a7-4bdd-ac42-f778032124b3,5d45aa00-e064-4938-b314-4265f0c2258c,9361fd90-ba52-4f84-aa93-6e878fd576ca,970b0598-bcb0-4714-91fb-2e81440dccd8,bcd64cc6-2dd9-43f6-abbe-66318d332032,d930590d-bb92-4cc8-8bd1-23cd027f9edf,a3cd009f-0ab0-420d-9278-b9fdab939bbc,6a2d0734-bd9e-4ddf-946e-caa52498cb75,d9937e59-61fe-4ec6-92ab-7ac5a19c89b0,d1346436-ac96-4271-b863-1f4fdead95b0,971bdb23-3ff6-43eb-b422-1c30165a3663,17debcc3-0a6b-4b8a-b00b-dc58b885581e,711ebe11-f673-4cd9-9a83-63c60ba54c5b,c0143906-9aed-447e-9436-2ae8512d1b6e,14da1725-c4c2-42b4-ab08-ee0aeb6898b3,081cab31-dccd-428e-8652-f2404cc81c47,78e0584a-4343-4727-8f37-e14e65c2a2db,871c3b6c-7379-419d-bda3-794b239ab90d,ff9b0199-ce04-4cfe-86cc-6c719f08d6e4,de1c2107-70c8-4021-8459-6399f24d01c6,cbf30902-517f-40dc-af90-a550bac27cf1,5c601d96-e4c7-4698-991b-7ee674b11079
8-3-2026 01:52:35-debug:   Number of other assets: 486
8-3-2026 01:52:35-debug: Init bundle root assets success..., progress: 0%
8-3-2026 01:52:35-debug:   Number of all scripts: 39
8-3-2026 01:52:35-debug:   Number of all scenes: 3
8-3-2026 01:52:35-debug: // ---- build task Query asset bundle ---- (17ms)
8-3-2026 01:52:35-log: run build task Query asset bundle success in 17 ms√, progress: 5%
8-3-2026 01:52:35-debug: [Build Memory track]: Query asset bundle start:223.67MB, end 223.54MB, increase: -140.05KB
8-3-2026 01:52:35-debug: // ---- build task Query asset bundle ----
8-3-2026 01:52:35-debug: Query asset bundle start, progress: 5%
8-3-2026 01:52:35-debug: // ---- build task Query asset bundle ---- (14ms)
8-3-2026 01:52:35-debug: Sort some build options to settings.json start, progress: 10%
8-3-2026 01:52:35-debug: [Build Memory track]: Query asset bundle start:223.57MB, end 223.72MB, increase: 146.09KB
8-3-2026 01:52:35-debug: // ---- build task Sort some build options to settings.json ----
8-3-2026 01:52:35-log: run build task Query asset bundle success in 14 ms√, progress: 10%
8-3-2026 01:52:35-debug: // ---- build task Sort some build options to settings.json ---- (4ms)
8-3-2026 01:52:35-log: run build task Sort some build options to settings.json success in 4 ms√, progress: 12%
8-3-2026 01:52:35-debug: [Build Memory track]: Sort some build options to settings.json start:223.76MB, end 223.80MB, increase: 42.00KB
8-3-2026 01:52:35-debug: Fill script data to settings start, progress: 12%
8-3-2026 01:52:35-debug: // ---- build task Fill script data to settings ----
8-3-2026 01:52:35-debug: // ---- build task Fill script data to settings ---- (4ms)
8-3-2026 01:52:35-log: run build task Fill script data to settings success in 4 ms√, progress: 13%
8-3-2026 01:52:35-debug: [Build Memory track]: Fill script data to settings start:223.83MB, end 223.87MB, increase: 32.71KB
8-3-2026 01:52:35-debug: Sort some build options to settings.json start, progress: 13%
8-3-2026 01:52:35-debug: // ---- build task Sort some build options to settings.json ----
8-3-2026 01:52:35-debug: // ---- build task Sort some build options to settings.json ---- (17ms)
8-3-2026 01:52:35-debug: [Build Memory track]: Sort some build options to settings.json start:223.90MB, end 223.32MB, increase: -597.40KB
8-3-2026 01:52:35-log: run build task Sort some build options to settings.json success in 17 ms√, progress: 15%
8-3-2026 01:52:57-debug: Query all assets info in project
8-3-2026 01:52:57-debug: init custom config: keepNodeUuid: false, useCache: true
8-3-2026 01:52:57-debug: Skip compress image, progress: 0%
8-3-2026 01:52:57-debug: Num of bundles: 2..., progress: 0%
8-3-2026 01:52:57-debug: Init all bundles start..., progress: 0%
8-3-2026 01:52:57-debug: // ---- build task Query asset bundle ----
8-3-2026 01:52:57-debug: Query asset bundle start, progress: 0%
8-3-2026 01:52:57-debug: Init bundle root assets start..., progress: 0%
8-3-2026 01:52:57-debug:   Number of all scenes: 3
8-3-2026 01:52:57-debug:   Number of all scripts: 39
8-3-2026 01:52:57-debug: Query preload assets/scripts from cc.config.json: 60f7195c-ec2a-45eb-ba94-8955f60e81d0,1c02ae6f-4492-4915-b8f8-7492a3b1e4cd,810e96e4-e456-4468-9b59-f4e8f39732c0,efe8e2a3-eace-427b-b4f1-cb8a937ec77d,e9aa9a3e-5b2b-4ac7-a2c7-073de2b2b24f,8bbdbcdd-5cd4-4100-b6d5-b7c9625b6107,50f4348b-c883-4e2f-8f11-ce233b859fa1,fda095cb-831d-4601-ad94-846013963de8,f92806d7-1768-443f-afe8-12bcde84d0f0,dd3a144d-ab7f-41f0-82b8-2e43a090d496,f0416e68-0200-4b77-a926-4f9d16e494da,511d2633-09a7-4bdd-ac42-f778032124b3,5d45aa00-e064-4938-b314-4265f0c2258c,9361fd90-ba52-4f84-aa93-6e878fd576ca,970b0598-bcb0-4714-91fb-2e81440dccd8,bcd64cc6-2dd9-43f6-abbe-66318d332032,d930590d-bb92-4cc8-8bd1-23cd027f9edf,a3cd009f-0ab0-420d-9278-b9fdab939bbc,6a2d0734-bd9e-4ddf-946e-caa52498cb75,d9937e59-61fe-4ec6-92ab-7ac5a19c89b0,d1346436-ac96-4271-b863-1f4fdead95b0,971bdb23-3ff6-43eb-b422-1c30165a3663,17debcc3-0a6b-4b8a-b00b-dc58b885581e,711ebe11-f673-4cd9-9a83-63c60ba54c5b,c0143906-9aed-447e-9436-2ae8512d1b6e,14da1725-c4c2-42b4-ab08-ee0aeb6898b3,081cab31-dccd-428e-8652-f2404cc81c47,78e0584a-4343-4727-8f37-e14e65c2a2db,871c3b6c-7379-419d-bda3-794b239ab90d,ff9b0199-ce04-4cfe-86cc-6c719f08d6e4,de1c2107-70c8-4021-8459-6399f24d01c6,cbf30902-517f-40dc-af90-a550bac27cf1,5c601d96-e4c7-4698-991b-7ee674b11079
8-3-2026 01:52:57-debug:   Number of other assets: 486
8-3-2026 01:52:57-debug: Init bundle root assets success..., progress: 0%
8-3-2026 01:52:57-debug: // ---- build task Query asset bundle ---- (15ms)
8-3-2026 01:52:57-log: run build task Query asset bundle success in 15 ms√, progress: 5%
8-3-2026 01:52:57-debug: [Build Memory track]: Query asset bundle start:223.99MB, end 223.84MB, increase: -152.33KB
8-3-2026 01:52:57-debug: // ---- build task Query asset bundle ----
8-3-2026 01:52:57-debug: Query asset bundle start, progress: 5%
8-3-2026 01:52:57-debug: // ---- build task Query asset bundle ---- (6ms)
8-3-2026 01:52:57-log: run build task Query asset bundle success in 6 ms√, progress: 10%
8-3-2026 01:52:57-debug: [Build Memory track]: Query asset bundle start:223.88MB, end 224.02MB, increase: 146.13KB
8-3-2026 01:52:57-debug: Sort some build options to settings.json start, progress: 10%
8-3-2026 01:52:57-debug: // ---- build task Sort some build options to settings.json ----
8-3-2026 01:52:57-debug: // ---- build task Sort some build options to settings.json ---- (2ms)
8-3-2026 01:52:57-log: run build task Sort some build options to settings.json success in 2 ms√, progress: 12%
8-3-2026 01:52:57-debug: Fill script data to settings start, progress: 12%
8-3-2026 01:52:57-debug: [Build Memory track]: Sort some build options to settings.json start:224.17MB, end 224.10MB, increase: -76.84KB
8-3-2026 01:52:57-debug: // ---- build task Fill script data to settings ----
8-3-2026 01:52:57-debug: // ---- build task Fill script data to settings ---- (3ms)
8-3-2026 01:52:57-log: run build task Fill script data to settings success in 3 ms√, progress: 13%
8-3-2026 01:52:57-debug: [Build Memory track]: Fill script data to settings start:224.13MB, end 224.17MB, increase: 32.59KB
8-3-2026 01:52:57-debug: Sort some build options to settings.json start, progress: 13%
8-3-2026 01:52:57-debug: // ---- build task Sort some build options to settings.json ----
8-3-2026 01:52:57-debug: // ---- build task Sort some build options to settings.json ---- (21ms)
8-3-2026 01:52:57-log: run build task Sort some build options to settings.json success in 21 ms√, progress: 15%
8-3-2026 01:52:57-debug: [Build Memory track]: Sort some build options to settings.json start:224.20MB, end 223.61MB, increase: -610.96KB
8-3-2026 01:53:15-debug: Query all assets info in project
8-3-2026 01:53:15-debug: init custom config: keepNodeUuid: false, useCache: true
8-3-2026 01:53:15-debug: Skip compress image, progress: 0%
8-3-2026 01:53:15-debug: Init all bundles start..., progress: 0%
8-3-2026 01:53:15-debug: Num of bundles: 2..., progress: 0%
8-3-2026 01:53:15-debug: Query asset bundle start, progress: 0%
8-3-2026 01:53:15-debug: Init bundle root assets start..., progress: 0%
8-3-2026 01:53:15-debug: // ---- build task Query asset bundle ----
8-3-2026 01:53:15-debug: Query preload assets/scripts from cc.config.json: 60f7195c-ec2a-45eb-ba94-8955f60e81d0,1c02ae6f-4492-4915-b8f8-7492a3b1e4cd,810e96e4-e456-4468-9b59-f4e8f39732c0,efe8e2a3-eace-427b-b4f1-cb8a937ec77d,e9aa9a3e-5b2b-4ac7-a2c7-073de2b2b24f,8bbdbcdd-5cd4-4100-b6d5-b7c9625b6107,50f4348b-c883-4e2f-8f11-ce233b859fa1,fda095cb-831d-4601-ad94-846013963de8,f92806d7-1768-443f-afe8-12bcde84d0f0,dd3a144d-ab7f-41f0-82b8-2e43a090d496,f0416e68-0200-4b77-a926-4f9d16e494da,511d2633-09a7-4bdd-ac42-f778032124b3,5d45aa00-e064-4938-b314-4265f0c2258c,9361fd90-ba52-4f84-aa93-6e878fd576ca,970b0598-bcb0-4714-91fb-2e81440dccd8,bcd64cc6-2dd9-43f6-abbe-66318d332032,d930590d-bb92-4cc8-8bd1-23cd027f9edf,a3cd009f-0ab0-420d-9278-b9fdab939bbc,6a2d0734-bd9e-4ddf-946e-caa52498cb75,d9937e59-61fe-4ec6-92ab-7ac5a19c89b0,d1346436-ac96-4271-b863-1f4fdead95b0,971bdb23-3ff6-43eb-b422-1c30165a3663,17debcc3-0a6b-4b8a-b00b-dc58b885581e,711ebe11-f673-4cd9-9a83-63c60ba54c5b,c0143906-9aed-447e-9436-2ae8512d1b6e,14da1725-c4c2-42b4-ab08-ee0aeb6898b3,081cab31-dccd-428e-8652-f2404cc81c47,78e0584a-4343-4727-8f37-e14e65c2a2db,871c3b6c-7379-419d-bda3-794b239ab90d,ff9b0199-ce04-4cfe-86cc-6c719f08d6e4,de1c2107-70c8-4021-8459-6399f24d01c6,cbf30902-517f-40dc-af90-a550bac27cf1,5c601d96-e4c7-4698-991b-7ee674b11079
8-3-2026 01:53:15-debug:   Number of all scenes: 3
8-3-2026 01:53:15-debug:   Number of other assets: 486
8-3-2026 01:53:15-debug: Init bundle root assets success..., progress: 0%
8-3-2026 01:53:15-debug:   Number of all scripts: 39
8-3-2026 01:53:15-debug: // ---- build task Query asset bundle ---- (17ms)
8-3-2026 01:53:15-log: run build task Query asset bundle success in 17 ms√, progress: 5%
8-3-2026 01:53:15-debug: [Build Memory track]: Query asset bundle start:224.26MB, end 224.30MB, increase: 43.08KB
8-3-2026 01:53:15-debug: Query asset bundle start, progress: 5%
8-3-2026 01:53:15-debug: // ---- build task Query asset bundle ----
8-3-2026 01:53:15-debug: // ---- build task Query asset bundle ---- (13ms)
8-3-2026 01:53:15-log: run build task Query asset bundle success in 13 ms√, progress: 10%
8-3-2026 01:53:15-debug: [Build Memory track]: Query asset bundle start:224.34MB, end 223.76MB, increase: -598.10KB
8-3-2026 01:53:15-debug: Sort some build options to settings.json start, progress: 10%
8-3-2026 01:53:15-debug: // ---- build task Sort some build options to settings.json ----
8-3-2026 01:53:15-debug: // ---- build task Sort some build options to settings.json ---- (4ms)
8-3-2026 01:53:15-log: run build task Sort some build options to settings.json success in 4 ms√, progress: 12%
8-3-2026 01:53:15-debug: [Build Memory track]: Sort some build options to settings.json start:223.79MB, end 223.83MB, increase: 33.28KB
8-3-2026 01:53:15-debug: Fill script data to settings start, progress: 12%
8-3-2026 01:53:15-debug: // ---- build task Fill script data to settings ----
8-3-2026 01:53:15-debug: // ---- build task Fill script data to settings ---- (5ms)
8-3-2026 01:53:15-log: run build task Fill script data to settings success in 5 ms√, progress: 13%
8-3-2026 01:53:15-debug: [Build Memory track]: Fill script data to settings start:223.87MB, end 223.90MB, increase: 32.89KB
8-3-2026 01:53:15-debug: Sort some build options to settings.json start, progress: 13%
8-3-2026 01:53:15-debug: // ---- build task Sort some build options to settings.json ----
8-3-2026 01:53:15-debug: // ---- build task Sort some build options to settings.json ---- (10ms)
8-3-2026 01:53:15-log: run build task Sort some build options to settings.json success in 10 ms√, progress: 15%
8-3-2026 01:53:15-debug: [Build Memory track]: Sort some build options to settings.json start:223.94MB, end 224.07MB, increase: 135.14KB
8-3-2026 01:53:31-debug: Query all assets info in project
8-3-2026 01:53:31-debug: init custom config: keepNodeUuid: false, useCache: true
8-3-2026 01:53:31-debug: Skip compress image, progress: 0%
8-3-2026 01:53:31-debug: Init all bundles start..., progress: 0%
8-3-2026 01:53:31-debug: Query asset bundle start, progress: 0%
8-3-2026 01:53:31-debug: // ---- build task Query asset bundle ----
8-3-2026 01:53:31-debug: Num of bundles: 2..., progress: 0%
8-3-2026 01:53:31-debug: Init bundle root assets start..., progress: 0%
8-3-2026 01:53:31-debug: Query preload assets/scripts from cc.config.json: 60f7195c-ec2a-45eb-ba94-8955f60e81d0,1c02ae6f-4492-4915-b8f8-7492a3b1e4cd,810e96e4-e456-4468-9b59-f4e8f39732c0,efe8e2a3-eace-427b-b4f1-cb8a937ec77d,e9aa9a3e-5b2b-4ac7-a2c7-073de2b2b24f,8bbdbcdd-5cd4-4100-b6d5-b7c9625b6107,50f4348b-c883-4e2f-8f11-ce233b859fa1,fda095cb-831d-4601-ad94-846013963de8,f92806d7-1768-443f-afe8-12bcde84d0f0,dd3a144d-ab7f-41f0-82b8-2e43a090d496,f0416e68-0200-4b77-a926-4f9d16e494da,511d2633-09a7-4bdd-ac42-f778032124b3,5d45aa00-e064-4938-b314-4265f0c2258c,9361fd90-ba52-4f84-aa93-6e878fd576ca,970b0598-bcb0-4714-91fb-2e81440dccd8,bcd64cc6-2dd9-43f6-abbe-66318d332032,d930590d-bb92-4cc8-8bd1-23cd027f9edf,a3cd009f-0ab0-420d-9278-b9fdab939bbc,6a2d0734-bd9e-4ddf-946e-caa52498cb75,d9937e59-61fe-4ec6-92ab-7ac5a19c89b0,d1346436-ac96-4271-b863-1f4fdead95b0,971bdb23-3ff6-43eb-b422-1c30165a3663,17debcc3-0a6b-4b8a-b00b-dc58b885581e,711ebe11-f673-4cd9-9a83-63c60ba54c5b,c0143906-9aed-447e-9436-2ae8512d1b6e,14da1725-c4c2-42b4-ab08-ee0aeb6898b3,081cab31-dccd-428e-8652-f2404cc81c47,78e0584a-4343-4727-8f37-e14e65c2a2db,871c3b6c-7379-419d-bda3-794b239ab90d,ff9b0199-ce04-4cfe-86cc-6c719f08d6e4,de1c2107-70c8-4021-8459-6399f24d01c6,cbf30902-517f-40dc-af90-a550bac27cf1,5c601d96-e4c7-4698-991b-7ee674b11079
8-3-2026 01:53:31-debug:   Number of all scenes: 3
8-3-2026 01:53:31-debug:   Number of all scripts: 39
8-3-2026 01:53:31-debug: Init bundle root assets success..., progress: 0%
8-3-2026 01:53:31-debug:   Number of other assets: 486
8-3-2026 01:53:32-debug: // ---- build task Query asset bundle ---- (13ms)
8-3-2026 01:53:32-debug: [Build Memory track]: Query asset bundle start:223.92MB, end 223.81MB, increase: -110.62KB
8-3-2026 01:53:32-debug: Query asset bundle start, progress: 5%
8-3-2026 01:53:32-log: run build task Query asset bundle success in 13 ms√, progress: 5%
8-3-2026 01:53:32-debug: // ---- build task Query asset bundle ----
8-3-2026 01:53:32-debug: // ---- build task Query asset bundle ---- (10ms)
8-3-2026 01:53:32-debug: [Build Memory track]: Query asset bundle start:223.85MB, end 224.00MB, increase: 158.10KB
8-3-2026 01:53:32-log: run build task Query asset bundle success in 10 ms√, progress: 10%
8-3-2026 01:53:32-debug: // ---- build task Sort some build options to settings.json ----
8-3-2026 01:53:32-debug: Sort some build options to settings.json start, progress: 10%
8-3-2026 01:53:32-debug: // ---- build task Sort some build options to settings.json ---- (8ms)
8-3-2026 01:53:32-log: run build task Sort some build options to settings.json success in 8 ms√, progress: 12%
8-3-2026 01:53:32-debug: [Build Memory track]: Sort some build options to settings.json start:224.03MB, end 224.06MB, increase: 31.20KB
8-3-2026 01:53:32-debug: // ---- build task Fill script data to settings ----
8-3-2026 01:53:32-debug: Fill script data to settings start, progress: 12%
8-3-2026 01:53:32-debug: // ---- build task Fill script data to settings ---- (2ms)
8-3-2026 01:53:32-log: run build task Fill script data to settings success in 2 ms√, progress: 13%
8-3-2026 01:53:32-debug: [Build Memory track]: Fill script data to settings start:224.09MB, end 224.11MB, increase: 25.67KB
8-3-2026 01:53:32-debug: // ---- build task Sort some build options to settings.json ----
8-3-2026 01:53:32-debug: Sort some build options to settings.json start, progress: 13%
8-3-2026 01:53:32-debug: // ---- build task Sort some build options to settings.json ---- (12ms)
8-3-2026 01:53:32-log: run build task Sort some build options to settings.json success in 12 ms√, progress: 15%
8-3-2026 01:53:32-debug: [Build Memory track]: Sort some build options to settings.json start:224.14MB, end 224.28MB, increase: 143.40KB
8-3-2026 01:53:51-debug: Query all assets info in project
8-3-2026 01:53:52-debug: init custom config: keepNodeUuid: false, useCache: true
8-3-2026 01:53:52-debug: Skip compress image, progress: 0%
8-3-2026 01:53:52-debug: Init all bundles start..., progress: 0%
8-3-2026 01:53:52-debug: Query asset bundle start, progress: 0%
8-3-2026 01:53:52-debug: // ---- build task Query asset bundle ----
8-3-2026 01:53:52-debug: Num of bundles: 2..., progress: 0%
8-3-2026 01:53:52-debug: Init bundle root assets start..., progress: 0%
8-3-2026 01:53:52-debug: Query preload assets/scripts from cc.config.json: 60f7195c-ec2a-45eb-ba94-8955f60e81d0,1c02ae6f-4492-4915-b8f8-7492a3b1e4cd,810e96e4-e456-4468-9b59-f4e8f39732c0,efe8e2a3-eace-427b-b4f1-cb8a937ec77d,e9aa9a3e-5b2b-4ac7-a2c7-073de2b2b24f,8bbdbcdd-5cd4-4100-b6d5-b7c9625b6107,50f4348b-c883-4e2f-8f11-ce233b859fa1,fda095cb-831d-4601-ad94-846013963de8,f92806d7-1768-443f-afe8-12bcde84d0f0,dd3a144d-ab7f-41f0-82b8-2e43a090d496,f0416e68-0200-4b77-a926-4f9d16e494da,511d2633-09a7-4bdd-ac42-f778032124b3,5d45aa00-e064-4938-b314-4265f0c2258c,9361fd90-ba52-4f84-aa93-6e878fd576ca,970b0598-bcb0-4714-91fb-2e81440dccd8,bcd64cc6-2dd9-43f6-abbe-66318d332032,d930590d-bb92-4cc8-8bd1-23cd027f9edf,a3cd009f-0ab0-420d-9278-b9fdab939bbc,6a2d0734-bd9e-4ddf-946e-caa52498cb75,d9937e59-61fe-4ec6-92ab-7ac5a19c89b0,d1346436-ac96-4271-b863-1f4fdead95b0,971bdb23-3ff6-43eb-b422-1c30165a3663,17debcc3-0a6b-4b8a-b00b-dc58b885581e,711ebe11-f673-4cd9-9a83-63c60ba54c5b,c0143906-9aed-447e-9436-2ae8512d1b6e,14da1725-c4c2-42b4-ab08-ee0aeb6898b3,081cab31-dccd-428e-8652-f2404cc81c47,78e0584a-4343-4727-8f37-e14e65c2a2db,871c3b6c-7379-419d-bda3-794b239ab90d,ff9b0199-ce04-4cfe-86cc-6c719f08d6e4,de1c2107-70c8-4021-8459-6399f24d01c6,cbf30902-517f-40dc-af90-a550bac27cf1,5c601d96-e4c7-4698-991b-7ee674b11079
8-3-2026 01:53:52-debug:   Number of other assets: 486
8-3-2026 01:53:52-debug:   Number of all scripts: 39
8-3-2026 01:53:52-debug: Init bundle root assets success..., progress: 0%
8-3-2026 01:53:52-debug:   Number of all scenes: 3
8-3-2026 01:53:52-debug: // ---- build task Query asset bundle ---- (14ms)
8-3-2026 01:53:52-log: run build task Query asset bundle success in 14 ms√, progress: 5%
8-3-2026 01:53:52-debug: [Build Memory track]: Query asset bundle start:224.13MB, end 224.03MB, increase: -106.55KB
8-3-2026 01:53:52-debug: Query asset bundle start, progress: 5%
8-3-2026 01:53:52-debug: // ---- build task Query asset bundle ----
8-3-2026 01:53:52-debug: // ---- build task Query asset bundle ---- (7ms)
8-3-2026 01:53:52-log: run build task Query asset bundle success in 7 ms√, progress: 10%
8-3-2026 01:53:52-debug: [Build Memory track]: Query asset bundle start:224.06MB, end 224.20MB, increase: 146.95KB
8-3-2026 01:53:52-debug: // ---- build task Sort some build options to settings.json ----
8-3-2026 01:53:52-debug: Sort some build options to settings.json start, progress: 10%
8-3-2026 01:53:52-debug: // ---- build task Sort some build options to settings.json ---- (3ms)
8-3-2026 01:53:52-log: run build task Sort some build options to settings.json success in 3 ms√, progress: 12%
8-3-2026 01:53:52-debug: Fill script data to settings start, progress: 12%
8-3-2026 01:53:52-debug: [Build Memory track]: Sort some build options to settings.json start:224.23MB, end 224.26MB, increase: 26.31KB
8-3-2026 01:53:52-debug: // ---- build task Fill script data to settings ----
8-3-2026 01:53:52-debug: // ---- build task Fill script data to settings ---- (2ms)
8-3-2026 01:53:52-log: run build task Fill script data to settings success in 2 ms√, progress: 13%
8-3-2026 01:53:52-debug: [Build Memory track]: Fill script data to settings start:224.28MB, end 224.31MB, increase: 25.81KB
8-3-2026 01:53:52-debug: Sort some build options to settings.json start, progress: 13%
8-3-2026 01:53:52-debug: // ---- build task Sort some build options to settings.json ----
8-3-2026 01:53:52-debug: // ---- build task Sort some build options to settings.json ---- (18ms)
8-3-2026 01:53:52-log: run build task Sort some build options to settings.json success in 18 ms√, progress: 15%
8-3-2026 01:53:52-debug: [Build Memory track]: Sort some build options to settings.json start:224.34MB, end 224.46MB, increase: 130.95KB
8-3-2026 01:54:10-debug: Query all assets info in project
8-3-2026 01:54:10-debug: init custom config: keepNodeUuid: false, useCache: true
8-3-2026 01:54:10-debug: Skip compress image, progress: 0%
8-3-2026 01:54:10-debug: Init all bundles start..., progress: 0%
8-3-2026 01:54:10-debug: Query asset bundle start, progress: 0%
8-3-2026 01:54:10-debug: // ---- build task Query asset bundle ----
8-3-2026 01:54:10-debug: Num of bundles: 2..., progress: 0%
8-3-2026 01:54:10-debug: Init bundle root assets start..., progress: 0%
8-3-2026 01:54:10-debug: Query preload assets/scripts from cc.config.json: 60f7195c-ec2a-45eb-ba94-8955f60e81d0,1c02ae6f-4492-4915-b8f8-7492a3b1e4cd,810e96e4-e456-4468-9b59-f4e8f39732c0,efe8e2a3-eace-427b-b4f1-cb8a937ec77d,e9aa9a3e-5b2b-4ac7-a2c7-073de2b2b24f,8bbdbcdd-5cd4-4100-b6d5-b7c9625b6107,50f4348b-c883-4e2f-8f11-ce233b859fa1,fda095cb-831d-4601-ad94-846013963de8,f92806d7-1768-443f-afe8-12bcde84d0f0,dd3a144d-ab7f-41f0-82b8-2e43a090d496,f0416e68-0200-4b77-a926-4f9d16e494da,511d2633-09a7-4bdd-ac42-f778032124b3,5d45aa00-e064-4938-b314-4265f0c2258c,9361fd90-ba52-4f84-aa93-6e878fd576ca,970b0598-bcb0-4714-91fb-2e81440dccd8,bcd64cc6-2dd9-43f6-abbe-66318d332032,d930590d-bb92-4cc8-8bd1-23cd027f9edf,a3cd009f-0ab0-420d-9278-b9fdab939bbc,6a2d0734-bd9e-4ddf-946e-caa52498cb75,d9937e59-61fe-4ec6-92ab-7ac5a19c89b0,d1346436-ac96-4271-b863-1f4fdead95b0,971bdb23-3ff6-43eb-b422-1c30165a3663,17debcc3-0a6b-4b8a-b00b-dc58b885581e,711ebe11-f673-4cd9-9a83-63c60ba54c5b,c0143906-9aed-447e-9436-2ae8512d1b6e,14da1725-c4c2-42b4-ab08-ee0aeb6898b3,081cab31-dccd-428e-8652-f2404cc81c47,78e0584a-4343-4727-8f37-e14e65c2a2db,871c3b6c-7379-419d-bda3-794b239ab90d,ff9b0199-ce04-4cfe-86cc-6c719f08d6e4,de1c2107-70c8-4021-8459-6399f24d01c6,cbf30902-517f-40dc-af90-a550bac27cf1,5c601d96-e4c7-4698-991b-7ee674b11079
8-3-2026 01:54:10-debug:   Number of all scripts: 39
8-3-2026 01:54:10-debug:   Number of other assets: 486
8-3-2026 01:54:10-debug: Init bundle root assets success..., progress: 0%
8-3-2026 01:54:10-debug:   Number of all scenes: 3
8-3-2026 01:54:10-debug: // ---- build task Query asset bundle ---- (12ms)
8-3-2026 01:54:10-debug: [Build Memory track]: Query asset bundle start:224.30MB, end 224.19MB, increase: -111.62KB
8-3-2026 01:54:10-debug: // ---- build task Query asset bundle ----
8-3-2026 01:54:10-log: run build task Query asset bundle success in 12 ms√, progress: 5%
8-3-2026 01:54:10-debug: Query asset bundle start, progress: 5%
8-3-2026 01:54:10-debug: // ---- build task Query asset bundle ---- (12ms)
8-3-2026 01:54:10-log: run build task Query asset bundle success in 12 ms√, progress: 10%
8-3-2026 01:54:10-debug: Sort some build options to settings.json start, progress: 10%
8-3-2026 01:54:10-debug: [Build Memory track]: Query asset bundle start:224.22MB, end 224.35MB, increase: 140.70KB
8-3-2026 01:54:10-debug: // ---- build task Sort some build options to settings.json ----
8-3-2026 01:54:10-debug: // ---- build task Sort some build options to settings.json ---- (3ms)
8-3-2026 01:54:10-log: run build task Sort some build options to settings.json success in 3 ms√, progress: 12%
8-3-2026 01:54:10-debug: [Build Memory track]: Sort some build options to settings.json start:224.38MB, end 224.41MB, increase: 26.29KB
8-3-2026 01:54:10-debug: Fill script data to settings start, progress: 12%
8-3-2026 01:54:10-debug: // ---- build task Fill script data to settings ----
8-3-2026 01:54:10-debug: // ---- build task Fill script data to settings ---- (4ms)
8-3-2026 01:54:10-log: run build task Fill script data to settings success in 4 ms√, progress: 13%
8-3-2026 01:54:10-debug: [Build Memory track]: Fill script data to settings start:224.43MB, end 224.46MB, increase: 25.82KB
8-3-2026 01:54:10-debug: // ---- build task Sort some build options to settings.json ----
8-3-2026 01:54:10-debug: Sort some build options to settings.json start, progress: 13%
8-3-2026 01:54:10-debug: // ---- build task Sort some build options to settings.json ---- (18ms)
8-3-2026 01:54:10-debug: [Build Memory track]: Sort some build options to settings.json start:224.49MB, end 224.61MB, increase: 127.46KB
8-3-2026 01:54:10-log: run build task Sort some build options to settings.json success in 18 ms√, progress: 15%
8-3-2026 01:54:27-debug: Query all assets info in project
8-3-2026 01:54:27-debug: init custom config: keepNodeUuid: false, useCache: true
8-3-2026 01:54:27-debug: Skip compress image, progress: 0%
8-3-2026 01:54:27-debug: Init all bundles start..., progress: 0%
8-3-2026 01:54:27-debug: // ---- build task Query asset bundle ----
8-3-2026 01:54:27-debug: Num of bundles: 2..., progress: 0%
8-3-2026 01:54:27-debug: Query asset bundle start, progress: 0%
8-3-2026 01:54:27-debug: Init bundle root assets start..., progress: 0%
8-3-2026 01:54:27-debug: Query preload assets/scripts from cc.config.json: 60f7195c-ec2a-45eb-ba94-8955f60e81d0,1c02ae6f-4492-4915-b8f8-7492a3b1e4cd,810e96e4-e456-4468-9b59-f4e8f39732c0,efe8e2a3-eace-427b-b4f1-cb8a937ec77d,e9aa9a3e-5b2b-4ac7-a2c7-073de2b2b24f,8bbdbcdd-5cd4-4100-b6d5-b7c9625b6107,50f4348b-c883-4e2f-8f11-ce233b859fa1,fda095cb-831d-4601-ad94-846013963de8,f92806d7-1768-443f-afe8-12bcde84d0f0,dd3a144d-ab7f-41f0-82b8-2e43a090d496,f0416e68-0200-4b77-a926-4f9d16e494da,511d2633-09a7-4bdd-ac42-f778032124b3,5d45aa00-e064-4938-b314-4265f0c2258c,9361fd90-ba52-4f84-aa93-6e878fd576ca,970b0598-bcb0-4714-91fb-2e81440dccd8,bcd64cc6-2dd9-43f6-abbe-66318d332032,d930590d-bb92-4cc8-8bd1-23cd027f9edf,a3cd009f-0ab0-420d-9278-b9fdab939bbc,6a2d0734-bd9e-4ddf-946e-caa52498cb75,d9937e59-61fe-4ec6-92ab-7ac5a19c89b0,d1346436-ac96-4271-b863-1f4fdead95b0,971bdb23-3ff6-43eb-b422-1c30165a3663,17debcc3-0a6b-4b8a-b00b-dc58b885581e,711ebe11-f673-4cd9-9a83-63c60ba54c5b,c0143906-9aed-447e-9436-2ae8512d1b6e,14da1725-c4c2-42b4-ab08-ee0aeb6898b3,081cab31-dccd-428e-8652-f2404cc81c47,78e0584a-4343-4727-8f37-e14e65c2a2db,871c3b6c-7379-419d-bda3-794b239ab90d,ff9b0199-ce04-4cfe-86cc-6c719f08d6e4,de1c2107-70c8-4021-8459-6399f24d01c6,cbf30902-517f-40dc-af90-a550bac27cf1,5c601d96-e4c7-4698-991b-7ee674b11079
8-3-2026 01:54:27-debug:   Number of all scripts: 39
8-3-2026 01:54:27-debug:   Number of all scenes: 3
8-3-2026 01:54:27-debug:   Number of other assets: 486
8-3-2026 01:54:27-debug: Init bundle root assets success..., progress: 0%
8-3-2026 01:54:27-debug: // ---- build task Query asset bundle ---- (14ms)
8-3-2026 01:54:27-log: run build task Query asset bundle success in 14 ms√, progress: 5%
8-3-2026 01:54:27-debug: [Build Memory track]: Query asset bundle start:224.45MB, end 224.34MB, increase: -110.11KB
8-3-2026 01:54:27-debug: Query asset bundle start, progress: 5%
8-3-2026 01:54:27-debug: // ---- build task Query asset bundle ----
8-3-2026 01:54:27-debug: // ---- build task Query asset bundle ---- (11ms)
8-3-2026 01:54:27-log: run build task Query asset bundle success in 11 ms√, progress: 10%
8-3-2026 01:54:27-debug: [Build Memory track]: Query asset bundle start:224.37MB, end 224.52MB, increase: 156.08KB
8-3-2026 01:54:27-debug: Sort some build options to settings.json start, progress: 10%
8-3-2026 01:54:27-debug: // ---- build task Sort some build options to settings.json ----
8-3-2026 01:54:27-log: run build task Sort some build options to settings.json success in 7 ms√, progress: 12%
8-3-2026 01:54:27-debug: // ---- build task Sort some build options to settings.json ---- (7ms)
8-3-2026 01:54:27-debug: Fill script data to settings start, progress: 12%
8-3-2026 01:54:27-debug: [Build Memory track]: Sort some build options to settings.json start:224.55MB, end 224.58MB, increase: 26.77KB
8-3-2026 01:54:27-debug: // ---- build task Fill script data to settings ----
8-3-2026 01:54:27-debug: // ---- build task Fill script data to settings ---- (7ms)
8-3-2026 01:54:27-log: run build task Fill script data to settings success in 7 ms√, progress: 13%
8-3-2026 01:54:27-debug: [Build Memory track]: Fill script data to settings start:224.61MB, end 224.63MB, increase: 25.86KB
8-3-2026 01:54:27-debug: Sort some build options to settings.json start, progress: 13%
8-3-2026 01:54:27-debug: // ---- build task Sort some build options to settings.json ----
8-3-2026 01:54:27-debug: // ---- build task Sort some build options to settings.json ---- (13ms)
8-3-2026 01:54:27-log: run build task Sort some build options to settings.json success in 13 ms√, progress: 15%
8-3-2026 01:54:27-debug: [Build Memory track]: Sort some build options to settings.json start:224.66MB, end 224.80MB, increase: 140.24KB
8-3-2026 01:54:43-debug: Query all assets info in project
8-3-2026 01:54:43-debug: init custom config: keepNodeUuid: false, useCache: true
8-3-2026 01:54:43-debug: Skip compress image, progress: 0%
8-3-2026 01:54:43-debug: Init all bundles start..., progress: 0%
8-3-2026 01:54:43-debug: Num of bundles: 2..., progress: 0%
8-3-2026 01:54:43-debug: Query asset bundle start, progress: 0%
8-3-2026 01:54:43-debug: // ---- build task Query asset bundle ----
8-3-2026 01:54:43-debug: Init bundle root assets start..., progress: 0%
8-3-2026 01:54:43-debug: Query preload assets/scripts from cc.config.json: 60f7195c-ec2a-45eb-ba94-8955f60e81d0,1c02ae6f-4492-4915-b8f8-7492a3b1e4cd,810e96e4-e456-4468-9b59-f4e8f39732c0,efe8e2a3-eace-427b-b4f1-cb8a937ec77d,e9aa9a3e-5b2b-4ac7-a2c7-073de2b2b24f,8bbdbcdd-5cd4-4100-b6d5-b7c9625b6107,50f4348b-c883-4e2f-8f11-ce233b859fa1,fda095cb-831d-4601-ad94-846013963de8,f92806d7-1768-443f-afe8-12bcde84d0f0,dd3a144d-ab7f-41f0-82b8-2e43a090d496,f0416e68-0200-4b77-a926-4f9d16e494da,511d2633-09a7-4bdd-ac42-f778032124b3,5d45aa00-e064-4938-b314-4265f0c2258c,9361fd90-ba52-4f84-aa93-6e878fd576ca,970b0598-bcb0-4714-91fb-2e81440dccd8,bcd64cc6-2dd9-43f6-abbe-66318d332032,d930590d-bb92-4cc8-8bd1-23cd027f9edf,a3cd009f-0ab0-420d-9278-b9fdab939bbc,6a2d0734-bd9e-4ddf-946e-caa52498cb75,d9937e59-61fe-4ec6-92ab-7ac5a19c89b0,d1346436-ac96-4271-b863-1f4fdead95b0,971bdb23-3ff6-43eb-b422-1c30165a3663,17debcc3-0a6b-4b8a-b00b-dc58b885581e,711ebe11-f673-4cd9-9a83-63c60ba54c5b,c0143906-9aed-447e-9436-2ae8512d1b6e,14da1725-c4c2-42b4-ab08-ee0aeb6898b3,081cab31-dccd-428e-8652-f2404cc81c47,78e0584a-4343-4727-8f37-e14e65c2a2db,871c3b6c-7379-419d-bda3-794b239ab90d,ff9b0199-ce04-4cfe-86cc-6c719f08d6e4,de1c2107-70c8-4021-8459-6399f24d01c6,cbf30902-517f-40dc-af90-a550bac27cf1,5c601d96-e4c7-4698-991b-7ee674b11079
8-3-2026 01:54:43-debug:   Number of all scenes: 3
8-3-2026 01:54:43-debug:   Number of all scripts: 39
8-3-2026 01:54:43-debug: Init bundle root assets success..., progress: 0%
8-3-2026 01:54:43-debug:   Number of other assets: 486
8-3-2026 01:54:43-debug: // ---- build task Query asset bundle ---- (12ms)
8-3-2026 01:54:43-log: run build task Query asset bundle success in 12 ms√, progress: 5%
8-3-2026 01:54:43-debug: [Build Memory track]: Query asset bundle start:224.67MB, end 224.53MB, increase: -140.12KB
8-3-2026 01:54:43-debug: Query asset bundle start, progress: 5%
8-3-2026 01:54:43-debug: // ---- build task Query asset bundle ----
8-3-2026 01:54:43-debug: // ---- build task Query asset bundle ---- (5ms)
8-3-2026 01:54:43-log: run build task Query asset bundle success in 5 ms√, progress: 10%
8-3-2026 01:54:43-debug: [Build Memory track]: Query asset bundle start:224.56MB, end 224.70MB, increase: 141.05KB
8-3-2026 01:54:43-debug: Sort some build options to settings.json start, progress: 10%
8-3-2026 01:54:43-debug: // ---- build task Sort some build options to settings.json ----
8-3-2026 01:54:43-debug: // ---- build task Sort some build options to settings.json ---- (2ms)
8-3-2026 01:54:43-log: run build task Sort some build options to settings.json success in 2 ms√, progress: 12%
8-3-2026 01:54:43-debug: [Build Memory track]: Sort some build options to settings.json start:224.73MB, end 224.75MB, increase: 26.99KB
8-3-2026 01:54:43-debug: Fill script data to settings start, progress: 12%
8-3-2026 01:54:43-debug: // ---- build task Fill script data to settings ----
8-3-2026 01:54:43-debug: // ---- build task Fill script data to settings ---- (2ms)
8-3-2026 01:54:43-debug: Sort some build options to settings.json start, progress: 13%
8-3-2026 01:54:43-log: run build task Fill script data to settings success in 2 ms√, progress: 13%
8-3-2026 01:54:43-debug: // ---- build task Sort some build options to settings.json ----
8-3-2026 01:54:43-debug: [Build Memory track]: Fill script data to settings start:224.78MB, end 224.81MB, increase: 27.40KB
8-3-2026 01:54:43-debug: // ---- build task Sort some build options to settings.json ---- (13ms)
8-3-2026 01:54:43-log: run build task Sort some build options to settings.json success in 13 ms√, progress: 15%
8-3-2026 01:54:43-debug: [Build Memory track]: Sort some build options to settings.json start:224.84MB, end 224.96MB, increase: 125.99KB
8-3-2026 01:55:00-debug: Query all assets info in project
8-3-2026 01:55:00-debug: init custom config: keepNodeUuid: false, useCache: true
8-3-2026 01:55:00-debug: Skip compress image, progress: 0%
8-3-2026 01:55:00-debug: Init all bundles start..., progress: 0%
8-3-2026 01:55:00-debug: Query asset bundle start, progress: 0%
8-3-2026 01:55:00-debug: // ---- build task Query asset bundle ----
8-3-2026 01:55:00-debug: Num of bundles: 2..., progress: 0%
8-3-2026 01:55:00-debug: Init bundle root assets start..., progress: 0%
8-3-2026 01:55:00-debug: Query preload assets/scripts from cc.config.json: 60f7195c-ec2a-45eb-ba94-8955f60e81d0,1c02ae6f-4492-4915-b8f8-7492a3b1e4cd,810e96e4-e456-4468-9b59-f4e8f39732c0,efe8e2a3-eace-427b-b4f1-cb8a937ec77d,e9aa9a3e-5b2b-4ac7-a2c7-073de2b2b24f,8bbdbcdd-5cd4-4100-b6d5-b7c9625b6107,50f4348b-c883-4e2f-8f11-ce233b859fa1,fda095cb-831d-4601-ad94-846013963de8,f92806d7-1768-443f-afe8-12bcde84d0f0,dd3a144d-ab7f-41f0-82b8-2e43a090d496,f0416e68-0200-4b77-a926-4f9d16e494da,511d2633-09a7-4bdd-ac42-f778032124b3,5d45aa00-e064-4938-b314-4265f0c2258c,9361fd90-ba52-4f84-aa93-6e878fd576ca,970b0598-bcb0-4714-91fb-2e81440dccd8,bcd64cc6-2dd9-43f6-abbe-66318d332032,d930590d-bb92-4cc8-8bd1-23cd027f9edf,a3cd009f-0ab0-420d-9278-b9fdab939bbc,6a2d0734-bd9e-4ddf-946e-caa52498cb75,d9937e59-61fe-4ec6-92ab-7ac5a19c89b0,d1346436-ac96-4271-b863-1f4fdead95b0,971bdb23-3ff6-43eb-b422-1c30165a3663,17debcc3-0a6b-4b8a-b00b-dc58b885581e,711ebe11-f673-4cd9-9a83-63c60ba54c5b,c0143906-9aed-447e-9436-2ae8512d1b6e,14da1725-c4c2-42b4-ab08-ee0aeb6898b3,081cab31-dccd-428e-8652-f2404cc81c47,78e0584a-4343-4727-8f37-e14e65c2a2db,871c3b6c-7379-419d-bda3-794b239ab90d,ff9b0199-ce04-4cfe-86cc-6c719f08d6e4,de1c2107-70c8-4021-8459-6399f24d01c6,cbf30902-517f-40dc-af90-a550bac27cf1,5c601d96-e4c7-4698-991b-7ee674b11079
8-3-2026 01:55:00-debug:   Number of all scripts: 39
8-3-2026 01:55:00-debug:   Number of other assets: 486
8-3-2026 01:55:00-debug:   Number of all scenes: 3
8-3-2026 01:55:00-debug: Init bundle root assets success..., progress: 0%
8-3-2026 01:55:00-debug: // ---- build task Query asset bundle ---- (14ms)
8-3-2026 01:55:00-log: run build task Query asset bundle success in 14 ms√, progress: 5%
8-3-2026 01:55:00-debug: [Build Memory track]: Query asset bundle start:224.81MB, end 224.71MB, increase: -93.90KB
8-3-2026 01:55:00-debug: Query asset bundle start, progress: 5%
8-3-2026 01:55:00-debug: // ---- build task Query asset bundle ----
8-3-2026 01:55:00-debug: // ---- build task Query asset bundle ---- (9ms)
8-3-2026 01:55:00-log: run build task Query asset bundle success in 9 ms√, progress: 10%
8-3-2026 01:55:00-debug: [Build Memory track]: Query asset bundle start:224.74MB, end 224.88MB, increase: 140.42KB
8-3-2026 01:55:00-debug: // ---- build task Sort some build options to settings.json ----
8-3-2026 01:55:00-debug: Sort some build options to settings.json start, progress: 10%
8-3-2026 01:55:00-debug: // ---- build task Sort some build options to settings.json ---- (3ms)
8-3-2026 01:55:00-log: run build task Sort some build options to settings.json success in 3 ms√, progress: 12%
8-3-2026 01:55:00-debug: Fill script data to settings start, progress: 12%
8-3-2026 01:55:00-debug: [Build Memory track]: Sort some build options to settings.json start:224.91MB, end 224.93MB, increase: 26.18KB
8-3-2026 01:55:00-debug: // ---- build task Fill script data to settings ----
8-3-2026 01:55:00-debug: // ---- build task Fill script data to settings ---- (1ms)
8-3-2026 01:55:00-log: run build task Fill script data to settings success in 1 ms√, progress: 13%
8-3-2026 01:55:00-debug: [Build Memory track]: Fill script data to settings start:224.96MB, end 224.99MB, increase: 25.74KB
8-3-2026 01:55:00-debug: Sort some build options to settings.json start, progress: 13%
8-3-2026 01:55:00-debug: // ---- build task Sort some build options to settings.json ----
8-3-2026 01:55:00-debug: // ---- build task Sort some build options to settings.json ---- (21ms)
8-3-2026 01:55:00-debug: [Build Memory track]: Sort some build options to settings.json start:225.01MB, end 225.14MB, increase: 126.11KB
8-3-2026 01:55:00-log: run build task Sort some build options to settings.json success in 21 ms√, progress: 15%
8-3-2026 01:55:19-debug: Query all assets info in project
8-3-2026 01:55:19-debug: init custom config: keepNodeUuid: false, useCache: true
8-3-2026 01:55:19-debug: Skip compress image, progress: 0%
8-3-2026 01:55:19-debug: Init all bundles start..., progress: 0%
8-3-2026 01:55:19-debug: Query asset bundle start, progress: 0%
8-3-2026 01:55:19-debug: // ---- build task Query asset bundle ----
8-3-2026 01:55:19-debug: Num of bundles: 2..., progress: 0%
8-3-2026 01:55:19-debug: Init bundle root assets start..., progress: 0%
8-3-2026 01:55:19-debug: Query preload assets/scripts from cc.config.json: 60f7195c-ec2a-45eb-ba94-8955f60e81d0,1c02ae6f-4492-4915-b8f8-7492a3b1e4cd,810e96e4-e456-4468-9b59-f4e8f39732c0,efe8e2a3-eace-427b-b4f1-cb8a937ec77d,e9aa9a3e-5b2b-4ac7-a2c7-073de2b2b24f,8bbdbcdd-5cd4-4100-b6d5-b7c9625b6107,50f4348b-c883-4e2f-8f11-ce233b859fa1,fda095cb-831d-4601-ad94-846013963de8,f92806d7-1768-443f-afe8-12bcde84d0f0,dd3a144d-ab7f-41f0-82b8-2e43a090d496,f0416e68-0200-4b77-a926-4f9d16e494da,511d2633-09a7-4bdd-ac42-f778032124b3,5d45aa00-e064-4938-b314-4265f0c2258c,9361fd90-ba52-4f84-aa93-6e878fd576ca,970b0598-bcb0-4714-91fb-2e81440dccd8,bcd64cc6-2dd9-43f6-abbe-66318d332032,d930590d-bb92-4cc8-8bd1-23cd027f9edf,a3cd009f-0ab0-420d-9278-b9fdab939bbc,6a2d0734-bd9e-4ddf-946e-caa52498cb75,d9937e59-61fe-4ec6-92ab-7ac5a19c89b0,d1346436-ac96-4271-b863-1f4fdead95b0,971bdb23-3ff6-43eb-b422-1c30165a3663,17debcc3-0a6b-4b8a-b00b-dc58b885581e,711ebe11-f673-4cd9-9a83-63c60ba54c5b,c0143906-9aed-447e-9436-2ae8512d1b6e,14da1725-c4c2-42b4-ab08-ee0aeb6898b3,081cab31-dccd-428e-8652-f2404cc81c47,78e0584a-4343-4727-8f37-e14e65c2a2db,871c3b6c-7379-419d-bda3-794b239ab90d,ff9b0199-ce04-4cfe-86cc-6c719f08d6e4,de1c2107-70c8-4021-8459-6399f24d01c6,cbf30902-517f-40dc-af90-a550bac27cf1,5c601d96-e4c7-4698-991b-7ee674b11079
8-3-2026 01:55:19-debug:   Number of all scripts: 39
8-3-2026 01:55:19-debug:   Number of other assets: 486
8-3-2026 01:55:19-debug: Init bundle root assets success..., progress: 0%
8-3-2026 01:55:19-debug:   Number of all scenes: 3
8-3-2026 01:55:19-debug: // ---- build task Query asset bundle ---- (16ms)
8-3-2026 01:55:19-log: run build task Query asset bundle success in 16 ms√, progress: 5%
8-3-2026 01:55:19-debug: [Build Memory track]: Query asset bundle start:224.95MB, end 224.88MB, increase: -71.13KB
8-3-2026 01:55:19-debug: // ---- build task Query asset bundle ----
8-3-2026 01:55:19-debug: Query asset bundle start, progress: 5%
8-3-2026 01:55:19-debug: // ---- build task Query asset bundle ---- (14ms)
8-3-2026 01:55:19-log: run build task Query asset bundle success in 14 ms√, progress: 10%
8-3-2026 01:55:19-debug: [Build Memory track]: Query asset bundle start:224.91MB, end 225.04MB, increase: 139.21KB
8-3-2026 01:55:19-debug: Sort some build options to settings.json start, progress: 10%
8-3-2026 01:55:19-debug: // ---- build task Sort some build options to settings.json ----
8-3-2026 01:55:19-debug: // ---- build task Sort some build options to settings.json ---- (2ms)
8-3-2026 01:55:19-log: run build task Sort some build options to settings.json success in 2 ms√, progress: 12%
8-3-2026 01:55:19-debug: [Build Memory track]: Sort some build options to settings.json start:225.08MB, end 225.11MB, increase: 33.00KB
8-3-2026 01:55:19-debug: Fill script data to settings start, progress: 12%
8-3-2026 01:55:19-debug: // ---- build task Fill script data to settings ----
8-3-2026 01:55:19-debug: // ---- build task Fill script data to settings ---- (5ms)
8-3-2026 01:55:19-debug: [Build Memory track]: Fill script data to settings start:225.14MB, end 225.16MB, increase: 25.53KB
8-3-2026 01:55:19-log: run build task Fill script data to settings success in 5 ms√, progress: 13%
8-3-2026 01:55:19-debug: Sort some build options to settings.json start, progress: 13%
8-3-2026 01:55:19-debug: // ---- build task Sort some build options to settings.json ----
8-3-2026 01:55:19-debug: // ---- build task Sort some build options to settings.json ---- (12ms)
8-3-2026 01:55:19-log: run build task Sort some build options to settings.json success in 12 ms√, progress: 15%
8-3-2026 01:55:19-debug: [Build Memory track]: Sort some build options to settings.json start:225.19MB, end 225.32MB, increase: 128.02KB
8-3-2026 01:55:40-debug: Query all assets info in project
8-3-2026 01:55:40-debug: init custom config: keepNodeUuid: false, useCache: true
8-3-2026 01:55:40-debug: Skip compress image, progress: 0%
8-3-2026 01:55:40-debug: Init all bundles start..., progress: 0%
8-3-2026 01:55:40-debug: Query asset bundle start, progress: 0%
8-3-2026 01:55:40-debug: // ---- build task Query asset bundle ----
8-3-2026 01:55:40-debug: Num of bundles: 2..., progress: 0%
8-3-2026 01:55:40-debug: Init bundle root assets start..., progress: 0%
8-3-2026 01:55:40-debug:   Number of all scenes: 3
8-3-2026 01:55:40-debug: Query preload assets/scripts from cc.config.json: 60f7195c-ec2a-45eb-ba94-8955f60e81d0,1c02ae6f-4492-4915-b8f8-7492a3b1e4cd,810e96e4-e456-4468-9b59-f4e8f39732c0,efe8e2a3-eace-427b-b4f1-cb8a937ec77d,e9aa9a3e-5b2b-4ac7-a2c7-073de2b2b24f,8bbdbcdd-5cd4-4100-b6d5-b7c9625b6107,50f4348b-c883-4e2f-8f11-ce233b859fa1,fda095cb-831d-4601-ad94-846013963de8,f92806d7-1768-443f-afe8-12bcde84d0f0,dd3a144d-ab7f-41f0-82b8-2e43a090d496,f0416e68-0200-4b77-a926-4f9d16e494da,511d2633-09a7-4bdd-ac42-f778032124b3,5d45aa00-e064-4938-b314-4265f0c2258c,9361fd90-ba52-4f84-aa93-6e878fd576ca,970b0598-bcb0-4714-91fb-2e81440dccd8,bcd64cc6-2dd9-43f6-abbe-66318d332032,d930590d-bb92-4cc8-8bd1-23cd027f9edf,a3cd009f-0ab0-420d-9278-b9fdab939bbc,6a2d0734-bd9e-4ddf-946e-caa52498cb75,d9937e59-61fe-4ec6-92ab-7ac5a19c89b0,d1346436-ac96-4271-b863-1f4fdead95b0,971bdb23-3ff6-43eb-b422-1c30165a3663,17debcc3-0a6b-4b8a-b00b-dc58b885581e,711ebe11-f673-4cd9-9a83-63c60ba54c5b,c0143906-9aed-447e-9436-2ae8512d1b6e,14da1725-c4c2-42b4-ab08-ee0aeb6898b3,081cab31-dccd-428e-8652-f2404cc81c47,78e0584a-4343-4727-8f37-e14e65c2a2db,871c3b6c-7379-419d-bda3-794b239ab90d,ff9b0199-ce04-4cfe-86cc-6c719f08d6e4,de1c2107-70c8-4021-8459-6399f24d01c6,cbf30902-517f-40dc-af90-a550bac27cf1,5c601d96-e4c7-4698-991b-7ee674b11079
8-3-2026 01:55:40-debug:   Number of all scripts: 39
8-3-2026 01:55:40-debug:   Number of other assets: 486
8-3-2026 01:55:40-debug: Init bundle root assets success..., progress: 0%
8-3-2026 01:55:40-debug: // ---- build task Query asset bundle ---- (15ms)
8-3-2026 01:55:40-log: run build task Query asset bundle success in 15 ms√, progress: 5%
8-3-2026 01:55:40-debug: [Build Memory track]: Query asset bundle start:225.23MB, end 225.09MB, increase: -147.40KB
8-3-2026 01:55:40-debug: Query asset bundle start, progress: 5%
8-3-2026 01:55:40-debug: // ---- build task Query asset bundle ----
8-3-2026 01:55:40-debug: // ---- build task Query asset bundle ---- (8ms)
8-3-2026 01:55:40-log: run build task Query asset bundle success in 8 ms√, progress: 10%
8-3-2026 01:55:40-debug: Sort some build options to settings.json start, progress: 10%
8-3-2026 01:55:40-debug: [Build Memory track]: Query asset bundle start:225.12MB, end 225.25MB, increase: 138.95KB
8-3-2026 01:55:40-debug: // ---- build task Sort some build options to settings.json ----
8-3-2026 01:55:40-log: run build task Sort some build options to settings.json success in 1 ms√, progress: 12%
8-3-2026 01:55:40-debug: // ---- build task Sort some build options to settings.json ---- (1ms)
8-3-2026 01:55:40-debug: [Build Memory track]: Sort some build options to settings.json start:225.28MB, end 225.31MB, increase: 26.18KB
8-3-2026 01:55:40-debug: Fill script data to settings start, progress: 12%
8-3-2026 01:55:40-debug: // ---- build task Fill script data to settings ----
8-3-2026 01:55:40-debug: // ---- build task Fill script data to settings ---- (6ms)
8-3-2026 01:55:40-debug: [Build Memory track]: Fill script data to settings start:225.34MB, end 225.36MB, increase: 25.51KB
8-3-2026 01:55:40-log: run build task Fill script data to settings success in 6 ms√, progress: 13%
8-3-2026 01:55:40-debug: Sort some build options to settings.json start, progress: 13%
8-3-2026 01:55:40-debug: // ---- build task Sort some build options to settings.json ----
8-3-2026 01:55:40-debug: // ---- build task Sort some build options to settings.json ---- (20ms)
8-3-2026 01:55:40-log: run build task Sort some build options to settings.json success in 20 ms√, progress: 15%
8-3-2026 01:55:40-debug: [Build Memory track]: Sort some build options to settings.json start:225.39MB, end 225.51MB, increase: 126.00KB
8-3-2026 01:56:00-debug: Query all assets info in project
8-3-2026 01:56:00-debug: init custom config: keepNodeUuid: false, useCache: true
8-3-2026 01:56:00-debug: Skip compress image, progress: 0%
8-3-2026 01:56:00-debug: Init all bundles start..., progress: 0%
8-3-2026 01:56:00-debug: Query asset bundle start, progress: 0%
8-3-2026 01:56:00-debug: // ---- build task Query asset bundle ----
8-3-2026 01:56:00-debug: Init bundle root assets start..., progress: 0%
8-3-2026 01:56:00-debug: Num of bundles: 2..., progress: 0%
8-3-2026 01:56:00-debug: Query preload assets/scripts from cc.config.json: 60f7195c-ec2a-45eb-ba94-8955f60e81d0,1c02ae6f-4492-4915-b8f8-7492a3b1e4cd,810e96e4-e456-4468-9b59-f4e8f39732c0,efe8e2a3-eace-427b-b4f1-cb8a937ec77d,e9aa9a3e-5b2b-4ac7-a2c7-073de2b2b24f,8bbdbcdd-5cd4-4100-b6d5-b7c9625b6107,50f4348b-c883-4e2f-8f11-ce233b859fa1,fda095cb-831d-4601-ad94-846013963de8,f92806d7-1768-443f-afe8-12bcde84d0f0,dd3a144d-ab7f-41f0-82b8-2e43a090d496,f0416e68-0200-4b77-a926-4f9d16e494da,511d2633-09a7-4bdd-ac42-f778032124b3,5d45aa00-e064-4938-b314-4265f0c2258c,9361fd90-ba52-4f84-aa93-6e878fd576ca,970b0598-bcb0-4714-91fb-2e81440dccd8,bcd64cc6-2dd9-43f6-abbe-66318d332032,d930590d-bb92-4cc8-8bd1-23cd027f9edf,a3cd009f-0ab0-420d-9278-b9fdab939bbc,6a2d0734-bd9e-4ddf-946e-caa52498cb75,d9937e59-61fe-4ec6-92ab-7ac5a19c89b0,d1346436-ac96-4271-b863-1f4fdead95b0,971bdb23-3ff6-43eb-b422-1c30165a3663,17debcc3-0a6b-4b8a-b00b-dc58b885581e,711ebe11-f673-4cd9-9a83-63c60ba54c5b,c0143906-9aed-447e-9436-2ae8512d1b6e,14da1725-c4c2-42b4-ab08-ee0aeb6898b3,081cab31-dccd-428e-8652-f2404cc81c47,78e0584a-4343-4727-8f37-e14e65c2a2db,871c3b6c-7379-419d-bda3-794b239ab90d,ff9b0199-ce04-4cfe-86cc-6c719f08d6e4,de1c2107-70c8-4021-8459-6399f24d01c6,cbf30902-517f-40dc-af90-a550bac27cf1,5c601d96-e4c7-4698-991b-7ee674b11079
8-3-2026 01:56:00-debug:   Number of all scenes: 3
8-3-2026 01:56:00-debug:   Number of all scripts: 39
8-3-2026 01:56:00-debug: Init bundle root assets success..., progress: 0%
8-3-2026 01:56:00-debug:   Number of other assets: 486
8-3-2026 01:56:00-debug: // ---- build task Query asset bundle ---- (13ms)
8-3-2026 01:56:00-log: run build task Query asset bundle success in 13 ms√, progress: 5%
8-3-2026 01:56:00-debug: [Build Memory track]: Query asset bundle start:225.34MB, end 225.26MB, increase: -83.49KB
8-3-2026 01:56:00-debug: Query asset bundle start, progress: 5%
8-3-2026 01:56:00-debug: // ---- build task Query asset bundle ----
8-3-2026 01:56:00-debug: // ---- build task Query asset bundle ---- (7ms)
8-3-2026 01:56:00-debug: [Build Memory track]: Query asset bundle start:225.29MB, end 225.43MB, increase: 139.01KB
8-3-2026 01:56:00-log: run build task Query asset bundle success in 7 ms√, progress: 10%
8-3-2026 01:56:00-debug: Sort some build options to settings.json start, progress: 10%
8-3-2026 01:56:00-debug: // ---- build task Sort some build options to settings.json ----
8-3-2026 01:56:00-debug: // ---- build task Sort some build options to settings.json ---- (3ms)
8-3-2026 01:56:00-log: run build task Sort some build options to settings.json success in 3 ms√, progress: 12%
8-3-2026 01:56:00-debug: [Build Memory track]: Sort some build options to settings.json start:225.45MB, end 225.48MB, increase: 26.26KB
8-3-2026 01:56:00-debug: Fill script data to settings start, progress: 12%
8-3-2026 01:56:00-debug: // ---- build task Fill script data to settings ----
8-3-2026 01:56:00-debug: // ---- build task Fill script data to settings ---- (3ms)
8-3-2026 01:56:00-log: run build task Fill script data to settings success in 3 ms√, progress: 13%
8-3-2026 01:56:00-debug: Sort some build options to settings.json start, progress: 13%
8-3-2026 01:56:00-debug: [Build Memory track]: Fill script data to settings start:225.95MB, end 225.55MB, increase: -404.67KB
8-3-2026 01:56:00-debug: // ---- build task Sort some build options to settings.json ----
8-3-2026 01:56:00-debug: // ---- build task Sort some build options to settings.json ---- (16ms)
8-3-2026 01:56:00-debug: [Build Memory track]: Sort some build options to settings.json start:225.58MB, end 225.70MB, increase: 126.58KB
8-3-2026 01:56:00-log: run build task Sort some build options to settings.json success in 16 ms√, progress: 15%
8-3-2026 01:56:21-debug: Query all assets info in project
8-3-2026 01:56:21-debug: init custom config: keepNodeUuid: false, useCache: true
8-3-2026 01:56:21-debug: Skip compress image, progress: 0%
8-3-2026 01:56:21-debug: Init all bundles start..., progress: 0%
8-3-2026 01:56:21-debug: Query asset bundle start, progress: 0%
8-3-2026 01:56:21-debug: // ---- build task Query asset bundle ----
8-3-2026 01:56:21-debug: Num of bundles: 2..., progress: 0%
8-3-2026 01:56:21-debug: Init bundle root assets start..., progress: 0%
8-3-2026 01:56:21-debug:   Number of all scenes: 3
8-3-2026 01:56:21-debug:   Number of all scripts: 39
8-3-2026 01:56:21-debug: Query preload assets/scripts from cc.config.json: 60f7195c-ec2a-45eb-ba94-8955f60e81d0,1c02ae6f-4492-4915-b8f8-7492a3b1e4cd,810e96e4-e456-4468-9b59-f4e8f39732c0,efe8e2a3-eace-427b-b4f1-cb8a937ec77d,e9aa9a3e-5b2b-4ac7-a2c7-073de2b2b24f,8bbdbcdd-5cd4-4100-b6d5-b7c9625b6107,50f4348b-c883-4e2f-8f11-ce233b859fa1,fda095cb-831d-4601-ad94-846013963de8,f92806d7-1768-443f-afe8-12bcde84d0f0,dd3a144d-ab7f-41f0-82b8-2e43a090d496,f0416e68-0200-4b77-a926-4f9d16e494da,511d2633-09a7-4bdd-ac42-f778032124b3,5d45aa00-e064-4938-b314-4265f0c2258c,9361fd90-ba52-4f84-aa93-6e878fd576ca,970b0598-bcb0-4714-91fb-2e81440dccd8,bcd64cc6-2dd9-43f6-abbe-66318d332032,d930590d-bb92-4cc8-8bd1-23cd027f9edf,a3cd009f-0ab0-420d-9278-b9fdab939bbc,6a2d0734-bd9e-4ddf-946e-caa52498cb75,d9937e59-61fe-4ec6-92ab-7ac5a19c89b0,d1346436-ac96-4271-b863-1f4fdead95b0,971bdb23-3ff6-43eb-b422-1c30165a3663,17debcc3-0a6b-4b8a-b00b-dc58b885581e,711ebe11-f673-4cd9-9a83-63c60ba54c5b,c0143906-9aed-447e-9436-2ae8512d1b6e,14da1725-c4c2-42b4-ab08-ee0aeb6898b3,081cab31-dccd-428e-8652-f2404cc81c47,78e0584a-4343-4727-8f37-e14e65c2a2db,871c3b6c-7379-419d-bda3-794b239ab90d,ff9b0199-ce04-4cfe-86cc-6c719f08d6e4,de1c2107-70c8-4021-8459-6399f24d01c6,cbf30902-517f-40dc-af90-a550bac27cf1,5c601d96-e4c7-4698-991b-7ee674b11079
8-3-2026 01:56:21-debug:   Number of other assets: 486
8-3-2026 01:56:21-debug: Init bundle root assets success..., progress: 0%
8-3-2026 01:56:21-debug: // ---- build task Query asset bundle ---- (13ms)
8-3-2026 01:56:21-log: run build task Query asset bundle success in 13 ms√, progress: 5%
8-3-2026 01:56:21-debug: [Build Memory track]: Query asset bundle start:225.56MB, end 225.44MB, increase: -118.01KB
8-3-2026 01:56:21-debug: Query asset bundle start, progress: 5%
8-3-2026 01:56:21-debug: // ---- build task Query asset bundle ----
8-3-2026 01:56:21-debug: // ---- build task Query asset bundle ---- (12ms)
8-3-2026 01:56:21-log: run build task Query asset bundle success in 12 ms√, progress: 10%
8-3-2026 01:56:21-debug: [Build Memory track]: Query asset bundle start:225.47MB, end 225.61MB, increase: 140.20KB
8-3-2026 01:56:21-debug: // ---- build task Sort some build options to settings.json ----
8-3-2026 01:56:21-debug: Sort some build options to settings.json start, progress: 10%
8-3-2026 01:56:21-debug: // ---- build task Sort some build options to settings.json ---- (3ms)
8-3-2026 01:56:21-debug: [Build Memory track]: Sort some build options to settings.json start:225.63MB, end 225.66MB, increase: 26.34KB
8-3-2026 01:56:21-debug: Fill script data to settings start, progress: 12%
8-3-2026 01:56:21-log: run build task Sort some build options to settings.json success in 3 ms√, progress: 12%
8-3-2026 01:56:21-debug: // ---- build task Fill script data to settings ----
8-3-2026 01:56:21-debug: // ---- build task Fill script data to settings ---- (4ms)
8-3-2026 01:56:21-log: run build task Fill script data to settings success in 4 ms√, progress: 13%
8-3-2026 01:56:21-debug: Sort some build options to settings.json start, progress: 13%
8-3-2026 01:56:21-debug: [Build Memory track]: Fill script data to settings start:225.69MB, end 225.71MB, increase: 25.81KB
8-3-2026 01:56:21-debug: // ---- build task Sort some build options to settings.json ----
8-3-2026 01:56:21-debug: // ---- build task Sort some build options to settings.json ---- (19ms)
8-3-2026 01:56:21-log: run build task Sort some build options to settings.json success in 19 ms√, progress: 15%
8-3-2026 01:56:21-debug: [Build Memory track]: Sort some build options to settings.json start:225.74MB, end 225.86MB, increase: 126.17KB
8-3-2026 01:56:44-debug: Query all assets info in project
8-3-2026 01:56:44-debug: init custom config: keepNodeUuid: false, useCache: true
8-3-2026 01:56:44-debug: Skip compress image, progress: 0%
8-3-2026 01:56:44-debug: Init all bundles start..., progress: 0%
8-3-2026 01:56:44-debug: Num of bundles: 2..., progress: 0%
8-3-2026 01:56:44-debug: Query asset bundle start, progress: 0%
8-3-2026 01:56:44-debug: // ---- build task Query asset bundle ----
8-3-2026 01:56:44-debug: Init bundle root assets start..., progress: 0%
8-3-2026 01:56:44-debug: Query preload assets/scripts from cc.config.json: 60f7195c-ec2a-45eb-ba94-8955f60e81d0,1c02ae6f-4492-4915-b8f8-7492a3b1e4cd,810e96e4-e456-4468-9b59-f4e8f39732c0,efe8e2a3-eace-427b-b4f1-cb8a937ec77d,e9aa9a3e-5b2b-4ac7-a2c7-073de2b2b24f,8bbdbcdd-5cd4-4100-b6d5-b7c9625b6107,50f4348b-c883-4e2f-8f11-ce233b859fa1,fda095cb-831d-4601-ad94-846013963de8,f92806d7-1768-443f-afe8-12bcde84d0f0,dd3a144d-ab7f-41f0-82b8-2e43a090d496,f0416e68-0200-4b77-a926-4f9d16e494da,511d2633-09a7-4bdd-ac42-f778032124b3,5d45aa00-e064-4938-b314-4265f0c2258c,9361fd90-ba52-4f84-aa93-6e878fd576ca,970b0598-bcb0-4714-91fb-2e81440dccd8,bcd64cc6-2dd9-43f6-abbe-66318d332032,d930590d-bb92-4cc8-8bd1-23cd027f9edf,a3cd009f-0ab0-420d-9278-b9fdab939bbc,6a2d0734-bd9e-4ddf-946e-caa52498cb75,d9937e59-61fe-4ec6-92ab-7ac5a19c89b0,d1346436-ac96-4271-b863-1f4fdead95b0,971bdb23-3ff6-43eb-b422-1c30165a3663,17debcc3-0a6b-4b8a-b00b-dc58b885581e,711ebe11-f673-4cd9-9a83-63c60ba54c5b,c0143906-9aed-447e-9436-2ae8512d1b6e,14da1725-c4c2-42b4-ab08-ee0aeb6898b3,081cab31-dccd-428e-8652-f2404cc81c47,78e0584a-4343-4727-8f37-e14e65c2a2db,871c3b6c-7379-419d-bda3-794b239ab90d,ff9b0199-ce04-4cfe-86cc-6c719f08d6e4,de1c2107-70c8-4021-8459-6399f24d01c6,cbf30902-517f-40dc-af90-a550bac27cf1,5c601d96-e4c7-4698-991b-7ee674b11079
8-3-2026 01:56:44-debug:   Number of all scenes: 3
8-3-2026 01:56:44-debug:   Number of other assets: 486
8-3-2026 01:56:44-debug: Init bundle root assets success..., progress: 0%
8-3-2026 01:56:44-debug:   Number of all scripts: 39
8-3-2026 01:56:44-debug: // ---- build task Query asset bundle ---- (11ms)
8-3-2026 01:56:44-log: run build task Query asset bundle success in 11 ms√, progress: 5%
8-3-2026 01:56:44-debug: [Build Memory track]: Query asset bundle start:225.71MB, end 225.58MB, increase: -137.04KB
8-3-2026 01:56:44-debug: Query asset bundle start, progress: 5%
8-3-2026 01:56:44-debug: // ---- build task Query asset bundle ----
8-3-2026 01:56:44-debug: // ---- build task Query asset bundle ---- (8ms)
8-3-2026 01:56:44-log: run build task Query asset bundle success in 8 ms√, progress: 10%
8-3-2026 01:56:44-debug: [Build Memory track]: Query asset bundle start:225.61MB, end 225.74MB, increase: 139.11KB
8-3-2026 01:56:44-debug: Sort some build options to settings.json start, progress: 10%
8-3-2026 01:56:44-debug: // ---- build task Sort some build options to settings.json ----
8-3-2026 01:56:44-debug: // ---- build task Sort some build options to settings.json ---- (3ms)
8-3-2026 01:56:44-log: run build task Sort some build options to settings.json success in 3 ms√, progress: 12%
8-3-2026 01:56:44-debug: Fill script data to settings start, progress: 12%
8-3-2026 01:56:44-debug: [Build Memory track]: Sort some build options to settings.json start:225.77MB, end 225.80MB, increase: 26.45KB
8-3-2026 01:56:44-debug: // ---- build task Fill script data to settings ----
8-3-2026 01:56:44-debug: // ---- build task Fill script data to settings ---- (3ms)
8-3-2026 01:56:44-log: run build task Fill script data to settings success in 3 ms√, progress: 13%
8-3-2026 01:56:44-debug: Sort some build options to settings.json start, progress: 13%
8-3-2026 01:56:44-debug: [Build Memory track]: Fill script data to settings start:225.82MB, end 225.85MB, increase: 25.73KB
8-3-2026 01:56:44-debug: // ---- build task Sort some build options to settings.json ----
8-3-2026 01:56:44-debug: // ---- build task Sort some build options to settings.json ---- (18ms)
8-3-2026 01:56:44-log: run build task Sort some build options to settings.json success in 18 ms√, progress: 15%
8-3-2026 01:56:44-debug: [Build Memory track]: Sort some build options to settings.json start:225.88MB, end 226.00MB, increase: 126.20KB
8-3-2026 01:57:02-debug: Query all assets info in project
8-3-2026 01:57:02-debug: init custom config: keepNodeUuid: false, useCache: true
8-3-2026 01:57:02-debug: Skip compress image, progress: 0%
8-3-2026 01:57:02-debug: Init all bundles start..., progress: 0%
8-3-2026 01:57:02-debug: Query asset bundle start, progress: 0%
8-3-2026 01:57:02-debug: // ---- build task Query asset bundle ----
8-3-2026 01:57:02-debug: Num of bundles: 2..., progress: 0%
8-3-2026 01:57:02-debug: Init bundle root assets start..., progress: 0%
8-3-2026 01:57:02-debug: Query preload assets/scripts from cc.config.json: 60f7195c-ec2a-45eb-ba94-8955f60e81d0,1c02ae6f-4492-4915-b8f8-7492a3b1e4cd,810e96e4-e456-4468-9b59-f4e8f39732c0,efe8e2a3-eace-427b-b4f1-cb8a937ec77d,e9aa9a3e-5b2b-4ac7-a2c7-073de2b2b24f,8bbdbcdd-5cd4-4100-b6d5-b7c9625b6107,50f4348b-c883-4e2f-8f11-ce233b859fa1,fda095cb-831d-4601-ad94-846013963de8,f92806d7-1768-443f-afe8-12bcde84d0f0,dd3a144d-ab7f-41f0-82b8-2e43a090d496,f0416e68-0200-4b77-a926-4f9d16e494da,511d2633-09a7-4bdd-ac42-f778032124b3,5d45aa00-e064-4938-b314-4265f0c2258c,9361fd90-ba52-4f84-aa93-6e878fd576ca,970b0598-bcb0-4714-91fb-2e81440dccd8,bcd64cc6-2dd9-43f6-abbe-66318d332032,d930590d-bb92-4cc8-8bd1-23cd027f9edf,a3cd009f-0ab0-420d-9278-b9fdab939bbc,6a2d0734-bd9e-4ddf-946e-caa52498cb75,d9937e59-61fe-4ec6-92ab-7ac5a19c89b0,d1346436-ac96-4271-b863-1f4fdead95b0,971bdb23-3ff6-43eb-b422-1c30165a3663,17debcc3-0a6b-4b8a-b00b-dc58b885581e,711ebe11-f673-4cd9-9a83-63c60ba54c5b,c0143906-9aed-447e-9436-2ae8512d1b6e,14da1725-c4c2-42b4-ab08-ee0aeb6898b3,081cab31-dccd-428e-8652-f2404cc81c47,78e0584a-4343-4727-8f37-e14e65c2a2db,871c3b6c-7379-419d-bda3-794b239ab90d,ff9b0199-ce04-4cfe-86cc-6c719f08d6e4,de1c2107-70c8-4021-8459-6399f24d01c6,cbf30902-517f-40dc-af90-a550bac27cf1,5c601d96-e4c7-4698-991b-7ee674b11079
8-3-2026 01:57:02-debug:   Number of all scenes: 3
8-3-2026 01:57:02-debug:   Number of other assets: 486
8-3-2026 01:57:02-debug: Init bundle root assets success..., progress: 0%
8-3-2026 01:57:02-debug:   Number of all scripts: 39
8-3-2026 01:57:02-debug: // ---- build task Query asset bundle ---- (12ms)
8-3-2026 01:57:02-log: run build task Query asset bundle success in 12 ms√, progress: 5%
8-3-2026 01:57:02-debug: [Build Memory track]: Query asset bundle start:225.83MB, end 225.72MB, increase: -114.50KB
8-3-2026 01:57:02-debug: Query asset bundle start, progress: 5%
8-3-2026 01:57:02-debug: // ---- build task Query asset bundle ----
8-3-2026 01:57:02-debug: // ---- build task Query asset bundle ---- (7ms)
8-3-2026 01:57:02-debug: [Build Memory track]: Query asset bundle start:225.74MB, end 225.88MB, increase: 139.11KB
8-3-2026 01:57:02-log: run build task Query asset bundle success in 7 ms√, progress: 10%
8-3-2026 01:57:02-debug: Sort some build options to settings.json start, progress: 10%
8-3-2026 01:57:02-debug: // ---- build task Sort some build options to settings.json ----
8-3-2026 01:57:02-debug: // ---- build task Sort some build options to settings.json ---- (3ms)
8-3-2026 01:57:02-log: run build task Sort some build options to settings.json success in 3 ms√, progress: 12%
8-3-2026 01:57:02-debug: [Build Memory track]: Sort some build options to settings.json start:225.91MB, end 225.93MB, increase: 26.39KB
8-3-2026 01:57:02-debug: // ---- build task Fill script data to settings ----
8-3-2026 01:57:02-debug: Fill script data to settings start, progress: 12%
8-3-2026 01:57:02-debug: // ---- build task Fill script data to settings ---- (2ms)
8-3-2026 01:57:02-log: run build task Fill script data to settings success in 2 ms√, progress: 13%
8-3-2026 01:57:02-debug: [Build Memory track]: Fill script data to settings start:225.96MB, end 225.99MB, increase: 25.73KB
8-3-2026 01:57:02-debug: Sort some build options to settings.json start, progress: 13%
8-3-2026 01:57:02-debug: // ---- build task Sort some build options to settings.json ----
8-3-2026 01:57:02-debug: // ---- build task Sort some build options to settings.json ---- (19ms)
8-3-2026 01:57:02-log: run build task Sort some build options to settings.json success in 19 ms√, progress: 15%
8-3-2026 01:57:02-debug: [Build Memory track]: Sort some build options to settings.json start:226.02MB, end 226.14MB, increase: 126.14KB
8-3-2026 01:57:24-debug: Query all assets info in project
8-3-2026 01:57:24-debug: init custom config: keepNodeUuid: false, useCache: true
8-3-2026 01:57:24-debug: Skip compress image, progress: 0%
8-3-2026 01:57:24-debug: Init all bundles start..., progress: 0%
8-3-2026 01:57:24-debug: Query asset bundle start, progress: 0%
8-3-2026 01:57:24-debug: // ---- build task Query asset bundle ----
8-3-2026 01:57:24-debug: Num of bundles: 2..., progress: 0%
8-3-2026 01:57:24-debug: Init bundle root assets start..., progress: 0%
8-3-2026 01:57:24-debug: Query preload assets/scripts from cc.config.json: 60f7195c-ec2a-45eb-ba94-8955f60e81d0,1c02ae6f-4492-4915-b8f8-7492a3b1e4cd,810e96e4-e456-4468-9b59-f4e8f39732c0,efe8e2a3-eace-427b-b4f1-cb8a937ec77d,e9aa9a3e-5b2b-4ac7-a2c7-073de2b2b24f,8bbdbcdd-5cd4-4100-b6d5-b7c9625b6107,50f4348b-c883-4e2f-8f11-ce233b859fa1,fda095cb-831d-4601-ad94-846013963de8,f92806d7-1768-443f-afe8-12bcde84d0f0,dd3a144d-ab7f-41f0-82b8-2e43a090d496,f0416e68-0200-4b77-a926-4f9d16e494da,511d2633-09a7-4bdd-ac42-f778032124b3,5d45aa00-e064-4938-b314-4265f0c2258c,9361fd90-ba52-4f84-aa93-6e878fd576ca,970b0598-bcb0-4714-91fb-2e81440dccd8,bcd64cc6-2dd9-43f6-abbe-66318d332032,d930590d-bb92-4cc8-8bd1-23cd027f9edf,a3cd009f-0ab0-420d-9278-b9fdab939bbc,6a2d0734-bd9e-4ddf-946e-caa52498cb75,d9937e59-61fe-4ec6-92ab-7ac5a19c89b0,d1346436-ac96-4271-b863-1f4fdead95b0,971bdb23-3ff6-43eb-b422-1c30165a3663,17debcc3-0a6b-4b8a-b00b-dc58b885581e,711ebe11-f673-4cd9-9a83-63c60ba54c5b,c0143906-9aed-447e-9436-2ae8512d1b6e,14da1725-c4c2-42b4-ab08-ee0aeb6898b3,081cab31-dccd-428e-8652-f2404cc81c47,78e0584a-4343-4727-8f37-e14e65c2a2db,871c3b6c-7379-419d-bda3-794b239ab90d,ff9b0199-ce04-4cfe-86cc-6c719f08d6e4,de1c2107-70c8-4021-8459-6399f24d01c6,cbf30902-517f-40dc-af90-a550bac27cf1,5c601d96-e4c7-4698-991b-7ee674b11079
8-3-2026 01:57:24-debug:   Number of all scenes: 3
8-3-2026 01:57:24-debug:   Number of other assets: 486
8-3-2026 01:57:24-debug: Init bundle root assets success..., progress: 0%
8-3-2026 01:57:24-debug:   Number of all scripts: 39
8-3-2026 01:57:24-log: run build task Query asset bundle success in 10 ms√, progress: 5%
8-3-2026 01:57:24-debug: [Build Memory track]: Query asset bundle start:225.97MB, end 225.85MB, increase: -115.00KB
8-3-2026 01:57:24-debug: // ---- build task Query asset bundle ---- (10ms)
8-3-2026 01:57:24-debug: Query asset bundle start, progress: 5%
8-3-2026 01:57:24-debug: // ---- build task Query asset bundle ----
8-3-2026 01:57:24-debug: // ---- build task Query asset bundle ---- (10ms)
8-3-2026 01:57:24-log: run build task Query asset bundle success in 10 ms√, progress: 10%
8-3-2026 01:57:24-debug: [Build Memory track]: Query asset bundle start:225.88MB, end 226.02MB, increase: 139.82KB
8-3-2026 01:57:24-debug: // ---- build task Sort some build options to settings.json ----
8-3-2026 01:57:24-debug: Sort some build options to settings.json start, progress: 10%
8-3-2026 01:57:24-debug: // ---- build task Sort some build options to settings.json ---- (5ms)
8-3-2026 01:57:24-log: run build task Sort some build options to settings.json success in 5 ms√, progress: 12%
8-3-2026 01:57:24-debug: [Build Memory track]: Sort some build options to settings.json start:226.05MB, end 226.07MB, increase: 26.31KB
8-3-2026 01:57:24-debug: Fill script data to settings start, progress: 12%
8-3-2026 01:57:24-debug: // ---- build task Fill script data to settings ----
8-3-2026 01:57:24-debug: // ---- build task Fill script data to settings ---- (4ms)
8-3-2026 01:57:24-debug: Sort some build options to settings.json start, progress: 13%
8-3-2026 01:57:24-log: run build task Fill script data to settings success in 4 ms√, progress: 13%
8-3-2026 01:57:24-debug: [Build Memory track]: Fill script data to settings start:226.10MB, end 226.13MB, increase: 27.06KB
8-3-2026 01:57:24-debug: // ---- build task Sort some build options to settings.json ----
8-3-2026 01:57:24-debug: // ---- build task Sort some build options to settings.json ---- (14ms)
8-3-2026 01:57:24-log: run build task Sort some build options to settings.json success in 14 ms√, progress: 15%
8-3-2026 01:57:24-debug: [Build Memory track]: Sort some build options to settings.json start:226.15MB, end 226.28MB, increase: 126.12KB
8-3-2026 01:57:46-debug: Query all assets info in project
8-3-2026 01:57:46-debug: init custom config: keepNodeUuid: false, useCache: true
8-3-2026 01:57:46-debug: Skip compress image, progress: 0%
8-3-2026 01:57:46-debug: Query asset bundle start, progress: 0%
8-3-2026 01:57:46-debug: Init all bundles start..., progress: 0%
8-3-2026 01:57:46-debug: // ---- build task Query asset bundle ----
8-3-2026 01:57:46-debug: Num of bundles: 2..., progress: 0%
8-3-2026 01:57:46-debug: Init bundle root assets start..., progress: 0%
8-3-2026 01:57:46-debug:   Number of all scenes: 3
8-3-2026 01:57:46-debug: Query preload assets/scripts from cc.config.json: 60f7195c-ec2a-45eb-ba94-8955f60e81d0,1c02ae6f-4492-4915-b8f8-7492a3b1e4cd,810e96e4-e456-4468-9b59-f4e8f39732c0,efe8e2a3-eace-427b-b4f1-cb8a937ec77d,e9aa9a3e-5b2b-4ac7-a2c7-073de2b2b24f,8bbdbcdd-5cd4-4100-b6d5-b7c9625b6107,50f4348b-c883-4e2f-8f11-ce233b859fa1,fda095cb-831d-4601-ad94-846013963de8,f92806d7-1768-443f-afe8-12bcde84d0f0,dd3a144d-ab7f-41f0-82b8-2e43a090d496,f0416e68-0200-4b77-a926-4f9d16e494da,511d2633-09a7-4bdd-ac42-f778032124b3,5d45aa00-e064-4938-b314-4265f0c2258c,9361fd90-ba52-4f84-aa93-6e878fd576ca,970b0598-bcb0-4714-91fb-2e81440dccd8,bcd64cc6-2dd9-43f6-abbe-66318d332032,d930590d-bb92-4cc8-8bd1-23cd027f9edf,a3cd009f-0ab0-420d-9278-b9fdab939bbc,6a2d0734-bd9e-4ddf-946e-caa52498cb75,d9937e59-61fe-4ec6-92ab-7ac5a19c89b0,d1346436-ac96-4271-b863-1f4fdead95b0,971bdb23-3ff6-43eb-b422-1c30165a3663,17debcc3-0a6b-4b8a-b00b-dc58b885581e,711ebe11-f673-4cd9-9a83-63c60ba54c5b,c0143906-9aed-447e-9436-2ae8512d1b6e,14da1725-c4c2-42b4-ab08-ee0aeb6898b3,081cab31-dccd-428e-8652-f2404cc81c47,78e0584a-4343-4727-8f37-e14e65c2a2db,871c3b6c-7379-419d-bda3-794b239ab90d,ff9b0199-ce04-4cfe-86cc-6c719f08d6e4,de1c2107-70c8-4021-8459-6399f24d01c6,cbf30902-517f-40dc-af90-a550bac27cf1,5c601d96-e4c7-4698-991b-7ee674b11079
8-3-2026 01:57:46-debug: Init bundle root assets success..., progress: 0%
8-3-2026 01:57:46-debug:   Number of all scripts: 39
8-3-2026 01:57:46-debug:   Number of other assets: 486
8-3-2026 01:57:46-debug: // ---- build task Query asset bundle ---- (14ms)
8-3-2026 01:57:46-log: run build task Query asset bundle success in 14 ms√, progress: 5%
8-3-2026 01:57:46-debug: [Build Memory track]: Query asset bundle start:226.10MB, end 226.00MB, increase: -110.52KB
8-3-2026 01:57:46-debug: Query asset bundle start, progress: 5%
8-3-2026 01:57:46-debug: // ---- build task Query asset bundle ----
8-3-2026 01:57:46-debug: // ---- build task Query asset bundle ---- (7ms)
8-3-2026 01:57:46-log: run build task Query asset bundle success in 7 ms√, progress: 10%
8-3-2026 01:57:46-debug: [Build Memory track]: Query asset bundle start:226.02MB, end 226.16MB, increase: 139.25KB
8-3-2026 01:57:46-debug: Sort some build options to settings.json start, progress: 10%
8-3-2026 01:57:46-debug: // ---- build task Sort some build options to settings.json ----
8-3-2026 01:57:46-debug: // ---- build task Sort some build options to settings.json ---- (1ms)
8-3-2026 01:57:46-log: run build task Sort some build options to settings.json success in 1 ms√, progress: 12%
8-3-2026 01:57:46-debug: [Build Memory track]: Sort some build options to settings.json start:226.19MB, end 226.21MB, increase: 26.72KB
8-3-2026 01:57:46-debug: Fill script data to settings start, progress: 12%
8-3-2026 01:57:46-debug: // ---- build task Fill script data to settings ----
8-3-2026 01:57:46-debug: // ---- build task Fill script data to settings ---- (6ms)
8-3-2026 01:57:46-log: run build task Fill script data to settings success in 6 ms√, progress: 13%
8-3-2026 01:57:46-debug: [Build Memory track]: Fill script data to settings start:226.24MB, end 226.27MB, increase: 25.84KB
8-3-2026 01:57:46-debug: // ---- build task Sort some build options to settings.json ----
8-3-2026 01:57:46-debug: Sort some build options to settings.json start, progress: 13%
8-3-2026 01:57:46-debug: // ---- build task Sort some build options to settings.json ---- (18ms)
8-3-2026 01:57:46-log: run build task Sort some build options to settings.json success in 18 ms√, progress: 15%
8-3-2026 01:57:46-debug: [Build Memory track]: Sort some build options to settings.json start:226.30MB, end 226.42MB, increase: 126.84KB
8-3-2026 01:58:06-debug: Query all assets info in project
8-3-2026 01:58:07-debug: init custom config: keepNodeUuid: false, useCache: true
8-3-2026 01:58:07-debug: Skip compress image, progress: 0%
8-3-2026 01:58:07-debug: Init all bundles start..., progress: 0%
8-3-2026 01:58:07-debug: Num of bundles: 2..., progress: 0%
8-3-2026 01:58:07-debug: // ---- build task Query asset bundle ----
8-3-2026 01:58:07-debug: Query asset bundle start, progress: 0%
8-3-2026 01:58:07-debug: Init bundle root assets start..., progress: 0%
8-3-2026 01:58:07-debug: Query preload assets/scripts from cc.config.json: 60f7195c-ec2a-45eb-ba94-8955f60e81d0,1c02ae6f-4492-4915-b8f8-7492a3b1e4cd,810e96e4-e456-4468-9b59-f4e8f39732c0,efe8e2a3-eace-427b-b4f1-cb8a937ec77d,e9aa9a3e-5b2b-4ac7-a2c7-073de2b2b24f,8bbdbcdd-5cd4-4100-b6d5-b7c9625b6107,50f4348b-c883-4e2f-8f11-ce233b859fa1,fda095cb-831d-4601-ad94-846013963de8,f92806d7-1768-443f-afe8-12bcde84d0f0,dd3a144d-ab7f-41f0-82b8-2e43a090d496,f0416e68-0200-4b77-a926-4f9d16e494da,511d2633-09a7-4bdd-ac42-f778032124b3,5d45aa00-e064-4938-b314-4265f0c2258c,9361fd90-ba52-4f84-aa93-6e878fd576ca,970b0598-bcb0-4714-91fb-2e81440dccd8,bcd64cc6-2dd9-43f6-abbe-66318d332032,d930590d-bb92-4cc8-8bd1-23cd027f9edf,a3cd009f-0ab0-420d-9278-b9fdab939bbc,6a2d0734-bd9e-4ddf-946e-caa52498cb75,d9937e59-61fe-4ec6-92ab-7ac5a19c89b0,d1346436-ac96-4271-b863-1f4fdead95b0,971bdb23-3ff6-43eb-b422-1c30165a3663,17debcc3-0a6b-4b8a-b00b-dc58b885581e,711ebe11-f673-4cd9-9a83-63c60ba54c5b,c0143906-9aed-447e-9436-2ae8512d1b6e,14da1725-c4c2-42b4-ab08-ee0aeb6898b3,081cab31-dccd-428e-8652-f2404cc81c47,78e0584a-4343-4727-8f37-e14e65c2a2db,871c3b6c-7379-419d-bda3-794b239ab90d,ff9b0199-ce04-4cfe-86cc-6c719f08d6e4,de1c2107-70c8-4021-8459-6399f24d01c6,cbf30902-517f-40dc-af90-a550bac27cf1,5c601d96-e4c7-4698-991b-7ee674b11079
8-3-2026 01:58:07-debug:   Number of all scripts: 39
8-3-2026 01:58:07-debug:   Number of other assets: 486
8-3-2026 01:58:07-debug: Init bundle root assets success..., progress: 0%
8-3-2026 01:58:07-debug:   Number of all scenes: 3
8-3-2026 01:58:07-debug: // ---- build task Query asset bundle ---- (10ms)
8-3-2026 01:58:07-debug: [Build Memory track]: Query asset bundle start:226.28MB, end 226.14MB, increase: -140.99KB
8-3-2026 01:58:07-log: run build task Query asset bundle success in 10 ms√, progress: 5%
8-3-2026 01:58:07-debug: Query asset bundle start, progress: 5%
8-3-2026 01:58:07-debug: // ---- build task Query asset bundle ----
8-3-2026 01:58:07-debug: // ---- build task Query asset bundle ---- (10ms)
8-3-2026 01:58:07-log: run build task Query asset bundle success in 10 ms√, progress: 10%
8-3-2026 01:58:07-debug: [Build Memory track]: Query asset bundle start:226.17MB, end 226.30MB, increase: 139.13KB
8-3-2026 01:58:07-debug: Sort some build options to settings.json start, progress: 10%
8-3-2026 01:58:07-debug: // ---- build task Sort some build options to settings.json ----
8-3-2026 01:58:07-debug: // ---- build task Sort some build options to settings.json ---- (3ms)
8-3-2026 01:58:07-log: run build task Sort some build options to settings.json success in 3 ms√, progress: 12%
8-3-2026 01:58:07-debug: [Build Memory track]: Sort some build options to settings.json start:226.33MB, end 226.36MB, increase: 26.31KB
8-3-2026 01:58:07-debug: // ---- build task Fill script data to settings ----
8-3-2026 01:58:07-debug: Fill script data to settings start, progress: 12%
8-3-2026 01:58:07-debug: // ---- build task Fill script data to settings ---- (2ms)
8-3-2026 01:58:07-log: run build task Fill script data to settings success in 2 ms√, progress: 13%
8-3-2026 01:58:07-debug: [Build Memory track]: Fill script data to settings start:226.39MB, end 226.41MB, increase: 25.70KB
8-3-2026 01:58:07-debug: Sort some build options to settings.json start, progress: 13%
8-3-2026 01:58:07-debug: // ---- build task Sort some build options to settings.json ----
8-3-2026 01:58:07-debug: // ---- build task Sort some build options to settings.json ---- (16ms)
8-3-2026 01:58:07-log: run build task Sort some build options to settings.json success in 16 ms√, progress: 15%
8-3-2026 01:58:07-debug: [Build Memory track]: Sort some build options to settings.json start:226.44MB, end 226.56MB, increase: 126.17KB
8-3-2026 01:58:29-debug: Query all assets info in project
8-3-2026 01:58:29-debug: init custom config: keepNodeUuid: false, useCache: true
8-3-2026 01:58:29-debug: Skip compress image, progress: 0%
8-3-2026 01:58:29-debug: Init all bundles start..., progress: 0%
8-3-2026 01:58:29-debug: // ---- build task Query asset bundle ----
8-3-2026 01:58:29-debug: Query asset bundle start, progress: 0%
8-3-2026 01:58:29-debug: Num of bundles: 2..., progress: 0%
8-3-2026 01:58:29-debug: Init bundle root assets start..., progress: 0%
8-3-2026 01:58:29-debug: Query preload assets/scripts from cc.config.json: 60f7195c-ec2a-45eb-ba94-8955f60e81d0,1c02ae6f-4492-4915-b8f8-7492a3b1e4cd,810e96e4-e456-4468-9b59-f4e8f39732c0,efe8e2a3-eace-427b-b4f1-cb8a937ec77d,e9aa9a3e-5b2b-4ac7-a2c7-073de2b2b24f,8bbdbcdd-5cd4-4100-b6d5-b7c9625b6107,50f4348b-c883-4e2f-8f11-ce233b859fa1,fda095cb-831d-4601-ad94-846013963de8,f92806d7-1768-443f-afe8-12bcde84d0f0,dd3a144d-ab7f-41f0-82b8-2e43a090d496,f0416e68-0200-4b77-a926-4f9d16e494da,511d2633-09a7-4bdd-ac42-f778032124b3,5d45aa00-e064-4938-b314-4265f0c2258c,9361fd90-ba52-4f84-aa93-6e878fd576ca,970b0598-bcb0-4714-91fb-2e81440dccd8,bcd64cc6-2dd9-43f6-abbe-66318d332032,d930590d-bb92-4cc8-8bd1-23cd027f9edf,a3cd009f-0ab0-420d-9278-b9fdab939bbc,6a2d0734-bd9e-4ddf-946e-caa52498cb75,d9937e59-61fe-4ec6-92ab-7ac5a19c89b0,d1346436-ac96-4271-b863-1f4fdead95b0,971bdb23-3ff6-43eb-b422-1c30165a3663,17debcc3-0a6b-4b8a-b00b-dc58b885581e,711ebe11-f673-4cd9-9a83-63c60ba54c5b,c0143906-9aed-447e-9436-2ae8512d1b6e,14da1725-c4c2-42b4-ab08-ee0aeb6898b3,081cab31-dccd-428e-8652-f2404cc81c47,78e0584a-4343-4727-8f37-e14e65c2a2db,871c3b6c-7379-419d-bda3-794b239ab90d,ff9b0199-ce04-4cfe-86cc-6c719f08d6e4,de1c2107-70c8-4021-8459-6399f24d01c6,cbf30902-517f-40dc-af90-a550bac27cf1,5c601d96-e4c7-4698-991b-7ee674b11079
8-3-2026 01:58:29-debug:   Number of all scenes: 3
8-3-2026 01:58:29-debug:   Number of all scripts: 39
8-3-2026 01:58:29-debug: Init bundle root assets success..., progress: 0%
8-3-2026 01:58:29-debug:   Number of other assets: 486
8-3-2026 01:58:29-debug: // ---- build task Query asset bundle ---- (12ms)
8-3-2026 01:58:29-debug: [Build Memory track]: Query asset bundle start:226.42MB, end 226.29MB, increase: -137.33KB
8-3-2026 01:58:29-log: run build task Query asset bundle success in 12 ms√, progress: 5%
8-3-2026 01:58:29-debug: // ---- build task Query asset bundle ----
8-3-2026 01:58:29-debug: Query asset bundle start, progress: 5%
8-3-2026 01:58:29-debug: // ---- build task Query asset bundle ---- (6ms)
8-3-2026 01:58:29-log: run build task Query asset bundle success in 6 ms√, progress: 10%
8-3-2026 01:58:29-debug: [Build Memory track]: Query asset bundle start:226.31MB, end 226.45MB, increase: 139.73KB
8-3-2026 01:58:29-debug: Sort some build options to settings.json start, progress: 10%
8-3-2026 01:58:29-debug: // ---- build task Sort some build options to settings.json ----
8-3-2026 01:58:29-debug: // ---- build task Sort some build options to settings.json ---- (1ms)
8-3-2026 01:58:29-log: run build task Sort some build options to settings.json success in 1 ms√, progress: 12%
8-3-2026 01:58:29-debug: [Build Memory track]: Sort some build options to settings.json start:226.48MB, end 226.51MB, increase: 26.98KB
8-3-2026 01:58:29-debug: Fill script data to settings start, progress: 12%
8-3-2026 01:58:29-debug: // ---- build task Fill script data to settings ----
8-3-2026 01:58:29-debug: // ---- build task Fill script data to settings ---- (4ms)
8-3-2026 01:58:29-log: run build task Fill script data to settings success in 4 ms√, progress: 13%
8-3-2026 01:58:29-debug: [Build Memory track]: Fill script data to settings start:226.53MB, end 226.56MB, increase: 26.37KB
8-3-2026 01:58:29-debug: Sort some build options to settings.json start, progress: 13%
8-3-2026 01:58:29-debug: // ---- build task Sort some build options to settings.json ----
8-3-2026 01:58:29-debug: // ---- build task Sort some build options to settings.json ---- (16ms)
8-3-2026 01:58:29-log: run build task Sort some build options to settings.json success in 16 ms√, progress: 15%
8-3-2026 01:58:29-debug: [Build Memory track]: Sort some build options to settings.json start:226.59MB, end 226.71MB, increase: 126.79KB
8-3-2026 01:58:54-debug: Query all assets info in project
8-3-2026 01:58:54-debug: init custom config: keepNodeUuid: false, useCache: true
8-3-2026 01:58:54-debug: Skip compress image, progress: 0%
8-3-2026 01:58:54-debug: Init all bundles start..., progress: 0%
8-3-2026 01:58:54-debug: Num of bundles: 2..., progress: 0%
8-3-2026 01:58:54-debug: // ---- build task Query asset bundle ----
8-3-2026 01:58:54-debug: Init bundle root assets start..., progress: 0%
8-3-2026 01:58:54-debug: Query asset bundle start, progress: 0%
8-3-2026 01:58:54-debug: Query preload assets/scripts from cc.config.json: 60f7195c-ec2a-45eb-ba94-8955f60e81d0,1c02ae6f-4492-4915-b8f8-7492a3b1e4cd,810e96e4-e456-4468-9b59-f4e8f39732c0,efe8e2a3-eace-427b-b4f1-cb8a937ec77d,e9aa9a3e-5b2b-4ac7-a2c7-073de2b2b24f,8bbdbcdd-5cd4-4100-b6d5-b7c9625b6107,50f4348b-c883-4e2f-8f11-ce233b859fa1,fda095cb-831d-4601-ad94-846013963de8,f92806d7-1768-443f-afe8-12bcde84d0f0,dd3a144d-ab7f-41f0-82b8-2e43a090d496,f0416e68-0200-4b77-a926-4f9d16e494da,511d2633-09a7-4bdd-ac42-f778032124b3,5d45aa00-e064-4938-b314-4265f0c2258c,9361fd90-ba52-4f84-aa93-6e878fd576ca,970b0598-bcb0-4714-91fb-2e81440dccd8,bcd64cc6-2dd9-43f6-abbe-66318d332032,d930590d-bb92-4cc8-8bd1-23cd027f9edf,a3cd009f-0ab0-420d-9278-b9fdab939bbc,6a2d0734-bd9e-4ddf-946e-caa52498cb75,d9937e59-61fe-4ec6-92ab-7ac5a19c89b0,d1346436-ac96-4271-b863-1f4fdead95b0,971bdb23-3ff6-43eb-b422-1c30165a3663,17debcc3-0a6b-4b8a-b00b-dc58b885581e,711ebe11-f673-4cd9-9a83-63c60ba54c5b,c0143906-9aed-447e-9436-2ae8512d1b6e,14da1725-c4c2-42b4-ab08-ee0aeb6898b3,081cab31-dccd-428e-8652-f2404cc81c47,78e0584a-4343-4727-8f37-e14e65c2a2db,871c3b6c-7379-419d-bda3-794b239ab90d,ff9b0199-ce04-4cfe-86cc-6c719f08d6e4,de1c2107-70c8-4021-8459-6399f24d01c6,cbf30902-517f-40dc-af90-a550bac27cf1,5c601d96-e4c7-4698-991b-7ee674b11079
8-3-2026 01:58:54-debug:   Number of other assets: 486
8-3-2026 01:58:54-debug: Init bundle root assets success..., progress: 0%
8-3-2026 01:58:54-debug:   Number of all scripts: 39
8-3-2026 01:58:54-debug:   Number of all scenes: 3
8-3-2026 01:58:54-debug: // ---- build task Query asset bundle ---- (12ms)
8-3-2026 01:58:54-debug: [Build Memory track]: Query asset bundle start:226.57MB, end 226.42MB, increase: -146.16KB
8-3-2026 01:58:54-log: run build task Query asset bundle success in 12 ms√, progress: 5%
8-3-2026 01:58:54-debug: Query asset bundle start, progress: 5%
8-3-2026 01:58:54-debug: // ---- build task Query asset bundle ----
8-3-2026 01:58:54-debug: // ---- build task Query asset bundle ---- (9ms)
8-3-2026 01:58:54-log: run build task Query asset bundle success in 9 ms√, progress: 10%
8-3-2026 01:58:54-debug: [Build Memory track]: Query asset bundle start:226.45MB, end 226.59MB, increase: 139.95KB
8-3-2026 01:58:54-debug: Sort some build options to settings.json start, progress: 10%
8-3-2026 01:58:54-debug: // ---- build task Sort some build options to settings.json ----
8-3-2026 01:58:54-debug: // ---- build task Sort some build options to settings.json ---- (4ms)
8-3-2026 01:58:54-debug: [Build Memory track]: Sort some build options to settings.json start:226.62MB, end 226.64MB, increase: 27.06KB
8-3-2026 01:58:54-debug: Fill script data to settings start, progress: 12%
8-3-2026 01:58:54-log: run build task Sort some build options to settings.json success in 4 ms√, progress: 12%
8-3-2026 01:58:54-debug: // ---- build task Fill script data to settings ----
8-3-2026 01:58:54-debug: // ---- build task Fill script data to settings ---- (3ms)
8-3-2026 01:58:54-log: run build task Fill script data to settings success in 3 ms√, progress: 13%
8-3-2026 01:58:54-debug: [Build Memory track]: Fill script data to settings start:226.67MB, end 226.70MB, increase: 26.32KB
8-3-2026 01:58:54-debug: Sort some build options to settings.json start, progress: 13%
8-3-2026 01:58:54-debug: // ---- build task Sort some build options to settings.json ----
8-3-2026 01:58:54-debug: // ---- build task Sort some build options to settings.json ---- (14ms)
8-3-2026 01:58:54-log: run build task Sort some build options to settings.json success in 14 ms√, progress: 15%
8-3-2026 01:58:54-debug: [Build Memory track]: Sort some build options to settings.json start:226.73MB, end 226.85MB, increase: 127.95KB
8-3-2026 01:59:03-debug: Query all assets info in project
8-3-2026 01:59:03-debug: init custom config: keepNodeUuid: false, useCache: true
8-3-2026 01:59:03-debug: Skip compress image, progress: 0%
8-3-2026 01:59:03-debug: Init all bundles start..., progress: 0%
8-3-2026 01:59:03-debug: Query asset bundle start, progress: 0%
8-3-2026 01:59:03-debug: Num of bundles: 2..., progress: 0%
8-3-2026 01:59:03-debug: Init bundle root assets start..., progress: 0%
8-3-2026 01:59:03-debug: // ---- build task Query asset bundle ----
8-3-2026 01:59:03-debug: Query preload assets/scripts from cc.config.json: 60f7195c-ec2a-45eb-ba94-8955f60e81d0,1c02ae6f-4492-4915-b8f8-7492a3b1e4cd,810e96e4-e456-4468-9b59-f4e8f39732c0,efe8e2a3-eace-427b-b4f1-cb8a937ec77d,e9aa9a3e-5b2b-4ac7-a2c7-073de2b2b24f,8bbdbcdd-5cd4-4100-b6d5-b7c9625b6107,50f4348b-c883-4e2f-8f11-ce233b859fa1,fda095cb-831d-4601-ad94-846013963de8,f92806d7-1768-443f-afe8-12bcde84d0f0,dd3a144d-ab7f-41f0-82b8-2e43a090d496,f0416e68-0200-4b77-a926-4f9d16e494da,511d2633-09a7-4bdd-ac42-f778032124b3,5d45aa00-e064-4938-b314-4265f0c2258c,9361fd90-ba52-4f84-aa93-6e878fd576ca,970b0598-bcb0-4714-91fb-2e81440dccd8,bcd64cc6-2dd9-43f6-abbe-66318d332032,d930590d-bb92-4cc8-8bd1-23cd027f9edf,a3cd009f-0ab0-420d-9278-b9fdab939bbc,6a2d0734-bd9e-4ddf-946e-caa52498cb75,d9937e59-61fe-4ec6-92ab-7ac5a19c89b0,d1346436-ac96-4271-b863-1f4fdead95b0,971bdb23-3ff6-43eb-b422-1c30165a3663,17debcc3-0a6b-4b8a-b00b-dc58b885581e,711ebe11-f673-4cd9-9a83-63c60ba54c5b,c0143906-9aed-447e-9436-2ae8512d1b6e,14da1725-c4c2-42b4-ab08-ee0aeb6898b3,081cab31-dccd-428e-8652-f2404cc81c47,78e0584a-4343-4727-8f37-e14e65c2a2db,871c3b6c-7379-419d-bda3-794b239ab90d,ff9b0199-ce04-4cfe-86cc-6c719f08d6e4,de1c2107-70c8-4021-8459-6399f24d01c6,cbf30902-517f-40dc-af90-a550bac27cf1,5c601d96-e4c7-4698-991b-7ee674b11079
8-3-2026 01:59:03-debug:   Number of other assets: 486
8-3-2026 01:59:03-debug:   Number of all scripts: 39
8-3-2026 01:59:03-debug: Init bundle root assets success..., progress: 0%
8-3-2026 01:59:03-debug:   Number of all scenes: 3
8-3-2026 01:59:03-debug: // ---- build task Query asset bundle ---- (10ms)
8-3-2026 01:59:03-log: run build task Query asset bundle success in 10 ms√, progress: 5%
8-3-2026 01:59:03-debug: [Build Memory track]: Query asset bundle start:226.68MB, end 226.57MB, increase: -108.50KB
8-3-2026 01:59:03-debug: Query asset bundle start, progress: 5%
8-3-2026 01:59:03-debug: // ---- build task Query asset bundle ----
8-3-2026 01:59:03-debug: // ---- build task Query asset bundle ---- (5ms)
8-3-2026 01:59:03-log: run build task Query asset bundle success in 5 ms√, progress: 10%
8-3-2026 01:59:03-debug: [Build Memory track]: Query asset bundle start:226.60MB, end 226.74MB, increase: 139.75KB
8-3-2026 01:59:03-debug: Sort some build options to settings.json start, progress: 10%
8-3-2026 01:59:03-debug: // ---- build task Sort some build options to settings.json ----
8-3-2026 01:59:03-log: run build task Sort some build options to settings.json success in 5 ms√, progress: 12%
8-3-2026 01:59:03-debug: Fill script data to settings start, progress: 12%
8-3-2026 01:59:03-debug: [Build Memory track]: Sort some build options to settings.json start:226.77MB, end 226.79MB, increase: 26.98KB
8-3-2026 01:59:03-debug: // ---- build task Sort some build options to settings.json ---- (5ms)
8-3-2026 01:59:03-debug: // ---- build task Fill script data to settings ----
8-3-2026 01:59:03-debug: // ---- build task Fill script data to settings ---- (4ms)
8-3-2026 01:59:03-log: run build task Fill script data to settings success in 4 ms√, progress: 13%
8-3-2026 01:59:03-debug: [Build Memory track]: Fill script data to settings start:226.82MB, end 226.85MB, increase: 26.64KB
8-3-2026 01:59:03-debug: Sort some build options to settings.json start, progress: 13%
8-3-2026 01:59:03-debug: // ---- build task Sort some build options to settings.json ----
8-3-2026 01:59:03-debug: // ---- build task Sort some build options to settings.json ---- (12ms)
8-3-2026 01:59:03-debug: [Build Memory track]: Sort some build options to settings.json start:226.88MB, end 227.00MB, increase: 126.96KB
8-3-2026 01:59:03-log: run build task Sort some build options to settings.json success in 12 ms√, progress: 15%
8-3-2026 01:59:15-debug: Query all assets info in project
8-3-2026 01:59:15-debug: init custom config: keepNodeUuid: false, useCache: true
8-3-2026 01:59:15-debug: Skip compress image, progress: 0%
8-3-2026 01:59:15-debug: Init all bundles start..., progress: 0%
8-3-2026 01:59:15-debug: Query asset bundle start, progress: 0%
8-3-2026 01:59:15-debug: // ---- build task Query asset bundle ----
8-3-2026 01:59:15-debug: Init bundle root assets start..., progress: 0%
8-3-2026 01:59:15-debug: Num of bundles: 2..., progress: 0%
8-3-2026 01:59:15-debug: Query preload assets/scripts from cc.config.json: 60f7195c-ec2a-45eb-ba94-8955f60e81d0,1c02ae6f-4492-4915-b8f8-7492a3b1e4cd,810e96e4-e456-4468-9b59-f4e8f39732c0,efe8e2a3-eace-427b-b4f1-cb8a937ec77d,e9aa9a3e-5b2b-4ac7-a2c7-073de2b2b24f,8bbdbcdd-5cd4-4100-b6d5-b7c9625b6107,50f4348b-c883-4e2f-8f11-ce233b859fa1,fda095cb-831d-4601-ad94-846013963de8,f92806d7-1768-443f-afe8-12bcde84d0f0,dd3a144d-ab7f-41f0-82b8-2e43a090d496,f0416e68-0200-4b77-a926-4f9d16e494da,511d2633-09a7-4bdd-ac42-f778032124b3,5d45aa00-e064-4938-b314-4265f0c2258c,9361fd90-ba52-4f84-aa93-6e878fd576ca,970b0598-bcb0-4714-91fb-2e81440dccd8,bcd64cc6-2dd9-43f6-abbe-66318d332032,d930590d-bb92-4cc8-8bd1-23cd027f9edf,a3cd009f-0ab0-420d-9278-b9fdab939bbc,6a2d0734-bd9e-4ddf-946e-caa52498cb75,d9937e59-61fe-4ec6-92ab-7ac5a19c89b0,d1346436-ac96-4271-b863-1f4fdead95b0,971bdb23-3ff6-43eb-b422-1c30165a3663,17debcc3-0a6b-4b8a-b00b-dc58b885581e,711ebe11-f673-4cd9-9a83-63c60ba54c5b,c0143906-9aed-447e-9436-2ae8512d1b6e,14da1725-c4c2-42b4-ab08-ee0aeb6898b3,081cab31-dccd-428e-8652-f2404cc81c47,78e0584a-4343-4727-8f37-e14e65c2a2db,871c3b6c-7379-419d-bda3-794b239ab90d,ff9b0199-ce04-4cfe-86cc-6c719f08d6e4,de1c2107-70c8-4021-8459-6399f24d01c6,cbf30902-517f-40dc-af90-a550bac27cf1,5c601d96-e4c7-4698-991b-7ee674b11079
8-3-2026 01:59:15-debug:   Number of all scenes: 3
8-3-2026 01:59:15-debug:   Number of all scripts: 39
8-3-2026 01:59:15-debug: Init bundle root assets success..., progress: 0%
8-3-2026 01:59:15-debug:   Number of other assets: 486
8-3-2026 01:59:15-debug: // ---- build task Query asset bundle ---- (12ms)
8-3-2026 01:59:15-debug: [Build Memory track]: Query asset bundle start:227.46MB, end 227.30MB, increase: -159.67KB
8-3-2026 01:59:15-log: run build task Query asset bundle success in 12 ms√, progress: 5%
8-3-2026 01:59:15-debug: Query asset bundle start, progress: 5%
8-3-2026 01:59:15-debug: // ---- build task Query asset bundle ----
8-3-2026 01:59:15-debug: // ---- build task Query asset bundle ---- (6ms)
8-3-2026 01:59:15-log: run build task Query asset bundle success in 6 ms√, progress: 10%
8-3-2026 01:59:15-debug: [Build Memory track]: Query asset bundle start:227.33MB, end 226.68MB, increase: -662.10KB
8-3-2026 01:59:15-debug: Sort some build options to settings.json start, progress: 10%
8-3-2026 01:59:15-debug: // ---- build task Sort some build options to settings.json ----
8-3-2026 01:59:15-debug: // ---- build task Sort some build options to settings.json ---- (2ms)
8-3-2026 01:59:15-log: run build task Sort some build options to settings.json success in 2 ms√, progress: 12%
8-3-2026 01:59:15-debug: [Build Memory track]: Sort some build options to settings.json start:226.71MB, end 226.74MB, increase: 26.98KB
8-3-2026 01:59:15-debug: // ---- build task Fill script data to settings ----
8-3-2026 01:59:15-debug: Fill script data to settings start, progress: 12%
8-3-2026 01:59:15-debug: // ---- build task Fill script data to settings ---- (5ms)
8-3-2026 01:59:15-log: run build task Fill script data to settings success in 5 ms√, progress: 13%
8-3-2026 01:59:15-debug: [Build Memory track]: Fill script data to settings start:226.77MB, end 226.79MB, increase: 26.34KB
8-3-2026 01:59:15-debug: Sort some build options to settings.json start, progress: 13%
8-3-2026 01:59:15-debug: // ---- build task Sort some build options to settings.json ----
8-3-2026 01:59:15-debug: // ---- build task Sort some build options to settings.json ---- (13ms)
8-3-2026 01:59:15-debug: [Build Memory track]: Sort some build options to settings.json start:226.82MB, end 226.95MB, increase: 128.74KB
8-3-2026 01:59:15-log: run build task Sort some build options to settings.json success in 13 ms√, progress: 15%
8-3-2026 01:59:39-debug: Query all assets info in project
8-3-2026 01:59:39-debug: init custom config: keepNodeUuid: false, useCache: true
8-3-2026 01:59:39-debug: Skip compress image, progress: 0%
8-3-2026 01:59:39-debug: Init all bundles start..., progress: 0%
8-3-2026 01:59:39-debug: Query asset bundle start, progress: 0%
8-3-2026 01:59:39-debug: // ---- build task Query asset bundle ----
8-3-2026 01:59:39-debug: Init bundle root assets start..., progress: 0%
8-3-2026 01:59:39-debug: Num of bundles: 2..., progress: 0%
8-3-2026 01:59:39-debug: Query preload assets/scripts from cc.config.json: 60f7195c-ec2a-45eb-ba94-8955f60e81d0,1c02ae6f-4492-4915-b8f8-7492a3b1e4cd,810e96e4-e456-4468-9b59-f4e8f39732c0,efe8e2a3-eace-427b-b4f1-cb8a937ec77d,e9aa9a3e-5b2b-4ac7-a2c7-073de2b2b24f,8bbdbcdd-5cd4-4100-b6d5-b7c9625b6107,50f4348b-c883-4e2f-8f11-ce233b859fa1,fda095cb-831d-4601-ad94-846013963de8,f92806d7-1768-443f-afe8-12bcde84d0f0,dd3a144d-ab7f-41f0-82b8-2e43a090d496,f0416e68-0200-4b77-a926-4f9d16e494da,511d2633-09a7-4bdd-ac42-f778032124b3,5d45aa00-e064-4938-b314-4265f0c2258c,9361fd90-ba52-4f84-aa93-6e878fd576ca,970b0598-bcb0-4714-91fb-2e81440dccd8,bcd64cc6-2dd9-43f6-abbe-66318d332032,d930590d-bb92-4cc8-8bd1-23cd027f9edf,a3cd009f-0ab0-420d-9278-b9fdab939bbc,6a2d0734-bd9e-4ddf-946e-caa52498cb75,d9937e59-61fe-4ec6-92ab-7ac5a19c89b0,d1346436-ac96-4271-b863-1f4fdead95b0,971bdb23-3ff6-43eb-b422-1c30165a3663,17debcc3-0a6b-4b8a-b00b-dc58b885581e,711ebe11-f673-4cd9-9a83-63c60ba54c5b,c0143906-9aed-447e-9436-2ae8512d1b6e,14da1725-c4c2-42b4-ab08-ee0aeb6898b3,081cab31-dccd-428e-8652-f2404cc81c47,78e0584a-4343-4727-8f37-e14e65c2a2db,871c3b6c-7379-419d-bda3-794b239ab90d,ff9b0199-ce04-4cfe-86cc-6c719f08d6e4,de1c2107-70c8-4021-8459-6399f24d01c6,cbf30902-517f-40dc-af90-a550bac27cf1,5c601d96-e4c7-4698-991b-7ee674b11079
8-3-2026 01:59:39-debug:   Number of all scenes: 3
8-3-2026 01:59:39-debug:   Number of all scripts: 39
8-3-2026 01:59:39-debug:   Number of other assets: 486
8-3-2026 01:59:39-debug: Init bundle root assets success..., progress: 0%
8-3-2026 01:59:39-debug: // ---- build task Query asset bundle ---- (13ms)
8-3-2026 01:59:39-log: run build task Query asset bundle success in 13 ms√, progress: 5%
8-3-2026 01:59:39-debug: [Build Memory track]: Query asset bundle start:227.52MB, end 227.46MB, increase: -68.48KB
8-3-2026 01:59:39-debug: Query asset bundle start, progress: 5%
8-3-2026 01:59:39-debug: // ---- build task Query asset bundle ----
8-3-2026 01:59:39-log: run build task Query asset bundle success in 11 ms√, progress: 10%
8-3-2026 01:59:39-debug: [Build Memory track]: Query asset bundle start:227.49MB, end 226.82MB, increase: -685.98KB
8-3-2026 01:59:39-debug: Sort some build options to settings.json start, progress: 10%
8-3-2026 01:59:39-debug: // ---- build task Query asset bundle ---- (11ms)
8-3-2026 01:59:39-debug: // ---- build task Sort some build options to settings.json ----
8-3-2026 01:59:39-debug: // ---- build task Sort some build options to settings.json ---- (3ms)
8-3-2026 01:59:39-log: run build task Sort some build options to settings.json success in 3 ms√, progress: 12%
8-3-2026 01:59:39-debug: [Build Memory track]: Sort some build options to settings.json start:226.84MB, end 226.87MB, increase: 26.96KB
8-3-2026 01:59:39-debug: Fill script data to settings start, progress: 12%
8-3-2026 01:59:39-debug: // ---- build task Fill script data to settings ----
8-3-2026 01:59:39-log: run build task Fill script data to settings success in 2 ms√, progress: 13%
8-3-2026 01:59:39-debug: [Build Memory track]: Fill script data to settings start:226.90MB, end 226.92MB, increase: 26.34KB
8-3-2026 01:59:39-debug: // ---- build task Sort some build options to settings.json ----
8-3-2026 01:59:39-debug: Sort some build options to settings.json start, progress: 13%
8-3-2026 01:59:39-debug: // ---- build task Fill script data to settings ---- (2ms)
8-3-2026 01:59:39-debug: // ---- build task Sort some build options to settings.json ---- (14ms)
8-3-2026 01:59:39-log: run build task Sort some build options to settings.json success in 14 ms√, progress: 15%
8-3-2026 01:59:39-debug: [Build Memory track]: Sort some build options to settings.json start:226.95MB, end 227.08MB, increase: 132.50KB
8-3-2026 02:00:43-debug: Query all assets info in project
8-3-2026 02:00:43-debug: init custom config: keepNodeUuid: false, useCache: true
8-3-2026 02:00:43-debug: Skip compress image, progress: 0%
8-3-2026 02:00:43-debug: Init all bundles start..., progress: 0%
8-3-2026 02:00:43-debug: Query asset bundle start, progress: 0%
8-3-2026 02:00:43-debug: // ---- build task Query asset bundle ----
8-3-2026 02:00:43-debug: Num of bundles: 2..., progress: 0%
8-3-2026 02:00:43-debug: Init bundle root assets start..., progress: 0%
8-3-2026 02:00:43-debug: Query preload assets/scripts from cc.config.json: 60f7195c-ec2a-45eb-ba94-8955f60e81d0,1c02ae6f-4492-4915-b8f8-7492a3b1e4cd,810e96e4-e456-4468-9b59-f4e8f39732c0,efe8e2a3-eace-427b-b4f1-cb8a937ec77d,e9aa9a3e-5b2b-4ac7-a2c7-073de2b2b24f,8bbdbcdd-5cd4-4100-b6d5-b7c9625b6107,50f4348b-c883-4e2f-8f11-ce233b859fa1,fda095cb-831d-4601-ad94-846013963de8,f92806d7-1768-443f-afe8-12bcde84d0f0,dd3a144d-ab7f-41f0-82b8-2e43a090d496,f0416e68-0200-4b77-a926-4f9d16e494da,511d2633-09a7-4bdd-ac42-f778032124b3,5d45aa00-e064-4938-b314-4265f0c2258c,9361fd90-ba52-4f84-aa93-6e878fd576ca,970b0598-bcb0-4714-91fb-2e81440dccd8,bcd64cc6-2dd9-43f6-abbe-66318d332032,d930590d-bb92-4cc8-8bd1-23cd027f9edf,a3cd009f-0ab0-420d-9278-b9fdab939bbc,6a2d0734-bd9e-4ddf-946e-caa52498cb75,d9937e59-61fe-4ec6-92ab-7ac5a19c89b0,d1346436-ac96-4271-b863-1f4fdead95b0,971bdb23-3ff6-43eb-b422-1c30165a3663,17debcc3-0a6b-4b8a-b00b-dc58b885581e,711ebe11-f673-4cd9-9a83-63c60ba54c5b,c0143906-9aed-447e-9436-2ae8512d1b6e,14da1725-c4c2-42b4-ab08-ee0aeb6898b3,081cab31-dccd-428e-8652-f2404cc81c47,78e0584a-4343-4727-8f37-e14e65c2a2db,871c3b6c-7379-419d-bda3-794b239ab90d,ff9b0199-ce04-4cfe-86cc-6c719f08d6e4,de1c2107-70c8-4021-8459-6399f24d01c6,cbf30902-517f-40dc-af90-a550bac27cf1,5c601d96-e4c7-4698-991b-7ee674b11079
8-3-2026 02:00:43-debug:   Number of all scenes: 3
8-3-2026 02:00:43-debug:   Number of all scripts: 39
8-3-2026 02:00:43-debug:   Number of other assets: 486
8-3-2026 02:00:43-debug: Init bundle root assets success..., progress: 0%
8-3-2026 02:00:43-debug: // ---- build task Query asset bundle ---- (12ms)
8-3-2026 02:00:43-debug: [Build Memory track]: Query asset bundle start:227.65MB, end 227.60MB, increase: -55.09KB
8-3-2026 02:00:43-log: run build task Query asset bundle success in 12 ms√, progress: 5%
8-3-2026 02:00:43-debug: Query asset bundle start, progress: 5%
8-3-2026 02:00:43-debug: // ---- build task Query asset bundle ----
8-3-2026 02:00:43-debug: // ---- build task Query asset bundle ---- (9ms)
8-3-2026 02:00:43-debug: [Build Memory track]: Query asset bundle start:227.63MB, end 226.95MB, increase: -693.25KB
8-3-2026 02:00:43-debug: Sort some build options to settings.json start, progress: 10%
8-3-2026 02:00:43-log: run build task Query asset bundle success in 9 ms√, progress: 10%
8-3-2026 02:00:43-debug: // ---- build task Sort some build options to settings.json ----
8-3-2026 02:00:43-debug: // ---- build task Sort some build options to settings.json ---- (5ms)
8-3-2026 02:00:43-debug: [Build Memory track]: Sort some build options to settings.json start:226.98MB, end 227.00MB, increase: 27.04KB
8-3-2026 02:00:43-log: run build task Sort some build options to settings.json success in 5 ms√, progress: 12%
8-3-2026 02:00:43-debug: Fill script data to settings start, progress: 12%
8-3-2026 02:00:43-debug: // ---- build task Fill script data to settings ----
8-3-2026 02:00:43-debug: // ---- build task Fill script data to settings ---- (1ms)
8-3-2026 02:00:43-log: run build task Fill script data to settings success in 1 ms√, progress: 13%
8-3-2026 02:00:43-debug: [Build Memory track]: Fill script data to settings start:227.03MB, end 227.06MB, increase: 26.37KB
8-3-2026 02:00:43-debug: Sort some build options to settings.json start, progress: 13%
8-3-2026 02:00:43-debug: // ---- build task Sort some build options to settings.json ----
8-3-2026 02:00:43-log: run build task Sort some build options to settings.json success in 18 ms√, progress: 15%
8-3-2026 02:00:43-debug: // ---- build task Sort some build options to settings.json ---- (18ms)
8-3-2026 02:00:43-debug: [Build Memory track]: Sort some build options to settings.json start:227.09MB, end 227.22MB, increase: 137.07KB
8-3-2026 02:01:35-debug: Query all assets info in project
8-3-2026 02:01:35-debug: init custom config: keepNodeUuid: false, useCache: true
8-3-2026 02:01:35-debug: Skip compress image, progress: 0%
8-3-2026 02:01:35-debug: Init all bundles start..., progress: 0%
8-3-2026 02:01:35-debug: Num of bundles: 2..., progress: 0%
8-3-2026 02:01:35-debug: // ---- build task Query asset bundle ----
8-3-2026 02:01:35-debug: Query asset bundle start, progress: 0%
8-3-2026 02:01:35-debug: Init bundle root assets start..., progress: 0%
8-3-2026 02:01:35-debug: Query preload assets/scripts from cc.config.json: 60f7195c-ec2a-45eb-ba94-8955f60e81d0,1c02ae6f-4492-4915-b8f8-7492a3b1e4cd,810e96e4-e456-4468-9b59-f4e8f39732c0,efe8e2a3-eace-427b-b4f1-cb8a937ec77d,e9aa9a3e-5b2b-4ac7-a2c7-073de2b2b24f,8bbdbcdd-5cd4-4100-b6d5-b7c9625b6107,50f4348b-c883-4e2f-8f11-ce233b859fa1,fda095cb-831d-4601-ad94-846013963de8,f92806d7-1768-443f-afe8-12bcde84d0f0,dd3a144d-ab7f-41f0-82b8-2e43a090d496,f0416e68-0200-4b77-a926-4f9d16e494da,511d2633-09a7-4bdd-ac42-f778032124b3,5d45aa00-e064-4938-b314-4265f0c2258c,9361fd90-ba52-4f84-aa93-6e878fd576ca,970b0598-bcb0-4714-91fb-2e81440dccd8,bcd64cc6-2dd9-43f6-abbe-66318d332032,d930590d-bb92-4cc8-8bd1-23cd027f9edf,a3cd009f-0ab0-420d-9278-b9fdab939bbc,6a2d0734-bd9e-4ddf-946e-caa52498cb75,d9937e59-61fe-4ec6-92ab-7ac5a19c89b0,d1346436-ac96-4271-b863-1f4fdead95b0,971bdb23-3ff6-43eb-b422-1c30165a3663,17debcc3-0a6b-4b8a-b00b-dc58b885581e,711ebe11-f673-4cd9-9a83-63c60ba54c5b,c0143906-9aed-447e-9436-2ae8512d1b6e,14da1725-c4c2-42b4-ab08-ee0aeb6898b3,081cab31-dccd-428e-8652-f2404cc81c47,78e0584a-4343-4727-8f37-e14e65c2a2db,871c3b6c-7379-419d-bda3-794b239ab90d,ff9b0199-ce04-4cfe-86cc-6c719f08d6e4,de1c2107-70c8-4021-8459-6399f24d01c6,cbf30902-517f-40dc-af90-a550bac27cf1,5c601d96-e4c7-4698-991b-7ee674b11079
8-3-2026 02:01:35-debug:   Number of all scenes: 3
8-3-2026 02:01:35-debug:   Number of all scripts: 39
8-3-2026 02:01:35-debug:   Number of other assets: 486
8-3-2026 02:01:35-debug: Init bundle root assets success..., progress: 0%
8-3-2026 02:01:35-debug: // ---- build task Query asset bundle ---- (14ms)
8-3-2026 02:01:35-log: run build task Query asset bundle success in 14 ms√, progress: 5%
8-3-2026 02:01:35-debug: [Build Memory track]: Query asset bundle start:227.84MB, end 227.78MB, increase: -60.27KB
8-3-2026 02:01:35-debug: Query asset bundle start, progress: 5%
8-3-2026 02:01:35-debug: // ---- build task Query asset bundle ----
8-3-2026 02:01:35-debug: // ---- build task Query asset bundle ---- (9ms)
8-3-2026 02:01:35-log: run build task Query asset bundle success in 9 ms√, progress: 10%
8-3-2026 02:01:35-debug: [Build Memory track]: Query asset bundle start:227.81MB, end 227.14MB, increase: -686.46KB
8-3-2026 02:01:35-debug: Sort some build options to settings.json start, progress: 10%
8-3-2026 02:01:35-debug: // ---- build task Sort some build options to settings.json ----
8-3-2026 02:01:35-debug: // ---- build task Sort some build options to settings.json ---- (2ms)
8-3-2026 02:01:35-log: run build task Sort some build options to settings.json success in 2 ms√, progress: 12%
8-3-2026 02:01:35-debug: [Build Memory track]: Sort some build options to settings.json start:227.17MB, end 227.19MB, increase: 27.04KB
8-3-2026 02:01:35-debug: Fill script data to settings start, progress: 12%
8-3-2026 02:01:35-debug: // ---- build task Fill script data to settings ----
8-3-2026 02:01:35-debug: // ---- build task Fill script data to settings ---- (4ms)
8-3-2026 02:01:35-log: run build task Fill script data to settings success in 4 ms√, progress: 13%
8-3-2026 02:01:35-debug: [Build Memory track]: Fill script data to settings start:227.22MB, end 227.25MB, increase: 26.54KB
8-3-2026 02:01:35-debug: Sort some build options to settings.json start, progress: 13%
8-3-2026 02:01:35-debug: // ---- build task Sort some build options to settings.json ----
8-3-2026 02:01:35-debug: // ---- build task Sort some build options to settings.json ---- (19ms)
8-3-2026 02:01:35-log: run build task Sort some build options to settings.json success in 19 ms√, progress: 15%
8-3-2026 02:01:35-debug: [Build Memory track]: Sort some build options to settings.json start:227.27MB, end 227.40MB, increase: 130.14KB
8-3-2026 02:02:35-debug: Query all assets info in project
8-3-2026 02:02:35-debug: init custom config: keepNodeUuid: false, useCache: true
8-3-2026 02:02:35-debug: Skip compress image, progress: 0%
8-3-2026 02:02:35-debug: Init all bundles start..., progress: 0%
8-3-2026 02:02:35-debug: Query asset bundle start, progress: 0%
8-3-2026 02:02:35-debug: // ---- build task Query asset bundle ----
8-3-2026 02:02:35-debug: Init bundle root assets start..., progress: 0%
8-3-2026 02:02:35-debug: Num of bundles: 2..., progress: 0%
8-3-2026 02:02:35-debug: Query preload assets/scripts from cc.config.json: 60f7195c-ec2a-45eb-ba94-8955f60e81d0,1c02ae6f-4492-4915-b8f8-7492a3b1e4cd,810e96e4-e456-4468-9b59-f4e8f39732c0,efe8e2a3-eace-427b-b4f1-cb8a937ec77d,e9aa9a3e-5b2b-4ac7-a2c7-073de2b2b24f,8bbdbcdd-5cd4-4100-b6d5-b7c9625b6107,50f4348b-c883-4e2f-8f11-ce233b859fa1,fda095cb-831d-4601-ad94-846013963de8,f92806d7-1768-443f-afe8-12bcde84d0f0,dd3a144d-ab7f-41f0-82b8-2e43a090d496,f0416e68-0200-4b77-a926-4f9d16e494da,511d2633-09a7-4bdd-ac42-f778032124b3,5d45aa00-e064-4938-b314-4265f0c2258c,9361fd90-ba52-4f84-aa93-6e878fd576ca,970b0598-bcb0-4714-91fb-2e81440dccd8,bcd64cc6-2dd9-43f6-abbe-66318d332032,d930590d-bb92-4cc8-8bd1-23cd027f9edf,a3cd009f-0ab0-420d-9278-b9fdab939bbc,6a2d0734-bd9e-4ddf-946e-caa52498cb75,d9937e59-61fe-4ec6-92ab-7ac5a19c89b0,d1346436-ac96-4271-b863-1f4fdead95b0,971bdb23-3ff6-43eb-b422-1c30165a3663,17debcc3-0a6b-4b8a-b00b-dc58b885581e,711ebe11-f673-4cd9-9a83-63c60ba54c5b,c0143906-9aed-447e-9436-2ae8512d1b6e,14da1725-c4c2-42b4-ab08-ee0aeb6898b3,081cab31-dccd-428e-8652-f2404cc81c47,78e0584a-4343-4727-8f37-e14e65c2a2db,871c3b6c-7379-419d-bda3-794b239ab90d,ff9b0199-ce04-4cfe-86cc-6c719f08d6e4,de1c2107-70c8-4021-8459-6399f24d01c6,cbf30902-517f-40dc-af90-a550bac27cf1,5c601d96-e4c7-4698-991b-7ee674b11079
8-3-2026 02:02:35-debug:   Number of all scenes: 3
8-3-2026 02:02:35-debug:   Number of all scripts: 39
8-3-2026 02:02:35-debug:   Number of other assets: 486
8-3-2026 02:02:35-debug: Init bundle root assets success..., progress: 0%
8-3-2026 02:02:35-debug: // ---- build task Query asset bundle ---- (13ms)
8-3-2026 02:02:35-log: run build task Query asset bundle success in 13 ms√, progress: 5%
8-3-2026 02:02:35-debug: [Build Memory track]: Query asset bundle start:227.99MB, end 227.93MB, increase: -58.73KB
8-3-2026 02:02:35-debug: Query asset bundle start, progress: 5%
8-3-2026 02:02:35-debug: // ---- build task Query asset bundle ----
8-3-2026 02:02:35-debug: // ---- build task Query asset bundle ---- (8ms)
8-3-2026 02:02:35-log: run build task Query asset bundle success in 8 ms√, progress: 10%
8-3-2026 02:02:35-debug: [Build Memory track]: Query asset bundle start:227.96MB, end 227.27MB, increase: -698.74KB
8-3-2026 02:02:35-debug: Sort some build options to settings.json start, progress: 10%
8-3-2026 02:02:35-debug: // ---- build task Sort some build options to settings.json ----
8-3-2026 02:02:35-log: run build task Sort some build options to settings.json success in 4 ms√, progress: 12%
8-3-2026 02:02:35-debug: // ---- build task Sort some build options to settings.json ---- (4ms)
8-3-2026 02:02:35-debug: [Build Memory track]: Sort some build options to settings.json start:227.30MB, end 227.33MB, increase: 25.45KB
8-3-2026 02:02:35-debug: Fill script data to settings start, progress: 12%
8-3-2026 02:02:35-debug: // ---- build task Fill script data to settings ----
8-3-2026 02:02:35-debug: // ---- build task Fill script data to settings ---- (2ms)
8-3-2026 02:02:35-log: run build task Fill script data to settings success in 2 ms√, progress: 13%
8-3-2026 02:02:35-debug: [Build Memory track]: Fill script data to settings start:227.36MB, end 227.38MB, increase: 27.79KB
8-3-2026 02:02:35-debug: Sort some build options to settings.json start, progress: 13%
8-3-2026 02:02:35-debug: // ---- build task Sort some build options to settings.json ----
8-3-2026 02:02:35-debug: // ---- build task Sort some build options to settings.json ---- (13ms)
8-3-2026 02:02:35-debug: [Build Memory track]: Sort some build options to settings.json start:227.41MB, end 227.54MB, increase: 130.96KB
8-3-2026 02:02:35-log: run build task Sort some build options to settings.json success in 13 ms√, progress: 15%
8-3-2026 02:02:58-debug: Query all assets info in project
8-3-2026 02:02:58-debug: init custom config: keepNodeUuid: false, useCache: true
8-3-2026 02:02:58-debug: Skip compress image, progress: 0%
8-3-2026 02:02:58-debug: Init all bundles start..., progress: 0%
8-3-2026 02:02:58-debug: Num of bundles: 2..., progress: 0%
8-3-2026 02:02:58-debug: Query asset bundle start, progress: 0%
8-3-2026 02:02:58-debug: // ---- build task Query asset bundle ----
8-3-2026 02:02:58-debug: Init bundle root assets start..., progress: 0%
8-3-2026 02:02:58-debug: Query preload assets/scripts from cc.config.json: 60f7195c-ec2a-45eb-ba94-8955f60e81d0,1c02ae6f-4492-4915-b8f8-7492a3b1e4cd,810e96e4-e456-4468-9b59-f4e8f39732c0,efe8e2a3-eace-427b-b4f1-cb8a937ec77d,e9aa9a3e-5b2b-4ac7-a2c7-073de2b2b24f,8bbdbcdd-5cd4-4100-b6d5-b7c9625b6107,50f4348b-c883-4e2f-8f11-ce233b859fa1,fda095cb-831d-4601-ad94-846013963de8,f92806d7-1768-443f-afe8-12bcde84d0f0,dd3a144d-ab7f-41f0-82b8-2e43a090d496,f0416e68-0200-4b77-a926-4f9d16e494da,511d2633-09a7-4bdd-ac42-f778032124b3,5d45aa00-e064-4938-b314-4265f0c2258c,9361fd90-ba52-4f84-aa93-6e878fd576ca,970b0598-bcb0-4714-91fb-2e81440dccd8,bcd64cc6-2dd9-43f6-abbe-66318d332032,d930590d-bb92-4cc8-8bd1-23cd027f9edf,a3cd009f-0ab0-420d-9278-b9fdab939bbc,6a2d0734-bd9e-4ddf-946e-caa52498cb75,d9937e59-61fe-4ec6-92ab-7ac5a19c89b0,d1346436-ac96-4271-b863-1f4fdead95b0,971bdb23-3ff6-43eb-b422-1c30165a3663,17debcc3-0a6b-4b8a-b00b-dc58b885581e,711ebe11-f673-4cd9-9a83-63c60ba54c5b,c0143906-9aed-447e-9436-2ae8512d1b6e,14da1725-c4c2-42b4-ab08-ee0aeb6898b3,081cab31-dccd-428e-8652-f2404cc81c47,78e0584a-4343-4727-8f37-e14e65c2a2db,871c3b6c-7379-419d-bda3-794b239ab90d,ff9b0199-ce04-4cfe-86cc-6c719f08d6e4,de1c2107-70c8-4021-8459-6399f24d01c6,cbf30902-517f-40dc-af90-a550bac27cf1,5c601d96-e4c7-4698-991b-7ee674b11079
8-3-2026 02:02:58-debug:   Number of other assets: 486
8-3-2026 02:02:58-debug: Init bundle root assets success..., progress: 0%
8-3-2026 02:02:58-debug:   Number of all scripts: 39
8-3-2026 02:02:58-debug:   Number of all scenes: 3
8-3-2026 02:02:58-debug: // ---- build task Query asset bundle ---- (16ms)
8-3-2026 02:02:58-log: run build task Query asset bundle success in 16 ms√, progress: 5%
8-3-2026 02:02:58-debug: [Build Memory track]: Query asset bundle start:228.14MB, end 228.06MB, increase: -84.22KB
8-3-2026 02:02:58-debug: Query asset bundle start, progress: 5%
8-3-2026 02:02:58-debug: // ---- build task Query asset bundle ----
8-3-2026 02:02:58-debug: // ---- build task Query asset bundle ---- (7ms)
8-3-2026 02:02:58-log: run build task Query asset bundle success in 7 ms√, progress: 10%
8-3-2026 02:02:58-debug: [Build Memory track]: Query asset bundle start:228.08MB, end 227.44MB, increase: -662.45KB
8-3-2026 02:02:58-debug: // ---- build task Sort some build options to settings.json ----
8-3-2026 02:02:58-debug: Sort some build options to settings.json start, progress: 10%
8-3-2026 02:02:58-debug: // ---- build task Sort some build options to settings.json ---- (4ms)
8-3-2026 02:02:58-log: run build task Sort some build options to settings.json success in 4 ms√, progress: 12%
8-3-2026 02:02:58-debug: [Build Memory track]: Sort some build options to settings.json start:227.47MB, end 227.49MB, increase: 27.01KB
8-3-2026 02:02:58-debug: Fill script data to settings start, progress: 12%
8-3-2026 02:02:58-debug: // ---- build task Fill script data to settings ----
8-3-2026 02:02:58-debug: // ---- build task Fill script data to settings ---- (2ms)
8-3-2026 02:02:58-log: run build task Fill script data to settings success in 2 ms√, progress: 13%
8-3-2026 02:02:58-debug: [Build Memory track]: Fill script data to settings start:227.52MB, end 227.55MB, increase: 26.40KB
8-3-2026 02:02:58-debug: Sort some build options to settings.json start, progress: 13%
8-3-2026 02:02:58-debug: // ---- build task Sort some build options to settings.json ----
8-3-2026 02:02:58-debug: // ---- build task Sort some build options to settings.json ---- (20ms)
8-3-2026 02:02:58-log: run build task Sort some build options to settings.json success in 20 ms√, progress: 15%
8-3-2026 02:02:58-debug: [Build Memory track]: Sort some build options to settings.json start:227.57MB, end 227.71MB, increase: 134.36KB
8-3-2026 02:03:24-debug: Query all assets info in project
8-3-2026 02:03:24-debug: init custom config: keepNodeUuid: false, useCache: true
8-3-2026 02:03:24-debug: Skip compress image, progress: 0%
8-3-2026 02:03:24-debug: Init all bundles start..., progress: 0%
8-3-2026 02:03:24-debug: Num of bundles: 2..., progress: 0%
8-3-2026 02:03:24-debug: Query asset bundle start, progress: 0%
8-3-2026 02:03:24-debug: Init bundle root assets start..., progress: 0%
8-3-2026 02:03:24-debug: // ---- build task Query asset bundle ----
8-3-2026 02:03:24-debug: Query preload assets/scripts from cc.config.json: 60f7195c-ec2a-45eb-ba94-8955f60e81d0,1c02ae6f-4492-4915-b8f8-7492a3b1e4cd,810e96e4-e456-4468-9b59-f4e8f39732c0,efe8e2a3-eace-427b-b4f1-cb8a937ec77d,e9aa9a3e-5b2b-4ac7-a2c7-073de2b2b24f,8bbdbcdd-5cd4-4100-b6d5-b7c9625b6107,50f4348b-c883-4e2f-8f11-ce233b859fa1,fda095cb-831d-4601-ad94-846013963de8,f92806d7-1768-443f-afe8-12bcde84d0f0,dd3a144d-ab7f-41f0-82b8-2e43a090d496,f0416e68-0200-4b77-a926-4f9d16e494da,511d2633-09a7-4bdd-ac42-f778032124b3,5d45aa00-e064-4938-b314-4265f0c2258c,9361fd90-ba52-4f84-aa93-6e878fd576ca,970b0598-bcb0-4714-91fb-2e81440dccd8,bcd64cc6-2dd9-43f6-abbe-66318d332032,d930590d-bb92-4cc8-8bd1-23cd027f9edf,a3cd009f-0ab0-420d-9278-b9fdab939bbc,6a2d0734-bd9e-4ddf-946e-caa52498cb75,d9937e59-61fe-4ec6-92ab-7ac5a19c89b0,d1346436-ac96-4271-b863-1f4fdead95b0,971bdb23-3ff6-43eb-b422-1c30165a3663,17debcc3-0a6b-4b8a-b00b-dc58b885581e,711ebe11-f673-4cd9-9a83-63c60ba54c5b,c0143906-9aed-447e-9436-2ae8512d1b6e,14da1725-c4c2-42b4-ab08-ee0aeb6898b3,081cab31-dccd-428e-8652-f2404cc81c47,78e0584a-4343-4727-8f37-e14e65c2a2db,871c3b6c-7379-419d-bda3-794b239ab90d,ff9b0199-ce04-4cfe-86cc-6c719f08d6e4,de1c2107-70c8-4021-8459-6399f24d01c6,cbf30902-517f-40dc-af90-a550bac27cf1,5c601d96-e4c7-4698-991b-7ee674b11079
8-3-2026 02:03:24-debug:   Number of all scenes: 3
8-3-2026 02:03:24-debug:   Number of all scripts: 39
8-3-2026 02:03:24-debug: Init bundle root assets success..., progress: 0%
8-3-2026 02:03:24-debug:   Number of other assets: 486
8-3-2026 02:03:24-debug: // ---- build task Query asset bundle ---- (14ms)
8-3-2026 02:03:24-log: run build task Query asset bundle success in 14 ms√, progress: 5%
8-3-2026 02:03:24-debug: [Build Memory track]: Query asset bundle start:228.32MB, end 228.20MB, increase: -126.13KB
8-3-2026 02:03:24-debug: Query asset bundle start, progress: 5%
8-3-2026 02:03:24-debug: // ---- build task Query asset bundle ----
8-3-2026 02:03:24-debug: // ---- build task Query asset bundle ---- (6ms)
8-3-2026 02:03:24-log: run build task Query asset bundle success in 6 ms√, progress: 10%
8-3-2026 02:03:24-debug: [Build Memory track]: Query asset bundle start:228.23MB, end 227.55MB, increase: -690.99KB
8-3-2026 02:03:24-debug: // ---- build task Sort some build options to settings.json ----
8-3-2026 02:03:24-debug: Sort some build options to settings.json start, progress: 10%
8-3-2026 02:03:24-debug: // ---- build task Sort some build options to settings.json ---- (3ms)
8-3-2026 02:03:24-log: run build task Sort some build options to settings.json success in 3 ms√, progress: 12%
8-3-2026 02:03:24-debug: [Build Memory track]: Sort some build options to settings.json start:227.58MB, end 227.61MB, increase: 27.61KB
8-3-2026 02:03:24-debug: Fill script data to settings start, progress: 12%
8-3-2026 02:03:24-debug: // ---- build task Fill script data to settings ----
8-3-2026 02:03:24-debug: // ---- build task Fill script data to settings ---- (3ms)
8-3-2026 02:03:24-log: run build task Fill script data to settings success in 3 ms√, progress: 13%
8-3-2026 02:03:24-debug: Sort some build options to settings.json start, progress: 13%
8-3-2026 02:03:24-debug: [Build Memory track]: Fill script data to settings start:227.63MB, end 227.66MB, increase: 26.34KB
8-3-2026 02:03:24-debug: // ---- build task Sort some build options to settings.json ----
8-3-2026 02:03:24-debug: // ---- build task Sort some build options to settings.json ---- (15ms)
8-3-2026 02:03:24-log: run build task Sort some build options to settings.json success in 15 ms√, progress: 15%
8-3-2026 02:03:24-debug: [Build Memory track]: Sort some build options to settings.json start:227.69MB, end 227.81MB, increase: 130.23KB
8-3-2026 02:03:48-debug: Query all assets info in project
8-3-2026 02:03:48-debug: init custom config: keepNodeUuid: false, useCache: true
8-3-2026 02:03:48-debug: Skip compress image, progress: 0%
8-3-2026 02:03:48-debug: Init all bundles start..., progress: 0%
8-3-2026 02:03:48-debug: Query asset bundle start, progress: 0%
8-3-2026 02:03:48-debug: // ---- build task Query asset bundle ----
8-3-2026 02:03:48-debug: Init bundle root assets start..., progress: 0%
8-3-2026 02:03:48-debug: Num of bundles: 2..., progress: 0%
8-3-2026 02:03:48-debug: Query preload assets/scripts from cc.config.json: 60f7195c-ec2a-45eb-ba94-8955f60e81d0,1c02ae6f-4492-4915-b8f8-7492a3b1e4cd,810e96e4-e456-4468-9b59-f4e8f39732c0,efe8e2a3-eace-427b-b4f1-cb8a937ec77d,e9aa9a3e-5b2b-4ac7-a2c7-073de2b2b24f,8bbdbcdd-5cd4-4100-b6d5-b7c9625b6107,50f4348b-c883-4e2f-8f11-ce233b859fa1,fda095cb-831d-4601-ad94-846013963de8,f92806d7-1768-443f-afe8-12bcde84d0f0,dd3a144d-ab7f-41f0-82b8-2e43a090d496,f0416e68-0200-4b77-a926-4f9d16e494da,511d2633-09a7-4bdd-ac42-f778032124b3,5d45aa00-e064-4938-b314-4265f0c2258c,9361fd90-ba52-4f84-aa93-6e878fd576ca,970b0598-bcb0-4714-91fb-2e81440dccd8,bcd64cc6-2dd9-43f6-abbe-66318d332032,d930590d-bb92-4cc8-8bd1-23cd027f9edf,a3cd009f-0ab0-420d-9278-b9fdab939bbc,6a2d0734-bd9e-4ddf-946e-caa52498cb75,d9937e59-61fe-4ec6-92ab-7ac5a19c89b0,d1346436-ac96-4271-b863-1f4fdead95b0,971bdb23-3ff6-43eb-b422-1c30165a3663,17debcc3-0a6b-4b8a-b00b-dc58b885581e,711ebe11-f673-4cd9-9a83-63c60ba54c5b,c0143906-9aed-447e-9436-2ae8512d1b6e,14da1725-c4c2-42b4-ab08-ee0aeb6898b3,081cab31-dccd-428e-8652-f2404cc81c47,78e0584a-4343-4727-8f37-e14e65c2a2db,871c3b6c-7379-419d-bda3-794b239ab90d,ff9b0199-ce04-4cfe-86cc-6c719f08d6e4,de1c2107-70c8-4021-8459-6399f24d01c6,cbf30902-517f-40dc-af90-a550bac27cf1,5c601d96-e4c7-4698-991b-7ee674b11079
8-3-2026 02:03:48-debug:   Number of all scenes: 3
8-3-2026 02:03:48-debug:   Number of other assets: 486
8-3-2026 02:03:48-debug:   Number of all scripts: 39
8-3-2026 02:03:48-debug: Init bundle root assets success..., progress: 0%
8-3-2026 02:03:48-debug: // ---- build task Query asset bundle ---- (14ms)
8-3-2026 02:03:48-log: run build task Query asset bundle success in 14 ms√, progress: 5%
8-3-2026 02:03:48-debug: [Build Memory track]: Query asset bundle start:228.40MB, end 228.34MB, increase: -58.26KB
8-3-2026 02:03:48-debug: // ---- build task Query asset bundle ----
8-3-2026 02:03:48-debug: Query asset bundle start, progress: 5%
8-3-2026 02:03:48-debug: // ---- build task Query asset bundle ---- (6ms)
8-3-2026 02:03:48-log: run build task Query asset bundle success in 6 ms√, progress: 10%
8-3-2026 02:03:48-debug: Sort some build options to settings.json start, progress: 10%
8-3-2026 02:03:48-debug: [Build Memory track]: Query asset bundle start:228.37MB, end 227.71MB, increase: -673.61KB
8-3-2026 02:03:48-debug: // ---- build task Sort some build options to settings.json ----
8-3-2026 02:03:48-debug: // ---- build task Sort some build options to settings.json ---- (6ms)
8-3-2026 02:03:48-log: run build task Sort some build options to settings.json success in 6 ms√, progress: 12%
8-3-2026 02:03:48-debug: [Build Memory track]: Sort some build options to settings.json start:227.74MB, end 227.77MB, increase: 26.98KB
8-3-2026 02:03:48-debug: Fill script data to settings start, progress: 12%
8-3-2026 02:03:48-debug: // ---- build task Fill script data to settings ----
8-3-2026 02:03:48-debug: // ---- build task Fill script data to settings ---- (2ms)
8-3-2026 02:03:48-log: run build task Fill script data to settings success in 2 ms√, progress: 13%
8-3-2026 02:03:48-debug: [Build Memory track]: Fill script data to settings start:227.80MB, end 227.82MB, increase: 26.40KB
8-3-2026 02:03:48-debug: Sort some build options to settings.json start, progress: 13%
8-3-2026 02:03:48-debug: // ---- build task Sort some build options to settings.json ----
8-3-2026 02:03:48-debug: // ---- build task Sort some build options to settings.json ---- (19ms)
8-3-2026 02:03:48-log: run build task Sort some build options to settings.json success in 19 ms√, progress: 15%
8-3-2026 02:03:48-debug: [Build Memory track]: Sort some build options to settings.json start:227.85MB, end 227.98MB, increase: 134.58KB
8-3-2026 02:04:12-debug: Query all assets info in project
8-3-2026 02:04:12-debug: init custom config: keepNodeUuid: false, useCache: true
8-3-2026 02:04:12-debug: Skip compress image, progress: 0%
8-3-2026 02:04:12-debug: Init all bundles start..., progress: 0%
8-3-2026 02:04:12-debug: Num of bundles: 2..., progress: 0%
8-3-2026 02:04:12-debug: Query asset bundle start, progress: 0%
8-3-2026 02:04:12-debug: Init bundle root assets start..., progress: 0%
8-3-2026 02:04:12-debug: // ---- build task Query asset bundle ----
8-3-2026 02:04:12-debug: Query preload assets/scripts from cc.config.json: 60f7195c-ec2a-45eb-ba94-8955f60e81d0,1c02ae6f-4492-4915-b8f8-7492a3b1e4cd,810e96e4-e456-4468-9b59-f4e8f39732c0,efe8e2a3-eace-427b-b4f1-cb8a937ec77d,e9aa9a3e-5b2b-4ac7-a2c7-073de2b2b24f,8bbdbcdd-5cd4-4100-b6d5-b7c9625b6107,50f4348b-c883-4e2f-8f11-ce233b859fa1,fda095cb-831d-4601-ad94-846013963de8,f92806d7-1768-443f-afe8-12bcde84d0f0,dd3a144d-ab7f-41f0-82b8-2e43a090d496,f0416e68-0200-4b77-a926-4f9d16e494da,511d2633-09a7-4bdd-ac42-f778032124b3,5d45aa00-e064-4938-b314-4265f0c2258c,9361fd90-ba52-4f84-aa93-6e878fd576ca,970b0598-bcb0-4714-91fb-2e81440dccd8,bcd64cc6-2dd9-43f6-abbe-66318d332032,d930590d-bb92-4cc8-8bd1-23cd027f9edf,a3cd009f-0ab0-420d-9278-b9fdab939bbc,6a2d0734-bd9e-4ddf-946e-caa52498cb75,d9937e59-61fe-4ec6-92ab-7ac5a19c89b0,d1346436-ac96-4271-b863-1f4fdead95b0,971bdb23-3ff6-43eb-b422-1c30165a3663,17debcc3-0a6b-4b8a-b00b-dc58b885581e,711ebe11-f673-4cd9-9a83-63c60ba54c5b,c0143906-9aed-447e-9436-2ae8512d1b6e,14da1725-c4c2-42b4-ab08-ee0aeb6898b3,081cab31-dccd-428e-8652-f2404cc81c47,78e0584a-4343-4727-8f37-e14e65c2a2db,871c3b6c-7379-419d-bda3-794b239ab90d,ff9b0199-ce04-4cfe-86cc-6c719f08d6e4,de1c2107-70c8-4021-8459-6399f24d01c6,cbf30902-517f-40dc-af90-a550bac27cf1,5c601d96-e4c7-4698-991b-7ee674b11079
8-3-2026 02:04:12-debug:   Number of all scenes: 3
8-3-2026 02:04:12-debug:   Number of all scripts: 39
8-3-2026 02:04:12-debug: Init bundle root assets success..., progress: 0%
8-3-2026 02:04:12-debug:   Number of other assets: 486
8-3-2026 02:04:12-debug: // ---- build task Query asset bundle ---- (12ms)
8-3-2026 02:04:12-log: run build task Query asset bundle success in 12 ms√, progress: 5%
8-3-2026 02:04:12-debug: [Build Memory track]: Query asset bundle start:228.58MB, end 228.47MB, increase: -112.13KB
8-3-2026 02:04:12-debug: Query asset bundle start, progress: 5%
8-3-2026 02:04:12-debug: // ---- build task Query asset bundle ----
8-3-2026 02:04:12-debug: // ---- build task Query asset bundle ---- (6ms)
8-3-2026 02:04:12-log: run build task Query asset bundle success in 6 ms√, progress: 10%
8-3-2026 02:04:12-debug: [Build Memory track]: Query asset bundle start:228.50MB, end 227.83MB, increase: -685.12KB
8-3-2026 02:04:12-debug: Sort some build options to settings.json start, progress: 10%
8-3-2026 02:04:12-debug: // ---- build task Sort some build options to settings.json ----
8-3-2026 02:04:12-debug: // ---- build task Sort some build options to settings.json ---- (6ms)
8-3-2026 02:04:12-log: run build task Sort some build options to settings.json success in 6 ms√, progress: 12%
8-3-2026 02:04:12-debug: [Build Memory track]: Sort some build options to settings.json start:227.86MB, end 227.90MB, increase: 38.88KB
8-3-2026 02:04:12-debug: // ---- build task Fill script data to settings ----
8-3-2026 02:04:12-debug: Fill script data to settings start, progress: 12%
8-3-2026 02:04:12-debug: // ---- build task Fill script data to settings ---- (1ms)
8-3-2026 02:04:12-log: run build task Fill script data to settings success in 1 ms√, progress: 13%
8-3-2026 02:04:12-debug: [Build Memory track]: Fill script data to settings start:227.92MB, end 227.95MB, increase: 27.08KB
8-3-2026 02:04:12-debug: // ---- build task Sort some build options to settings.json ----
8-3-2026 02:04:12-debug: Sort some build options to settings.json start, progress: 13%
8-3-2026 02:04:12-debug: // ---- build task Sort some build options to settings.json ---- (15ms)
8-3-2026 02:04:12-log: run build task Sort some build options to settings.json success in 15 ms√, progress: 15%
8-3-2026 02:04:12-debug: [Build Memory track]: Sort some build options to settings.json start:227.98MB, end 228.10MB, increase: 129.23KB
8-3-2026 02:04:36-debug: Query all assets info in project
8-3-2026 02:04:36-debug: init custom config: keepNodeUuid: false, useCache: true
8-3-2026 02:04:36-debug: Skip compress image, progress: 0%
8-3-2026 02:04:36-debug: Num of bundles: 2..., progress: 0%
8-3-2026 02:04:36-debug: Query asset bundle start, progress: 0%
8-3-2026 02:04:36-debug: // ---- build task Query asset bundle ----
8-3-2026 02:04:36-debug: Init bundle root assets start..., progress: 0%
8-3-2026 02:04:36-debug: Init all bundles start..., progress: 0%
8-3-2026 02:04:36-debug: Query preload assets/scripts from cc.config.json: 60f7195c-ec2a-45eb-ba94-8955f60e81d0,1c02ae6f-4492-4915-b8f8-7492a3b1e4cd,810e96e4-e456-4468-9b59-f4e8f39732c0,efe8e2a3-eace-427b-b4f1-cb8a937ec77d,e9aa9a3e-5b2b-4ac7-a2c7-073de2b2b24f,8bbdbcdd-5cd4-4100-b6d5-b7c9625b6107,50f4348b-c883-4e2f-8f11-ce233b859fa1,fda095cb-831d-4601-ad94-846013963de8,f92806d7-1768-443f-afe8-12bcde84d0f0,dd3a144d-ab7f-41f0-82b8-2e43a090d496,f0416e68-0200-4b77-a926-4f9d16e494da,511d2633-09a7-4bdd-ac42-f778032124b3,5d45aa00-e064-4938-b314-4265f0c2258c,9361fd90-ba52-4f84-aa93-6e878fd576ca,970b0598-bcb0-4714-91fb-2e81440dccd8,bcd64cc6-2dd9-43f6-abbe-66318d332032,d930590d-bb92-4cc8-8bd1-23cd027f9edf,a3cd009f-0ab0-420d-9278-b9fdab939bbc,6a2d0734-bd9e-4ddf-946e-caa52498cb75,d9937e59-61fe-4ec6-92ab-7ac5a19c89b0,d1346436-ac96-4271-b863-1f4fdead95b0,971bdb23-3ff6-43eb-b422-1c30165a3663,17debcc3-0a6b-4b8a-b00b-dc58b885581e,711ebe11-f673-4cd9-9a83-63c60ba54c5b,c0143906-9aed-447e-9436-2ae8512d1b6e,14da1725-c4c2-42b4-ab08-ee0aeb6898b3,081cab31-dccd-428e-8652-f2404cc81c47,78e0584a-4343-4727-8f37-e14e65c2a2db,871c3b6c-7379-419d-bda3-794b239ab90d,ff9b0199-ce04-4cfe-86cc-6c719f08d6e4,de1c2107-70c8-4021-8459-6399f24d01c6,cbf30902-517f-40dc-af90-a550bac27cf1,5c601d96-e4c7-4698-991b-7ee674b11079
8-3-2026 02:04:36-debug:   Number of other assets: 486
8-3-2026 02:04:36-debug:   Number of all scenes: 3
8-3-2026 02:04:36-debug:   Number of all scripts: 39
8-3-2026 02:04:36-debug: Init bundle root assets success..., progress: 0%
8-3-2026 02:04:36-debug: // ---- build task Query asset bundle ---- (12ms)
8-3-2026 02:04:36-log: run build task Query asset bundle success in 12 ms√, progress: 5%
8-3-2026 02:04:36-debug: [Build Memory track]: Query asset bundle start:228.72MB, end 228.64MB, increase: -77.89KB
8-3-2026 02:04:36-debug: Query asset bundle start, progress: 5%
8-3-2026 02:04:36-debug: // ---- build task Query asset bundle ----
8-3-2026 02:04:36-debug: // ---- build task Query asset bundle ---- (6ms)
8-3-2026 02:04:36-log: run build task Query asset bundle success in 6 ms√, progress: 10%
8-3-2026 02:04:36-debug: Sort some build options to settings.json start, progress: 10%
8-3-2026 02:04:36-debug: [Build Memory track]: Query asset bundle start:228.67MB, end 227.98MB, increase: -704.78KB
8-3-2026 02:04:36-debug: // ---- build task Sort some build options to settings.json ----
8-3-2026 02:04:36-debug: // ---- build task Sort some build options to settings.json ---- (2ms)
8-3-2026 02:04:36-log: run build task Sort some build options to settings.json success in 2 ms√, progress: 12%
8-3-2026 02:04:36-debug: [Build Memory track]: Sort some build options to settings.json start:228.01MB, end 228.04MB, increase: 26.98KB
8-3-2026 02:04:36-debug: Fill script data to settings start, progress: 12%
8-3-2026 02:04:36-debug: // ---- build task Fill script data to settings ----
8-3-2026 02:04:36-debug: // ---- build task Fill script data to settings ---- (3ms)
8-3-2026 02:04:36-log: run build task Fill script data to settings success in 3 ms√, progress: 13%
8-3-2026 02:04:36-debug: [Build Memory track]: Fill script data to settings start:228.06MB, end 228.09MB, increase: 26.37KB
8-3-2026 02:04:36-debug: Sort some build options to settings.json start, progress: 13%
8-3-2026 02:04:36-debug: // ---- build task Sort some build options to settings.json ----
8-3-2026 02:04:36-debug: // ---- build task Sort some build options to settings.json ---- (15ms)
8-3-2026 02:04:36-log: run build task Sort some build options to settings.json success in 15 ms√, progress: 15%
8-3-2026 02:04:36-debug: [Build Memory track]: Sort some build options to settings.json start:228.12MB, end 228.25MB, increase: 137.28KB
8-3-2026 02:20:50-debug: refresh db internal success
8-3-2026 02:20:50-debug: %cImport%c: F:\Github\BattleGame\assets\Test.scenebackground: #aaff85; color: #000;color: #000;
8-3-2026 02:20:50-debug: %cImport%c: F:\Github\BattleGame\assets\scripts\LevelSettings.tsbackground: #aaff85; color: #000;color: #000;
8-3-2026 02:20:50-debug: Run asset db hook engine-extends:afterRefresh ...
8-3-2026 02:20:50-debug: refresh db assets success
8-3-2026 02:20:50-debug: Run asset db hook engine-extends:afterRefresh success!
8-3-2026 02:20:50-debug: asset-db:refresh-all-database (142ms)
8-3-2026 02:20:50-debug: asset-db:worker-effect-data-processing (7ms)
8-3-2026 02:20:50-debug: asset-db-hook-engine-extends-afterRefresh (7ms)
8-3-2026 02:20:51-debug: Query all assets info in project
8-3-2026 02:20:51-debug: init custom config: keepNodeUuid: false, useCache: true
8-3-2026 02:20:51-debug: Skip compress image, progress: 0%
8-3-2026 02:20:51-debug: Init all bundles start..., progress: 0%
8-3-2026 02:20:51-debug: Num of bundles: 2..., progress: 0%
8-3-2026 02:20:51-debug: Query asset bundle start, progress: 0%
8-3-2026 02:20:51-debug: // ---- build task Query asset bundle ----
8-3-2026 02:20:51-debug: Init bundle root assets start..., progress: 0%
8-3-2026 02:20:51-debug: Query preload assets/scripts from cc.config.json: 60f7195c-ec2a-45eb-ba94-8955f60e81d0,1c02ae6f-4492-4915-b8f8-7492a3b1e4cd,810e96e4-e456-4468-9b59-f4e8f39732c0,efe8e2a3-eace-427b-b4f1-cb8a937ec77d,e9aa9a3e-5b2b-4ac7-a2c7-073de2b2b24f,8bbdbcdd-5cd4-4100-b6d5-b7c9625b6107,50f4348b-c883-4e2f-8f11-ce233b859fa1,fda095cb-831d-4601-ad94-846013963de8,f92806d7-1768-443f-afe8-12bcde84d0f0,dd3a144d-ab7f-41f0-82b8-2e43a090d496,f0416e68-0200-4b77-a926-4f9d16e494da,511d2633-09a7-4bdd-ac42-f778032124b3,5d45aa00-e064-4938-b314-4265f0c2258c,9361fd90-ba52-4f84-aa93-6e878fd576ca,970b0598-bcb0-4714-91fb-2e81440dccd8,bcd64cc6-2dd9-43f6-abbe-66318d332032,d930590d-bb92-4cc8-8bd1-23cd027f9edf,a3cd009f-0ab0-420d-9278-b9fdab939bbc,6a2d0734-bd9e-4ddf-946e-caa52498cb75,d9937e59-61fe-4ec6-92ab-7ac5a19c89b0,d1346436-ac96-4271-b863-1f4fdead95b0,971bdb23-3ff6-43eb-b422-1c30165a3663,17debcc3-0a6b-4b8a-b00b-dc58b885581e,711ebe11-f673-4cd9-9a83-63c60ba54c5b,c0143906-9aed-447e-9436-2ae8512d1b6e,14da1725-c4c2-42b4-ab08-ee0aeb6898b3,081cab31-dccd-428e-8652-f2404cc81c47,78e0584a-4343-4727-8f37-e14e65c2a2db,871c3b6c-7379-419d-bda3-794b239ab90d,ff9b0199-ce04-4cfe-86cc-6c719f08d6e4,de1c2107-70c8-4021-8459-6399f24d01c6,cbf30902-517f-40dc-af90-a550bac27cf1,5c601d96-e4c7-4698-991b-7ee674b11079
8-3-2026 02:20:51-debug:   Number of all scripts: 39
8-3-2026 02:20:51-debug:   Number of other assets: 486
8-3-2026 02:20:51-debug: Init bundle root assets success..., progress: 0%
8-3-2026 02:20:51-debug:   Number of all scenes: 3
8-3-2026 02:20:51-debug: // ---- build task Query asset bundle ---- (18ms)
8-3-2026 02:20:51-log: run build task Query asset bundle success in 18 ms√, progress: 5%
8-3-2026 02:20:51-debug: [Build Memory track]: Query asset bundle start:230.70MB, end 231.43MB, increase: 752.07KB
8-3-2026 02:20:51-debug: Query asset bundle start, progress: 5%
8-3-2026 02:20:51-debug: // ---- build task Query asset bundle ----
8-3-2026 02:20:51-debug: // ---- build task Query asset bundle ---- (35ms)
8-3-2026 02:20:51-log: run build task Query asset bundle success in 35 ms√, progress: 10%
8-3-2026 02:20:51-debug: [Build Memory track]: Query asset bundle start:231.46MB, end 230.02MB, increase: -1479.11KB
8-3-2026 02:20:51-debug: Sort some build options to settings.json start, progress: 10%
8-3-2026 02:20:51-debug: // ---- build task Sort some build options to settings.json ----
8-3-2026 02:20:51-debug: // ---- build task Sort some build options to settings.json ---- (17ms)
8-3-2026 02:20:51-log: run build task Sort some build options to settings.json success in 17 ms√, progress: 12%
8-3-2026 02:20:51-debug: [Build Memory track]: Sort some build options to settings.json start:230.04MB, end 230.07MB, increase: 26.76KB
8-3-2026 02:20:51-debug: // ---- build task Fill script data to settings ----
8-3-2026 02:20:51-debug: Fill script data to settings start, progress: 12%
8-3-2026 02:20:51-debug: // ---- build task Fill script data to settings ---- (6ms)
8-3-2026 02:20:51-debug: [Build Memory track]: Fill script data to settings start:230.10MB, end 230.12MB, increase: 26.22KB
8-3-2026 02:20:51-log: run build task Fill script data to settings success in 6 ms√, progress: 13%
8-3-2026 02:20:51-debug: Sort some build options to settings.json start, progress: 13%
8-3-2026 02:20:51-debug: // ---- build task Sort some build options to settings.json ----
8-3-2026 02:20:51-debug: // ---- build task Sort some build options to settings.json ---- (22ms)
8-3-2026 02:20:51-log: run build task Sort some build options to settings.json success in 22 ms√, progress: 15%
8-3-2026 02:20:51-debug: [Build Memory track]: Sort some build options to settings.json start:230.15MB, end 230.28MB, increase: 127.20KB
8-3-2026 02:20:51-debug: Query all assets info in project
8-3-2026 02:20:51-debug: init custom config: keepNodeUuid: false, useCache: true
8-3-2026 02:20:51-debug: Skip compress image, progress: 0%
8-3-2026 02:20:51-debug: Init all bundles start..., progress: 0%
8-3-2026 02:20:51-debug: Query asset bundle start, progress: 0%
8-3-2026 02:20:51-debug: // ---- build task Query asset bundle ----
8-3-2026 02:20:51-debug: Num of bundles: 2..., progress: 0%
8-3-2026 02:20:51-debug: Init bundle root assets start..., progress: 0%
8-3-2026 02:20:51-debug: Query preload assets/scripts from cc.config.json: 60f7195c-ec2a-45eb-ba94-8955f60e81d0,1c02ae6f-4492-4915-b8f8-7492a3b1e4cd,810e96e4-e456-4468-9b59-f4e8f39732c0,efe8e2a3-eace-427b-b4f1-cb8a937ec77d,e9aa9a3e-5b2b-4ac7-a2c7-073de2b2b24f,8bbdbcdd-5cd4-4100-b6d5-b7c9625b6107,50f4348b-c883-4e2f-8f11-ce233b859fa1,fda095cb-831d-4601-ad94-846013963de8,f92806d7-1768-443f-afe8-12bcde84d0f0,dd3a144d-ab7f-41f0-82b8-2e43a090d496,f0416e68-0200-4b77-a926-4f9d16e494da,511d2633-09a7-4bdd-ac42-f778032124b3,5d45aa00-e064-4938-b314-4265f0c2258c,9361fd90-ba52-4f84-aa93-6e878fd576ca,970b0598-bcb0-4714-91fb-2e81440dccd8,bcd64cc6-2dd9-43f6-abbe-66318d332032,d930590d-bb92-4cc8-8bd1-23cd027f9edf,a3cd009f-0ab0-420d-9278-b9fdab939bbc,6a2d0734-bd9e-4ddf-946e-caa52498cb75,d9937e59-61fe-4ec6-92ab-7ac5a19c89b0,d1346436-ac96-4271-b863-1f4fdead95b0,971bdb23-3ff6-43eb-b422-1c30165a3663,17debcc3-0a6b-4b8a-b00b-dc58b885581e,711ebe11-f673-4cd9-9a83-63c60ba54c5b,c0143906-9aed-447e-9436-2ae8512d1b6e,14da1725-c4c2-42b4-ab08-ee0aeb6898b3,081cab31-dccd-428e-8652-f2404cc81c47,78e0584a-4343-4727-8f37-e14e65c2a2db,871c3b6c-7379-419d-bda3-794b239ab90d,ff9b0199-ce04-4cfe-86cc-6c719f08d6e4,de1c2107-70c8-4021-8459-6399f24d01c6,cbf30902-517f-40dc-af90-a550bac27cf1,5c601d96-e4c7-4698-991b-7ee674b11079
8-3-2026 02:20:51-debug:   Number of all scripts: 39
8-3-2026 02:20:51-debug:   Number of other assets: 486
8-3-2026 02:20:51-debug: Init bundle root assets success..., progress: 0%
8-3-2026 02:20:51-debug:   Number of all scenes: 3
8-3-2026 02:20:51-debug: // ---- build task Query asset bundle ---- (13ms)
8-3-2026 02:20:51-log: run build task Query asset bundle success in 13 ms√, progress: 5%
8-3-2026 02:20:51-debug: [Build Memory track]: Query asset bundle start:230.73MB, end 231.44MB, increase: 724.72KB
8-3-2026 02:20:51-debug: // ---- build task Query asset bundle ----
8-3-2026 02:20:51-debug: Query asset bundle start, progress: 5%
8-3-2026 02:20:51-debug: // ---- build task Query asset bundle ---- (15ms)
8-3-2026 02:20:51-log: run build task Query asset bundle success in 15 ms√, progress: 10%
8-3-2026 02:20:51-debug: [Build Memory track]: Query asset bundle start:231.47MB, end 230.07MB, increase: -1433.68KB
8-3-2026 02:20:51-debug: // ---- build task Sort some build options to settings.json ----
8-3-2026 02:20:51-debug: Sort some build options to settings.json start, progress: 10%
8-3-2026 02:20:51-debug: // ---- build task Sort some build options to settings.json ---- (4ms)
8-3-2026 02:20:51-log: run build task Sort some build options to settings.json success in 4 ms√, progress: 12%
8-3-2026 02:20:51-debug: [Build Memory track]: Sort some build options to settings.json start:230.10MB, end 230.12MB, increase: 26.73KB
8-3-2026 02:20:51-debug: Fill script data to settings start, progress: 12%
8-3-2026 02:20:51-debug: // ---- build task Fill script data to settings ----
8-3-2026 02:20:51-debug: // ---- build task Fill script data to settings ---- (2ms)
8-3-2026 02:20:51-log: run build task Fill script data to settings success in 2 ms√, progress: 13%
8-3-2026 02:20:51-debug: [Build Memory track]: Fill script data to settings start:230.15MB, end 230.18MB, increase: 26.20KB
8-3-2026 02:20:51-debug: Sort some build options to settings.json start, progress: 13%
8-3-2026 02:20:51-debug: // ---- build task Sort some build options to settings.json ----
8-3-2026 02:20:52-debug: [Build Memory track]: Sort some build options to settings.json start:230.20MB, end 230.33MB, increase: 126.95KB
8-3-2026 02:20:51-log: run build task Sort some build options to settings.json success in 19 ms√, progress: 15%
8-3-2026 02:20:51-debug: // ---- build task Sort some build options to settings.json ---- (19ms)
8-3-2026 02:20:54-debug: Query all assets info in project
8-3-2026 02:20:54-debug: init custom config: keepNodeUuid: false, useCache: true
8-3-2026 02:20:54-debug: Skip compress image, progress: 0%
8-3-2026 02:20:54-debug: Init all bundles start..., progress: 0%
8-3-2026 02:20:54-debug: Num of bundles: 2..., progress: 0%
8-3-2026 02:20:54-debug: Query asset bundle start, progress: 0%
8-3-2026 02:20:54-debug: // ---- build task Query asset bundle ----
8-3-2026 02:20:54-debug: Init bundle root assets start..., progress: 0%
8-3-2026 02:20:54-debug: Query preload assets/scripts from cc.config.json: 60f7195c-ec2a-45eb-ba94-8955f60e81d0,1c02ae6f-4492-4915-b8f8-7492a3b1e4cd,810e96e4-e456-4468-9b59-f4e8f39732c0,efe8e2a3-eace-427b-b4f1-cb8a937ec77d,e9aa9a3e-5b2b-4ac7-a2c7-073de2b2b24f,8bbdbcdd-5cd4-4100-b6d5-b7c9625b6107,50f4348b-c883-4e2f-8f11-ce233b859fa1,fda095cb-831d-4601-ad94-846013963de8,f92806d7-1768-443f-afe8-12bcde84d0f0,dd3a144d-ab7f-41f0-82b8-2e43a090d496,f0416e68-0200-4b77-a926-4f9d16e494da,511d2633-09a7-4bdd-ac42-f778032124b3,5d45aa00-e064-4938-b314-4265f0c2258c,9361fd90-ba52-4f84-aa93-6e878fd576ca,970b0598-bcb0-4714-91fb-2e81440dccd8,bcd64cc6-2dd9-43f6-abbe-66318d332032,d930590d-bb92-4cc8-8bd1-23cd027f9edf,a3cd009f-0ab0-420d-9278-b9fdab939bbc,6a2d0734-bd9e-4ddf-946e-caa52498cb75,d9937e59-61fe-4ec6-92ab-7ac5a19c89b0,d1346436-ac96-4271-b863-1f4fdead95b0,971bdb23-3ff6-43eb-b422-1c30165a3663,17debcc3-0a6b-4b8a-b00b-dc58b885581e,711ebe11-f673-4cd9-9a83-63c60ba54c5b,c0143906-9aed-447e-9436-2ae8512d1b6e,14da1725-c4c2-42b4-ab08-ee0aeb6898b3,081cab31-dccd-428e-8652-f2404cc81c47,78e0584a-4343-4727-8f37-e14e65c2a2db,871c3b6c-7379-419d-bda3-794b239ab90d,ff9b0199-ce04-4cfe-86cc-6c719f08d6e4,de1c2107-70c8-4021-8459-6399f24d01c6,cbf30902-517f-40dc-af90-a550bac27cf1,5c601d96-e4c7-4698-991b-7ee674b11079
8-3-2026 02:20:54-debug:   Number of all scenes: 3
8-3-2026 02:20:54-debug: Init bundle root assets success..., progress: 0%
8-3-2026 02:20:54-debug:   Number of all scripts: 39
8-3-2026 02:20:54-debug:   Number of other assets: 486
8-3-2026 02:20:54-debug: // ---- build task Query asset bundle ---- (11ms)
8-3-2026 02:20:54-debug: [Build Memory track]: Query asset bundle start:230.84MB, end 231.54MB, increase: 722.59KB
8-3-2026 02:20:54-log: run build task Query asset bundle success in 11 ms√, progress: 5%
8-3-2026 02:20:54-debug: Query asset bundle start, progress: 5%
8-3-2026 02:20:54-debug: // ---- build task Query asset bundle ----
8-3-2026 02:20:54-debug: // ---- build task Query asset bundle ---- (9ms)
8-3-2026 02:20:54-log: run build task Query asset bundle success in 9 ms√, progress: 10%
8-3-2026 02:20:54-debug: [Build Memory track]: Query asset bundle start:231.57MB, end 230.25MB, increase: -1358.59KB
8-3-2026 02:20:54-debug: Sort some build options to settings.json start, progress: 10%
8-3-2026 02:20:54-debug: // ---- build task Sort some build options to settings.json ----
8-3-2026 02:20:54-debug: // ---- build task Sort some build options to settings.json ---- (2ms)
8-3-2026 02:20:54-log: run build task Sort some build options to settings.json success in 2 ms√, progress: 12%
8-3-2026 02:20:54-debug: [Build Memory track]: Sort some build options to settings.json start:230.27MB, end 230.30MB, increase: 27.55KB
8-3-2026 02:20:54-debug: // ---- build task Fill script data to settings ----
8-3-2026 02:20:54-debug: Fill script data to settings start, progress: 12%
8-3-2026 02:20:54-debug: // ---- build task Fill script data to settings ---- (2ms)
8-3-2026 02:20:54-log: run build task Fill script data to settings success in 2 ms√, progress: 13%
8-3-2026 02:20:54-debug: [Build Memory track]: Fill script data to settings start:230.33MB, end 230.35MB, increase: 26.29KB
8-3-2026 02:20:54-debug: Sort some build options to settings.json start, progress: 13%
8-3-2026 02:20:54-debug: // ---- build task Sort some build options to settings.json ----
8-3-2026 02:20:54-log: run build task Sort some build options to settings.json success in 7 ms√, progress: 15%
8-3-2026 02:20:54-debug: [Build Memory track]: Sort some build options to settings.json start:230.38MB, end 230.51MB, increase: 127.11KB
8-3-2026 02:20:54-debug: // ---- build task Sort some build options to settings.json ---- (7ms)
8-3-2026 02:20:55-debug: Query all assets info in project
8-3-2026 02:20:55-debug: init custom config: keepNodeUuid: false, useCache: true
8-3-2026 02:20:55-debug: Skip compress image, progress: 0%
8-3-2026 02:20:55-debug: Num of bundles: 2..., progress: 0%
8-3-2026 02:20:55-debug: Query asset bundle start, progress: 0%
8-3-2026 02:20:55-debug: Init all bundles start..., progress: 0%
8-3-2026 02:20:55-debug: // ---- build task Query asset bundle ----
8-3-2026 02:20:55-debug: Init bundle root assets start..., progress: 0%
8-3-2026 02:20:55-debug: Query preload assets/scripts from cc.config.json: 60f7195c-ec2a-45eb-ba94-8955f60e81d0,1c02ae6f-4492-4915-b8f8-7492a3b1e4cd,810e96e4-e456-4468-9b59-f4e8f39732c0,efe8e2a3-eace-427b-b4f1-cb8a937ec77d,e9aa9a3e-5b2b-4ac7-a2c7-073de2b2b24f,8bbdbcdd-5cd4-4100-b6d5-b7c9625b6107,50f4348b-c883-4e2f-8f11-ce233b859fa1,fda095cb-831d-4601-ad94-846013963de8,f92806d7-1768-443f-afe8-12bcde84d0f0,dd3a144d-ab7f-41f0-82b8-2e43a090d496,f0416e68-0200-4b77-a926-4f9d16e494da,511d2633-09a7-4bdd-ac42-f778032124b3,5d45aa00-e064-4938-b314-4265f0c2258c,9361fd90-ba52-4f84-aa93-6e878fd576ca,970b0598-bcb0-4714-91fb-2e81440dccd8,bcd64cc6-2dd9-43f6-abbe-66318d332032,d930590d-bb92-4cc8-8bd1-23cd027f9edf,a3cd009f-0ab0-420d-9278-b9fdab939bbc,6a2d0734-bd9e-4ddf-946e-caa52498cb75,d9937e59-61fe-4ec6-92ab-7ac5a19c89b0,d1346436-ac96-4271-b863-1f4fdead95b0,971bdb23-3ff6-43eb-b422-1c30165a3663,17debcc3-0a6b-4b8a-b00b-dc58b885581e,711ebe11-f673-4cd9-9a83-63c60ba54c5b,c0143906-9aed-447e-9436-2ae8512d1b6e,14da1725-c4c2-42b4-ab08-ee0aeb6898b3,081cab31-dccd-428e-8652-f2404cc81c47,78e0584a-4343-4727-8f37-e14e65c2a2db,871c3b6c-7379-419d-bda3-794b239ab90d,ff9b0199-ce04-4cfe-86cc-6c719f08d6e4,de1c2107-70c8-4021-8459-6399f24d01c6,cbf30902-517f-40dc-af90-a550bac27cf1,5c601d96-e4c7-4698-991b-7ee674b11079
8-3-2026 02:20:55-debug:   Number of other assets: 486
8-3-2026 02:20:55-debug: Init bundle root assets success..., progress: 0%
8-3-2026 02:20:55-debug:   Number of all scenes: 3
8-3-2026 02:20:55-debug:   Number of all scripts: 39
8-3-2026 02:20:55-debug: // ---- build task Query asset bundle ---- (17ms)
8-3-2026 02:20:55-debug: [Build Memory track]: Query asset bundle start:230.96MB, end 230.14MB, increase: -837.75KB
8-3-2026 02:20:55-debug: Query asset bundle start, progress: 5%
8-3-2026 02:20:55-debug: // ---- build task Query asset bundle ----
8-3-2026 02:20:55-log: run build task Query asset bundle success in 17 ms√, progress: 5%
8-3-2026 02:20:55-debug: // ---- build task Query asset bundle ---- (8ms)
8-3-2026 02:20:55-log: run build task Query asset bundle success in 8 ms√, progress: 10%
8-3-2026 02:20:55-debug: [Build Memory track]: Query asset bundle start:230.17MB, end 230.33MB, increase: 160.48KB
8-3-2026 02:20:55-debug: // ---- build task Sort some build options to settings.json ----
8-3-2026 02:20:55-debug: Sort some build options to settings.json start, progress: 10%
8-3-2026 02:20:55-debug: // ---- build task Sort some build options to settings.json ---- (2ms)
8-3-2026 02:20:55-log: run build task Sort some build options to settings.json success in 2 ms√, progress: 12%
8-3-2026 02:20:55-debug: [Build Memory track]: Sort some build options to settings.json start:230.35MB, end 230.38MB, increase: 26.75KB
8-3-2026 02:20:55-debug: Fill script data to settings start, progress: 12%
8-3-2026 02:20:55-debug: // ---- build task Fill script data to settings ----
8-3-2026 02:20:55-debug: // ---- build task Fill script data to settings ---- (5ms)
8-3-2026 02:20:55-debug: [Build Memory track]: Fill script data to settings start:230.41MB, end 230.43MB, increase: 26.15KB
8-3-2026 02:20:55-log: run build task Fill script data to settings success in 5 ms√, progress: 13%
8-3-2026 02:20:55-debug: // ---- build task Sort some build options to settings.json ----
8-3-2026 02:20:55-debug: Sort some build options to settings.json start, progress: 13%
8-3-2026 02:20:55-debug: // ---- build task Sort some build options to settings.json ---- (11ms)
8-3-2026 02:20:55-log: run build task Sort some build options to settings.json success in 11 ms√, progress: 15%
8-3-2026 02:20:55-debug: [Build Memory track]: Sort some build options to settings.json start:230.46MB, end 230.60MB, increase: 140.77KB
8-3-2026 02:21:09-debug: refresh db internal success
8-3-2026 02:21:09-debug: refresh db assets success
8-3-2026 02:21:09-debug: Run asset db hook engine-extends:afterRefresh success!
8-3-2026 02:21:09-debug: Run asset db hook engine-extends:afterRefresh ...
8-3-2026 02:21:09-debug: asset-db:refresh-all-database (86ms)
8-3-2026 02:21:09-debug: asset-db:worker-effect-data-processing (2ms)
8-3-2026 02:21:09-debug: asset-db-hook-engine-extends-afterRefresh (2ms)
8-3-2026 02:26:51-debug: refresh db internal success
8-3-2026 02:26:51-debug: %cImport%c: F:\Github\BattleGame\assets\scripts\LevelSettings.tsbackground: #aaff85; color: #000;color: #000;
8-3-2026 02:26:51-debug: refresh db assets success
8-3-2026 02:26:51-debug: Run asset db hook engine-extends:afterRefresh ...
8-3-2026 02:26:51-debug: Run asset db hook engine-extends:afterRefresh success!
8-3-2026 02:26:51-debug: asset-db:refresh-all-database (115ms)
8-3-2026 02:26:51-debug: asset-db:worker-effect-data-processing (5ms)
8-3-2026 02:26:51-debug: asset-db-hook-engine-extends-afterRefresh (6ms)
8-3-2026 02:26:54-debug: Query all assets info in project
8-3-2026 02:26:54-debug: init custom config: keepNodeUuid: false, useCache: true
8-3-2026 02:26:54-debug: Skip compress image, progress: 0%
8-3-2026 02:26:54-debug: Init all bundles start..., progress: 0%
8-3-2026 02:26:54-debug: // ---- build task Query asset bundle ----
8-3-2026 02:26:54-debug: Query asset bundle start, progress: 0%
8-3-2026 02:26:54-debug: Num of bundles: 2..., progress: 0%
8-3-2026 02:26:54-debug: Init bundle root assets start..., progress: 0%
8-3-2026 02:26:54-debug: Query preload assets/scripts from cc.config.json: 60f7195c-ec2a-45eb-ba94-8955f60e81d0,1c02ae6f-4492-4915-b8f8-7492a3b1e4cd,810e96e4-e456-4468-9b59-f4e8f39732c0,efe8e2a3-eace-427b-b4f1-cb8a937ec77d,e9aa9a3e-5b2b-4ac7-a2c7-073de2b2b24f,8bbdbcdd-5cd4-4100-b6d5-b7c9625b6107,50f4348b-c883-4e2f-8f11-ce233b859fa1,fda095cb-831d-4601-ad94-846013963de8,f92806d7-1768-443f-afe8-12bcde84d0f0,dd3a144d-ab7f-41f0-82b8-2e43a090d496,f0416e68-0200-4b77-a926-4f9d16e494da,511d2633-09a7-4bdd-ac42-f778032124b3,5d45aa00-e064-4938-b314-4265f0c2258c,9361fd90-ba52-4f84-aa93-6e878fd576ca,970b0598-bcb0-4714-91fb-2e81440dccd8,bcd64cc6-2dd9-43f6-abbe-66318d332032,d930590d-bb92-4cc8-8bd1-23cd027f9edf,a3cd009f-0ab0-420d-9278-b9fdab939bbc,6a2d0734-bd9e-4ddf-946e-caa52498cb75,d9937e59-61fe-4ec6-92ab-7ac5a19c89b0,d1346436-ac96-4271-b863-1f4fdead95b0,971bdb23-3ff6-43eb-b422-1c30165a3663,17debcc3-0a6b-4b8a-b00b-dc58b885581e,711ebe11-f673-4cd9-9a83-63c60ba54c5b,c0143906-9aed-447e-9436-2ae8512d1b6e,14da1725-c4c2-42b4-ab08-ee0aeb6898b3,081cab31-dccd-428e-8652-f2404cc81c47,78e0584a-4343-4727-8f37-e14e65c2a2db,871c3b6c-7379-419d-bda3-794b239ab90d,ff9b0199-ce04-4cfe-86cc-6c719f08d6e4,de1c2107-70c8-4021-8459-6399f24d01c6,cbf30902-517f-40dc-af90-a550bac27cf1,5c601d96-e4c7-4698-991b-7ee674b11079
8-3-2026 02:26:54-debug:   Number of other assets: 486
8-3-2026 02:26:54-debug:   Number of all scripts: 39
8-3-2026 02:26:54-debug: Init bundle root assets success..., progress: 0%
8-3-2026 02:26:54-debug:   Number of all scenes: 3
8-3-2026 02:26:54-debug: // ---- build task Query asset bundle ---- (9ms)
8-3-2026 02:26:54-log: run build task Query asset bundle success in 9 ms√, progress: 5%
8-3-2026 02:26:54-debug: [Build Memory track]: Query asset bundle start:233.55MB, end 234.26MB, increase: 723.48KB
8-3-2026 02:26:54-debug: Query asset bundle start, progress: 5%
8-3-2026 02:26:54-debug: // ---- build task Query asset bundle ----
8-3-2026 02:26:54-debug: // ---- build task Query asset bundle ---- (4ms)
8-3-2026 02:26:54-log: run build task Query asset bundle success in 4 ms√, progress: 10%
8-3-2026 02:26:54-debug: // ---- build task Sort some build options to settings.json ----
8-3-2026 02:26:54-debug: [Build Memory track]: Query asset bundle start:234.29MB, end 234.42MB, increase: 141.05KB
8-3-2026 02:26:54-debug: Sort some build options to settings.json start, progress: 10%
8-3-2026 02:26:54-log: run build task Sort some build options to settings.json success in 2 ms√, progress: 12%
8-3-2026 02:26:54-debug: [Build Memory track]: Sort some build options to settings.json start:234.45MB, end 234.48MB, increase: 26.64KB
8-3-2026 02:26:54-debug: // ---- build task Sort some build options to settings.json ---- (2ms)
8-3-2026 02:26:54-debug: // ---- build task Fill script data to settings ----
8-3-2026 02:26:54-debug: Fill script data to settings start, progress: 12%
8-3-2026 02:26:54-debug: // ---- build task Fill script data to settings ---- (4ms)
8-3-2026 02:26:54-log: run build task Fill script data to settings success in 4 ms√, progress: 13%
8-3-2026 02:26:54-debug: [Build Memory track]: Fill script data to settings start:234.51MB, end 234.53MB, increase: 26.20KB
8-3-2026 02:26:54-debug: // ---- build task Sort some build options to settings.json ----
8-3-2026 02:26:54-debug: Sort some build options to settings.json start, progress: 13%
8-3-2026 02:26:54-debug: // ---- build task Sort some build options to settings.json ---- (8ms)
8-3-2026 02:26:54-log: run build task Sort some build options to settings.json success in 8 ms√, progress: 15%
8-3-2026 02:26:54-debug: [Build Memory track]: Sort some build options to settings.json start:234.56MB, end 234.68MB, increase: 126.45KB
8-3-2026 02:26:54-debug: Query all assets info in project
8-3-2026 02:26:54-debug: init custom config: keepNodeUuid: false, useCache: true
8-3-2026 02:26:54-debug: Skip compress image, progress: 0%
8-3-2026 02:26:54-debug: Init all bundles start..., progress: 0%
8-3-2026 02:26:54-debug: Num of bundles: 2..., progress: 0%
8-3-2026 02:26:54-debug: Init bundle root assets start..., progress: 0%
8-3-2026 02:26:54-debug: Query asset bundle start, progress: 0%
8-3-2026 02:26:54-debug: // ---- build task Query asset bundle ----
8-3-2026 02:26:54-debug:   Number of all scenes: 3
8-3-2026 02:26:54-debug:   Number of all scripts: 39
8-3-2026 02:26:54-debug: Query preload assets/scripts from cc.config.json: 60f7195c-ec2a-45eb-ba94-8955f60e81d0,1c02ae6f-4492-4915-b8f8-7492a3b1e4cd,810e96e4-e456-4468-9b59-f4e8f39732c0,efe8e2a3-eace-427b-b4f1-cb8a937ec77d,e9aa9a3e-5b2b-4ac7-a2c7-073de2b2b24f,8bbdbcdd-5cd4-4100-b6d5-b7c9625b6107,50f4348b-c883-4e2f-8f11-ce233b859fa1,fda095cb-831d-4601-ad94-846013963de8,f92806d7-1768-443f-afe8-12bcde84d0f0,dd3a144d-ab7f-41f0-82b8-2e43a090d496,f0416e68-0200-4b77-a926-4f9d16e494da,511d2633-09a7-4bdd-ac42-f778032124b3,5d45aa00-e064-4938-b314-4265f0c2258c,9361fd90-ba52-4f84-aa93-6e878fd576ca,970b0598-bcb0-4714-91fb-2e81440dccd8,bcd64cc6-2dd9-43f6-abbe-66318d332032,d930590d-bb92-4cc8-8bd1-23cd027f9edf,a3cd009f-0ab0-420d-9278-b9fdab939bbc,6a2d0734-bd9e-4ddf-946e-caa52498cb75,d9937e59-61fe-4ec6-92ab-7ac5a19c89b0,d1346436-ac96-4271-b863-1f4fdead95b0,971bdb23-3ff6-43eb-b422-1c30165a3663,17debcc3-0a6b-4b8a-b00b-dc58b885581e,711ebe11-f673-4cd9-9a83-63c60ba54c5b,c0143906-9aed-447e-9436-2ae8512d1b6e,14da1725-c4c2-42b4-ab08-ee0aeb6898b3,081cab31-dccd-428e-8652-f2404cc81c47,78e0584a-4343-4727-8f37-e14e65c2a2db,871c3b6c-7379-419d-bda3-794b239ab90d,ff9b0199-ce04-4cfe-86cc-6c719f08d6e4,de1c2107-70c8-4021-8459-6399f24d01c6,cbf30902-517f-40dc-af90-a550bac27cf1,5c601d96-e4c7-4698-991b-7ee674b11079
8-3-2026 02:26:54-debug: Init bundle root assets success..., progress: 0%
8-3-2026 02:26:54-debug:   Number of other assets: 486
8-3-2026 02:26:54-debug: // ---- build task Query asset bundle ---- (19ms)
8-3-2026 02:26:54-debug: [Build Memory track]: Query asset bundle start:233.60MB, end 234.31MB, increase: 723.56KB
8-3-2026 02:26:54-log: run build task Query asset bundle success in 19 ms√, progress: 5%
8-3-2026 02:26:54-debug: // ---- build task Query asset bundle ----
8-3-2026 02:26:54-debug: Query asset bundle start, progress: 5%
8-3-2026 02:26:54-debug: // ---- build task Query asset bundle ---- (8ms)
8-3-2026 02:26:54-debug: [Build Memory track]: Query asset bundle start:234.33MB, end 234.47MB, increase: 139.50KB
8-3-2026 02:26:54-debug: // ---- build task Sort some build options to settings.json ----
8-3-2026 02:26:54-log: run build task Query asset bundle success in 8 ms√, progress: 10%
8-3-2026 02:26:54-debug: Sort some build options to settings.json start, progress: 10%
8-3-2026 02:26:54-debug: // ---- build task Sort some build options to settings.json ---- (3ms)
8-3-2026 02:26:54-log: run build task Sort some build options to settings.json success in 3 ms√, progress: 12%
8-3-2026 02:26:54-debug: Fill script data to settings start, progress: 12%
8-3-2026 02:26:54-debug: [Build Memory track]: Sort some build options to settings.json start:234.50MB, end 234.52MB, increase: 26.70KB
8-3-2026 02:26:54-debug: // ---- build task Fill script data to settings ----
8-3-2026 02:26:54-debug: // ---- build task Fill script data to settings ---- (2ms)
8-3-2026 02:26:54-log: run build task Fill script data to settings success in 2 ms√, progress: 13%
8-3-2026 02:26:54-debug: Sort some build options to settings.json start, progress: 13%
8-3-2026 02:26:54-debug: [Build Memory track]: Fill script data to settings start:234.55MB, end 234.58MB, increase: 26.25KB
8-3-2026 02:26:54-debug: // ---- build task Sort some build options to settings.json ----
8-3-2026 02:26:54-debug: // ---- build task Sort some build options to settings.json ---- (16ms)
8-3-2026 02:26:54-debug: [Build Memory track]: Sort some build options to settings.json start:234.61MB, end 234.73MB, increase: 127.96KB
8-3-2026 02:26:54-log: run build task Sort some build options to settings.json success in 16 ms√, progress: 15%
8-3-2026 02:26:56-debug: %cImport%c: F:\Github\BattleGame\assets\Test.scenebackground: #aaff85; color: #000;color: #000;
8-3-2026 02:26:56-debug: asset-db:reimport-asset1effe86e-a401-4769-9dbc-62218c68834d (35ms)
8-3-2026 02:26:57-debug: Query all assets info in project
8-3-2026 02:26:57-debug: init custom config: keepNodeUuid: false, useCache: true
8-3-2026 02:26:57-debug: Skip compress image, progress: 0%
8-3-2026 02:26:57-debug: Init all bundles start..., progress: 0%
8-3-2026 02:26:57-debug: Num of bundles: 2..., progress: 0%
8-3-2026 02:26:57-debug: // ---- build task Query asset bundle ----
8-3-2026 02:26:57-debug: Query asset bundle start, progress: 0%
8-3-2026 02:26:57-debug: Init bundle root assets start..., progress: 0%
8-3-2026 02:26:57-debug: Query preload assets/scripts from cc.config.json: 60f7195c-ec2a-45eb-ba94-8955f60e81d0,1c02ae6f-4492-4915-b8f8-7492a3b1e4cd,810e96e4-e456-4468-9b59-f4e8f39732c0,efe8e2a3-eace-427b-b4f1-cb8a937ec77d,e9aa9a3e-5b2b-4ac7-a2c7-073de2b2b24f,8bbdbcdd-5cd4-4100-b6d5-b7c9625b6107,50f4348b-c883-4e2f-8f11-ce233b859fa1,fda095cb-831d-4601-ad94-846013963de8,f92806d7-1768-443f-afe8-12bcde84d0f0,dd3a144d-ab7f-41f0-82b8-2e43a090d496,f0416e68-0200-4b77-a926-4f9d16e494da,511d2633-09a7-4bdd-ac42-f778032124b3,5d45aa00-e064-4938-b314-4265f0c2258c,9361fd90-ba52-4f84-aa93-6e878fd576ca,970b0598-bcb0-4714-91fb-2e81440dccd8,bcd64cc6-2dd9-43f6-abbe-66318d332032,d930590d-bb92-4cc8-8bd1-23cd027f9edf,a3cd009f-0ab0-420d-9278-b9fdab939bbc,6a2d0734-bd9e-4ddf-946e-caa52498cb75,d9937e59-61fe-4ec6-92ab-7ac5a19c89b0,d1346436-ac96-4271-b863-1f4fdead95b0,971bdb23-3ff6-43eb-b422-1c30165a3663,17debcc3-0a6b-4b8a-b00b-dc58b885581e,711ebe11-f673-4cd9-9a83-63c60ba54c5b,c0143906-9aed-447e-9436-2ae8512d1b6e,14da1725-c4c2-42b4-ab08-ee0aeb6898b3,081cab31-dccd-428e-8652-f2404cc81c47,78e0584a-4343-4727-8f37-e14e65c2a2db,871c3b6c-7379-419d-bda3-794b239ab90d,ff9b0199-ce04-4cfe-86cc-6c719f08d6e4,de1c2107-70c8-4021-8459-6399f24d01c6,cbf30902-517f-40dc-af90-a550bac27cf1,5c601d96-e4c7-4698-991b-7ee674b11079
8-3-2026 02:26:57-debug:   Number of all scenes: 3
8-3-2026 02:26:57-debug:   Number of all scripts: 39
8-3-2026 02:26:57-debug: Init bundle root assets success..., progress: 0%
8-3-2026 02:26:57-debug:   Number of other assets: 486
8-3-2026 02:26:57-debug: // ---- build task Query asset bundle ---- (13ms)
8-3-2026 02:26:57-log: run build task Query asset bundle success in 13 ms√, progress: 5%
8-3-2026 02:26:57-debug: [Build Memory track]: Query asset bundle start:235.28MB, end 234.09MB, increase: -1216.70KB
8-3-2026 02:26:57-debug: // ---- build task Query asset bundle ----
8-3-2026 02:26:57-debug: Query asset bundle start, progress: 5%
8-3-2026 02:26:57-debug: // ---- build task Query asset bundle ---- (3ms)
8-3-2026 02:26:57-log: run build task Query asset bundle success in 3 ms√, progress: 10%
8-3-2026 02:26:57-debug: [Build Memory track]: Query asset bundle start:234.12MB, end 234.25MB, increase: 139.51KB
8-3-2026 02:26:57-debug: Sort some build options to settings.json start, progress: 10%
8-3-2026 02:26:57-debug: // ---- build task Sort some build options to settings.json ----
8-3-2026 02:26:57-debug: // ---- build task Sort some build options to settings.json ---- (3ms)
8-3-2026 02:26:57-log: run build task Sort some build options to settings.json success in 3 ms√, progress: 12%
8-3-2026 02:26:57-debug: [Build Memory track]: Sort some build options to settings.json start:234.28MB, end 234.31MB, increase: 26.80KB
8-3-2026 02:26:57-debug: Fill script data to settings start, progress: 12%
8-3-2026 02:26:57-debug: // ---- build task Fill script data to settings ----
8-3-2026 02:26:57-debug: // ---- build task Fill script data to settings ---- (3ms)
8-3-2026 02:26:57-debug: [Build Memory track]: Fill script data to settings start:234.34MB, end 234.36MB, increase: 26.11KB
8-3-2026 02:26:57-log: run build task Fill script data to settings success in 3 ms√, progress: 13%
8-3-2026 02:26:57-debug: Sort some build options to settings.json start, progress: 13%
8-3-2026 02:26:57-debug: // ---- build task Sort some build options to settings.json ----
8-3-2026 02:26:57-log: run build task Sort some build options to settings.json success in 7 ms√, progress: 15%
8-3-2026 02:26:57-debug: [Build Memory track]: Sort some build options to settings.json start:234.39MB, end 234.53MB, increase: 145.01KB
8-3-2026 02:26:57-debug: // ---- build task Sort some build options to settings.json ---- (7ms)
8-3-2026 02:26:57-debug: Query all assets info in project
8-3-2026 02:26:57-debug: init custom config: keepNodeUuid: false, useCache: true
8-3-2026 02:26:57-debug: Skip compress image, progress: 0%
8-3-2026 02:26:57-debug: Init all bundles start..., progress: 0%
8-3-2026 02:26:57-debug: Init bundle root assets start..., progress: 0%
8-3-2026 02:26:57-debug: // ---- build task Query asset bundle ----
8-3-2026 02:26:57-debug: Num of bundles: 2..., progress: 0%
8-3-2026 02:26:57-debug: Query asset bundle start, progress: 0%
8-3-2026 02:26:57-debug: Query preload assets/scripts from cc.config.json: 60f7195c-ec2a-45eb-ba94-8955f60e81d0,1c02ae6f-4492-4915-b8f8-7492a3b1e4cd,810e96e4-e456-4468-9b59-f4e8f39732c0,efe8e2a3-eace-427b-b4f1-cb8a937ec77d,e9aa9a3e-5b2b-4ac7-a2c7-073de2b2b24f,8bbdbcdd-5cd4-4100-b6d5-b7c9625b6107,50f4348b-c883-4e2f-8f11-ce233b859fa1,fda095cb-831d-4601-ad94-846013963de8,f92806d7-1768-443f-afe8-12bcde84d0f0,dd3a144d-ab7f-41f0-82b8-2e43a090d496,f0416e68-0200-4b77-a926-4f9d16e494da,511d2633-09a7-4bdd-ac42-f778032124b3,5d45aa00-e064-4938-b314-4265f0c2258c,9361fd90-ba52-4f84-aa93-6e878fd576ca,970b0598-bcb0-4714-91fb-2e81440dccd8,bcd64cc6-2dd9-43f6-abbe-66318d332032,d930590d-bb92-4cc8-8bd1-23cd027f9edf,a3cd009f-0ab0-420d-9278-b9fdab939bbc,6a2d0734-bd9e-4ddf-946e-caa52498cb75,d9937e59-61fe-4ec6-92ab-7ac5a19c89b0,d1346436-ac96-4271-b863-1f4fdead95b0,971bdb23-3ff6-43eb-b422-1c30165a3663,17debcc3-0a6b-4b8a-b00b-dc58b885581e,711ebe11-f673-4cd9-9a83-63c60ba54c5b,c0143906-9aed-447e-9436-2ae8512d1b6e,14da1725-c4c2-42b4-ab08-ee0aeb6898b3,081cab31-dccd-428e-8652-f2404cc81c47,78e0584a-4343-4727-8f37-e14e65c2a2db,871c3b6c-7379-419d-bda3-794b239ab90d,ff9b0199-ce04-4cfe-86cc-6c719f08d6e4,de1c2107-70c8-4021-8459-6399f24d01c6,cbf30902-517f-40dc-af90-a550bac27cf1,5c601d96-e4c7-4698-991b-7ee674b11079
8-3-2026 02:26:57-debug:   Number of all scripts: 39
8-3-2026 02:26:57-debug:   Number of other assets: 486
8-3-2026 02:26:57-debug: Init bundle root assets success..., progress: 0%
8-3-2026 02:26:57-debug:   Number of all scenes: 3
8-3-2026 02:26:57-debug: // ---- build task Query asset bundle ---- (8ms)
8-3-2026 02:26:57-debug: [Build Memory track]: Query asset bundle start:234.98MB, end 234.12MB, increase: -887.57KB
8-3-2026 02:26:57-log: run build task Query asset bundle success in 8 ms√, progress: 5%
8-3-2026 02:26:57-debug: Query asset bundle start, progress: 5%
8-3-2026 02:26:57-debug: // ---- build task Query asset bundle ----
8-3-2026 02:26:57-debug: // ---- build task Query asset bundle ---- (3ms)
8-3-2026 02:26:57-log: run build task Query asset bundle success in 3 ms√, progress: 10%
8-3-2026 02:26:57-debug: Sort some build options to settings.json start, progress: 10%
8-3-2026 02:26:57-debug: [Build Memory track]: Query asset bundle start:234.14MB, end 234.30MB, increase: 155.52KB
8-3-2026 02:26:57-debug: // ---- build task Sort some build options to settings.json ----
8-3-2026 02:26:57-debug: // ---- build task Sort some build options to settings.json ---- (2ms)
8-3-2026 02:26:57-debug: // ---- build task Fill script data to settings ----
8-3-2026 02:26:57-log: run build task Sort some build options to settings.json success in 2 ms√, progress: 12%
8-3-2026 02:26:57-debug: [Build Memory track]: Sort some build options to settings.json start:234.32MB, end 234.35MB, increase: 26.77KB
8-3-2026 02:26:57-debug: Fill script data to settings start, progress: 12%
8-3-2026 02:26:57-debug: // ---- build task Fill script data to settings ---- (1ms)
8-3-2026 02:26:57-log: run build task Fill script data to settings success in 1 ms√, progress: 13%
8-3-2026 02:26:57-debug: [Build Memory track]: Fill script data to settings start:234.38MB, end 234.40MB, increase: 26.11KB
8-3-2026 02:26:57-debug: Sort some build options to settings.json start, progress: 13%
8-3-2026 02:26:57-debug: // ---- build task Sort some build options to settings.json ----
8-3-2026 02:26:57-debug: // ---- build task Sort some build options to settings.json ---- (6ms)
8-3-2026 02:26:57-log: run build task Sort some build options to settings.json success in 6 ms√, progress: 15%
8-3-2026 02:26:57-debug: [Build Memory track]: Sort some build options to settings.json start:234.43MB, end 234.57MB, increase: 142.75KB
8-3-2026 02:27:07-debug: Query all assets info in project
8-3-2026 02:27:07-debug: init custom config: keepNodeUuid: false, useCache: true
8-3-2026 02:27:07-debug: Skip compress image, progress: 0%
8-3-2026 02:27:07-debug: Init all bundles start..., progress: 0%
8-3-2026 02:27:07-debug: Num of bundles: 2..., progress: 0%
8-3-2026 02:27:07-debug: // ---- build task Query asset bundle ----
8-3-2026 02:27:07-debug: Init bundle root assets start..., progress: 0%
8-3-2026 02:27:07-debug: Query asset bundle start, progress: 0%
8-3-2026 02:27:07-debug: Query preload assets/scripts from cc.config.json: 60f7195c-ec2a-45eb-ba94-8955f60e81d0,1c02ae6f-4492-4915-b8f8-7492a3b1e4cd,810e96e4-e456-4468-9b59-f4e8f39732c0,efe8e2a3-eace-427b-b4f1-cb8a937ec77d,e9aa9a3e-5b2b-4ac7-a2c7-073de2b2b24f,8bbdbcdd-5cd4-4100-b6d5-b7c9625b6107,50f4348b-c883-4e2f-8f11-ce233b859fa1,fda095cb-831d-4601-ad94-846013963de8,f92806d7-1768-443f-afe8-12bcde84d0f0,dd3a144d-ab7f-41f0-82b8-2e43a090d496,f0416e68-0200-4b77-a926-4f9d16e494da,511d2633-09a7-4bdd-ac42-f778032124b3,5d45aa00-e064-4938-b314-4265f0c2258c,9361fd90-ba52-4f84-aa93-6e878fd576ca,970b0598-bcb0-4714-91fb-2e81440dccd8,bcd64cc6-2dd9-43f6-abbe-66318d332032,d930590d-bb92-4cc8-8bd1-23cd027f9edf,a3cd009f-0ab0-420d-9278-b9fdab939bbc,6a2d0734-bd9e-4ddf-946e-caa52498cb75,d9937e59-61fe-4ec6-92ab-7ac5a19c89b0,d1346436-ac96-4271-b863-1f4fdead95b0,971bdb23-3ff6-43eb-b422-1c30165a3663,17debcc3-0a6b-4b8a-b00b-dc58b885581e,711ebe11-f673-4cd9-9a83-63c60ba54c5b,c0143906-9aed-447e-9436-2ae8512d1b6e,14da1725-c4c2-42b4-ab08-ee0aeb6898b3,081cab31-dccd-428e-8652-f2404cc81c47,78e0584a-4343-4727-8f37-e14e65c2a2db,871c3b6c-7379-419d-bda3-794b239ab90d,ff9b0199-ce04-4cfe-86cc-6c719f08d6e4,de1c2107-70c8-4021-8459-6399f24d01c6,cbf30902-517f-40dc-af90-a550bac27cf1,5c601d96-e4c7-4698-991b-7ee674b11079
8-3-2026 02:27:07-debug:   Number of all scripts: 39
8-3-2026 02:27:07-debug:   Number of other assets: 486
8-3-2026 02:27:07-debug: Init bundle root assets success..., progress: 0%
8-3-2026 02:27:07-debug:   Number of all scenes: 3
8-3-2026 02:27:07-debug: // ---- build task Query asset bundle ---- (12ms)
8-3-2026 02:27:07-log: run build task Query asset bundle success in 12 ms√, progress: 5%
8-3-2026 02:27:07-debug: Query asset bundle start, progress: 5%
8-3-2026 02:27:07-debug: [Build Memory track]: Query asset bundle start:234.32MB, end 235.03MB, increase: 727.55KB
8-3-2026 02:27:07-debug: // ---- build task Query asset bundle ----
8-3-2026 02:27:07-debug: // ---- build task Query asset bundle ---- (10ms)
8-3-2026 02:27:07-log: run build task Query asset bundle success in 10 ms√, progress: 10%
8-3-2026 02:27:07-debug: [Build Memory track]: Query asset bundle start:235.06MB, end 234.31MB, increase: -772.17KB
8-3-2026 02:27:07-debug: Sort some build options to settings.json start, progress: 10%
8-3-2026 02:27:07-debug: // ---- build task Sort some build options to settings.json ----
8-3-2026 02:27:07-debug: // ---- build task Sort some build options to settings.json ---- (5ms)
8-3-2026 02:27:07-log: run build task Sort some build options to settings.json success in 5 ms√, progress: 12%
8-3-2026 02:27:07-debug: [Build Memory track]: Sort some build options to settings.json start:234.33MB, end 234.36MB, increase: 26.77KB
8-3-2026 02:27:07-debug: Fill script data to settings start, progress: 12%
8-3-2026 02:27:07-debug: // ---- build task Fill script data to settings ----
8-3-2026 02:27:07-debug: // ---- build task Fill script data to settings ---- (3ms)
8-3-2026 02:27:07-log: run build task Fill script data to settings success in 3 ms√, progress: 13%
8-3-2026 02:27:07-debug: [Build Memory track]: Fill script data to settings start:234.39MB, end 234.41MB, increase: 26.18KB
8-3-2026 02:27:07-debug: // ---- build task Sort some build options to settings.json ----
8-3-2026 02:27:07-debug: Sort some build options to settings.json start, progress: 13%
8-3-2026 02:27:07-debug: // ---- build task Sort some build options to settings.json ---- (11ms)
8-3-2026 02:27:07-log: run build task Sort some build options to settings.json success in 11 ms√, progress: 15%
8-3-2026 02:27:07-debug: [Build Memory track]: Sort some build options to settings.json start:234.44MB, end 234.56MB, increase: 126.68KB
8-3-2026 02:27:26-debug: Query all assets info in project
8-3-2026 02:27:26-debug: init custom config: keepNodeUuid: false, useCache: true
8-3-2026 02:27:26-debug: Skip compress image, progress: 0%
8-3-2026 02:27:26-debug: Init all bundles start..., progress: 0%
8-3-2026 02:27:26-debug: // ---- build task Query asset bundle ----
8-3-2026 02:27:26-debug: Num of bundles: 2..., progress: 0%
8-3-2026 02:27:26-debug: Query asset bundle start, progress: 0%
8-3-2026 02:27:26-debug: Init bundle root assets start..., progress: 0%
8-3-2026 02:27:26-debug: Query preload assets/scripts from cc.config.json: 60f7195c-ec2a-45eb-ba94-8955f60e81d0,1c02ae6f-4492-4915-b8f8-7492a3b1e4cd,810e96e4-e456-4468-9b59-f4e8f39732c0,efe8e2a3-eace-427b-b4f1-cb8a937ec77d,e9aa9a3e-5b2b-4ac7-a2c7-073de2b2b24f,8bbdbcdd-5cd4-4100-b6d5-b7c9625b6107,50f4348b-c883-4e2f-8f11-ce233b859fa1,fda095cb-831d-4601-ad94-846013963de8,f92806d7-1768-443f-afe8-12bcde84d0f0,dd3a144d-ab7f-41f0-82b8-2e43a090d496,f0416e68-0200-4b77-a926-4f9d16e494da,511d2633-09a7-4bdd-ac42-f778032124b3,5d45aa00-e064-4938-b314-4265f0c2258c,9361fd90-ba52-4f84-aa93-6e878fd576ca,970b0598-bcb0-4714-91fb-2e81440dccd8,bcd64cc6-2dd9-43f6-abbe-66318d332032,d930590d-bb92-4cc8-8bd1-23cd027f9edf,a3cd009f-0ab0-420d-9278-b9fdab939bbc,6a2d0734-bd9e-4ddf-946e-caa52498cb75,d9937e59-61fe-4ec6-92ab-7ac5a19c89b0,d1346436-ac96-4271-b863-1f4fdead95b0,971bdb23-3ff6-43eb-b422-1c30165a3663,17debcc3-0a6b-4b8a-b00b-dc58b885581e,711ebe11-f673-4cd9-9a83-63c60ba54c5b,c0143906-9aed-447e-9436-2ae8512d1b6e,14da1725-c4c2-42b4-ab08-ee0aeb6898b3,081cab31-dccd-428e-8652-f2404cc81c47,78e0584a-4343-4727-8f37-e14e65c2a2db,871c3b6c-7379-419d-bda3-794b239ab90d,ff9b0199-ce04-4cfe-86cc-6c719f08d6e4,de1c2107-70c8-4021-8459-6399f24d01c6,cbf30902-517f-40dc-af90-a550bac27cf1,5c601d96-e4c7-4698-991b-7ee674b11079
8-3-2026 02:27:26-debug:   Number of all scripts: 39
8-3-2026 02:27:26-debug: Init bundle root assets success..., progress: 0%
8-3-2026 02:27:26-debug:   Number of other assets: 486
8-3-2026 02:27:26-debug:   Number of all scenes: 3
8-3-2026 02:27:26-debug: // ---- build task Query asset bundle ---- (13ms)
8-3-2026 02:27:26-debug: [Build Memory track]: Query asset bundle start:234.47MB, end 234.36MB, increase: -116.21KB
8-3-2026 02:27:26-debug: // ---- build task Query asset bundle ----
8-3-2026 02:27:26-log: run build task Query asset bundle success in 13 ms√, progress: 5%
8-3-2026 02:27:26-debug: Query asset bundle start, progress: 5%
8-3-2026 02:27:26-debug: // ---- build task Query asset bundle ---- (8ms)
8-3-2026 02:27:26-log: run build task Query asset bundle success in 8 ms√, progress: 10%
8-3-2026 02:27:26-debug: [Build Memory track]: Query asset bundle start:234.39MB, end 234.53MB, increase: 143.05KB
8-3-2026 02:27:26-debug: Sort some build options to settings.json start, progress: 10%
8-3-2026 02:27:26-debug: // ---- build task Sort some build options to settings.json ----
8-3-2026 02:27:26-debug: // ---- build task Sort some build options to settings.json ---- (6ms)
8-3-2026 02:27:26-log: run build task Sort some build options to settings.json success in 6 ms√, progress: 12%
8-3-2026 02:27:26-debug: [Build Memory track]: Sort some build options to settings.json start:234.55MB, end 234.58MB, increase: 26.80KB
8-3-2026 02:27:26-debug: Fill script data to settings start, progress: 12%
8-3-2026 02:27:26-debug: // ---- build task Fill script data to settings ----
8-3-2026 02:27:26-debug: // ---- build task Fill script data to settings ---- (2ms)
8-3-2026 02:27:26-log: run build task Fill script data to settings success in 2 ms√, progress: 13%
8-3-2026 02:27:26-debug: [Build Memory track]: Fill script data to settings start:234.61MB, end 234.64MB, increase: 28.32KB
8-3-2026 02:27:26-debug: Sort some build options to settings.json start, progress: 13%
8-3-2026 02:27:26-debug: // ---- build task Sort some build options to settings.json ----
8-3-2026 02:27:26-debug: // ---- build task Sort some build options to settings.json ---- (16ms)
8-3-2026 02:27:26-debug: [Build Memory track]: Sort some build options to settings.json start:234.66MB, end 234.79MB, increase: 126.88KB
8-3-2026 02:27:26-log: run build task Sort some build options to settings.json success in 16 ms√, progress: 15%
8-3-2026 02:27:44-debug: Query all assets info in project
8-3-2026 02:27:44-debug: init custom config: keepNodeUuid: false, useCache: true
8-3-2026 02:27:44-debug: Skip compress image, progress: 0%
8-3-2026 02:27:44-debug: Init all bundles start..., progress: 0%
8-3-2026 02:27:44-debug: Query asset bundle start, progress: 0%
8-3-2026 02:27:44-debug: // ---- build task Query asset bundle ----
8-3-2026 02:27:44-debug: Num of bundles: 2..., progress: 0%
8-3-2026 02:27:44-debug: Init bundle root assets start..., progress: 0%
8-3-2026 02:27:44-debug: Query preload assets/scripts from cc.config.json: 60f7195c-ec2a-45eb-ba94-8955f60e81d0,1c02ae6f-4492-4915-b8f8-7492a3b1e4cd,810e96e4-e456-4468-9b59-f4e8f39732c0,efe8e2a3-eace-427b-b4f1-cb8a937ec77d,e9aa9a3e-5b2b-4ac7-a2c7-073de2b2b24f,8bbdbcdd-5cd4-4100-b6d5-b7c9625b6107,50f4348b-c883-4e2f-8f11-ce233b859fa1,fda095cb-831d-4601-ad94-846013963de8,f92806d7-1768-443f-afe8-12bcde84d0f0,dd3a144d-ab7f-41f0-82b8-2e43a090d496,f0416e68-0200-4b77-a926-4f9d16e494da,511d2633-09a7-4bdd-ac42-f778032124b3,5d45aa00-e064-4938-b314-4265f0c2258c,9361fd90-ba52-4f84-aa93-6e878fd576ca,970b0598-bcb0-4714-91fb-2e81440dccd8,bcd64cc6-2dd9-43f6-abbe-66318d332032,d930590d-bb92-4cc8-8bd1-23cd027f9edf,a3cd009f-0ab0-420d-9278-b9fdab939bbc,6a2d0734-bd9e-4ddf-946e-caa52498cb75,d9937e59-61fe-4ec6-92ab-7ac5a19c89b0,d1346436-ac96-4271-b863-1f4fdead95b0,971bdb23-3ff6-43eb-b422-1c30165a3663,17debcc3-0a6b-4b8a-b00b-dc58b885581e,711ebe11-f673-4cd9-9a83-63c60ba54c5b,c0143906-9aed-447e-9436-2ae8512d1b6e,14da1725-c4c2-42b4-ab08-ee0aeb6898b3,081cab31-dccd-428e-8652-f2404cc81c47,78e0584a-4343-4727-8f37-e14e65c2a2db,871c3b6c-7379-419d-bda3-794b239ab90d,ff9b0199-ce04-4cfe-86cc-6c719f08d6e4,de1c2107-70c8-4021-8459-6399f24d01c6,cbf30902-517f-40dc-af90-a550bac27cf1,5c601d96-e4c7-4698-991b-7ee674b11079
8-3-2026 02:27:44-debug:   Number of all scripts: 39
8-3-2026 02:27:44-debug:   Number of other assets: 486
8-3-2026 02:27:44-debug: Init bundle root assets success..., progress: 0%
8-3-2026 02:27:44-debug:   Number of all scenes: 3
8-3-2026 02:27:44-log: run build task Query asset bundle success in 11 ms√, progress: 5%
8-3-2026 02:27:44-debug: [Build Memory track]: Query asset bundle start:234.67MB, end 234.53MB, increase: -144.41KB
8-3-2026 02:27:44-debug: // ---- build task Query asset bundle ---- (11ms)
8-3-2026 02:27:44-debug: Query asset bundle start, progress: 5%
8-3-2026 02:27:44-debug: // ---- build task Query asset bundle ----
8-3-2026 02:27:44-debug: // ---- build task Query asset bundle ---- (7ms)
8-3-2026 02:27:44-log: run build task Query asset bundle success in 7 ms√, progress: 10%
8-3-2026 02:27:44-debug: [Build Memory track]: Query asset bundle start:234.55MB, end 234.69MB, increase: 139.86KB
8-3-2026 02:27:44-debug: Sort some build options to settings.json start, progress: 10%
8-3-2026 02:27:44-debug: // ---- build task Sort some build options to settings.json ----
8-3-2026 02:27:44-debug: // ---- build task Sort some build options to settings.json ---- (3ms)
8-3-2026 02:27:44-log: run build task Sort some build options to settings.json success in 3 ms√, progress: 12%
8-3-2026 02:27:44-debug: [Build Memory track]: Sort some build options to settings.json start:234.72MB, end 234.74MB, increase: 26.91KB
8-3-2026 02:27:44-debug: Fill script data to settings start, progress: 12%
8-3-2026 02:27:44-debug: // ---- build task Fill script data to settings ----
8-3-2026 02:27:44-log: run build task Fill script data to settings success in 2 ms√, progress: 13%
8-3-2026 02:27:44-debug: // ---- build task Fill script data to settings ---- (2ms)
8-3-2026 02:27:44-debug: [Build Memory track]: Fill script data to settings start:234.77MB, end 234.80MB, increase: 26.36KB
8-3-2026 02:27:44-debug: Sort some build options to settings.json start, progress: 13%
8-3-2026 02:27:44-debug: // ---- build task Sort some build options to settings.json ----
8-3-2026 02:27:44-debug: // ---- build task Sort some build options to settings.json ---- (16ms)
8-3-2026 02:27:44-log: run build task Sort some build options to settings.json success in 16 ms√, progress: 15%
8-3-2026 02:27:44-debug: [Build Memory track]: Sort some build options to settings.json start:234.83MB, end 234.95MB, increase: 126.87KB
8-3-2026 02:28:03-debug: Query all assets info in project
8-3-2026 02:28:03-debug: init custom config: keepNodeUuid: false, useCache: true
8-3-2026 02:28:03-debug: Skip compress image, progress: 0%
8-3-2026 02:28:03-debug: Init all bundles start..., progress: 0%
8-3-2026 02:28:03-debug: Num of bundles: 2..., progress: 0%
8-3-2026 02:28:03-debug: Query asset bundle start, progress: 0%
8-3-2026 02:28:03-debug: // ---- build task Query asset bundle ----
8-3-2026 02:28:03-debug: Init bundle root assets start..., progress: 0%
8-3-2026 02:28:03-debug: Query preload assets/scripts from cc.config.json: 60f7195c-ec2a-45eb-ba94-8955f60e81d0,1c02ae6f-4492-4915-b8f8-7492a3b1e4cd,810e96e4-e456-4468-9b59-f4e8f39732c0,efe8e2a3-eace-427b-b4f1-cb8a937ec77d,e9aa9a3e-5b2b-4ac7-a2c7-073de2b2b24f,8bbdbcdd-5cd4-4100-b6d5-b7c9625b6107,50f4348b-c883-4e2f-8f11-ce233b859fa1,fda095cb-831d-4601-ad94-846013963de8,f92806d7-1768-443f-afe8-12bcde84d0f0,dd3a144d-ab7f-41f0-82b8-2e43a090d496,f0416e68-0200-4b77-a926-4f9d16e494da,511d2633-09a7-4bdd-ac42-f778032124b3,5d45aa00-e064-4938-b314-4265f0c2258c,9361fd90-ba52-4f84-aa93-6e878fd576ca,970b0598-bcb0-4714-91fb-2e81440dccd8,bcd64cc6-2dd9-43f6-abbe-66318d332032,d930590d-bb92-4cc8-8bd1-23cd027f9edf,a3cd009f-0ab0-420d-9278-b9fdab939bbc,6a2d0734-bd9e-4ddf-946e-caa52498cb75,d9937e59-61fe-4ec6-92ab-7ac5a19c89b0,d1346436-ac96-4271-b863-1f4fdead95b0,971bdb23-3ff6-43eb-b422-1c30165a3663,17debcc3-0a6b-4b8a-b00b-dc58b885581e,711ebe11-f673-4cd9-9a83-63c60ba54c5b,c0143906-9aed-447e-9436-2ae8512d1b6e,14da1725-c4c2-42b4-ab08-ee0aeb6898b3,081cab31-dccd-428e-8652-f2404cc81c47,78e0584a-4343-4727-8f37-e14e65c2a2db,871c3b6c-7379-419d-bda3-794b239ab90d,ff9b0199-ce04-4cfe-86cc-6c719f08d6e4,de1c2107-70c8-4021-8459-6399f24d01c6,cbf30902-517f-40dc-af90-a550bac27cf1,5c601d96-e4c7-4698-991b-7ee674b11079
8-3-2026 02:28:03-debug:   Number of all scripts: 39
8-3-2026 02:28:03-debug:   Number of other assets: 486
8-3-2026 02:28:03-debug: Init bundle root assets success..., progress: 0%
8-3-2026 02:28:03-debug:   Number of all scenes: 3
8-3-2026 02:28:03-debug: // ---- build task Query asset bundle ---- (14ms)
8-3-2026 02:28:03-log: run build task Query asset bundle success in 14 ms√, progress: 5%
8-3-2026 02:28:03-debug: [Build Memory track]: Query asset bundle start:234.77MB, end 234.66MB, increase: -112.64KB
8-3-2026 02:28:03-debug: Query asset bundle start, progress: 5%
8-3-2026 02:28:03-debug: // ---- build task Query asset bundle ----
8-3-2026 02:28:03-debug: // ---- build task Query asset bundle ---- (9ms)
8-3-2026 02:28:03-debug: [Build Memory track]: Query asset bundle start:234.69MB, end 234.83MB, increase: 139.65KB
8-3-2026 02:28:03-log: run build task Query asset bundle success in 9 ms√, progress: 10%
8-3-2026 02:28:03-debug: Sort some build options to settings.json start, progress: 10%
8-3-2026 02:28:03-debug: // ---- build task Sort some build options to settings.json ----
8-3-2026 02:28:03-log: run build task Sort some build options to settings.json success in 5 ms√, progress: 12%
8-3-2026 02:28:03-debug: [Build Memory track]: Sort some build options to settings.json start:234.86MB, end 234.88MB, increase: 26.86KB
8-3-2026 02:28:03-debug: Fill script data to settings start, progress: 12%
8-3-2026 02:28:03-debug: // ---- build task Sort some build options to settings.json ---- (5ms)
8-3-2026 02:28:03-debug: // ---- build task Fill script data to settings ----
8-3-2026 02:28:03-debug: // ---- build task Fill script data to settings ---- (2ms)
8-3-2026 02:28:03-debug: Sort some build options to settings.json start, progress: 13%
8-3-2026 02:28:03-debug: [Build Memory track]: Fill script data to settings start:234.91MB, end 234.93MB, increase: 26.20KB
8-3-2026 02:28:03-log: run build task Fill script data to settings success in 2 ms√, progress: 13%
8-3-2026 02:28:03-debug: // ---- build task Sort some build options to settings.json ----
8-3-2026 02:28:03-debug: // ---- build task Sort some build options to settings.json ---- (17ms)
8-3-2026 02:28:03-log: run build task Sort some build options to settings.json success in 17 ms√, progress: 15%
8-3-2026 02:28:03-debug: [Build Memory track]: Sort some build options to settings.json start:234.96MB, end 235.09MB, increase: 126.82KB
8-3-2026 02:28:23-debug: Query all assets info in project
8-3-2026 02:28:23-debug: init custom config: keepNodeUuid: false, useCache: true
8-3-2026 02:28:23-debug: Skip compress image, progress: 0%
8-3-2026 02:28:23-debug: Init all bundles start..., progress: 0%
8-3-2026 02:28:23-debug: Num of bundles: 2..., progress: 0%
8-3-2026 02:28:23-debug: Query asset bundle start, progress: 0%
8-3-2026 02:28:23-debug: // ---- build task Query asset bundle ----
8-3-2026 02:28:23-debug: Init bundle root assets start..., progress: 0%
8-3-2026 02:28:23-debug: Query preload assets/scripts from cc.config.json: 60f7195c-ec2a-45eb-ba94-8955f60e81d0,1c02ae6f-4492-4915-b8f8-7492a3b1e4cd,810e96e4-e456-4468-9b59-f4e8f39732c0,efe8e2a3-eace-427b-b4f1-cb8a937ec77d,e9aa9a3e-5b2b-4ac7-a2c7-073de2b2b24f,8bbdbcdd-5cd4-4100-b6d5-b7c9625b6107,50f4348b-c883-4e2f-8f11-ce233b859fa1,fda095cb-831d-4601-ad94-846013963de8,f92806d7-1768-443f-afe8-12bcde84d0f0,dd3a144d-ab7f-41f0-82b8-2e43a090d496,f0416e68-0200-4b77-a926-4f9d16e494da,511d2633-09a7-4bdd-ac42-f778032124b3,5d45aa00-e064-4938-b314-4265f0c2258c,9361fd90-ba52-4f84-aa93-6e878fd576ca,970b0598-bcb0-4714-91fb-2e81440dccd8,bcd64cc6-2dd9-43f6-abbe-66318d332032,d930590d-bb92-4cc8-8bd1-23cd027f9edf,a3cd009f-0ab0-420d-9278-b9fdab939bbc,6a2d0734-bd9e-4ddf-946e-caa52498cb75,d9937e59-61fe-4ec6-92ab-7ac5a19c89b0,d1346436-ac96-4271-b863-1f4fdead95b0,971bdb23-3ff6-43eb-b422-1c30165a3663,17debcc3-0a6b-4b8a-b00b-dc58b885581e,711ebe11-f673-4cd9-9a83-63c60ba54c5b,c0143906-9aed-447e-9436-2ae8512d1b6e,14da1725-c4c2-42b4-ab08-ee0aeb6898b3,081cab31-dccd-428e-8652-f2404cc81c47,78e0584a-4343-4727-8f37-e14e65c2a2db,871c3b6c-7379-419d-bda3-794b239ab90d,ff9b0199-ce04-4cfe-86cc-6c719f08d6e4,de1c2107-70c8-4021-8459-6399f24d01c6,cbf30902-517f-40dc-af90-a550bac27cf1,5c601d96-e4c7-4698-991b-7ee674b11079
8-3-2026 02:28:23-debug:   Number of other assets: 486
8-3-2026 02:28:23-debug:   Number of all scenes: 3
8-3-2026 02:28:23-debug: Init bundle root assets success..., progress: 0%
8-3-2026 02:28:23-debug:   Number of all scripts: 39
8-3-2026 02:28:23-debug: // ---- build task Query asset bundle ---- (10ms)
8-3-2026 02:28:23-log: run build task Query asset bundle success in 10 ms√, progress: 5%
8-3-2026 02:28:23-debug: [Build Memory track]: Query asset bundle start:234.91MB, end 234.81MB, increase: -111.55KB
8-3-2026 02:28:23-debug: Query asset bundle start, progress: 5%
8-3-2026 02:28:23-debug: // ---- build task Query asset bundle ----
8-3-2026 02:28:23-debug: // ---- build task Query asset bundle ---- (6ms)
8-3-2026 02:28:23-log: run build task Query asset bundle success in 6 ms√, progress: 10%
8-3-2026 02:28:23-debug: [Build Memory track]: Query asset bundle start:234.83MB, end 234.97MB, increase: 139.65KB
8-3-2026 02:28:23-debug: Sort some build options to settings.json start, progress: 10%
8-3-2026 02:28:23-debug: // ---- build task Sort some build options to settings.json ----
8-3-2026 02:28:23-debug: // ---- build task Sort some build options to settings.json ---- (2ms)
8-3-2026 02:28:23-log: run build task Sort some build options to settings.json success in 2 ms√, progress: 12%
8-3-2026 02:28:23-debug: [Build Memory track]: Sort some build options to settings.json start:235.00MB, end 235.02MB, increase: 26.83KB
8-3-2026 02:28:23-debug: Fill script data to settings start, progress: 12%
8-3-2026 02:28:23-debug: // ---- build task Fill script data to settings ----
8-3-2026 02:28:23-debug: // ---- build task Fill script data to settings ---- (4ms)
8-3-2026 02:28:23-log: run build task Fill script data to settings success in 4 ms√, progress: 13%
8-3-2026 02:28:23-debug: [Build Memory track]: Fill script data to settings start:235.05MB, end 235.08MB, increase: 26.17KB
8-3-2026 02:28:23-debug: // ---- build task Sort some build options to settings.json ----
8-3-2026 02:28:23-debug: Sort some build options to settings.json start, progress: 13%
8-3-2026 02:28:23-debug: // ---- build task Sort some build options to settings.json ---- (15ms)
8-3-2026 02:28:23-log: run build task Sort some build options to settings.json success in 15 ms√, progress: 15%
8-3-2026 02:28:23-debug: [Build Memory track]: Sort some build options to settings.json start:235.11MB, end 235.23MB, increase: 126.77KB
8-3-2026 02:28:44-debug: Query all assets info in project
8-3-2026 02:28:44-debug: init custom config: keepNodeUuid: false, useCache: true
8-3-2026 02:28:44-debug: Skip compress image, progress: 0%
8-3-2026 02:28:44-debug: Init all bundles start..., progress: 0%
8-3-2026 02:28:45-debug: Query asset bundle start, progress: 0%
8-3-2026 02:28:45-debug: // ---- build task Query asset bundle ----
8-3-2026 02:28:45-debug: Num of bundles: 2..., progress: 0%
8-3-2026 02:28:45-debug: Init bundle root assets start..., progress: 0%
8-3-2026 02:28:45-debug: Query preload assets/scripts from cc.config.json: 60f7195c-ec2a-45eb-ba94-8955f60e81d0,1c02ae6f-4492-4915-b8f8-7492a3b1e4cd,810e96e4-e456-4468-9b59-f4e8f39732c0,efe8e2a3-eace-427b-b4f1-cb8a937ec77d,e9aa9a3e-5b2b-4ac7-a2c7-073de2b2b24f,8bbdbcdd-5cd4-4100-b6d5-b7c9625b6107,50f4348b-c883-4e2f-8f11-ce233b859fa1,fda095cb-831d-4601-ad94-846013963de8,f92806d7-1768-443f-afe8-12bcde84d0f0,dd3a144d-ab7f-41f0-82b8-2e43a090d496,f0416e68-0200-4b77-a926-4f9d16e494da,511d2633-09a7-4bdd-ac42-f778032124b3,5d45aa00-e064-4938-b314-4265f0c2258c,9361fd90-ba52-4f84-aa93-6e878fd576ca,970b0598-bcb0-4714-91fb-2e81440dccd8,bcd64cc6-2dd9-43f6-abbe-66318d332032,d930590d-bb92-4cc8-8bd1-23cd027f9edf,a3cd009f-0ab0-420d-9278-b9fdab939bbc,6a2d0734-bd9e-4ddf-946e-caa52498cb75,d9937e59-61fe-4ec6-92ab-7ac5a19c89b0,d1346436-ac96-4271-b863-1f4fdead95b0,971bdb23-3ff6-43eb-b422-1c30165a3663,17debcc3-0a6b-4b8a-b00b-dc58b885581e,711ebe11-f673-4cd9-9a83-63c60ba54c5b,c0143906-9aed-447e-9436-2ae8512d1b6e,14da1725-c4c2-42b4-ab08-ee0aeb6898b3,081cab31-dccd-428e-8652-f2404cc81c47,78e0584a-4343-4727-8f37-e14e65c2a2db,871c3b6c-7379-419d-bda3-794b239ab90d,ff9b0199-ce04-4cfe-86cc-6c719f08d6e4,de1c2107-70c8-4021-8459-6399f24d01c6,cbf30902-517f-40dc-af90-a550bac27cf1,5c601d96-e4c7-4698-991b-7ee674b11079
8-3-2026 02:28:45-debug:   Number of all scenes: 3
8-3-2026 02:28:45-debug:   Number of other assets: 486
8-3-2026 02:28:45-debug:   Number of all scripts: 39
8-3-2026 02:28:45-debug: Init bundle root assets success..., progress: 0%
8-3-2026 02:28:45-debug: // ---- build task Query asset bundle ---- (13ms)
8-3-2026 02:28:45-debug: [Build Memory track]: Query asset bundle start:235.09MB, end 234.95MB, increase: -142.29KB
8-3-2026 02:28:45-log: run build task Query asset bundle success in 13 ms√, progress: 5%
8-3-2026 02:28:45-debug: Query asset bundle start, progress: 5%
8-3-2026 02:28:45-debug: // ---- build task Query asset bundle ----
8-3-2026 02:28:45-debug: // ---- build task Query asset bundle ---- (8ms)
8-3-2026 02:28:45-log: run build task Query asset bundle success in 8 ms√, progress: 10%
8-3-2026 02:28:45-debug: [Build Memory track]: Query asset bundle start:234.98MB, end 235.12MB, increase: 140.31KB
8-3-2026 02:28:45-debug: // ---- build task Sort some build options to settings.json ----
8-3-2026 02:28:45-debug: Sort some build options to settings.json start, progress: 10%
8-3-2026 02:28:45-debug: // ---- build task Sort some build options to settings.json ---- (3ms)
8-3-2026 02:28:45-log: run build task Sort some build options to settings.json success in 3 ms√, progress: 12%
8-3-2026 02:28:45-debug: [Build Memory track]: Sort some build options to settings.json start:235.15MB, end 235.18MB, increase: 28.98KB
8-3-2026 02:28:45-debug: Fill script data to settings start, progress: 12%
8-3-2026 02:28:45-debug: // ---- build task Fill script data to settings ----
8-3-2026 02:28:45-debug: // ---- build task Fill script data to settings ---- (2ms)
8-3-2026 02:28:45-log: run build task Fill script data to settings success in 2 ms√, progress: 13%
8-3-2026 02:28:45-debug: [Build Memory track]: Fill script data to settings start:235.20MB, end 235.23MB, increase: 26.27KB
8-3-2026 02:28:45-debug: Sort some build options to settings.json start, progress: 13%
8-3-2026 02:28:45-debug: // ---- build task Sort some build options to settings.json ----
8-3-2026 02:28:45-debug: // ---- build task Sort some build options to settings.json ---- (15ms)
8-3-2026 02:28:45-log: run build task Sort some build options to settings.json success in 15 ms√, progress: 15%
8-3-2026 02:28:45-debug: [Build Memory track]: Sort some build options to settings.json start:235.26MB, end 235.38MB, increase: 127.59KB
8-3-2026 02:29:05-debug: Query all assets info in project
8-3-2026 02:29:05-debug: init custom config: keepNodeUuid: false, useCache: true
8-3-2026 02:29:05-debug: Skip compress image, progress: 0%
8-3-2026 02:29:05-debug: Init all bundles start..., progress: 0%
8-3-2026 02:29:05-debug: Query asset bundle start, progress: 0%
8-3-2026 02:29:05-debug: // ---- build task Query asset bundle ----
8-3-2026 02:29:05-debug: Num of bundles: 2..., progress: 0%
8-3-2026 02:29:05-debug: Init bundle root assets start..., progress: 0%
8-3-2026 02:29:05-debug: Query preload assets/scripts from cc.config.json: 60f7195c-ec2a-45eb-ba94-8955f60e81d0,1c02ae6f-4492-4915-b8f8-7492a3b1e4cd,810e96e4-e456-4468-9b59-f4e8f39732c0,efe8e2a3-eace-427b-b4f1-cb8a937ec77d,e9aa9a3e-5b2b-4ac7-a2c7-073de2b2b24f,8bbdbcdd-5cd4-4100-b6d5-b7c9625b6107,50f4348b-c883-4e2f-8f11-ce233b859fa1,fda095cb-831d-4601-ad94-846013963de8,f92806d7-1768-443f-afe8-12bcde84d0f0,dd3a144d-ab7f-41f0-82b8-2e43a090d496,f0416e68-0200-4b77-a926-4f9d16e494da,511d2633-09a7-4bdd-ac42-f778032124b3,5d45aa00-e064-4938-b314-4265f0c2258c,9361fd90-ba52-4f84-aa93-6e878fd576ca,970b0598-bcb0-4714-91fb-2e81440dccd8,bcd64cc6-2dd9-43f6-abbe-66318d332032,d930590d-bb92-4cc8-8bd1-23cd027f9edf,a3cd009f-0ab0-420d-9278-b9fdab939bbc,6a2d0734-bd9e-4ddf-946e-caa52498cb75,d9937e59-61fe-4ec6-92ab-7ac5a19c89b0,d1346436-ac96-4271-b863-1f4fdead95b0,971bdb23-3ff6-43eb-b422-1c30165a3663,17debcc3-0a6b-4b8a-b00b-dc58b885581e,711ebe11-f673-4cd9-9a83-63c60ba54c5b,c0143906-9aed-447e-9436-2ae8512d1b6e,14da1725-c4c2-42b4-ab08-ee0aeb6898b3,081cab31-dccd-428e-8652-f2404cc81c47,78e0584a-4343-4727-8f37-e14e65c2a2db,871c3b6c-7379-419d-bda3-794b239ab90d,ff9b0199-ce04-4cfe-86cc-6c719f08d6e4,de1c2107-70c8-4021-8459-6399f24d01c6,cbf30902-517f-40dc-af90-a550bac27cf1,5c601d96-e4c7-4698-991b-7ee674b11079
8-3-2026 02:29:05-debug:   Number of all scenes: 3
8-3-2026 02:29:05-debug:   Number of all scripts: 39
8-3-2026 02:29:05-debug:   Number of other assets: 486
8-3-2026 02:29:05-debug: Init bundle root assets success..., progress: 0%
8-3-2026 02:29:05-debug: // ---- build task Query asset bundle ---- (13ms)
8-3-2026 02:29:05-log: run build task Query asset bundle success in 13 ms√, progress: 5%
8-3-2026 02:29:05-debug: [Build Memory track]: Query asset bundle start:235.21MB, end 235.10MB, increase: -109.55KB
8-3-2026 02:29:05-debug: Query asset bundle start, progress: 5%
8-3-2026 02:29:05-debug: // ---- build task Query asset bundle ----
8-3-2026 02:29:05-debug: // ---- build task Query asset bundle ---- (7ms)
8-3-2026 02:29:05-log: run build task Query asset bundle success in 7 ms√, progress: 10%
8-3-2026 02:29:05-debug: Sort some build options to settings.json start, progress: 10%
8-3-2026 02:29:05-debug: // ---- build task Sort some build options to settings.json ----
8-3-2026 02:29:05-debug: [Build Memory track]: Query asset bundle start:235.13MB, end 235.27MB, increase: 139.73KB
8-3-2026 02:29:05-debug: // ---- build task Sort some build options to settings.json ---- (7ms)
8-3-2026 02:29:05-log: run build task Sort some build options to settings.json success in 7 ms√, progress: 12%
8-3-2026 02:29:05-debug: [Build Memory track]: Sort some build options to settings.json start:235.30MB, end 235.32MB, increase: 26.91KB
8-3-2026 02:29:05-debug: Fill script data to settings start, progress: 12%
8-3-2026 02:29:05-debug: // ---- build task Fill script data to settings ----
8-3-2026 02:29:05-debug: // ---- build task Fill script data to settings ---- (5ms)
8-3-2026 02:29:05-log: run build task Fill script data to settings success in 5 ms√, progress: 13%
8-3-2026 02:29:05-debug: [Build Memory track]: Fill script data to settings start:235.35MB, end 235.38MB, increase: 26.36KB
8-3-2026 02:29:05-debug: Sort some build options to settings.json start, progress: 13%
8-3-2026 02:29:05-debug: // ---- build task Sort some build options to settings.json ----
8-3-2026 02:29:05-debug: // ---- build task Sort some build options to settings.json ---- (12ms)
8-3-2026 02:29:05-log: run build task Sort some build options to settings.json success in 12 ms√, progress: 15%
8-3-2026 02:29:05-debug: [Build Memory track]: Sort some build options to settings.json start:235.40MB, end 235.53MB, increase: 128.45KB
8-3-2026 02:29:28-debug: Query all assets info in project
8-3-2026 02:29:28-debug: init custom config: keepNodeUuid: false, useCache: true
8-3-2026 02:29:28-debug: Skip compress image, progress: 0%
8-3-2026 02:29:28-debug: Init all bundles start..., progress: 0%
8-3-2026 02:29:28-debug: Query asset bundle start, progress: 0%
8-3-2026 02:29:28-debug: // ---- build task Query asset bundle ----
8-3-2026 02:29:28-debug: Num of bundles: 2..., progress: 0%
8-3-2026 02:29:28-debug: Init bundle root assets start..., progress: 0%
8-3-2026 02:29:28-debug: Query preload assets/scripts from cc.config.json: 60f7195c-ec2a-45eb-ba94-8955f60e81d0,1c02ae6f-4492-4915-b8f8-7492a3b1e4cd,810e96e4-e456-4468-9b59-f4e8f39732c0,efe8e2a3-eace-427b-b4f1-cb8a937ec77d,e9aa9a3e-5b2b-4ac7-a2c7-073de2b2b24f,8bbdbcdd-5cd4-4100-b6d5-b7c9625b6107,50f4348b-c883-4e2f-8f11-ce233b859fa1,fda095cb-831d-4601-ad94-846013963de8,f92806d7-1768-443f-afe8-12bcde84d0f0,dd3a144d-ab7f-41f0-82b8-2e43a090d496,f0416e68-0200-4b77-a926-4f9d16e494da,511d2633-09a7-4bdd-ac42-f778032124b3,5d45aa00-e064-4938-b314-4265f0c2258c,9361fd90-ba52-4f84-aa93-6e878fd576ca,970b0598-bcb0-4714-91fb-2e81440dccd8,bcd64cc6-2dd9-43f6-abbe-66318d332032,d930590d-bb92-4cc8-8bd1-23cd027f9edf,a3cd009f-0ab0-420d-9278-b9fdab939bbc,6a2d0734-bd9e-4ddf-946e-caa52498cb75,d9937e59-61fe-4ec6-92ab-7ac5a19c89b0,d1346436-ac96-4271-b863-1f4fdead95b0,971bdb23-3ff6-43eb-b422-1c30165a3663,17debcc3-0a6b-4b8a-b00b-dc58b885581e,711ebe11-f673-4cd9-9a83-63c60ba54c5b,c0143906-9aed-447e-9436-2ae8512d1b6e,14da1725-c4c2-42b4-ab08-ee0aeb6898b3,081cab31-dccd-428e-8652-f2404cc81c47,78e0584a-4343-4727-8f37-e14e65c2a2db,871c3b6c-7379-419d-bda3-794b239ab90d,ff9b0199-ce04-4cfe-86cc-6c719f08d6e4,de1c2107-70c8-4021-8459-6399f24d01c6,cbf30902-517f-40dc-af90-a550bac27cf1,5c601d96-e4c7-4698-991b-7ee674b11079
8-3-2026 02:29:28-debug:   Number of all scenes: 3
8-3-2026 02:29:28-debug:   Number of other assets: 486
8-3-2026 02:29:28-debug: Init bundle root assets success..., progress: 0%
8-3-2026 02:29:28-debug:   Number of all scripts: 39
8-3-2026 02:29:28-log: run build task Query asset bundle success in 22 ms√, progress: 5%
8-3-2026 02:29:28-debug: [Build Memory track]: Query asset bundle start:235.37MB, end 235.26MB, increase: -107.87KB
8-3-2026 02:29:28-debug: Query asset bundle start, progress: 5%
8-3-2026 02:29:28-debug: // ---- build task Query asset bundle ---- (22ms)
8-3-2026 02:29:28-debug: // ---- build task Query asset bundle ----
8-3-2026 02:29:28-debug: // ---- build task Query asset bundle ---- (16ms)
8-3-2026 02:29:28-log: run build task Query asset bundle success in 16 ms√, progress: 10%
8-3-2026 02:29:28-debug: [Build Memory track]: Query asset bundle start:235.30MB, end 235.44MB, increase: 139.72KB
8-3-2026 02:29:28-debug: Sort some build options to settings.json start, progress: 10%
8-3-2026 02:29:28-debug: // ---- build task Sort some build options to settings.json ----
8-3-2026 02:29:28-debug: // ---- build task Sort some build options to settings.json ---- (3ms)
8-3-2026 02:29:28-log: run build task Sort some build options to settings.json success in 3 ms√, progress: 12%
8-3-2026 02:29:28-debug: Fill script data to settings start, progress: 12%
8-3-2026 02:29:28-debug: [Build Memory track]: Sort some build options to settings.json start:235.46MB, end 235.49MB, increase: 26.94KB
8-3-2026 02:29:28-debug: // ---- build task Fill script data to settings ----
8-3-2026 02:29:28-debug: // ---- build task Fill script data to settings ---- (2ms)
8-3-2026 02:29:28-log: run build task Fill script data to settings success in 2 ms√, progress: 13%
8-3-2026 02:29:28-debug: [Build Memory track]: Fill script data to settings start:235.52MB, end 235.54MB, increase: 26.27KB
8-3-2026 02:29:28-debug: Sort some build options to settings.json start, progress: 13%
8-3-2026 02:29:28-debug: // ---- build task Sort some build options to settings.json ----
8-3-2026 02:29:28-debug: // ---- build task Sort some build options to settings.json ---- (15ms)
8-3-2026 02:29:28-debug: [Build Memory track]: Sort some build options to settings.json start:235.57MB, end 235.76MB, increase: 192.44KB
8-3-2026 02:29:28-log: run build task Sort some build options to settings.json success in 15 ms√, progress: 15%
8-3-2026 02:29:51-debug: Query all assets info in project
8-3-2026 02:29:51-debug: init custom config: keepNodeUuid: false, useCache: true
8-3-2026 02:29:51-debug: Skip compress image, progress: 0%
8-3-2026 02:29:51-debug: Init all bundles start..., progress: 0%
8-3-2026 02:29:51-debug: Num of bundles: 2..., progress: 0%
8-3-2026 02:29:51-debug: // ---- build task Query asset bundle ----
8-3-2026 02:29:51-debug: Query asset bundle start, progress: 0%
8-3-2026 02:29:51-debug: Init bundle root assets start..., progress: 0%
8-3-2026 02:29:51-debug: Query preload assets/scripts from cc.config.json: 60f7195c-ec2a-45eb-ba94-8955f60e81d0,1c02ae6f-4492-4915-b8f8-7492a3b1e4cd,810e96e4-e456-4468-9b59-f4e8f39732c0,efe8e2a3-eace-427b-b4f1-cb8a937ec77d,e9aa9a3e-5b2b-4ac7-a2c7-073de2b2b24f,8bbdbcdd-5cd4-4100-b6d5-b7c9625b6107,50f4348b-c883-4e2f-8f11-ce233b859fa1,fda095cb-831d-4601-ad94-846013963de8,f92806d7-1768-443f-afe8-12bcde84d0f0,dd3a144d-ab7f-41f0-82b8-2e43a090d496,f0416e68-0200-4b77-a926-4f9d16e494da,511d2633-09a7-4bdd-ac42-f778032124b3,5d45aa00-e064-4938-b314-4265f0c2258c,9361fd90-ba52-4f84-aa93-6e878fd576ca,970b0598-bcb0-4714-91fb-2e81440dccd8,bcd64cc6-2dd9-43f6-abbe-66318d332032,d930590d-bb92-4cc8-8bd1-23cd027f9edf,a3cd009f-0ab0-420d-9278-b9fdab939bbc,6a2d0734-bd9e-4ddf-946e-caa52498cb75,d9937e59-61fe-4ec6-92ab-7ac5a19c89b0,d1346436-ac96-4271-b863-1f4fdead95b0,971bdb23-3ff6-43eb-b422-1c30165a3663,17debcc3-0a6b-4b8a-b00b-dc58b885581e,711ebe11-f673-4cd9-9a83-63c60ba54c5b,c0143906-9aed-447e-9436-2ae8512d1b6e,14da1725-c4c2-42b4-ab08-ee0aeb6898b3,081cab31-dccd-428e-8652-f2404cc81c47,78e0584a-4343-4727-8f37-e14e65c2a2db,871c3b6c-7379-419d-bda3-794b239ab90d,ff9b0199-ce04-4cfe-86cc-6c719f08d6e4,de1c2107-70c8-4021-8459-6399f24d01c6,cbf30902-517f-40dc-af90-a550bac27cf1,5c601d96-e4c7-4698-991b-7ee674b11079
8-3-2026 02:29:51-debug:   Number of all scenes: 3
8-3-2026 02:29:51-debug:   Number of all scripts: 39
8-3-2026 02:29:51-debug: Init bundle root assets success..., progress: 0%
8-3-2026 02:29:51-debug:   Number of other assets: 486
8-3-2026 02:29:51-debug: // ---- build task Query asset bundle ---- (11ms)
8-3-2026 02:29:51-log: run build task Query asset bundle success in 11 ms√, progress: 5%
8-3-2026 02:29:51-debug: Query asset bundle start, progress: 5%
8-3-2026 02:29:51-debug: [Build Memory track]: Query asset bundle start:235.61MB, end 235.49MB, increase: -115.14KB
8-3-2026 02:29:51-debug: // ---- build task Query asset bundle ----
8-3-2026 02:29:51-debug: // ---- build task Query asset bundle ---- (5ms)
8-3-2026 02:29:51-log: run build task Query asset bundle success in 5 ms√, progress: 10%
8-3-2026 02:29:51-debug: [Build Memory track]: Query asset bundle start:235.52MB, end 235.66MB, increase: 139.79KB
8-3-2026 02:29:51-debug: Sort some build options to settings.json start, progress: 10%
8-3-2026 02:29:51-debug: // ---- build task Sort some build options to settings.json ----
8-3-2026 02:29:51-debug: // ---- build task Sort some build options to settings.json ---- (3ms)
8-3-2026 02:29:51-log: run build task Sort some build options to settings.json success in 3 ms√, progress: 12%
8-3-2026 02:29:51-debug: [Build Memory track]: Sort some build options to settings.json start:235.69MB, end 235.71MB, increase: 26.91KB
8-3-2026 02:29:51-debug: Fill script data to settings start, progress: 12%
8-3-2026 02:29:51-debug: // ---- build task Fill script data to settings ----
8-3-2026 02:29:51-debug: // ---- build task Fill script data to settings ---- (5ms)
8-3-2026 02:29:51-log: run build task Fill script data to settings success in 5 ms√, progress: 13%
8-3-2026 02:29:51-debug: [Build Memory track]: Fill script data to settings start:235.74MB, end 235.77MB, increase: 26.30KB
8-3-2026 02:29:51-debug: // ---- build task Sort some build options to settings.json ----
8-3-2026 02:29:51-debug: Sort some build options to settings.json start, progress: 13%
8-3-2026 02:29:51-debug: // ---- build task Sort some build options to settings.json ---- (16ms)
8-3-2026 02:29:51-log: run build task Sort some build options to settings.json success in 16 ms√, progress: 15%
8-3-2026 02:29:51-debug: [Build Memory track]: Sort some build options to settings.json start:236.27MB, end 235.92MB, increase: -355.91KB
8-3-2026 02:30:14-debug: Query all assets info in project
8-3-2026 02:30:14-debug: init custom config: keepNodeUuid: false, useCache: true
8-3-2026 02:30:14-debug: Skip compress image, progress: 0%
8-3-2026 02:30:14-debug: Init all bundles start..., progress: 0%
8-3-2026 02:30:14-debug: Query asset bundle start, progress: 0%
8-3-2026 02:30:14-debug: // ---- build task Query asset bundle ----
8-3-2026 02:30:14-debug: Init bundle root assets start..., progress: 0%
8-3-2026 02:30:14-debug: Num of bundles: 2..., progress: 0%
8-3-2026 02:30:14-debug: Query preload assets/scripts from cc.config.json: 60f7195c-ec2a-45eb-ba94-8955f60e81d0,1c02ae6f-4492-4915-b8f8-7492a3b1e4cd,810e96e4-e456-4468-9b59-f4e8f39732c0,efe8e2a3-eace-427b-b4f1-cb8a937ec77d,e9aa9a3e-5b2b-4ac7-a2c7-073de2b2b24f,8bbdbcdd-5cd4-4100-b6d5-b7c9625b6107,50f4348b-c883-4e2f-8f11-ce233b859fa1,fda095cb-831d-4601-ad94-846013963de8,f92806d7-1768-443f-afe8-12bcde84d0f0,dd3a144d-ab7f-41f0-82b8-2e43a090d496,f0416e68-0200-4b77-a926-4f9d16e494da,511d2633-09a7-4bdd-ac42-f778032124b3,5d45aa00-e064-4938-b314-4265f0c2258c,9361fd90-ba52-4f84-aa93-6e878fd576ca,970b0598-bcb0-4714-91fb-2e81440dccd8,bcd64cc6-2dd9-43f6-abbe-66318d332032,d930590d-bb92-4cc8-8bd1-23cd027f9edf,a3cd009f-0ab0-420d-9278-b9fdab939bbc,6a2d0734-bd9e-4ddf-946e-caa52498cb75,d9937e59-61fe-4ec6-92ab-7ac5a19c89b0,d1346436-ac96-4271-b863-1f4fdead95b0,971bdb23-3ff6-43eb-b422-1c30165a3663,17debcc3-0a6b-4b8a-b00b-dc58b885581e,711ebe11-f673-4cd9-9a83-63c60ba54c5b,c0143906-9aed-447e-9436-2ae8512d1b6e,14da1725-c4c2-42b4-ab08-ee0aeb6898b3,081cab31-dccd-428e-8652-f2404cc81c47,78e0584a-4343-4727-8f37-e14e65c2a2db,871c3b6c-7379-419d-bda3-794b239ab90d,ff9b0199-ce04-4cfe-86cc-6c719f08d6e4,de1c2107-70c8-4021-8459-6399f24d01c6,cbf30902-517f-40dc-af90-a550bac27cf1,5c601d96-e4c7-4698-991b-7ee674b11079
8-3-2026 02:30:14-debug:   Number of all scenes: 3
8-3-2026 02:30:14-debug:   Number of other assets: 486
8-3-2026 02:30:14-debug: Init bundle root assets success..., progress: 0%
8-3-2026 02:30:14-debug:   Number of all scripts: 39
8-3-2026 02:30:14-debug: // ---- build task Query asset bundle ---- (12ms)
8-3-2026 02:30:14-log: run build task Query asset bundle success in 12 ms√, progress: 5%
8-3-2026 02:30:14-debug: [Build Memory track]: Query asset bundle start:235.72MB, end 235.63MB, increase: -92.89KB
8-3-2026 02:30:14-debug: Query asset bundle start, progress: 5%
8-3-2026 02:30:14-debug: // ---- build task Query asset bundle ----
8-3-2026 02:30:14-debug: // ---- build task Query asset bundle ---- (12ms)
8-3-2026 02:30:14-log: run build task Query asset bundle success in 12 ms√, progress: 10%
8-3-2026 02:30:14-debug: [Build Memory track]: Query asset bundle start:235.65MB, end 235.80MB, increase: 146.70KB
8-3-2026 02:30:14-debug: Sort some build options to settings.json start, progress: 10%
8-3-2026 02:30:14-debug: // ---- build task Sort some build options to settings.json ----
8-3-2026 02:30:14-debug: // ---- build task Sort some build options to settings.json ---- (5ms)
8-3-2026 02:30:14-debug: [Build Memory track]: Sort some build options to settings.json start:235.83MB, end 235.85MB, increase: 27.00KB
8-3-2026 02:30:14-log: run build task Sort some build options to settings.json success in 5 ms√, progress: 12%
8-3-2026 02:30:14-debug: Fill script data to settings start, progress: 12%
8-3-2026 02:30:14-debug: // ---- build task Fill script data to settings ----
8-3-2026 02:30:14-debug: // ---- build task Fill script data to settings ---- (2ms)
8-3-2026 02:30:14-log: run build task Fill script data to settings success in 2 ms√, progress: 13%
8-3-2026 02:30:14-debug: [Build Memory track]: Fill script data to settings start:235.88MB, end 235.91MB, increase: 26.27KB
8-3-2026 02:30:14-debug: Sort some build options to settings.json start, progress: 13%
8-3-2026 02:30:14-debug: // ---- build task Sort some build options to settings.json ----
8-3-2026 02:30:14-debug: // ---- build task Sort some build options to settings.json ---- (18ms)
8-3-2026 02:30:14-log: run build task Sort some build options to settings.json success in 18 ms√, progress: 15%
8-3-2026 02:30:14-debug: [Build Memory track]: Sort some build options to settings.json start:235.93MB, end 236.06MB, increase: 126.89KB
8-3-2026 02:30:34-debug: Query all assets info in project
8-3-2026 02:30:34-debug: init custom config: keepNodeUuid: false, useCache: true
8-3-2026 02:30:34-debug: Skip compress image, progress: 0%
8-3-2026 02:30:34-debug: Init all bundles start..., progress: 0%
8-3-2026 02:30:34-debug: Query asset bundle start, progress: 0%
8-3-2026 02:30:34-debug: // ---- build task Query asset bundle ----
8-3-2026 02:30:34-debug: Num of bundles: 2..., progress: 0%
8-3-2026 02:30:34-debug: Init bundle root assets start..., progress: 0%
8-3-2026 02:30:34-debug: Query preload assets/scripts from cc.config.json: 60f7195c-ec2a-45eb-ba94-8955f60e81d0,1c02ae6f-4492-4915-b8f8-7492a3b1e4cd,810e96e4-e456-4468-9b59-f4e8f39732c0,efe8e2a3-eace-427b-b4f1-cb8a937ec77d,e9aa9a3e-5b2b-4ac7-a2c7-073de2b2b24f,8bbdbcdd-5cd4-4100-b6d5-b7c9625b6107,50f4348b-c883-4e2f-8f11-ce233b859fa1,fda095cb-831d-4601-ad94-846013963de8,f92806d7-1768-443f-afe8-12bcde84d0f0,dd3a144d-ab7f-41f0-82b8-2e43a090d496,f0416e68-0200-4b77-a926-4f9d16e494da,511d2633-09a7-4bdd-ac42-f778032124b3,5d45aa00-e064-4938-b314-4265f0c2258c,9361fd90-ba52-4f84-aa93-6e878fd576ca,970b0598-bcb0-4714-91fb-2e81440dccd8,bcd64cc6-2dd9-43f6-abbe-66318d332032,d930590d-bb92-4cc8-8bd1-23cd027f9edf,a3cd009f-0ab0-420d-9278-b9fdab939bbc,6a2d0734-bd9e-4ddf-946e-caa52498cb75,d9937e59-61fe-4ec6-92ab-7ac5a19c89b0,d1346436-ac96-4271-b863-1f4fdead95b0,971bdb23-3ff6-43eb-b422-1c30165a3663,17debcc3-0a6b-4b8a-b00b-dc58b885581e,711ebe11-f673-4cd9-9a83-63c60ba54c5b,c0143906-9aed-447e-9436-2ae8512d1b6e,14da1725-c4c2-42b4-ab08-ee0aeb6898b3,081cab31-dccd-428e-8652-f2404cc81c47,78e0584a-4343-4727-8f37-e14e65c2a2db,871c3b6c-7379-419d-bda3-794b239ab90d,ff9b0199-ce04-4cfe-86cc-6c719f08d6e4,de1c2107-70c8-4021-8459-6399f24d01c6,cbf30902-517f-40dc-af90-a550bac27cf1,5c601d96-e4c7-4698-991b-7ee674b11079
8-3-2026 02:30:34-debug:   Number of all scenes: 3
8-3-2026 02:30:34-debug:   Number of other assets: 486
8-3-2026 02:30:34-debug: Init bundle root assets success..., progress: 0%
8-3-2026 02:30:34-debug:   Number of all scripts: 39
8-3-2026 02:30:34-debug: // ---- build task Query asset bundle ---- (13ms)
8-3-2026 02:30:34-log: run build task Query asset bundle success in 13 ms√, progress: 5%
8-3-2026 02:30:34-debug: Query asset bundle start, progress: 5%
8-3-2026 02:30:34-debug: [Build Memory track]: Query asset bundle start:235.83MB, end 235.72MB, increase: -116.24KB
8-3-2026 02:30:34-debug: // ---- build task Query asset bundle ----
8-3-2026 02:30:34-debug: // ---- build task Query asset bundle ---- (7ms)
8-3-2026 02:30:34-debug: [Build Memory track]: Query asset bundle start:235.75MB, end 235.88MB, increase: 139.76KB
8-3-2026 02:30:34-log: run build task Query asset bundle success in 7 ms√, progress: 10%
8-3-2026 02:30:34-debug: Sort some build options to settings.json start, progress: 10%
8-3-2026 02:30:34-debug: // ---- build task Sort some build options to settings.json ----
8-3-2026 02:30:34-debug: // ---- build task Sort some build options to settings.json ---- (2ms)
8-3-2026 02:30:34-log: run build task Sort some build options to settings.json success in 2 ms√, progress: 12%
8-3-2026 02:30:34-debug: [Build Memory track]: Sort some build options to settings.json start:235.91MB, end 235.94MB, increase: 26.94KB
8-3-2026 02:30:34-debug: Fill script data to settings start, progress: 12%
8-3-2026 02:30:34-debug: // ---- build task Fill script data to settings ----
8-3-2026 02:30:34-debug: // ---- build task Fill script data to settings ---- (6ms)
8-3-2026 02:30:34-log: run build task Fill script data to settings success in 6 ms√, progress: 13%
8-3-2026 02:30:34-debug: [Build Memory track]: Fill script data to settings start:235.97MB, end 235.99MB, increase: 26.27KB
8-3-2026 02:30:34-debug: Sort some build options to settings.json start, progress: 13%
8-3-2026 02:30:34-debug: // ---- build task Sort some build options to settings.json ----
8-3-2026 02:30:34-debug: // ---- build task Sort some build options to settings.json ---- (15ms)
8-3-2026 02:30:34-debug: [Build Memory track]: Sort some build options to settings.json start:236.02MB, end 236.14MB, increase: 126.96KB
8-3-2026 02:30:34-log: run build task Sort some build options to settings.json success in 15 ms√, progress: 15%
8-3-2026 02:30:56-debug: Query all assets info in project
8-3-2026 02:30:56-debug: init custom config: keepNodeUuid: false, useCache: true
8-3-2026 02:30:56-debug: Skip compress image, progress: 0%
8-3-2026 02:30:56-debug: Num of bundles: 2..., progress: 0%
8-3-2026 02:30:56-debug: Init all bundles start..., progress: 0%
8-3-2026 02:30:56-debug: // ---- build task Query asset bundle ----
8-3-2026 02:30:56-debug: Query asset bundle start, progress: 0%
8-3-2026 02:30:56-debug: Init bundle root assets start..., progress: 0%
8-3-2026 02:30:56-debug:   Number of all scenes: 3
8-3-2026 02:30:56-debug: Query preload assets/scripts from cc.config.json: 60f7195c-ec2a-45eb-ba94-8955f60e81d0,1c02ae6f-4492-4915-b8f8-7492a3b1e4cd,810e96e4-e456-4468-9b59-f4e8f39732c0,efe8e2a3-eace-427b-b4f1-cb8a937ec77d,e9aa9a3e-5b2b-4ac7-a2c7-073de2b2b24f,8bbdbcdd-5cd4-4100-b6d5-b7c9625b6107,50f4348b-c883-4e2f-8f11-ce233b859fa1,fda095cb-831d-4601-ad94-846013963de8,f92806d7-1768-443f-afe8-12bcde84d0f0,dd3a144d-ab7f-41f0-82b8-2e43a090d496,f0416e68-0200-4b77-a926-4f9d16e494da,511d2633-09a7-4bdd-ac42-f778032124b3,5d45aa00-e064-4938-b314-4265f0c2258c,9361fd90-ba52-4f84-aa93-6e878fd576ca,970b0598-bcb0-4714-91fb-2e81440dccd8,bcd64cc6-2dd9-43f6-abbe-66318d332032,d930590d-bb92-4cc8-8bd1-23cd027f9edf,a3cd009f-0ab0-420d-9278-b9fdab939bbc,6a2d0734-bd9e-4ddf-946e-caa52498cb75,d9937e59-61fe-4ec6-92ab-7ac5a19c89b0,d1346436-ac96-4271-b863-1f4fdead95b0,971bdb23-3ff6-43eb-b422-1c30165a3663,17debcc3-0a6b-4b8a-b00b-dc58b885581e,711ebe11-f673-4cd9-9a83-63c60ba54c5b,c0143906-9aed-447e-9436-2ae8512d1b6e,14da1725-c4c2-42b4-ab08-ee0aeb6898b3,081cab31-dccd-428e-8652-f2404cc81c47,78e0584a-4343-4727-8f37-e14e65c2a2db,871c3b6c-7379-419d-bda3-794b239ab90d,ff9b0199-ce04-4cfe-86cc-6c719f08d6e4,de1c2107-70c8-4021-8459-6399f24d01c6,cbf30902-517f-40dc-af90-a550bac27cf1,5c601d96-e4c7-4698-991b-7ee674b11079
8-3-2026 02:30:56-debug: Init bundle root assets success..., progress: 0%
8-3-2026 02:30:56-debug:   Number of all scripts: 39
8-3-2026 02:30:56-debug: // ---- build task Query asset bundle ---- (12ms)
8-3-2026 02:30:56-log: run build task Query asset bundle success in 12 ms√, progress: 5%
8-3-2026 02:30:56-debug: [Build Memory track]: Query asset bundle start:235.94MB, end 235.82MB, increase: -121.16KB
8-3-2026 02:30:56-debug: Query asset bundle start, progress: 5%
8-3-2026 02:30:56-debug:   Number of other assets: 486
8-3-2026 02:30:56-debug: // ---- build task Query asset bundle ----
8-3-2026 02:30:56-debug: // ---- build task Query asset bundle ---- (7ms)
8-3-2026 02:30:56-log: run build task Query asset bundle success in 7 ms√, progress: 10%
8-3-2026 02:30:56-debug: [Build Memory track]: Query asset bundle start:235.85MB, end 235.99MB, increase: 144.07KB
8-3-2026 02:30:56-debug: Sort some build options to settings.json start, progress: 10%
8-3-2026 02:30:56-debug: // ---- build task Sort some build options to settings.json ----
8-3-2026 02:30:56-debug: // ---- build task Sort some build options to settings.json ---- (4ms)
8-3-2026 02:30:56-debug: [Build Memory track]: Sort some build options to settings.json start:236.02MB, end 236.04MB, increase: 27.77KB
8-3-2026 02:30:56-log: run build task Sort some build options to settings.json success in 4 ms√, progress: 12%
8-3-2026 02:30:56-debug: Fill script data to settings start, progress: 12%
8-3-2026 02:30:56-debug: // ---- build task Fill script data to settings ----
8-3-2026 02:30:56-debug: // ---- build task Fill script data to settings ---- (7ms)
8-3-2026 02:30:56-log: run build task Fill script data to settings success in 7 ms√, progress: 13%
8-3-2026 02:30:56-debug: [Build Memory track]: Fill script data to settings start:236.07MB, end 236.10MB, increase: 26.46KB
8-3-2026 02:30:56-debug: Sort some build options to settings.json start, progress: 13%
8-3-2026 02:30:56-debug: // ---- build task Sort some build options to settings.json ----
8-3-2026 02:30:56-debug: // ---- build task Sort some build options to settings.json ---- (13ms)
8-3-2026 02:30:56-log: run build task Sort some build options to settings.json success in 13 ms√, progress: 15%
8-3-2026 02:30:56-debug: [Build Memory track]: Sort some build options to settings.json start:236.13MB, end 236.25MB, increase: 126.84KB
8-3-2026 02:31:14-debug: Query all assets info in project
8-3-2026 02:31:14-debug: init custom config: keepNodeUuid: false, useCache: true
8-3-2026 02:31:14-debug: Skip compress image, progress: 0%
8-3-2026 02:31:14-debug: Init all bundles start..., progress: 0%
8-3-2026 02:31:14-debug: Query asset bundle start, progress: 0%
8-3-2026 02:31:14-debug: // ---- build task Query asset bundle ----
8-3-2026 02:31:14-debug: Num of bundles: 2..., progress: 0%
8-3-2026 02:31:14-debug: Init bundle root assets start..., progress: 0%
8-3-2026 02:31:14-debug:   Number of all scenes: 3
8-3-2026 02:31:14-debug:   Number of all scripts: 39
8-3-2026 02:31:14-debug: Query preload assets/scripts from cc.config.json: 60f7195c-ec2a-45eb-ba94-8955f60e81d0,1c02ae6f-4492-4915-b8f8-7492a3b1e4cd,810e96e4-e456-4468-9b59-f4e8f39732c0,efe8e2a3-eace-427b-b4f1-cb8a937ec77d,e9aa9a3e-5b2b-4ac7-a2c7-073de2b2b24f,8bbdbcdd-5cd4-4100-b6d5-b7c9625b6107,50f4348b-c883-4e2f-8f11-ce233b859fa1,fda095cb-831d-4601-ad94-846013963de8,f92806d7-1768-443f-afe8-12bcde84d0f0,dd3a144d-ab7f-41f0-82b8-2e43a090d496,f0416e68-0200-4b77-a926-4f9d16e494da,511d2633-09a7-4bdd-ac42-f778032124b3,5d45aa00-e064-4938-b314-4265f0c2258c,9361fd90-ba52-4f84-aa93-6e878fd576ca,970b0598-bcb0-4714-91fb-2e81440dccd8,bcd64cc6-2dd9-43f6-abbe-66318d332032,d930590d-bb92-4cc8-8bd1-23cd027f9edf,a3cd009f-0ab0-420d-9278-b9fdab939bbc,6a2d0734-bd9e-4ddf-946e-caa52498cb75,d9937e59-61fe-4ec6-92ab-7ac5a19c89b0,d1346436-ac96-4271-b863-1f4fdead95b0,971bdb23-3ff6-43eb-b422-1c30165a3663,17debcc3-0a6b-4b8a-b00b-dc58b885581e,711ebe11-f673-4cd9-9a83-63c60ba54c5b,c0143906-9aed-447e-9436-2ae8512d1b6e,14da1725-c4c2-42b4-ab08-ee0aeb6898b3,081cab31-dccd-428e-8652-f2404cc81c47,78e0584a-4343-4727-8f37-e14e65c2a2db,871c3b6c-7379-419d-bda3-794b239ab90d,ff9b0199-ce04-4cfe-86cc-6c719f08d6e4,de1c2107-70c8-4021-8459-6399f24d01c6,cbf30902-517f-40dc-af90-a550bac27cf1,5c601d96-e4c7-4698-991b-7ee674b11079
8-3-2026 02:31:14-debug:   Number of other assets: 486
8-3-2026 02:31:14-debug: Init bundle root assets success..., progress: 0%
8-3-2026 02:31:14-debug: // ---- build task Query asset bundle ---- (12ms)
8-3-2026 02:31:14-debug: [Build Memory track]: Query asset bundle start:236.04MB, end 235.93MB, increase: -113.70KB
8-3-2026 02:31:14-log: run build task Query asset bundle success in 12 ms√, progress: 5%
8-3-2026 02:31:14-debug: Query asset bundle start, progress: 5%
8-3-2026 02:31:14-debug: // ---- build task Query asset bundle ----
8-3-2026 02:31:14-log: run build task Query asset bundle success in 4 ms√, progress: 10%
8-3-2026 02:31:14-debug: // ---- build task Query asset bundle ---- (4ms)
8-3-2026 02:31:14-debug: [Build Memory track]: Query asset bundle start:235.96MB, end 236.09MB, increase: 139.73KB
8-3-2026 02:31:14-debug: Sort some build options to settings.json start, progress: 10%
8-3-2026 02:31:14-debug: // ---- build task Sort some build options to settings.json ----
8-3-2026 02:31:14-debug: // ---- build task Sort some build options to settings.json ---- (3ms)
8-3-2026 02:31:14-log: run build task Sort some build options to settings.json success in 3 ms√, progress: 12%
8-3-2026 02:31:14-debug: // ---- build task Fill script data to settings ----
8-3-2026 02:31:14-debug: [Build Memory track]: Sort some build options to settings.json start:236.12MB, end 236.15MB, increase: 26.88KB
8-3-2026 02:31:14-debug: Fill script data to settings start, progress: 12%
8-3-2026 02:31:14-debug: // ---- build task Fill script data to settings ---- (3ms)
8-3-2026 02:31:14-debug: Sort some build options to settings.json start, progress: 13%
8-3-2026 02:31:14-log: run build task Fill script data to settings success in 3 ms√, progress: 13%
8-3-2026 02:31:14-debug: [Build Memory track]: Fill script data to settings start:236.18MB, end 236.20MB, increase: 26.25KB
8-3-2026 02:31:14-debug: // ---- build task Sort some build options to settings.json ----
8-3-2026 02:31:14-debug: // ---- build task Sort some build options to settings.json ---- (18ms)
8-3-2026 02:31:14-log: run build task Sort some build options to settings.json success in 18 ms√, progress: 15%
8-3-2026 02:31:14-debug: [Build Memory track]: Sort some build options to settings.json start:236.23MB, end 236.35MB, increase: 127.04KB
8-3-2026 02:31:31-debug: Query all assets info in project
8-3-2026 02:31:31-debug: init custom config: keepNodeUuid: false, useCache: true
8-3-2026 02:31:31-debug: Skip compress image, progress: 0%
8-3-2026 02:31:31-debug: Init all bundles start..., progress: 0%
8-3-2026 02:31:31-debug: // ---- build task Query asset bundle ----
8-3-2026 02:31:31-debug: Num of bundles: 2..., progress: 0%
8-3-2026 02:31:31-debug: Query asset bundle start, progress: 0%
8-3-2026 02:31:31-debug: Init bundle root assets start..., progress: 0%
8-3-2026 02:31:31-debug: Query preload assets/scripts from cc.config.json: 60f7195c-ec2a-45eb-ba94-8955f60e81d0,1c02ae6f-4492-4915-b8f8-7492a3b1e4cd,810e96e4-e456-4468-9b59-f4e8f39732c0,efe8e2a3-eace-427b-b4f1-cb8a937ec77d,e9aa9a3e-5b2b-4ac7-a2c7-073de2b2b24f,8bbdbcdd-5cd4-4100-b6d5-b7c9625b6107,50f4348b-c883-4e2f-8f11-ce233b859fa1,fda095cb-831d-4601-ad94-846013963de8,f92806d7-1768-443f-afe8-12bcde84d0f0,dd3a144d-ab7f-41f0-82b8-2e43a090d496,f0416e68-0200-4b77-a926-4f9d16e494da,511d2633-09a7-4bdd-ac42-f778032124b3,5d45aa00-e064-4938-b314-4265f0c2258c,9361fd90-ba52-4f84-aa93-6e878fd576ca,970b0598-bcb0-4714-91fb-2e81440dccd8,bcd64cc6-2dd9-43f6-abbe-66318d332032,d930590d-bb92-4cc8-8bd1-23cd027f9edf,a3cd009f-0ab0-420d-9278-b9fdab939bbc,6a2d0734-bd9e-4ddf-946e-caa52498cb75,d9937e59-61fe-4ec6-92ab-7ac5a19c89b0,d1346436-ac96-4271-b863-1f4fdead95b0,971bdb23-3ff6-43eb-b422-1c30165a3663,17debcc3-0a6b-4b8a-b00b-dc58b885581e,711ebe11-f673-4cd9-9a83-63c60ba54c5b,c0143906-9aed-447e-9436-2ae8512d1b6e,14da1725-c4c2-42b4-ab08-ee0aeb6898b3,081cab31-dccd-428e-8652-f2404cc81c47,78e0584a-4343-4727-8f37-e14e65c2a2db,871c3b6c-7379-419d-bda3-794b239ab90d,ff9b0199-ce04-4cfe-86cc-6c719f08d6e4,de1c2107-70c8-4021-8459-6399f24d01c6,cbf30902-517f-40dc-af90-a550bac27cf1,5c601d96-e4c7-4698-991b-7ee674b11079
8-3-2026 02:31:31-debug:   Number of all scripts: 39
8-3-2026 02:31:31-debug:   Number of all scenes: 3
8-3-2026 02:31:31-debug:   Number of other assets: 486
8-3-2026 02:31:31-debug: Init bundle root assets success..., progress: 0%
8-3-2026 02:31:31-debug: // ---- build task Query asset bundle ---- (13ms)
8-3-2026 02:31:31-log: run build task Query asset bundle success in 13 ms√, progress: 5%
8-3-2026 02:31:31-debug: [Build Memory track]: Query asset bundle start:236.16MB, end 236.05MB, increase: -114.20KB
8-3-2026 02:31:31-debug: Query asset bundle start, progress: 5%
8-3-2026 02:31:31-debug: // ---- build task Query asset bundle ----
8-3-2026 02:31:31-debug: // ---- build task Query asset bundle ---- (12ms)
8-3-2026 02:31:31-log: run build task Query asset bundle success in 12 ms√, progress: 10%
8-3-2026 02:31:31-debug: [Build Memory track]: Query asset bundle start:236.07MB, end 236.21MB, increase: 139.92KB
8-3-2026 02:31:31-debug: Sort some build options to settings.json start, progress: 10%
8-3-2026 02:31:31-debug: // ---- build task Sort some build options to settings.json ----
8-3-2026 02:31:31-debug: // ---- build task Sort some build options to settings.json ---- (9ms)
8-3-2026 02:31:31-debug: Fill script data to settings start, progress: 12%
8-3-2026 02:31:31-debug: [Build Memory track]: Sort some build options to settings.json start:236.24MB, end 236.26MB, increase: 26.89KB
8-3-2026 02:31:31-log: run build task Sort some build options to settings.json success in 9 ms√, progress: 12%
8-3-2026 02:31:31-debug: // ---- build task Fill script data to settings ----
8-3-2026 02:31:31-debug: // ---- build task Fill script data to settings ---- (4ms)
8-3-2026 02:31:31-debug: [Build Memory track]: Fill script data to settings start:236.29MB, end 236.32MB, increase: 26.38KB
8-3-2026 02:31:31-debug: Sort some build options to settings.json start, progress: 13%
8-3-2026 02:31:31-log: run build task Fill script data to settings success in 4 ms√, progress: 13%
8-3-2026 02:31:31-debug: // ---- build task Sort some build options to settings.json ----
8-3-2026 02:31:31-debug: // ---- build task Sort some build options to settings.json ---- (11ms)
8-3-2026 02:31:31-log: run build task Sort some build options to settings.json success in 11 ms√, progress: 15%
8-3-2026 02:31:31-debug: [Build Memory track]: Sort some build options to settings.json start:236.35MB, end 236.47MB, increase: 127.41KB
8-3-2026 02:31:48-debug: Query all assets info in project
8-3-2026 02:31:48-debug: init custom config: keepNodeUuid: false, useCache: true
8-3-2026 02:31:48-debug: Skip compress image, progress: 0%
8-3-2026 02:31:48-debug: Init all bundles start..., progress: 0%
8-3-2026 02:31:48-debug: Query asset bundle start, progress: 0%
8-3-2026 02:31:48-debug: // ---- build task Query asset bundle ----
8-3-2026 02:31:48-debug: Num of bundles: 2..., progress: 0%
8-3-2026 02:31:48-debug: Init bundle root assets start..., progress: 0%
8-3-2026 02:31:48-debug: Query preload assets/scripts from cc.config.json: 60f7195c-ec2a-45eb-ba94-8955f60e81d0,1c02ae6f-4492-4915-b8f8-7492a3b1e4cd,810e96e4-e456-4468-9b59-f4e8f39732c0,efe8e2a3-eace-427b-b4f1-cb8a937ec77d,e9aa9a3e-5b2b-4ac7-a2c7-073de2b2b24f,8bbdbcdd-5cd4-4100-b6d5-b7c9625b6107,50f4348b-c883-4e2f-8f11-ce233b859fa1,fda095cb-831d-4601-ad94-846013963de8,f92806d7-1768-443f-afe8-12bcde84d0f0,dd3a144d-ab7f-41f0-82b8-2e43a090d496,f0416e68-0200-4b77-a926-4f9d16e494da,511d2633-09a7-4bdd-ac42-f778032124b3,5d45aa00-e064-4938-b314-4265f0c2258c,9361fd90-ba52-4f84-aa93-6e878fd576ca,970b0598-bcb0-4714-91fb-2e81440dccd8,bcd64cc6-2dd9-43f6-abbe-66318d332032,d930590d-bb92-4cc8-8bd1-23cd027f9edf,a3cd009f-0ab0-420d-9278-b9fdab939bbc,6a2d0734-bd9e-4ddf-946e-caa52498cb75,d9937e59-61fe-4ec6-92ab-7ac5a19c89b0,d1346436-ac96-4271-b863-1f4fdead95b0,971bdb23-3ff6-43eb-b422-1c30165a3663,17debcc3-0a6b-4b8a-b00b-dc58b885581e,711ebe11-f673-4cd9-9a83-63c60ba54c5b,c0143906-9aed-447e-9436-2ae8512d1b6e,14da1725-c4c2-42b4-ab08-ee0aeb6898b3,081cab31-dccd-428e-8652-f2404cc81c47,78e0584a-4343-4727-8f37-e14e65c2a2db,871c3b6c-7379-419d-bda3-794b239ab90d,ff9b0199-ce04-4cfe-86cc-6c719f08d6e4,de1c2107-70c8-4021-8459-6399f24d01c6,cbf30902-517f-40dc-af90-a550bac27cf1,5c601d96-e4c7-4698-991b-7ee674b11079
8-3-2026 02:31:48-debug:   Number of all scenes: 3
8-3-2026 02:31:48-debug:   Number of all scripts: 39
8-3-2026 02:31:48-debug: Init bundle root assets success..., progress: 0%
8-3-2026 02:31:48-debug:   Number of other assets: 486
8-3-2026 02:31:48-debug: // ---- build task Query asset bundle ---- (10ms)
8-3-2026 02:31:48-log: run build task Query asset bundle success in 10 ms√, progress: 5%
8-3-2026 02:31:48-debug: [Build Memory track]: Query asset bundle start:236.27MB, end 236.15MB, increase: -118.46KB
8-3-2026 02:31:48-debug: Query asset bundle start, progress: 5%
8-3-2026 02:31:48-debug: // ---- build task Query asset bundle ----
8-3-2026 02:31:48-debug: // ---- build task Query asset bundle ---- (6ms)
8-3-2026 02:31:48-log: run build task Query asset bundle success in 6 ms√, progress: 10%
8-3-2026 02:31:48-debug: [Build Memory track]: Query asset bundle start:236.18MB, end 236.32MB, increase: 139.66KB
8-3-2026 02:31:48-debug: // ---- build task Sort some build options to settings.json ----
8-3-2026 02:31:48-debug: Sort some build options to settings.json start, progress: 10%
8-3-2026 02:31:48-debug: // ---- build task Sort some build options to settings.json ---- (5ms)
8-3-2026 02:31:48-log: run build task Sort some build options to settings.json success in 5 ms√, progress: 12%
8-3-2026 02:31:48-debug: // ---- build task Fill script data to settings ----
8-3-2026 02:31:48-debug: Fill script data to settings start, progress: 12%
8-3-2026 02:31:48-debug: [Build Memory track]: Sort some build options to settings.json start:236.34MB, end 236.37MB, increase: 26.88KB
8-3-2026 02:31:48-debug: // ---- build task Fill script data to settings ---- (2ms)
8-3-2026 02:31:48-log: run build task Fill script data to settings success in 2 ms√, progress: 13%
8-3-2026 02:31:48-debug: [Build Memory track]: Fill script data to settings start:236.40MB, end 236.42MB, increase: 26.27KB
8-3-2026 02:31:48-debug: // ---- build task Sort some build options to settings.json ----
8-3-2026 02:31:48-debug: Sort some build options to settings.json start, progress: 13%
8-3-2026 02:31:48-debug: // ---- build task Sort some build options to settings.json ---- (15ms)
8-3-2026 02:31:48-debug: [Build Memory track]: Sort some build options to settings.json start:236.45MB, end 236.58MB, increase: 126.81KB
8-3-2026 02:31:48-log: run build task Sort some build options to settings.json success in 15 ms√, progress: 15%
8-3-2026 02:32:07-debug: Query all assets info in project
8-3-2026 02:32:07-debug: init custom config: keepNodeUuid: false, useCache: true
8-3-2026 02:32:07-debug: Skip compress image, progress: 0%
8-3-2026 02:32:07-debug: Init all bundles start..., progress: 0%
8-3-2026 02:32:07-debug: Query asset bundle start, progress: 0%
8-3-2026 02:32:07-debug: // ---- build task Query asset bundle ----
8-3-2026 02:32:07-debug: Num of bundles: 2..., progress: 0%
8-3-2026 02:32:07-debug: Init bundle root assets start..., progress: 0%
8-3-2026 02:32:07-debug: Query preload assets/scripts from cc.config.json: 60f7195c-ec2a-45eb-ba94-8955f60e81d0,1c02ae6f-4492-4915-b8f8-7492a3b1e4cd,810e96e4-e456-4468-9b59-f4e8f39732c0,efe8e2a3-eace-427b-b4f1-cb8a937ec77d,e9aa9a3e-5b2b-4ac7-a2c7-073de2b2b24f,8bbdbcdd-5cd4-4100-b6d5-b7c9625b6107,50f4348b-c883-4e2f-8f11-ce233b859fa1,fda095cb-831d-4601-ad94-846013963de8,f92806d7-1768-443f-afe8-12bcde84d0f0,dd3a144d-ab7f-41f0-82b8-2e43a090d496,f0416e68-0200-4b77-a926-4f9d16e494da,511d2633-09a7-4bdd-ac42-f778032124b3,5d45aa00-e064-4938-b314-4265f0c2258c,9361fd90-ba52-4f84-aa93-6e878fd576ca,970b0598-bcb0-4714-91fb-2e81440dccd8,bcd64cc6-2dd9-43f6-abbe-66318d332032,d930590d-bb92-4cc8-8bd1-23cd027f9edf,a3cd009f-0ab0-420d-9278-b9fdab939bbc,6a2d0734-bd9e-4ddf-946e-caa52498cb75,d9937e59-61fe-4ec6-92ab-7ac5a19c89b0,d1346436-ac96-4271-b863-1f4fdead95b0,971bdb23-3ff6-43eb-b422-1c30165a3663,17debcc3-0a6b-4b8a-b00b-dc58b885581e,711ebe11-f673-4cd9-9a83-63c60ba54c5b,c0143906-9aed-447e-9436-2ae8512d1b6e,14da1725-c4c2-42b4-ab08-ee0aeb6898b3,081cab31-dccd-428e-8652-f2404cc81c47,78e0584a-4343-4727-8f37-e14e65c2a2db,871c3b6c-7379-419d-bda3-794b239ab90d,ff9b0199-ce04-4cfe-86cc-6c719f08d6e4,de1c2107-70c8-4021-8459-6399f24d01c6,cbf30902-517f-40dc-af90-a550bac27cf1,5c601d96-e4c7-4698-991b-7ee674b11079
8-3-2026 02:32:07-debug:   Number of other assets: 486
8-3-2026 02:32:07-debug:   Number of all scenes: 3
8-3-2026 02:32:07-debug: Init bundle root assets success..., progress: 0%
8-3-2026 02:32:07-debug:   Number of all scripts: 39
8-3-2026 02:32:07-log: run build task Query asset bundle success in 15 ms√, progress: 5%
8-3-2026 02:32:07-debug: [Build Memory track]: Query asset bundle start:236.38MB, end 236.27MB, increase: -114.18KB
8-3-2026 02:32:07-debug: Query asset bundle start, progress: 5%
8-3-2026 02:32:07-debug: // ---- build task Query asset bundle ---- (15ms)
8-3-2026 02:32:07-debug: // ---- build task Query asset bundle ----
8-3-2026 02:32:07-debug: // ---- build task Query asset bundle ---- (6ms)
8-3-2026 02:32:07-debug: [Build Memory track]: Query asset bundle start:236.30MB, end 236.43MB, increase: 139.68KB
8-3-2026 02:32:07-debug: // ---- build task Sort some build options to settings.json ----
8-3-2026 02:32:07-debug: Sort some build options to settings.json start, progress: 10%
8-3-2026 02:32:07-log: run build task Query asset bundle success in 6 ms√, progress: 10%
8-3-2026 02:32:07-debug: // ---- build task Sort some build options to settings.json ---- (3ms)
8-3-2026 02:32:07-log: run build task Sort some build options to settings.json success in 3 ms√, progress: 12%
8-3-2026 02:32:07-debug: [Build Memory track]: Sort some build options to settings.json start:236.46MB, end 236.49MB, increase: 26.88KB
8-3-2026 02:32:07-debug: // ---- build task Fill script data to settings ----
8-3-2026 02:32:07-debug: Fill script data to settings start, progress: 12%
8-3-2026 02:32:07-debug: // ---- build task Fill script data to settings ---- (3ms)
8-3-2026 02:32:07-log: run build task Fill script data to settings success in 3 ms√, progress: 13%
8-3-2026 02:32:07-debug: [Build Memory track]: Fill script data to settings start:236.52MB, end 236.54MB, increase: 26.33KB
8-3-2026 02:32:07-debug: Sort some build options to settings.json start, progress: 13%
8-3-2026 02:32:07-debug: // ---- build task Sort some build options to settings.json ----
8-3-2026 02:32:07-debug: // ---- build task Sort some build options to settings.json ---- (18ms)
8-3-2026 02:32:07-log: run build task Sort some build options to settings.json success in 18 ms√, progress: 15%
8-3-2026 02:32:07-debug: [Build Memory track]: Sort some build options to settings.json start:236.57MB, end 236.69MB, increase: 126.84KB
8-3-2026 02:32:30-debug: Query all assets info in project
8-3-2026 02:32:30-debug: init custom config: keepNodeUuid: false, useCache: true
8-3-2026 02:32:30-debug: Skip compress image, progress: 0%
8-3-2026 02:32:30-debug: Init all bundles start..., progress: 0%
8-3-2026 02:32:30-debug: Num of bundles: 2..., progress: 0%
8-3-2026 02:32:30-debug: // ---- build task Query asset bundle ----
8-3-2026 02:32:30-debug: Query asset bundle start, progress: 0%
8-3-2026 02:32:30-debug: Init bundle root assets start..., progress: 0%
8-3-2026 02:32:30-debug: Query preload assets/scripts from cc.config.json: 60f7195c-ec2a-45eb-ba94-8955f60e81d0,1c02ae6f-4492-4915-b8f8-7492a3b1e4cd,810e96e4-e456-4468-9b59-f4e8f39732c0,efe8e2a3-eace-427b-b4f1-cb8a937ec77d,e9aa9a3e-5b2b-4ac7-a2c7-073de2b2b24f,8bbdbcdd-5cd4-4100-b6d5-b7c9625b6107,50f4348b-c883-4e2f-8f11-ce233b859fa1,fda095cb-831d-4601-ad94-846013963de8,f92806d7-1768-443f-afe8-12bcde84d0f0,dd3a144d-ab7f-41f0-82b8-2e43a090d496,f0416e68-0200-4b77-a926-4f9d16e494da,511d2633-09a7-4bdd-ac42-f778032124b3,5d45aa00-e064-4938-b314-4265f0c2258c,9361fd90-ba52-4f84-aa93-6e878fd576ca,970b0598-bcb0-4714-91fb-2e81440dccd8,bcd64cc6-2dd9-43f6-abbe-66318d332032,d930590d-bb92-4cc8-8bd1-23cd027f9edf,a3cd009f-0ab0-420d-9278-b9fdab939bbc,6a2d0734-bd9e-4ddf-946e-caa52498cb75,d9937e59-61fe-4ec6-92ab-7ac5a19c89b0,d1346436-ac96-4271-b863-1f4fdead95b0,971bdb23-3ff6-43eb-b422-1c30165a3663,17debcc3-0a6b-4b8a-b00b-dc58b885581e,711ebe11-f673-4cd9-9a83-63c60ba54c5b,c0143906-9aed-447e-9436-2ae8512d1b6e,14da1725-c4c2-42b4-ab08-ee0aeb6898b3,081cab31-dccd-428e-8652-f2404cc81c47,78e0584a-4343-4727-8f37-e14e65c2a2db,871c3b6c-7379-419d-bda3-794b239ab90d,ff9b0199-ce04-4cfe-86cc-6c719f08d6e4,de1c2107-70c8-4021-8459-6399f24d01c6,cbf30902-517f-40dc-af90-a550bac27cf1,5c601d96-e4c7-4698-991b-7ee674b11079
8-3-2026 02:32:30-debug:   Number of all scenes: 3
8-3-2026 02:32:30-debug:   Number of all scripts: 39
8-3-2026 02:32:30-debug:   Number of other assets: 486
8-3-2026 02:32:30-debug: Init bundle root assets success..., progress: 0%
8-3-2026 02:32:30-debug: // ---- build task Query asset bundle ---- (11ms)
8-3-2026 02:32:30-log: run build task Query asset bundle success in 11 ms√, progress: 5%
8-3-2026 02:32:30-debug: [Build Memory track]: Query asset bundle start:236.50MB, end 236.38MB, increase: -114.51KB
8-3-2026 02:32:30-debug: Query asset bundle start, progress: 5%
8-3-2026 02:32:30-debug: // ---- build task Query asset bundle ----
8-3-2026 02:32:30-debug: // ---- build task Query asset bundle ---- (4ms)
8-3-2026 02:32:30-log: run build task Query asset bundle success in 4 ms√, progress: 10%
8-3-2026 02:32:30-debug: Sort some build options to settings.json start, progress: 10%
8-3-2026 02:32:30-debug: [Build Memory track]: Query asset bundle start:236.41MB, end 236.55MB, increase: 139.89KB
8-3-2026 02:32:30-debug: // ---- build task Sort some build options to settings.json ----
8-3-2026 02:32:30-log: run build task Sort some build options to settings.json success in 2 ms√, progress: 12%
8-3-2026 02:32:30-debug: [Build Memory track]: Sort some build options to settings.json start:236.58MB, end 236.60MB, increase: 26.88KB
8-3-2026 02:32:30-debug: // ---- build task Sort some build options to settings.json ---- (2ms)
8-3-2026 02:32:30-debug: // ---- build task Fill script data to settings ----
8-3-2026 02:32:30-debug: Fill script data to settings start, progress: 12%
8-3-2026 02:32:30-debug: // ---- build task Fill script data to settings ---- (3ms)
8-3-2026 02:32:30-log: run build task Fill script data to settings success in 3 ms√, progress: 13%
8-3-2026 02:32:30-debug: [Build Memory track]: Fill script data to settings start:236.63MB, end 236.66MB, increase: 26.30KB
8-3-2026 02:32:30-debug: Sort some build options to settings.json start, progress: 13%
8-3-2026 02:32:30-debug: // ---- build task Sort some build options to settings.json ----
8-3-2026 02:32:30-debug: // ---- build task Sort some build options to settings.json ---- (14ms)
8-3-2026 02:32:30-log: run build task Sort some build options to settings.json success in 14 ms√, progress: 15%
8-3-2026 02:32:30-debug: [Build Memory track]: Sort some build options to settings.json start:236.68MB, end 236.81MB, increase: 126.81KB
8-3-2026 02:32:50-debug: Query all assets info in project
8-3-2026 02:32:50-debug: init custom config: keepNodeUuid: false, useCache: true
8-3-2026 02:32:50-debug: Skip compress image, progress: 0%
8-3-2026 02:32:50-debug: Init all bundles start..., progress: 0%
8-3-2026 02:32:50-debug: Query asset bundle start, progress: 0%
8-3-2026 02:32:50-debug: // ---- build task Query asset bundle ----
8-3-2026 02:32:50-debug: Num of bundles: 2..., progress: 0%
8-3-2026 02:32:50-debug: Init bundle root assets start..., progress: 0%
8-3-2026 02:32:50-debug: Query preload assets/scripts from cc.config.json: 60f7195c-ec2a-45eb-ba94-8955f60e81d0,1c02ae6f-4492-4915-b8f8-7492a3b1e4cd,810e96e4-e456-4468-9b59-f4e8f39732c0,efe8e2a3-eace-427b-b4f1-cb8a937ec77d,e9aa9a3e-5b2b-4ac7-a2c7-073de2b2b24f,8bbdbcdd-5cd4-4100-b6d5-b7c9625b6107,50f4348b-c883-4e2f-8f11-ce233b859fa1,fda095cb-831d-4601-ad94-846013963de8,f92806d7-1768-443f-afe8-12bcde84d0f0,dd3a144d-ab7f-41f0-82b8-2e43a090d496,f0416e68-0200-4b77-a926-4f9d16e494da,511d2633-09a7-4bdd-ac42-f778032124b3,5d45aa00-e064-4938-b314-4265f0c2258c,9361fd90-ba52-4f84-aa93-6e878fd576ca,970b0598-bcb0-4714-91fb-2e81440dccd8,bcd64cc6-2dd9-43f6-abbe-66318d332032,d930590d-bb92-4cc8-8bd1-23cd027f9edf,a3cd009f-0ab0-420d-9278-b9fdab939bbc,6a2d0734-bd9e-4ddf-946e-caa52498cb75,d9937e59-61fe-4ec6-92ab-7ac5a19c89b0,d1346436-ac96-4271-b863-1f4fdead95b0,971bdb23-3ff6-43eb-b422-1c30165a3663,17debcc3-0a6b-4b8a-b00b-dc58b885581e,711ebe11-f673-4cd9-9a83-63c60ba54c5b,c0143906-9aed-447e-9436-2ae8512d1b6e,14da1725-c4c2-42b4-ab08-ee0aeb6898b3,081cab31-dccd-428e-8652-f2404cc81c47,78e0584a-4343-4727-8f37-e14e65c2a2db,871c3b6c-7379-419d-bda3-794b239ab90d,ff9b0199-ce04-4cfe-86cc-6c719f08d6e4,de1c2107-70c8-4021-8459-6399f24d01c6,cbf30902-517f-40dc-af90-a550bac27cf1,5c601d96-e4c7-4698-991b-7ee674b11079
8-3-2026 02:32:50-debug:   Number of all scenes: 3
8-3-2026 02:32:50-debug:   Number of all scripts: 39
8-3-2026 02:32:50-debug:   Number of other assets: 486
8-3-2026 02:32:50-debug: Init bundle root assets success..., progress: 0%
8-3-2026 02:32:50-debug: // ---- build task Query asset bundle ---- (10ms)
8-3-2026 02:32:50-log: run build task Query asset bundle success in 10 ms√, progress: 5%
8-3-2026 02:32:50-debug: [Build Memory track]: Query asset bundle start:236.60MB, end 236.49MB, increase: -116.69KB
8-3-2026 02:32:50-debug: Query asset bundle start, progress: 5%
8-3-2026 02:32:50-debug: // ---- build task Query asset bundle ----
8-3-2026 02:32:50-debug: // ---- build task Query asset bundle ---- (9ms)
8-3-2026 02:32:50-log: run build task Query asset bundle success in 9 ms√, progress: 10%
8-3-2026 02:32:50-debug: [Build Memory track]: Query asset bundle start:236.52MB, end 236.65MB, increase: 139.68KB
8-3-2026 02:32:50-debug: Sort some build options to settings.json start, progress: 10%
8-3-2026 02:32:50-debug: // ---- build task Sort some build options to settings.json ----
8-3-2026 02:32:50-debug: // ---- build task Sort some build options to settings.json ---- (2ms)
8-3-2026 02:32:50-log: run build task Sort some build options to settings.json success in 2 ms√, progress: 12%
8-3-2026 02:32:50-debug: [Build Memory track]: Sort some build options to settings.json start:236.68MB, end 236.71MB, increase: 26.91KB
8-3-2026 02:32:50-debug: Fill script data to settings start, progress: 12%
8-3-2026 02:32:50-debug: // ---- build task Fill script data to settings ----
8-3-2026 02:32:50-debug: // ---- build task Fill script data to settings ---- (3ms)
8-3-2026 02:32:50-log: run build task Fill script data to settings success in 3 ms√, progress: 13%
8-3-2026 02:32:50-debug: [Build Memory track]: Fill script data to settings start:236.73MB, end 236.76MB, increase: 26.30KB
8-3-2026 02:32:50-debug: Sort some build options to settings.json start, progress: 13%
8-3-2026 02:32:50-debug: // ---- build task Sort some build options to settings.json ----
8-3-2026 02:32:50-debug: // ---- build task Sort some build options to settings.json ---- (14ms)
8-3-2026 02:32:50-log: run build task Sort some build options to settings.json success in 14 ms√, progress: 15%
8-3-2026 02:32:50-debug: [Build Memory track]: Sort some build options to settings.json start:236.79MB, end 236.91MB, increase: 126.89KB
8-3-2026 02:33:08-debug: Query all assets info in project
8-3-2026 02:33:08-debug: init custom config: keepNodeUuid: false, useCache: true
8-3-2026 02:33:08-debug: Skip compress image, progress: 0%
8-3-2026 02:33:08-debug: Init all bundles start..., progress: 0%
8-3-2026 02:33:08-debug: Num of bundles: 2..., progress: 0%
8-3-2026 02:33:08-debug: Query asset bundle start, progress: 0%
8-3-2026 02:33:08-debug: // ---- build task Query asset bundle ----
8-3-2026 02:33:08-debug: Init bundle root assets start..., progress: 0%
8-3-2026 02:33:08-debug: Query preload assets/scripts from cc.config.json: 60f7195c-ec2a-45eb-ba94-8955f60e81d0,1c02ae6f-4492-4915-b8f8-7492a3b1e4cd,810e96e4-e456-4468-9b59-f4e8f39732c0,efe8e2a3-eace-427b-b4f1-cb8a937ec77d,e9aa9a3e-5b2b-4ac7-a2c7-073de2b2b24f,8bbdbcdd-5cd4-4100-b6d5-b7c9625b6107,50f4348b-c883-4e2f-8f11-ce233b859fa1,fda095cb-831d-4601-ad94-846013963de8,f92806d7-1768-443f-afe8-12bcde84d0f0,dd3a144d-ab7f-41f0-82b8-2e43a090d496,f0416e68-0200-4b77-a926-4f9d16e494da,511d2633-09a7-4bdd-ac42-f778032124b3,5d45aa00-e064-4938-b314-4265f0c2258c,9361fd90-ba52-4f84-aa93-6e878fd576ca,970b0598-bcb0-4714-91fb-2e81440dccd8,bcd64cc6-2dd9-43f6-abbe-66318d332032,d930590d-bb92-4cc8-8bd1-23cd027f9edf,a3cd009f-0ab0-420d-9278-b9fdab939bbc,6a2d0734-bd9e-4ddf-946e-caa52498cb75,d9937e59-61fe-4ec6-92ab-7ac5a19c89b0,d1346436-ac96-4271-b863-1f4fdead95b0,971bdb23-3ff6-43eb-b422-1c30165a3663,17debcc3-0a6b-4b8a-b00b-dc58b885581e,711ebe11-f673-4cd9-9a83-63c60ba54c5b,c0143906-9aed-447e-9436-2ae8512d1b6e,14da1725-c4c2-42b4-ab08-ee0aeb6898b3,081cab31-dccd-428e-8652-f2404cc81c47,78e0584a-4343-4727-8f37-e14e65c2a2db,871c3b6c-7379-419d-bda3-794b239ab90d,ff9b0199-ce04-4cfe-86cc-6c719f08d6e4,de1c2107-70c8-4021-8459-6399f24d01c6,cbf30902-517f-40dc-af90-a550bac27cf1,5c601d96-e4c7-4698-991b-7ee674b11079
8-3-2026 02:33:08-debug:   Number of all scripts: 39
8-3-2026 02:33:08-debug:   Number of other assets: 486
8-3-2026 02:33:08-debug: Init bundle root assets success..., progress: 0%
8-3-2026 02:33:08-debug:   Number of all scenes: 3
8-3-2026 02:33:08-debug: // ---- build task Query asset bundle ---- (11ms)
8-3-2026 02:33:08-log: run build task Query asset bundle success in 11 ms√, progress: 5%
8-3-2026 02:33:08-debug: [Build Memory track]: Query asset bundle start:236.71MB, end 236.60MB, increase: -112.02KB
8-3-2026 02:33:08-debug: Query asset bundle start, progress: 5%
8-3-2026 02:33:08-debug: // ---- build task Query asset bundle ----
8-3-2026 02:33:08-debug: // ---- build task Query asset bundle ---- (5ms)
8-3-2026 02:33:08-debug: [Build Memory track]: Query asset bundle start:236.62MB, end 236.76MB, increase: 139.66KB
8-3-2026 02:33:08-debug: Sort some build options to settings.json start, progress: 10%
8-3-2026 02:33:08-debug: // ---- build task Sort some build options to settings.json ----
8-3-2026 02:33:08-log: run build task Query asset bundle success in 5 ms√, progress: 10%
8-3-2026 02:33:08-debug: // ---- build task Sort some build options to settings.json ---- (1ms)
8-3-2026 02:33:08-log: run build task Sort some build options to settings.json success in 1 ms√, progress: 12%
8-3-2026 02:33:08-debug: [Build Memory track]: Sort some build options to settings.json start:236.79MB, end 236.81MB, increase: 26.99KB
8-3-2026 02:33:08-debug: Fill script data to settings start, progress: 12%
8-3-2026 02:33:08-debug: // ---- build task Fill script data to settings ----
8-3-2026 02:33:08-debug: // ---- build task Fill script data to settings ---- (6ms)
8-3-2026 02:33:08-log: run build task Fill script data to settings success in 6 ms√, progress: 13%
8-3-2026 02:33:08-debug: [Build Memory track]: Fill script data to settings start:236.84MB, end 236.87MB, increase: 26.27KB
8-3-2026 02:33:08-debug: Sort some build options to settings.json start, progress: 13%
8-3-2026 02:33:08-debug: // ---- build task Sort some build options to settings.json ----
8-3-2026 02:33:09-log: run build task Sort some build options to settings.json success in 12 ms√, progress: 15%
8-3-2026 02:33:09-debug: // ---- build task Sort some build options to settings.json ---- (12ms)
8-3-2026 02:33:09-debug: [Build Memory track]: Sort some build options to settings.json start:236.90MB, end 237.02MB, increase: 126.84KB
8-3-2026 02:33:27-debug: Query all assets info in project
8-3-2026 02:33:27-debug: init custom config: keepNodeUuid: false, useCache: true
8-3-2026 02:33:27-debug: Skip compress image, progress: 0%
8-3-2026 02:33:27-debug: Init all bundles start..., progress: 0%
8-3-2026 02:33:27-debug: Query asset bundle start, progress: 0%
8-3-2026 02:33:27-debug: // ---- build task Query asset bundle ----
8-3-2026 02:33:27-debug: Num of bundles: 2..., progress: 0%
8-3-2026 02:33:27-debug: Init bundle root assets start..., progress: 0%
8-3-2026 02:33:27-debug: Query preload assets/scripts from cc.config.json: 60f7195c-ec2a-45eb-ba94-8955f60e81d0,1c02ae6f-4492-4915-b8f8-7492a3b1e4cd,810e96e4-e456-4468-9b59-f4e8f39732c0,efe8e2a3-eace-427b-b4f1-cb8a937ec77d,e9aa9a3e-5b2b-4ac7-a2c7-073de2b2b24f,8bbdbcdd-5cd4-4100-b6d5-b7c9625b6107,50f4348b-c883-4e2f-8f11-ce233b859fa1,fda095cb-831d-4601-ad94-846013963de8,f92806d7-1768-443f-afe8-12bcde84d0f0,dd3a144d-ab7f-41f0-82b8-2e43a090d496,f0416e68-0200-4b77-a926-4f9d16e494da,511d2633-09a7-4bdd-ac42-f778032124b3,5d45aa00-e064-4938-b314-4265f0c2258c,9361fd90-ba52-4f84-aa93-6e878fd576ca,970b0598-bcb0-4714-91fb-2e81440dccd8,bcd64cc6-2dd9-43f6-abbe-66318d332032,d930590d-bb92-4cc8-8bd1-23cd027f9edf,a3cd009f-0ab0-420d-9278-b9fdab939bbc,6a2d0734-bd9e-4ddf-946e-caa52498cb75,d9937e59-61fe-4ec6-92ab-7ac5a19c89b0,d1346436-ac96-4271-b863-1f4fdead95b0,971bdb23-3ff6-43eb-b422-1c30165a3663,17debcc3-0a6b-4b8a-b00b-dc58b885581e,711ebe11-f673-4cd9-9a83-63c60ba54c5b,c0143906-9aed-447e-9436-2ae8512d1b6e,14da1725-c4c2-42b4-ab08-ee0aeb6898b3,081cab31-dccd-428e-8652-f2404cc81c47,78e0584a-4343-4727-8f37-e14e65c2a2db,871c3b6c-7379-419d-bda3-794b239ab90d,ff9b0199-ce04-4cfe-86cc-6c719f08d6e4,de1c2107-70c8-4021-8459-6399f24d01c6,cbf30902-517f-40dc-af90-a550bac27cf1,5c601d96-e4c7-4698-991b-7ee674b11079
8-3-2026 02:33:27-debug:   Number of other assets: 486
8-3-2026 02:33:27-debug: Init bundle root assets success..., progress: 0%
8-3-2026 02:33:27-debug:   Number of all scenes: 3
8-3-2026 02:33:27-debug:   Number of all scripts: 39
8-3-2026 02:33:27-debug: // ---- build task Query asset bundle ---- (10ms)
8-3-2026 02:33:27-log: run build task Query asset bundle success in 10 ms√, progress: 5%
8-3-2026 02:33:27-debug: [Build Memory track]: Query asset bundle start:236.81MB, end 236.70MB, increase: -114.44KB
8-3-2026 02:33:27-debug: Query asset bundle start, progress: 5%
8-3-2026 02:33:27-debug: // ---- build task Query asset bundle ----
8-3-2026 02:33:27-debug: // ---- build task Query asset bundle ---- (8ms)
8-3-2026 02:33:27-log: run build task Query asset bundle success in 8 ms√, progress: 10%
8-3-2026 02:33:27-debug: [Build Memory track]: Query asset bundle start:236.73MB, end 236.86MB, increase: 139.55KB
8-3-2026 02:33:27-debug: Sort some build options to settings.json start, progress: 10%
8-3-2026 02:33:27-debug: // ---- build task Sort some build options to settings.json ----
8-3-2026 02:33:28-debug: // ---- build task Sort some build options to settings.json ---- (6ms)
8-3-2026 02:33:28-debug: Fill script data to settings start, progress: 12%
8-3-2026 02:33:28-log: run build task Sort some build options to settings.json success in 6 ms√, progress: 12%
8-3-2026 02:33:28-debug: [Build Memory track]: Sort some build options to settings.json start:236.89MB, end 236.92MB, increase: 27.05KB
8-3-2026 02:33:28-debug: // ---- build task Fill script data to settings ----
8-3-2026 02:33:28-log: run build task Fill script data to settings success in 4 ms√, progress: 13%
8-3-2026 02:33:28-debug: [Build Memory track]: Fill script data to settings start:236.95MB, end 236.97MB, increase: 26.27KB
8-3-2026 02:33:28-debug: Sort some build options to settings.json start, progress: 13%
8-3-2026 02:33:28-debug: // ---- build task Fill script data to settings ---- (4ms)
8-3-2026 02:33:28-debug: // ---- build task Sort some build options to settings.json ----
8-3-2026 02:33:28-debug: // ---- build task Sort some build options to settings.json ---- (16ms)
8-3-2026 02:33:28-log: run build task Sort some build options to settings.json success in 16 ms√, progress: 15%
8-3-2026 02:33:28-debug: [Build Memory track]: Sort some build options to settings.json start:237.00MB, end 237.12MB, increase: 126.84KB
8-3-2026 02:33:49-debug: Query all assets info in project
8-3-2026 02:33:49-debug: init custom config: keepNodeUuid: false, useCache: true
8-3-2026 02:33:49-debug: Skip compress image, progress: 0%
8-3-2026 02:33:49-debug: Init all bundles start..., progress: 0%
8-3-2026 02:33:49-debug: Query asset bundle start, progress: 0%
8-3-2026 02:33:49-debug: // ---- build task Query asset bundle ----
8-3-2026 02:33:49-debug: Num of bundles: 2..., progress: 0%
8-3-2026 02:33:49-debug: Init bundle root assets start..., progress: 0%
8-3-2026 02:33:49-debug: Query preload assets/scripts from cc.config.json: 60f7195c-ec2a-45eb-ba94-8955f60e81d0,1c02ae6f-4492-4915-b8f8-7492a3b1e4cd,810e96e4-e456-4468-9b59-f4e8f39732c0,efe8e2a3-eace-427b-b4f1-cb8a937ec77d,e9aa9a3e-5b2b-4ac7-a2c7-073de2b2b24f,8bbdbcdd-5cd4-4100-b6d5-b7c9625b6107,50f4348b-c883-4e2f-8f11-ce233b859fa1,fda095cb-831d-4601-ad94-846013963de8,f92806d7-1768-443f-afe8-12bcde84d0f0,dd3a144d-ab7f-41f0-82b8-2e43a090d496,f0416e68-0200-4b77-a926-4f9d16e494da,511d2633-09a7-4bdd-ac42-f778032124b3,5d45aa00-e064-4938-b314-4265f0c2258c,9361fd90-ba52-4f84-aa93-6e878fd576ca,970b0598-bcb0-4714-91fb-2e81440dccd8,bcd64cc6-2dd9-43f6-abbe-66318d332032,d930590d-bb92-4cc8-8bd1-23cd027f9edf,a3cd009f-0ab0-420d-9278-b9fdab939bbc,6a2d0734-bd9e-4ddf-946e-caa52498cb75,d9937e59-61fe-4ec6-92ab-7ac5a19c89b0,d1346436-ac96-4271-b863-1f4fdead95b0,971bdb23-3ff6-43eb-b422-1c30165a3663,17debcc3-0a6b-4b8a-b00b-dc58b885581e,711ebe11-f673-4cd9-9a83-63c60ba54c5b,c0143906-9aed-447e-9436-2ae8512d1b6e,14da1725-c4c2-42b4-ab08-ee0aeb6898b3,081cab31-dccd-428e-8652-f2404cc81c47,78e0584a-4343-4727-8f37-e14e65c2a2db,871c3b6c-7379-419d-bda3-794b239ab90d,ff9b0199-ce04-4cfe-86cc-6c719f08d6e4,de1c2107-70c8-4021-8459-6399f24d01c6,cbf30902-517f-40dc-af90-a550bac27cf1,5c601d96-e4c7-4698-991b-7ee674b11079
8-3-2026 02:33:49-debug:   Number of all scenes: 3
8-3-2026 02:33:49-debug:   Number of all scripts: 39
8-3-2026 02:33:49-debug:   Number of other assets: 486
8-3-2026 02:33:49-debug: Init bundle root assets success..., progress: 0%
8-3-2026 02:33:49-debug: // ---- build task Query asset bundle ---- (13ms)
8-3-2026 02:33:49-debug: [Build Memory track]: Query asset bundle start:236.90MB, end 236.80MB, increase: -93.45KB
8-3-2026 02:33:49-log: run build task Query asset bundle success in 13 ms√, progress: 5%
8-3-2026 02:33:49-debug: Query asset bundle start, progress: 5%
8-3-2026 02:33:49-debug: // ---- build task Query asset bundle ----
8-3-2026 02:33:49-debug: // ---- build task Query asset bundle ---- (6ms)
8-3-2026 02:33:49-debug: [Build Memory track]: Query asset bundle start:236.83MB, end 236.97MB, increase: 139.55KB
8-3-2026 02:33:49-debug: // ---- build task Sort some build options to settings.json ----
8-3-2026 02:33:49-log: run build task Query asset bundle success in 6 ms√, progress: 10%
8-3-2026 02:33:49-debug: Sort some build options to settings.json start, progress: 10%
8-3-2026 02:33:49-debug: // ---- build task Sort some build options to settings.json ---- (4ms)
8-3-2026 02:33:49-log: run build task Sort some build options to settings.json success in 4 ms√, progress: 12%
8-3-2026 02:33:49-debug: [Build Memory track]: Sort some build options to settings.json start:237.00MB, end 237.02MB, increase: 27.07KB
8-3-2026 02:33:49-debug: Fill script data to settings start, progress: 12%
8-3-2026 02:33:49-debug: // ---- build task Fill script data to settings ----
8-3-2026 02:33:49-debug: // ---- build task Fill script data to settings ---- (3ms)
8-3-2026 02:33:49-log: run build task Fill script data to settings success in 3 ms√, progress: 13%
8-3-2026 02:33:49-debug: [Build Memory track]: Fill script data to settings start:237.05MB, end 237.08MB, increase: 26.43KB
8-3-2026 02:33:49-debug: Sort some build options to settings.json start, progress: 13%
8-3-2026 02:33:49-debug: // ---- build task Sort some build options to settings.json ----
8-3-2026 02:33:49-debug: // ---- build task Sort some build options to settings.json ---- (12ms)
8-3-2026 02:33:49-log: run build task Sort some build options to settings.json success in 12 ms√, progress: 15%
8-3-2026 02:33:49-debug: [Build Memory track]: Sort some build options to settings.json start:237.10MB, end 237.23MB, increase: 128.77KB
8-3-2026 02:34:08-debug: Query all assets info in project
8-3-2026 02:34:08-debug: Skip compress image, progress: 0%
8-3-2026 02:34:08-debug: init custom config: keepNodeUuid: false, useCache: true
8-3-2026 02:34:08-debug: Init all bundles start..., progress: 0%
8-3-2026 02:34:08-debug: // ---- build task Query asset bundle ----
8-3-2026 02:34:08-debug: Query asset bundle start, progress: 0%
8-3-2026 02:34:08-debug: Num of bundles: 2..., progress: 0%
8-3-2026 02:34:08-debug: Init bundle root assets start..., progress: 0%
8-3-2026 02:34:08-debug: Query preload assets/scripts from cc.config.json: 60f7195c-ec2a-45eb-ba94-8955f60e81d0,1c02ae6f-4492-4915-b8f8-7492a3b1e4cd,810e96e4-e456-4468-9b59-f4e8f39732c0,efe8e2a3-eace-427b-b4f1-cb8a937ec77d,e9aa9a3e-5b2b-4ac7-a2c7-073de2b2b24f,8bbdbcdd-5cd4-4100-b6d5-b7c9625b6107,50f4348b-c883-4e2f-8f11-ce233b859fa1,fda095cb-831d-4601-ad94-846013963de8,f92806d7-1768-443f-afe8-12bcde84d0f0,dd3a144d-ab7f-41f0-82b8-2e43a090d496,f0416e68-0200-4b77-a926-4f9d16e494da,511d2633-09a7-4bdd-ac42-f778032124b3,5d45aa00-e064-4938-b314-4265f0c2258c,9361fd90-ba52-4f84-aa93-6e878fd576ca,970b0598-bcb0-4714-91fb-2e81440dccd8,bcd64cc6-2dd9-43f6-abbe-66318d332032,d930590d-bb92-4cc8-8bd1-23cd027f9edf,a3cd009f-0ab0-420d-9278-b9fdab939bbc,6a2d0734-bd9e-4ddf-946e-caa52498cb75,d9937e59-61fe-4ec6-92ab-7ac5a19c89b0,d1346436-ac96-4271-b863-1f4fdead95b0,971bdb23-3ff6-43eb-b422-1c30165a3663,17debcc3-0a6b-4b8a-b00b-dc58b885581e,711ebe11-f673-4cd9-9a83-63c60ba54c5b,c0143906-9aed-447e-9436-2ae8512d1b6e,14da1725-c4c2-42b4-ab08-ee0aeb6898b3,081cab31-dccd-428e-8652-f2404cc81c47,78e0584a-4343-4727-8f37-e14e65c2a2db,871c3b6c-7379-419d-bda3-794b239ab90d,ff9b0199-ce04-4cfe-86cc-6c719f08d6e4,de1c2107-70c8-4021-8459-6399f24d01c6,cbf30902-517f-40dc-af90-a550bac27cf1,5c601d96-e4c7-4698-991b-7ee674b11079
8-3-2026 02:34:08-debug:   Number of all scripts: 39
8-3-2026 02:34:08-debug:   Number of other assets: 486
8-3-2026 02:34:08-debug: Init bundle root assets success..., progress: 0%
8-3-2026 02:34:08-debug:   Number of all scenes: 3
8-3-2026 02:34:08-debug: // ---- build task Query asset bundle ---- (14ms)
8-3-2026 02:34:08-log: run build task Query asset bundle success in 14 ms√, progress: 5%
8-3-2026 02:34:08-debug: [Build Memory track]: Query asset bundle start:237.00MB, end 236.91MB, increase: -93.45KB
8-3-2026 02:34:08-debug: Query asset bundle start, progress: 5%
8-3-2026 02:34:08-debug: // ---- build task Query asset bundle ----
8-3-2026 02:34:08-debug: // ---- build task Query asset bundle ---- (8ms)
8-3-2026 02:34:08-log: run build task Query asset bundle success in 8 ms√, progress: 10%
8-3-2026 02:34:08-debug: [Build Memory track]: Query asset bundle start:236.94MB, end 237.07MB, increase: 140.85KB
8-3-2026 02:34:08-debug: Sort some build options to settings.json start, progress: 10%
8-3-2026 02:34:08-debug: // ---- build task Sort some build options to settings.json ----
8-3-2026 02:34:08-debug: // ---- build task Sort some build options to settings.json ---- (4ms)
8-3-2026 02:34:08-log: run build task Sort some build options to settings.json success in 4 ms√, progress: 12%
8-3-2026 02:34:08-debug: [Build Memory track]: Sort some build options to settings.json start:237.10MB, end 237.13MB, increase: 26.73KB
8-3-2026 02:34:08-debug: // ---- build task Fill script data to settings ----
8-3-2026 02:34:08-debug: Fill script data to settings start, progress: 12%
8-3-2026 02:34:08-debug: // ---- build task Fill script data to settings ---- (3ms)
8-3-2026 02:34:08-log: run build task Fill script data to settings success in 3 ms√, progress: 13%
8-3-2026 02:34:08-debug: // ---- build task Sort some build options to settings.json ----
8-3-2026 02:34:08-debug: [Build Memory track]: Fill script data to settings start:237.16MB, end 237.18MB, increase: 26.13KB
8-3-2026 02:34:08-debug: Sort some build options to settings.json start, progress: 13%
8-3-2026 02:34:08-debug: // ---- build task Sort some build options to settings.json ---- (16ms)
8-3-2026 02:34:08-log: run build task Sort some build options to settings.json success in 16 ms√, progress: 15%
8-3-2026 02:34:08-debug: [Build Memory track]: Sort some build options to settings.json start:237.21MB, end 237.34MB, increase: 128.57KB
8-3-2026 02:34:33-debug: Query all assets info in project
8-3-2026 02:34:33-debug: init custom config: keepNodeUuid: false, useCache: true
8-3-2026 02:34:33-debug: Skip compress image, progress: 0%
8-3-2026 02:34:33-debug: Init all bundles start..., progress: 0%
8-3-2026 02:34:33-debug: // ---- build task Query asset bundle ----
8-3-2026 02:34:33-debug: Query asset bundle start, progress: 0%
8-3-2026 02:34:33-debug: Num of bundles: 2..., progress: 0%
8-3-2026 02:34:33-debug: Init bundle root assets start..., progress: 0%
8-3-2026 02:34:33-debug:   Number of all scenes: 3
8-3-2026 02:34:33-debug: Query preload assets/scripts from cc.config.json: 60f7195c-ec2a-45eb-ba94-8955f60e81d0,1c02ae6f-4492-4915-b8f8-7492a3b1e4cd,810e96e4-e456-4468-9b59-f4e8f39732c0,efe8e2a3-eace-427b-b4f1-cb8a937ec77d,e9aa9a3e-5b2b-4ac7-a2c7-073de2b2b24f,8bbdbcdd-5cd4-4100-b6d5-b7c9625b6107,50f4348b-c883-4e2f-8f11-ce233b859fa1,fda095cb-831d-4601-ad94-846013963de8,f92806d7-1768-443f-afe8-12bcde84d0f0,dd3a144d-ab7f-41f0-82b8-2e43a090d496,f0416e68-0200-4b77-a926-4f9d16e494da,511d2633-09a7-4bdd-ac42-f778032124b3,5d45aa00-e064-4938-b314-4265f0c2258c,9361fd90-ba52-4f84-aa93-6e878fd576ca,970b0598-bcb0-4714-91fb-2e81440dccd8,bcd64cc6-2dd9-43f6-abbe-66318d332032,d930590d-bb92-4cc8-8bd1-23cd027f9edf,a3cd009f-0ab0-420d-9278-b9fdab939bbc,6a2d0734-bd9e-4ddf-946e-caa52498cb75,d9937e59-61fe-4ec6-92ab-7ac5a19c89b0,d1346436-ac96-4271-b863-1f4fdead95b0,971bdb23-3ff6-43eb-b422-1c30165a3663,17debcc3-0a6b-4b8a-b00b-dc58b885581e,711ebe11-f673-4cd9-9a83-63c60ba54c5b,c0143906-9aed-447e-9436-2ae8512d1b6e,14da1725-c4c2-42b4-ab08-ee0aeb6898b3,081cab31-dccd-428e-8652-f2404cc81c47,78e0584a-4343-4727-8f37-e14e65c2a2db,871c3b6c-7379-419d-bda3-794b239ab90d,ff9b0199-ce04-4cfe-86cc-6c719f08d6e4,de1c2107-70c8-4021-8459-6399f24d01c6,cbf30902-517f-40dc-af90-a550bac27cf1,5c601d96-e4c7-4698-991b-7ee674b11079
8-3-2026 02:34:33-debug:   Number of other assets: 486
8-3-2026 02:34:33-debug: Init bundle root assets success..., progress: 0%
8-3-2026 02:34:33-debug:   Number of all scripts: 39
8-3-2026 02:34:33-debug: // ---- build task Query asset bundle ---- (12ms)
8-3-2026 02:34:33-log: run build task Query asset bundle success in 12 ms√, progress: 5%
8-3-2026 02:34:33-debug: [Build Memory track]: Query asset bundle start:237.14MB, end 237.02MB, increase: -123.00KB
8-3-2026 02:34:33-debug: Query asset bundle start, progress: 5%
8-3-2026 02:34:33-debug: // ---- build task Query asset bundle ----
8-3-2026 02:34:33-debug: // ---- build task Query asset bundle ---- (6ms)
8-3-2026 02:34:33-debug: Sort some build options to settings.json start, progress: 10%
8-3-2026 02:34:33-log: run build task Query asset bundle success in 6 ms√, progress: 10%
8-3-2026 02:34:33-debug: [Build Memory track]: Query asset bundle start:237.04MB, end 237.18MB, increase: 140.27KB
8-3-2026 02:34:33-debug: // ---- build task Sort some build options to settings.json ----
8-3-2026 02:34:33-debug: // ---- build task Sort some build options to settings.json ---- (3ms)
8-3-2026 02:34:33-log: run build task Sort some build options to settings.json success in 3 ms√, progress: 12%
8-3-2026 02:34:33-debug: [Build Memory track]: Sort some build options to settings.json start:237.21MB, end 237.23MB, increase: 26.87KB
8-3-2026 02:34:33-debug: Fill script data to settings start, progress: 12%
8-3-2026 02:34:33-debug: // ---- build task Fill script data to settings ----
8-3-2026 02:34:33-debug: // ---- build task Fill script data to settings ---- (4ms)
8-3-2026 02:34:33-log: run build task Fill script data to settings success in 4 ms√, progress: 13%
8-3-2026 02:34:33-debug: [Build Memory track]: Fill script data to settings start:237.26MB, end 237.29MB, increase: 26.13KB
8-3-2026 02:34:33-debug: Sort some build options to settings.json start, progress: 13%
8-3-2026 02:34:33-debug: // ---- build task Sort some build options to settings.json ----
8-3-2026 02:34:33-debug: // ---- build task Sort some build options to settings.json ---- (16ms)
8-3-2026 02:34:33-log: run build task Sort some build options to settings.json success in 16 ms√, progress: 15%
8-3-2026 02:34:33-debug: [Build Memory track]: Sort some build options to settings.json start:237.32MB, end 237.44MB, increase: 126.56KB
8-3-2026 02:34:54-debug: Query all assets info in project
8-3-2026 02:34:54-debug: init custom config: keepNodeUuid: false, useCache: true
8-3-2026 02:34:54-debug: Skip compress image, progress: 0%
8-3-2026 02:34:54-debug: Init all bundles start..., progress: 0%
8-3-2026 02:34:54-debug: Query asset bundle start, progress: 0%
8-3-2026 02:34:54-debug: Num of bundles: 2..., progress: 0%
8-3-2026 02:34:54-debug: // ---- build task Query asset bundle ----
8-3-2026 02:34:54-debug: Init bundle root assets start..., progress: 0%
8-3-2026 02:34:54-debug: Query preload assets/scripts from cc.config.json: 60f7195c-ec2a-45eb-ba94-8955f60e81d0,1c02ae6f-4492-4915-b8f8-7492a3b1e4cd,810e96e4-e456-4468-9b59-f4e8f39732c0,efe8e2a3-eace-427b-b4f1-cb8a937ec77d,e9aa9a3e-5b2b-4ac7-a2c7-073de2b2b24f,8bbdbcdd-5cd4-4100-b6d5-b7c9625b6107,50f4348b-c883-4e2f-8f11-ce233b859fa1,fda095cb-831d-4601-ad94-846013963de8,f92806d7-1768-443f-afe8-12bcde84d0f0,dd3a144d-ab7f-41f0-82b8-2e43a090d496,f0416e68-0200-4b77-a926-4f9d16e494da,511d2633-09a7-4bdd-ac42-f778032124b3,5d45aa00-e064-4938-b314-4265f0c2258c,9361fd90-ba52-4f84-aa93-6e878fd576ca,970b0598-bcb0-4714-91fb-2e81440dccd8,bcd64cc6-2dd9-43f6-abbe-66318d332032,d930590d-bb92-4cc8-8bd1-23cd027f9edf,a3cd009f-0ab0-420d-9278-b9fdab939bbc,6a2d0734-bd9e-4ddf-946e-caa52498cb75,d9937e59-61fe-4ec6-92ab-7ac5a19c89b0,d1346436-ac96-4271-b863-1f4fdead95b0,971bdb23-3ff6-43eb-b422-1c30165a3663,17debcc3-0a6b-4b8a-b00b-dc58b885581e,711ebe11-f673-4cd9-9a83-63c60ba54c5b,c0143906-9aed-447e-9436-2ae8512d1b6e,14da1725-c4c2-42b4-ab08-ee0aeb6898b3,081cab31-dccd-428e-8652-f2404cc81c47,78e0584a-4343-4727-8f37-e14e65c2a2db,871c3b6c-7379-419d-bda3-794b239ab90d,ff9b0199-ce04-4cfe-86cc-6c719f08d6e4,de1c2107-70c8-4021-8459-6399f24d01c6,cbf30902-517f-40dc-af90-a550bac27cf1,5c601d96-e4c7-4698-991b-7ee674b11079
8-3-2026 02:34:54-debug:   Number of all scripts: 39
8-3-2026 02:34:54-debug:   Number of all scenes: 3
8-3-2026 02:34:54-debug:   Number of other assets: 486
8-3-2026 02:34:54-debug: Init bundle root assets success..., progress: 0%
8-3-2026 02:34:54-debug: // ---- build task Query asset bundle ---- (13ms)
8-3-2026 02:34:54-log: run build task Query asset bundle success in 13 ms√, progress: 5%
8-3-2026 02:34:54-debug: [Build Memory track]: Query asset bundle start:237.23MB, end 237.12MB, increase: -114.57KB
8-3-2026 02:34:54-debug: Query asset bundle start, progress: 5%
8-3-2026 02:34:54-debug: // ---- build task Query asset bundle ----
8-3-2026 02:34:54-debug: // ---- build task Query asset bundle ---- (9ms)
8-3-2026 02:34:54-debug: Sort some build options to settings.json start, progress: 10%
8-3-2026 02:34:54-log: run build task Query asset bundle success in 9 ms√, progress: 10%
8-3-2026 02:34:54-debug: [Build Memory track]: Query asset bundle start:237.15MB, end 237.28MB, increase: 139.37KB
8-3-2026 02:34:54-debug: // ---- build task Sort some build options to settings.json ----
8-3-2026 02:34:54-debug: // ---- build task Sort some build options to settings.json ---- (3ms)
8-3-2026 02:34:54-log: run build task Sort some build options to settings.json success in 3 ms√, progress: 12%
8-3-2026 02:34:54-debug: [Build Memory track]: Sort some build options to settings.json start:237.31MB, end 237.34MB, increase: 26.87KB
8-3-2026 02:34:54-debug: Fill script data to settings start, progress: 12%
8-3-2026 02:34:54-debug: // ---- build task Fill script data to settings ----
8-3-2026 02:34:54-debug: // ---- build task Fill script data to settings ---- (2ms)
8-3-2026 02:34:54-debug: [Build Memory track]: Fill script data to settings start:237.37MB, end 237.39MB, increase: 26.03KB
8-3-2026 02:34:54-debug: Sort some build options to settings.json start, progress: 13%
8-3-2026 02:34:54-log: run build task Fill script data to settings success in 2 ms√, progress: 13%
8-3-2026 02:34:54-debug: // ---- build task Sort some build options to settings.json ----
8-3-2026 02:34:54-debug: // ---- build task Sort some build options to settings.json ---- (18ms)
8-3-2026 02:34:54-log: run build task Sort some build options to settings.json success in 18 ms√, progress: 15%
8-3-2026 02:34:54-debug: [Build Memory track]: Sort some build options to settings.json start:237.42MB, end 237.54MB, increase: 127.94KB
8-3-2026 02:35:12-debug: Query all assets info in project
8-3-2026 02:35:12-debug: init custom config: keepNodeUuid: false, useCache: true
8-3-2026 02:35:12-debug: Skip compress image, progress: 0%
8-3-2026 02:35:12-debug: Init all bundles start..., progress: 0%
8-3-2026 02:35:12-debug: Query asset bundle start, progress: 0%
8-3-2026 02:35:12-debug: // ---- build task Query asset bundle ----
8-3-2026 02:35:12-debug: Num of bundles: 2..., progress: 0%
8-3-2026 02:35:12-debug: Init bundle root assets start..., progress: 0%
8-3-2026 02:35:12-debug: Query preload assets/scripts from cc.config.json: 60f7195c-ec2a-45eb-ba94-8955f60e81d0,1c02ae6f-4492-4915-b8f8-7492a3b1e4cd,810e96e4-e456-4468-9b59-f4e8f39732c0,efe8e2a3-eace-427b-b4f1-cb8a937ec77d,e9aa9a3e-5b2b-4ac7-a2c7-073de2b2b24f,8bbdbcdd-5cd4-4100-b6d5-b7c9625b6107,50f4348b-c883-4e2f-8f11-ce233b859fa1,fda095cb-831d-4601-ad94-846013963de8,f92806d7-1768-443f-afe8-12bcde84d0f0,dd3a144d-ab7f-41f0-82b8-2e43a090d496,f0416e68-0200-4b77-a926-4f9d16e494da,511d2633-09a7-4bdd-ac42-f778032124b3,5d45aa00-e064-4938-b314-4265f0c2258c,9361fd90-ba52-4f84-aa93-6e878fd576ca,970b0598-bcb0-4714-91fb-2e81440dccd8,bcd64cc6-2dd9-43f6-abbe-66318d332032,d930590d-bb92-4cc8-8bd1-23cd027f9edf,a3cd009f-0ab0-420d-9278-b9fdab939bbc,6a2d0734-bd9e-4ddf-946e-caa52498cb75,d9937e59-61fe-4ec6-92ab-7ac5a19c89b0,d1346436-ac96-4271-b863-1f4fdead95b0,971bdb23-3ff6-43eb-b422-1c30165a3663,17debcc3-0a6b-4b8a-b00b-dc58b885581e,711ebe11-f673-4cd9-9a83-63c60ba54c5b,c0143906-9aed-447e-9436-2ae8512d1b6e,14da1725-c4c2-42b4-ab08-ee0aeb6898b3,081cab31-dccd-428e-8652-f2404cc81c47,78e0584a-4343-4727-8f37-e14e65c2a2db,871c3b6c-7379-419d-bda3-794b239ab90d,ff9b0199-ce04-4cfe-86cc-6c719f08d6e4,de1c2107-70c8-4021-8459-6399f24d01c6,cbf30902-517f-40dc-af90-a550bac27cf1,5c601d96-e4c7-4698-991b-7ee674b11079
8-3-2026 02:35:12-debug:   Number of all scenes: 3
8-3-2026 02:35:12-debug:   Number of all scripts: 39
8-3-2026 02:35:12-debug: Init bundle root assets success..., progress: 0%
8-3-2026 02:35:12-debug:   Number of other assets: 486
8-3-2026 02:35:12-debug: // ---- build task Query asset bundle ---- (12ms)
8-3-2026 02:35:12-log: run build task Query asset bundle success in 12 ms√, progress: 5%
8-3-2026 02:35:12-debug: [Build Memory track]: Query asset bundle start:237.38MB, end 237.27MB, increase: -116.50KB
8-3-2026 02:35:12-debug: Query asset bundle start, progress: 5%
8-3-2026 02:35:12-debug: // ---- build task Query asset bundle ----
8-3-2026 02:35:12-debug: // ---- build task Query asset bundle ---- (7ms)
8-3-2026 02:35:12-log: run build task Query asset bundle success in 7 ms√, progress: 10%
8-3-2026 02:35:12-debug: [Build Memory track]: Query asset bundle start:237.29MB, end 237.43MB, increase: 139.75KB
8-3-2026 02:35:12-debug: Sort some build options to settings.json start, progress: 10%
8-3-2026 02:35:12-debug: // ---- build task Sort some build options to settings.json ----
8-3-2026 02:35:12-debug: // ---- build task Sort some build options to settings.json ---- (4ms)
8-3-2026 02:35:12-log: run build task Sort some build options to settings.json success in 4 ms√, progress: 12%
8-3-2026 02:35:12-debug: Fill script data to settings start, progress: 12%
8-3-2026 02:35:12-debug: // ---- build task Fill script data to settings ----
8-3-2026 02:35:12-debug: [Build Memory track]: Sort some build options to settings.json start:237.46MB, end 237.48MB, increase: 26.73KB
8-3-2026 02:35:12-debug: // ---- build task Fill script data to settings ---- (2ms)
8-3-2026 02:35:12-log: run build task Fill script data to settings success in 2 ms√, progress: 13%
8-3-2026 02:35:12-debug: [Build Memory track]: Fill script data to settings start:237.51MB, end 237.54MB, increase: 26.07KB
8-3-2026 02:35:12-debug: Sort some build options to settings.json start, progress: 13%
8-3-2026 02:35:12-debug: // ---- build task Sort some build options to settings.json ----
8-3-2026 02:35:12-log: run build task Sort some build options to settings.json success in 15 ms√, progress: 15%
8-3-2026 02:35:12-debug: [Build Memory track]: Sort some build options to settings.json start:237.56MB, end 237.69MB, increase: 126.59KB
8-3-2026 02:35:12-debug: // ---- build task Sort some build options to settings.json ---- (15ms)
8-3-2026 02:35:30-debug: Query all assets info in project
8-3-2026 02:35:30-debug: init custom config: keepNodeUuid: false, useCache: true
8-3-2026 02:35:30-debug: Skip compress image, progress: 0%
8-3-2026 02:35:30-debug: Init all bundles start..., progress: 0%
8-3-2026 02:35:30-debug: // ---- build task Query asset bundle ----
8-3-2026 02:35:30-debug: Num of bundles: 2..., progress: 0%
8-3-2026 02:35:30-debug: Query asset bundle start, progress: 0%
8-3-2026 02:35:30-debug: Init bundle root assets start..., progress: 0%
8-3-2026 02:35:30-debug:   Number of all scenes: 3
8-3-2026 02:35:30-debug: Query preload assets/scripts from cc.config.json: 60f7195c-ec2a-45eb-ba94-8955f60e81d0,1c02ae6f-4492-4915-b8f8-7492a3b1e4cd,810e96e4-e456-4468-9b59-f4e8f39732c0,efe8e2a3-eace-427b-b4f1-cb8a937ec77d,e9aa9a3e-5b2b-4ac7-a2c7-073de2b2b24f,8bbdbcdd-5cd4-4100-b6d5-b7c9625b6107,50f4348b-c883-4e2f-8f11-ce233b859fa1,fda095cb-831d-4601-ad94-846013963de8,f92806d7-1768-443f-afe8-12bcde84d0f0,dd3a144d-ab7f-41f0-82b8-2e43a090d496,f0416e68-0200-4b77-a926-4f9d16e494da,511d2633-09a7-4bdd-ac42-f778032124b3,5d45aa00-e064-4938-b314-4265f0c2258c,9361fd90-ba52-4f84-aa93-6e878fd576ca,970b0598-bcb0-4714-91fb-2e81440dccd8,bcd64cc6-2dd9-43f6-abbe-66318d332032,d930590d-bb92-4cc8-8bd1-23cd027f9edf,a3cd009f-0ab0-420d-9278-b9fdab939bbc,6a2d0734-bd9e-4ddf-946e-caa52498cb75,d9937e59-61fe-4ec6-92ab-7ac5a19c89b0,d1346436-ac96-4271-b863-1f4fdead95b0,971bdb23-3ff6-43eb-b422-1c30165a3663,17debcc3-0a6b-4b8a-b00b-dc58b885581e,711ebe11-f673-4cd9-9a83-63c60ba54c5b,c0143906-9aed-447e-9436-2ae8512d1b6e,14da1725-c4c2-42b4-ab08-ee0aeb6898b3,081cab31-dccd-428e-8652-f2404cc81c47,78e0584a-4343-4727-8f37-e14e65c2a2db,871c3b6c-7379-419d-bda3-794b239ab90d,ff9b0199-ce04-4cfe-86cc-6c719f08d6e4,de1c2107-70c8-4021-8459-6399f24d01c6,cbf30902-517f-40dc-af90-a550bac27cf1,5c601d96-e4c7-4698-991b-7ee674b11079
8-3-2026 02:35:30-debug:   Number of all scripts: 39
8-3-2026 02:35:30-debug: Init bundle root assets success..., progress: 0%
8-3-2026 02:35:30-debug:   Number of other assets: 486
8-3-2026 02:35:30-debug: // ---- build task Query asset bundle ---- (12ms)
8-3-2026 02:35:30-log: run build task Query asset bundle success in 12 ms√, progress: 5%
8-3-2026 02:35:30-debug: [Build Memory track]: Query asset bundle start:237.48MB, end 237.37MB, increase: -115.45KB
8-3-2026 02:35:30-debug: // ---- build task Query asset bundle ----
8-3-2026 02:35:30-debug: Query asset bundle start, progress: 5%
8-3-2026 02:35:30-debug: // ---- build task Query asset bundle ---- (8ms)
8-3-2026 02:35:30-log: run build task Query asset bundle success in 8 ms√, progress: 10%
8-3-2026 02:35:30-debug: [Build Memory track]: Query asset bundle start:237.40MB, end 237.53MB, increase: 140.55KB
8-3-2026 02:35:30-debug: Sort some build options to settings.json start, progress: 10%
8-3-2026 02:35:30-debug: // ---- build task Sort some build options to settings.json ----
8-3-2026 02:35:30-debug: // ---- build task Sort some build options to settings.json ---- (2ms)
8-3-2026 02:35:30-log: run build task Sort some build options to settings.json success in 2 ms√, progress: 12%
8-3-2026 02:35:30-debug: Fill script data to settings start, progress: 12%
8-3-2026 02:35:30-debug: [Build Memory track]: Sort some build options to settings.json start:237.56MB, end 237.59MB, increase: 26.82KB
8-3-2026 02:35:30-debug: // ---- build task Fill script data to settings ----
8-3-2026 02:35:30-debug: // ---- build task Fill script data to settings ---- (4ms)
8-3-2026 02:35:30-log: run build task Fill script data to settings success in 4 ms√, progress: 13%
8-3-2026 02:35:30-debug: [Build Memory track]: Fill script data to settings start:237.62MB, end 237.64MB, increase: 26.10KB
8-3-2026 02:35:30-debug: Sort some build options to settings.json start, progress: 13%
8-3-2026 02:35:30-debug: // ---- build task Sort some build options to settings.json ----
8-3-2026 02:35:30-log: run build task Sort some build options to settings.json success in 21 ms√, progress: 15%
8-3-2026 02:35:30-debug: [Build Memory track]: Sort some build options to settings.json start:237.67MB, end 237.79MB, increase: 126.75KB
8-3-2026 02:35:30-debug: // ---- build task Sort some build options to settings.json ---- (21ms)
8-3-2026 02:35:51-debug: Query all assets info in project
8-3-2026 02:35:51-debug: init custom config: keepNodeUuid: false, useCache: true
8-3-2026 02:35:51-debug: Skip compress image, progress: 0%
8-3-2026 02:35:51-debug: Init all bundles start..., progress: 0%
8-3-2026 02:35:51-debug: Query asset bundle start, progress: 0%
8-3-2026 02:35:51-debug: // ---- build task Query asset bundle ----
8-3-2026 02:35:51-debug: Num of bundles: 2..., progress: 0%
8-3-2026 02:35:51-debug: Init bundle root assets start..., progress: 0%
8-3-2026 02:35:51-debug: Query preload assets/scripts from cc.config.json: 60f7195c-ec2a-45eb-ba94-8955f60e81d0,1c02ae6f-4492-4915-b8f8-7492a3b1e4cd,810e96e4-e456-4468-9b59-f4e8f39732c0,efe8e2a3-eace-427b-b4f1-cb8a937ec77d,e9aa9a3e-5b2b-4ac7-a2c7-073de2b2b24f,8bbdbcdd-5cd4-4100-b6d5-b7c9625b6107,50f4348b-c883-4e2f-8f11-ce233b859fa1,fda095cb-831d-4601-ad94-846013963de8,f92806d7-1768-443f-afe8-12bcde84d0f0,dd3a144d-ab7f-41f0-82b8-2e43a090d496,f0416e68-0200-4b77-a926-4f9d16e494da,511d2633-09a7-4bdd-ac42-f778032124b3,5d45aa00-e064-4938-b314-4265f0c2258c,9361fd90-ba52-4f84-aa93-6e878fd576ca,970b0598-bcb0-4714-91fb-2e81440dccd8,bcd64cc6-2dd9-43f6-abbe-66318d332032,d930590d-bb92-4cc8-8bd1-23cd027f9edf,a3cd009f-0ab0-420d-9278-b9fdab939bbc,6a2d0734-bd9e-4ddf-946e-caa52498cb75,d9937e59-61fe-4ec6-92ab-7ac5a19c89b0,d1346436-ac96-4271-b863-1f4fdead95b0,971bdb23-3ff6-43eb-b422-1c30165a3663,17debcc3-0a6b-4b8a-b00b-dc58b885581e,711ebe11-f673-4cd9-9a83-63c60ba54c5b,c0143906-9aed-447e-9436-2ae8512d1b6e,14da1725-c4c2-42b4-ab08-ee0aeb6898b3,081cab31-dccd-428e-8652-f2404cc81c47,78e0584a-4343-4727-8f37-e14e65c2a2db,871c3b6c-7379-419d-bda3-794b239ab90d,ff9b0199-ce04-4cfe-86cc-6c719f08d6e4,de1c2107-70c8-4021-8459-6399f24d01c6,cbf30902-517f-40dc-af90-a550bac27cf1,5c601d96-e4c7-4698-991b-7ee674b11079
8-3-2026 02:35:51-debug:   Number of all scenes: 3
8-3-2026 02:35:51-debug:   Number of all scripts: 39
8-3-2026 02:35:51-debug:   Number of other assets: 486
8-3-2026 02:35:51-debug: Init bundle root assets success..., progress: 0%
8-3-2026 02:35:51-debug: // ---- build task Query asset bundle ---- (11ms)
8-3-2026 02:35:51-log: run build task Query asset bundle success in 11 ms√, progress: 5%
8-3-2026 02:35:51-debug: [Build Memory track]: Query asset bundle start:237.58MB, end 237.47MB, increase: -114.23KB
8-3-2026 02:35:51-debug: // ---- build task Query asset bundle ----
8-3-2026 02:35:51-debug: Query asset bundle start, progress: 5%
8-3-2026 02:35:51-debug: // ---- build task Query asset bundle ---- (5ms)
8-3-2026 02:35:51-log: run build task Query asset bundle success in 5 ms√, progress: 10%
8-3-2026 02:35:51-debug: [Build Memory track]: Query asset bundle start:237.50MB, end 237.64MB, increase: 139.34KB
8-3-2026 02:35:51-debug: Sort some build options to settings.json start, progress: 10%
8-3-2026 02:35:51-debug: // ---- build task Sort some build options to settings.json ----
8-3-2026 02:35:51-debug: // ---- build task Sort some build options to settings.json ---- (2ms)
8-3-2026 02:35:51-log: run build task Sort some build options to settings.json success in 2 ms√, progress: 12%
8-3-2026 02:35:51-debug: [Build Memory track]: Sort some build options to settings.json start:237.66MB, end 237.69MB, increase: 26.76KB
8-3-2026 02:35:51-debug: Fill script data to settings start, progress: 12%
8-3-2026 02:35:51-debug: // ---- build task Fill script data to settings ----
8-3-2026 02:35:51-debug: // ---- build task Fill script data to settings ---- (3ms)
8-3-2026 02:35:51-log: run build task Fill script data to settings success in 3 ms√, progress: 13%
8-3-2026 02:35:51-debug: [Build Memory track]: Fill script data to settings start:237.72MB, end 237.74MB, increase: 26.10KB
8-3-2026 02:35:51-debug: // ---- build task Sort some build options to settings.json ----
8-3-2026 02:35:51-debug: Sort some build options to settings.json start, progress: 13%
8-3-2026 02:35:51-debug: // ---- build task Sort some build options to settings.json ---- (13ms)
8-3-2026 02:35:51-debug: [Build Memory track]: Sort some build options to settings.json start:237.77MB, end 237.90MB, increase: 126.56KB
8-3-2026 02:35:51-log: run build task Sort some build options to settings.json success in 13 ms√, progress: 15%
8-3-2026 02:36:09-debug: Query all assets info in project
8-3-2026 02:36:09-debug: init custom config: keepNodeUuid: false, useCache: true
8-3-2026 02:36:09-debug: Skip compress image, progress: 0%
8-3-2026 02:36:09-debug: Init all bundles start..., progress: 0%
8-3-2026 02:36:09-debug: Num of bundles: 2..., progress: 0%
8-3-2026 02:36:09-debug: // ---- build task Query asset bundle ----
8-3-2026 02:36:09-debug: Query asset bundle start, progress: 0%
8-3-2026 02:36:09-debug: Init bundle root assets start..., progress: 0%
8-3-2026 02:36:09-debug: Query preload assets/scripts from cc.config.json: 60f7195c-ec2a-45eb-ba94-8955f60e81d0,1c02ae6f-4492-4915-b8f8-7492a3b1e4cd,810e96e4-e456-4468-9b59-f4e8f39732c0,efe8e2a3-eace-427b-b4f1-cb8a937ec77d,e9aa9a3e-5b2b-4ac7-a2c7-073de2b2b24f,8bbdbcdd-5cd4-4100-b6d5-b7c9625b6107,50f4348b-c883-4e2f-8f11-ce233b859fa1,fda095cb-831d-4601-ad94-846013963de8,f92806d7-1768-443f-afe8-12bcde84d0f0,dd3a144d-ab7f-41f0-82b8-2e43a090d496,f0416e68-0200-4b77-a926-4f9d16e494da,511d2633-09a7-4bdd-ac42-f778032124b3,5d45aa00-e064-4938-b314-4265f0c2258c,9361fd90-ba52-4f84-aa93-6e878fd576ca,970b0598-bcb0-4714-91fb-2e81440dccd8,bcd64cc6-2dd9-43f6-abbe-66318d332032,d930590d-bb92-4cc8-8bd1-23cd027f9edf,a3cd009f-0ab0-420d-9278-b9fdab939bbc,6a2d0734-bd9e-4ddf-946e-caa52498cb75,d9937e59-61fe-4ec6-92ab-7ac5a19c89b0,d1346436-ac96-4271-b863-1f4fdead95b0,971bdb23-3ff6-43eb-b422-1c30165a3663,17debcc3-0a6b-4b8a-b00b-dc58b885581e,711ebe11-f673-4cd9-9a83-63c60ba54c5b,c0143906-9aed-447e-9436-2ae8512d1b6e,14da1725-c4c2-42b4-ab08-ee0aeb6898b3,081cab31-dccd-428e-8652-f2404cc81c47,78e0584a-4343-4727-8f37-e14e65c2a2db,871c3b6c-7379-419d-bda3-794b239ab90d,ff9b0199-ce04-4cfe-86cc-6c719f08d6e4,de1c2107-70c8-4021-8459-6399f24d01c6,cbf30902-517f-40dc-af90-a550bac27cf1,5c601d96-e4c7-4698-991b-7ee674b11079
8-3-2026 02:36:09-debug:   Number of all scenes: 3
8-3-2026 02:36:09-debug:   Number of all scripts: 39
8-3-2026 02:36:09-debug: Init bundle root assets success..., progress: 0%
8-3-2026 02:36:09-debug:   Number of other assets: 486
8-3-2026 02:36:09-debug: // ---- build task Query asset bundle ---- (13ms)
8-3-2026 02:36:09-log: run build task Query asset bundle success in 13 ms√, progress: 5%
8-3-2026 02:36:09-debug: [Build Memory track]: Query asset bundle start:237.69MB, end 237.59MB, increase: -101.25KB
8-3-2026 02:36:09-debug: Query asset bundle start, progress: 5%
8-3-2026 02:36:09-debug: // ---- build task Query asset bundle ----
8-3-2026 02:36:09-debug: // ---- build task Query asset bundle ---- (5ms)
8-3-2026 02:36:09-log: run build task Query asset bundle success in 5 ms√, progress: 10%
8-3-2026 02:36:09-debug: [Build Memory track]: Query asset bundle start:237.62MB, end 237.75MB, increase: 141.25KB
8-3-2026 02:36:09-debug: Sort some build options to settings.json start, progress: 10%
8-3-2026 02:36:09-debug: // ---- build task Sort some build options to settings.json ----
8-3-2026 02:36:09-debug: // ---- build task Sort some build options to settings.json ---- (1ms)
8-3-2026 02:36:09-log: run build task Sort some build options to settings.json success in 1 ms√, progress: 12%
8-3-2026 02:36:09-debug: [Build Memory track]: Sort some build options to settings.json start:237.78MB, end 237.81MB, increase: 25.84KB
8-3-2026 02:36:09-debug: Fill script data to settings start, progress: 12%
8-3-2026 02:36:09-debug: // ---- build task Fill script data to settings ----
8-3-2026 02:36:09-debug: // ---- build task Fill script data to settings ---- (2ms)
8-3-2026 02:36:09-debug: [Build Memory track]: Fill script data to settings start:237.84MB, end 237.86MB, increase: 26.91KB
8-3-2026 02:36:09-log: run build task Fill script data to settings success in 2 ms√, progress: 13%
8-3-2026 02:36:09-debug: Sort some build options to settings.json start, progress: 13%
8-3-2026 02:36:09-debug: // ---- build task Sort some build options to settings.json ----
8-3-2026 02:36:09-debug: // ---- build task Sort some build options to settings.json ---- (21ms)
8-3-2026 02:36:09-debug: [Build Memory track]: Sort some build options to settings.json start:237.89MB, end 238.02MB, increase: 138.14KB
8-3-2026 02:36:09-log: run build task Sort some build options to settings.json success in 21 ms√, progress: 15%
8-3-2026 02:36:29-debug: Query all assets info in project
8-3-2026 02:36:29-debug: init custom config: keepNodeUuid: false, useCache: true
8-3-2026 02:36:29-debug: Skip compress image, progress: 0%
8-3-2026 02:36:29-debug: Init all bundles start..., progress: 0%
8-3-2026 02:36:29-debug: Query asset bundle start, progress: 0%
8-3-2026 02:36:29-debug: Num of bundles: 2..., progress: 0%
8-3-2026 02:36:29-debug: // ---- build task Query asset bundle ----
8-3-2026 02:36:29-debug: Init bundle root assets start..., progress: 0%
8-3-2026 02:36:29-debug: Query preload assets/scripts from cc.config.json: 60f7195c-ec2a-45eb-ba94-8955f60e81d0,1c02ae6f-4492-4915-b8f8-7492a3b1e4cd,810e96e4-e456-4468-9b59-f4e8f39732c0,efe8e2a3-eace-427b-b4f1-cb8a937ec77d,e9aa9a3e-5b2b-4ac7-a2c7-073de2b2b24f,8bbdbcdd-5cd4-4100-b6d5-b7c9625b6107,50f4348b-c883-4e2f-8f11-ce233b859fa1,fda095cb-831d-4601-ad94-846013963de8,f92806d7-1768-443f-afe8-12bcde84d0f0,dd3a144d-ab7f-41f0-82b8-2e43a090d496,f0416e68-0200-4b77-a926-4f9d16e494da,511d2633-09a7-4bdd-ac42-f778032124b3,5d45aa00-e064-4938-b314-4265f0c2258c,9361fd90-ba52-4f84-aa93-6e878fd576ca,970b0598-bcb0-4714-91fb-2e81440dccd8,bcd64cc6-2dd9-43f6-abbe-66318d332032,d930590d-bb92-4cc8-8bd1-23cd027f9edf,a3cd009f-0ab0-420d-9278-b9fdab939bbc,6a2d0734-bd9e-4ddf-946e-caa52498cb75,d9937e59-61fe-4ec6-92ab-7ac5a19c89b0,d1346436-ac96-4271-b863-1f4fdead95b0,971bdb23-3ff6-43eb-b422-1c30165a3663,17debcc3-0a6b-4b8a-b00b-dc58b885581e,711ebe11-f673-4cd9-9a83-63c60ba54c5b,c0143906-9aed-447e-9436-2ae8512d1b6e,14da1725-c4c2-42b4-ab08-ee0aeb6898b3,081cab31-dccd-428e-8652-f2404cc81c47,78e0584a-4343-4727-8f37-e14e65c2a2db,871c3b6c-7379-419d-bda3-794b239ab90d,ff9b0199-ce04-4cfe-86cc-6c719f08d6e4,de1c2107-70c8-4021-8459-6399f24d01c6,cbf30902-517f-40dc-af90-a550bac27cf1,5c601d96-e4c7-4698-991b-7ee674b11079
8-3-2026 02:36:29-debug:   Number of all scripts: 39
8-3-2026 02:36:29-debug:   Number of all scenes: 3
8-3-2026 02:36:29-debug:   Number of other assets: 486
8-3-2026 02:36:29-debug: Init bundle root assets success..., progress: 0%
8-3-2026 02:36:29-debug: // ---- build task Query asset bundle ---- (12ms)
8-3-2026 02:36:29-log: run build task Query asset bundle success in 12 ms√, progress: 5%
8-3-2026 02:36:29-debug: [Build Memory track]: Query asset bundle start:237.80MB, end 237.69MB, increase: -112.00KB
8-3-2026 02:36:29-debug: // ---- build task Query asset bundle ----
8-3-2026 02:36:29-debug: Query asset bundle start, progress: 5%
8-3-2026 02:36:29-debug: // ---- build task Query asset bundle ---- (12ms)
8-3-2026 02:36:29-log: run build task Query asset bundle success in 12 ms√, progress: 10%
8-3-2026 02:36:29-debug: [Build Memory track]: Query asset bundle start:237.72MB, end 237.86MB, increase: 139.24KB
8-3-2026 02:36:29-debug: // ---- build task Sort some build options to settings.json ----
8-3-2026 02:36:29-debug: Sort some build options to settings.json start, progress: 10%
8-3-2026 02:36:29-log: run build task Sort some build options to settings.json success in 2 ms√, progress: 12%
8-3-2026 02:36:29-debug: [Build Memory track]: Sort some build options to settings.json start:237.89MB, end 237.91MB, increase: 27.00KB
8-3-2026 02:36:29-debug: Fill script data to settings start, progress: 12%
8-3-2026 02:36:29-debug: // ---- build task Sort some build options to settings.json ---- (2ms)
8-3-2026 02:36:29-debug: // ---- build task Fill script data to settings ----
8-3-2026 02:36:29-debug: // ---- build task Fill script data to settings ---- (4ms)
8-3-2026 02:36:29-log: run build task Fill script data to settings success in 4 ms√, progress: 13%
8-3-2026 02:36:29-debug: [Build Memory track]: Fill script data to settings start:237.94MB, end 237.97MB, increase: 26.00KB
8-3-2026 02:36:29-debug: Sort some build options to settings.json start, progress: 13%
8-3-2026 02:36:29-debug: // ---- build task Sort some build options to settings.json ----
8-3-2026 02:36:29-debug: // ---- build task Sort some build options to settings.json ---- (15ms)
8-3-2026 02:36:29-log: run build task Sort some build options to settings.json success in 15 ms√, progress: 15%
8-3-2026 02:36:29-debug: [Build Memory track]: Sort some build options to settings.json start:237.99MB, end 238.12MB, increase: 126.49KB
8-3-2026 02:36:51-debug: Query all assets info in project
8-3-2026 02:36:51-debug: init custom config: keepNodeUuid: false, useCache: true
8-3-2026 02:36:51-debug: Skip compress image, progress: 0%
8-3-2026 02:36:51-debug: Init all bundles start..., progress: 0%
8-3-2026 02:36:51-debug: Num of bundles: 2..., progress: 0%
8-3-2026 02:36:51-debug: Query asset bundle start, progress: 0%
8-3-2026 02:36:51-debug: // ---- build task Query asset bundle ----
8-3-2026 02:36:51-debug: Init bundle root assets start..., progress: 0%
8-3-2026 02:36:51-debug: Query preload assets/scripts from cc.config.json: 60f7195c-ec2a-45eb-ba94-8955f60e81d0,1c02ae6f-4492-4915-b8f8-7492a3b1e4cd,810e96e4-e456-4468-9b59-f4e8f39732c0,efe8e2a3-eace-427b-b4f1-cb8a937ec77d,e9aa9a3e-5b2b-4ac7-a2c7-073de2b2b24f,8bbdbcdd-5cd4-4100-b6d5-b7c9625b6107,50f4348b-c883-4e2f-8f11-ce233b859fa1,fda095cb-831d-4601-ad94-846013963de8,f92806d7-1768-443f-afe8-12bcde84d0f0,dd3a144d-ab7f-41f0-82b8-2e43a090d496,f0416e68-0200-4b77-a926-4f9d16e494da,511d2633-09a7-4bdd-ac42-f778032124b3,5d45aa00-e064-4938-b314-4265f0c2258c,9361fd90-ba52-4f84-aa93-6e878fd576ca,970b0598-bcb0-4714-91fb-2e81440dccd8,bcd64cc6-2dd9-43f6-abbe-66318d332032,d930590d-bb92-4cc8-8bd1-23cd027f9edf,a3cd009f-0ab0-420d-9278-b9fdab939bbc,6a2d0734-bd9e-4ddf-946e-caa52498cb75,d9937e59-61fe-4ec6-92ab-7ac5a19c89b0,d1346436-ac96-4271-b863-1f4fdead95b0,971bdb23-3ff6-43eb-b422-1c30165a3663,17debcc3-0a6b-4b8a-b00b-dc58b885581e,711ebe11-f673-4cd9-9a83-63c60ba54c5b,c0143906-9aed-447e-9436-2ae8512d1b6e,14da1725-c4c2-42b4-ab08-ee0aeb6898b3,081cab31-dccd-428e-8652-f2404cc81c47,78e0584a-4343-4727-8f37-e14e65c2a2db,871c3b6c-7379-419d-bda3-794b239ab90d,ff9b0199-ce04-4cfe-86cc-6c719f08d6e4,de1c2107-70c8-4021-8459-6399f24d01c6,cbf30902-517f-40dc-af90-a550bac27cf1,5c601d96-e4c7-4698-991b-7ee674b11079
8-3-2026 02:36:51-debug:   Number of other assets: 486
8-3-2026 02:36:51-debug: Init bundle root assets success..., progress: 0%
8-3-2026 02:36:51-debug:   Number of all scenes: 3
8-3-2026 02:36:51-debug:   Number of all scripts: 39
8-3-2026 02:36:51-debug: // ---- build task Query asset bundle ---- (13ms)
8-3-2026 02:36:51-log: run build task Query asset bundle success in 13 ms√, progress: 5%
8-3-2026 02:36:51-debug: [Build Memory track]: Query asset bundle start:237.89MB, end 237.81MB, increase: -79.86KB
8-3-2026 02:36:51-debug: Query asset bundle start, progress: 5%
8-3-2026 02:36:51-debug: // ---- build task Query asset bundle ----
8-3-2026 02:36:51-debug: // ---- build task Query asset bundle ---- (6ms)
8-3-2026 02:36:51-log: run build task Query asset bundle success in 6 ms√, progress: 10%
8-3-2026 02:36:51-debug: [Build Memory track]: Query asset bundle start:237.84MB, end 237.98MB, increase: 139.28KB
8-3-2026 02:36:51-debug: Sort some build options to settings.json start, progress: 10%
8-3-2026 02:36:51-debug: // ---- build task Sort some build options to settings.json ----
8-3-2026 02:36:51-debug: // ---- build task Sort some build options to settings.json ---- (6ms)
8-3-2026 02:36:51-debug: [Build Memory track]: Sort some build options to settings.json start:238.01MB, end 238.03MB, increase: 26.64KB
8-3-2026 02:36:51-debug: Fill script data to settings start, progress: 12%
8-3-2026 02:36:51-log: run build task Sort some build options to settings.json success in 6 ms√, progress: 12%
8-3-2026 02:36:51-debug: // ---- build task Fill script data to settings ----
8-3-2026 02:36:52-debug: // ---- build task Fill script data to settings ---- (1ms)
8-3-2026 02:36:52-debug: Sort some build options to settings.json start, progress: 13%
8-3-2026 02:36:52-log: run build task Fill script data to settings success in 1 ms√, progress: 13%
8-3-2026 02:36:52-debug: [Build Memory track]: Fill script data to settings start:238.06MB, end 238.08MB, increase: 26.16KB
8-3-2026 02:36:52-debug: // ---- build task Sort some build options to settings.json ----
8-3-2026 02:36:52-debug: // ---- build task Sort some build options to settings.json ---- (14ms)
8-3-2026 02:36:52-debug: [Build Memory track]: Sort some build options to settings.json start:238.11MB, end 238.24MB, increase: 126.45KB
8-3-2026 02:36:52-log: run build task Sort some build options to settings.json success in 14 ms√, progress: 15%
8-3-2026 02:37:16-debug: Query all assets info in project
8-3-2026 02:37:16-debug: init custom config: keepNodeUuid: false, useCache: true
8-3-2026 02:37:16-debug: Skip compress image, progress: 0%
8-3-2026 02:37:16-debug: Num of bundles: 2..., progress: 0%
8-3-2026 02:37:16-debug: Init all bundles start..., progress: 0%
8-3-2026 02:37:16-debug: Init bundle root assets start..., progress: 0%
8-3-2026 02:37:16-debug: // ---- build task Query asset bundle ----
8-3-2026 02:37:16-debug: Query asset bundle start, progress: 0%
8-3-2026 02:37:16-debug: Query preload assets/scripts from cc.config.json: 60f7195c-ec2a-45eb-ba94-8955f60e81d0,1c02ae6f-4492-4915-b8f8-7492a3b1e4cd,810e96e4-e456-4468-9b59-f4e8f39732c0,efe8e2a3-eace-427b-b4f1-cb8a937ec77d,e9aa9a3e-5b2b-4ac7-a2c7-073de2b2b24f,8bbdbcdd-5cd4-4100-b6d5-b7c9625b6107,50f4348b-c883-4e2f-8f11-ce233b859fa1,fda095cb-831d-4601-ad94-846013963de8,f92806d7-1768-443f-afe8-12bcde84d0f0,dd3a144d-ab7f-41f0-82b8-2e43a090d496,f0416e68-0200-4b77-a926-4f9d16e494da,511d2633-09a7-4bdd-ac42-f778032124b3,5d45aa00-e064-4938-b314-4265f0c2258c,9361fd90-ba52-4f84-aa93-6e878fd576ca,970b0598-bcb0-4714-91fb-2e81440dccd8,bcd64cc6-2dd9-43f6-abbe-66318d332032,d930590d-bb92-4cc8-8bd1-23cd027f9edf,a3cd009f-0ab0-420d-9278-b9fdab939bbc,6a2d0734-bd9e-4ddf-946e-caa52498cb75,d9937e59-61fe-4ec6-92ab-7ac5a19c89b0,d1346436-ac96-4271-b863-1f4fdead95b0,971bdb23-3ff6-43eb-b422-1c30165a3663,17debcc3-0a6b-4b8a-b00b-dc58b885581e,711ebe11-f673-4cd9-9a83-63c60ba54c5b,c0143906-9aed-447e-9436-2ae8512d1b6e,14da1725-c4c2-42b4-ab08-ee0aeb6898b3,081cab31-dccd-428e-8652-f2404cc81c47,78e0584a-4343-4727-8f37-e14e65c2a2db,871c3b6c-7379-419d-bda3-794b239ab90d,ff9b0199-ce04-4cfe-86cc-6c719f08d6e4,de1c2107-70c8-4021-8459-6399f24d01c6,cbf30902-517f-40dc-af90-a550bac27cf1,5c601d96-e4c7-4698-991b-7ee674b11079
8-3-2026 02:37:16-debug:   Number of all scenes: 3
8-3-2026 02:37:16-debug:   Number of all scripts: 39
8-3-2026 02:37:16-debug: Init bundle root assets success..., progress: 0%
8-3-2026 02:37:16-debug:   Number of other assets: 486
8-3-2026 02:37:16-debug: // ---- build task Query asset bundle ---- (14ms)
8-3-2026 02:37:16-log: run build task Query asset bundle success in 14 ms√, progress: 5%
8-3-2026 02:37:16-debug: [Build Memory track]: Query asset bundle start:238.01MB, end 237.92MB, increase: -90.66KB
8-3-2026 02:37:16-debug: Query asset bundle start, progress: 5%
8-3-2026 02:37:16-debug: // ---- build task Query asset bundle ----
8-3-2026 02:37:16-debug: // ---- build task Query asset bundle ---- (6ms)
8-3-2026 02:37:16-log: run build task Query asset bundle success in 6 ms√, progress: 10%
8-3-2026 02:37:16-debug: Sort some build options to settings.json start, progress: 10%
8-3-2026 02:37:16-debug: // ---- build task Sort some build options to settings.json ----
8-3-2026 02:37:16-debug: [Build Memory track]: Query asset bundle start:237.95MB, end 238.08MB, increase: 139.25KB
8-3-2026 02:37:16-debug: // ---- build task Sort some build options to settings.json ---- (2ms)
8-3-2026 02:37:16-log: run build task Sort some build options to settings.json success in 2 ms√, progress: 12%
8-3-2026 02:37:16-debug: [Build Memory track]: Sort some build options to settings.json start:238.11MB, end 238.14MB, increase: 27.44KB
8-3-2026 02:37:16-debug: Fill script data to settings start, progress: 12%
8-3-2026 02:37:16-debug: // ---- build task Fill script data to settings ----
8-3-2026 02:37:16-debug: // ---- build task Fill script data to settings ---- (1ms)
8-3-2026 02:37:16-log: run build task Fill script data to settings success in 1 ms√, progress: 13%
8-3-2026 02:37:16-debug: [Build Memory track]: Fill script data to settings start:238.17MB, end 238.19MB, increase: 25.15KB
8-3-2026 02:37:16-debug: Sort some build options to settings.json start, progress: 13%
8-3-2026 02:37:16-debug: // ---- build task Sort some build options to settings.json ----
8-3-2026 02:37:16-debug: // ---- build task Sort some build options to settings.json ---- (15ms)
8-3-2026 02:37:16-log: run build task Sort some build options to settings.json success in 15 ms√, progress: 15%
8-3-2026 02:37:16-debug: [Build Memory track]: Sort some build options to settings.json start:238.22MB, end 238.34MB, increase: 126.67KB
8-3-2026 02:37:40-debug: Query all assets info in project
8-3-2026 02:37:40-debug: init custom config: keepNodeUuid: false, useCache: true
8-3-2026 02:37:40-debug: Skip compress image, progress: 0%
8-3-2026 02:37:40-debug: Init all bundles start..., progress: 0%
8-3-2026 02:37:40-debug: // ---- build task Query asset bundle ----
8-3-2026 02:37:40-debug: Query asset bundle start, progress: 0%
8-3-2026 02:37:40-debug: Num of bundles: 2..., progress: 0%
8-3-2026 02:37:40-debug: Init bundle root assets start..., progress: 0%
8-3-2026 02:37:40-debug: Query preload assets/scripts from cc.config.json: 60f7195c-ec2a-45eb-ba94-8955f60e81d0,1c02ae6f-4492-4915-b8f8-7492a3b1e4cd,810e96e4-e456-4468-9b59-f4e8f39732c0,efe8e2a3-eace-427b-b4f1-cb8a937ec77d,e9aa9a3e-5b2b-4ac7-a2c7-073de2b2b24f,8bbdbcdd-5cd4-4100-b6d5-b7c9625b6107,50f4348b-c883-4e2f-8f11-ce233b859fa1,fda095cb-831d-4601-ad94-846013963de8,f92806d7-1768-443f-afe8-12bcde84d0f0,dd3a144d-ab7f-41f0-82b8-2e43a090d496,f0416e68-0200-4b77-a926-4f9d16e494da,511d2633-09a7-4bdd-ac42-f778032124b3,5d45aa00-e064-4938-b314-4265f0c2258c,9361fd90-ba52-4f84-aa93-6e878fd576ca,970b0598-bcb0-4714-91fb-2e81440dccd8,bcd64cc6-2dd9-43f6-abbe-66318d332032,d930590d-bb92-4cc8-8bd1-23cd027f9edf,a3cd009f-0ab0-420d-9278-b9fdab939bbc,6a2d0734-bd9e-4ddf-946e-caa52498cb75,d9937e59-61fe-4ec6-92ab-7ac5a19c89b0,d1346436-ac96-4271-b863-1f4fdead95b0,971bdb23-3ff6-43eb-b422-1c30165a3663,17debcc3-0a6b-4b8a-b00b-dc58b885581e,711ebe11-f673-4cd9-9a83-63c60ba54c5b,c0143906-9aed-447e-9436-2ae8512d1b6e,14da1725-c4c2-42b4-ab08-ee0aeb6898b3,081cab31-dccd-428e-8652-f2404cc81c47,78e0584a-4343-4727-8f37-e14e65c2a2db,871c3b6c-7379-419d-bda3-794b239ab90d,ff9b0199-ce04-4cfe-86cc-6c719f08d6e4,de1c2107-70c8-4021-8459-6399f24d01c6,cbf30902-517f-40dc-af90-a550bac27cf1,5c601d96-e4c7-4698-991b-7ee674b11079
8-3-2026 02:37:40-debug:   Number of all scenes: 3
8-3-2026 02:37:40-debug:   Number of other assets: 486
8-3-2026 02:37:40-debug: Init bundle root assets success..., progress: 0%
8-3-2026 02:37:40-debug:   Number of all scripts: 39
8-3-2026 02:37:40-debug: // ---- build task Query asset bundle ---- (11ms)
8-3-2026 02:37:40-log: run build task Query asset bundle success in 11 ms√, progress: 5%
8-3-2026 02:37:40-debug: [Build Memory track]: Query asset bundle start:238.14MB, end 238.03MB, increase: -116.91KB
8-3-2026 02:37:40-debug: Query asset bundle start, progress: 5%
8-3-2026 02:37:40-debug: // ---- build task Query asset bundle ----
8-3-2026 02:37:40-debug: // ---- build task Query asset bundle ---- (8ms)
8-3-2026 02:37:40-log: run build task Query asset bundle success in 8 ms√, progress: 10%
8-3-2026 02:37:40-debug: [Build Memory track]: Query asset bundle start:238.05MB, end 238.19MB, increase: 138.95KB
8-3-2026 02:37:40-debug: // ---- build task Sort some build options to settings.json ----
8-3-2026 02:37:40-debug: Sort some build options to settings.json start, progress: 10%
8-3-2026 02:37:40-debug: // ---- build task Sort some build options to settings.json ---- (5ms)
8-3-2026 02:37:40-log: run build task Sort some build options to settings.json success in 5 ms√, progress: 12%
8-3-2026 02:37:40-debug: // ---- build task Fill script data to settings ----
8-3-2026 02:37:40-debug: [Build Memory track]: Sort some build options to settings.json start:238.22MB, end 238.24MB, increase: 26.62KB
8-3-2026 02:37:40-debug: Fill script data to settings start, progress: 12%
8-3-2026 02:37:40-debug: // ---- build task Fill script data to settings ---- (5ms)
8-3-2026 02:37:40-log: run build task Fill script data to settings success in 5 ms√, progress: 13%
8-3-2026 02:37:40-debug: [Build Memory track]: Fill script data to settings start:238.27MB, end 238.30MB, increase: 25.68KB
8-3-2026 02:37:40-debug: Sort some build options to settings.json start, progress: 13%
8-3-2026 02:37:40-debug: // ---- build task Sort some build options to settings.json ----
8-3-2026 02:37:40-debug: // ---- build task Sort some build options to settings.json ---- (12ms)
8-3-2026 02:37:40-log: run build task Sort some build options to settings.json success in 12 ms√, progress: 15%
8-3-2026 02:37:40-debug: [Build Memory track]: Sort some build options to settings.json start:238.32MB, end 238.45MB, increase: 126.20KB
8-3-2026 02:38:03-debug: Query all assets info in project
8-3-2026 02:38:03-debug: init custom config: keepNodeUuid: false, useCache: true
8-3-2026 02:38:03-debug: Skip compress image, progress: 0%
8-3-2026 02:38:03-debug: Init all bundles start..., progress: 0%
8-3-2026 02:38:03-debug: // ---- build task Query asset bundle ----
8-3-2026 02:38:03-debug: Num of bundles: 2..., progress: 0%
8-3-2026 02:38:03-debug: Query asset bundle start, progress: 0%
8-3-2026 02:38:03-debug: Init bundle root assets start..., progress: 0%
8-3-2026 02:38:03-debug: Query preload assets/scripts from cc.config.json: 60f7195c-ec2a-45eb-ba94-8955f60e81d0,1c02ae6f-4492-4915-b8f8-7492a3b1e4cd,810e96e4-e456-4468-9b59-f4e8f39732c0,efe8e2a3-eace-427b-b4f1-cb8a937ec77d,e9aa9a3e-5b2b-4ac7-a2c7-073de2b2b24f,8bbdbcdd-5cd4-4100-b6d5-b7c9625b6107,50f4348b-c883-4e2f-8f11-ce233b859fa1,fda095cb-831d-4601-ad94-846013963de8,f92806d7-1768-443f-afe8-12bcde84d0f0,dd3a144d-ab7f-41f0-82b8-2e43a090d496,f0416e68-0200-4b77-a926-4f9d16e494da,511d2633-09a7-4bdd-ac42-f778032124b3,5d45aa00-e064-4938-b314-4265f0c2258c,9361fd90-ba52-4f84-aa93-6e878fd576ca,970b0598-bcb0-4714-91fb-2e81440dccd8,bcd64cc6-2dd9-43f6-abbe-66318d332032,d930590d-bb92-4cc8-8bd1-23cd027f9edf,a3cd009f-0ab0-420d-9278-b9fdab939bbc,6a2d0734-bd9e-4ddf-946e-caa52498cb75,d9937e59-61fe-4ec6-92ab-7ac5a19c89b0,d1346436-ac96-4271-b863-1f4fdead95b0,971bdb23-3ff6-43eb-b422-1c30165a3663,17debcc3-0a6b-4b8a-b00b-dc58b885581e,711ebe11-f673-4cd9-9a83-63c60ba54c5b,c0143906-9aed-447e-9436-2ae8512d1b6e,14da1725-c4c2-42b4-ab08-ee0aeb6898b3,081cab31-dccd-428e-8652-f2404cc81c47,78e0584a-4343-4727-8f37-e14e65c2a2db,871c3b6c-7379-419d-bda3-794b239ab90d,ff9b0199-ce04-4cfe-86cc-6c719f08d6e4,de1c2107-70c8-4021-8459-6399f24d01c6,cbf30902-517f-40dc-af90-a550bac27cf1,5c601d96-e4c7-4698-991b-7ee674b11079
8-3-2026 02:38:03-debug:   Number of all scenes: 3
8-3-2026 02:38:03-debug:   Number of all scripts: 39
8-3-2026 02:38:03-debug:   Number of other assets: 486
8-3-2026 02:38:03-debug: Init bundle root assets success..., progress: 0%
8-3-2026 02:38:03-debug: // ---- build task Query asset bundle ---- (11ms)
8-3-2026 02:38:03-log: run build task Query asset bundle success in 11 ms√, progress: 5%
8-3-2026 02:38:03-debug: Query asset bundle start, progress: 5%
8-3-2026 02:38:03-debug: [Build Memory track]: Query asset bundle start:238.22MB, end 238.13MB, increase: -93.53KB
8-3-2026 02:38:03-debug: // ---- build task Query asset bundle ----
8-3-2026 02:38:03-debug: // ---- build task Query asset bundle ---- (5ms)
8-3-2026 02:38:03-log: run build task Query asset bundle success in 5 ms√, progress: 10%
8-3-2026 02:38:03-debug: [Build Memory track]: Query asset bundle start:238.16MB, end 238.29MB, increase: 138.95KB
8-3-2026 02:38:03-debug: Sort some build options to settings.json start, progress: 10%
8-3-2026 02:38:03-debug: // ---- build task Sort some build options to settings.json ----
8-3-2026 02:38:03-debug: // ---- build task Sort some build options to settings.json ---- (4ms)
8-3-2026 02:38:03-log: run build task Sort some build options to settings.json success in 4 ms√, progress: 12%
8-3-2026 02:38:03-debug: [Build Memory track]: Sort some build options to settings.json start:238.32MB, end 238.35MB, increase: 26.32KB
8-3-2026 02:38:03-debug: Fill script data to settings start, progress: 12%
8-3-2026 02:38:03-debug: // ---- build task Fill script data to settings ----
8-3-2026 02:38:03-debug: // ---- build task Fill script data to settings ---- (5ms)
8-3-2026 02:38:03-log: run build task Fill script data to settings success in 5 ms√, progress: 13%
8-3-2026 02:38:03-debug: [Build Memory track]: Fill script data to settings start:238.37MB, end 238.40MB, increase: 25.68KB
8-3-2026 02:38:03-debug: Sort some build options to settings.json start, progress: 13%
8-3-2026 02:38:03-debug: // ---- build task Sort some build options to settings.json ----
8-3-2026 02:38:03-debug: // ---- build task Sort some build options to settings.json ---- (15ms)
8-3-2026 02:38:03-debug: [Build Memory track]: Sort some build options to settings.json start:238.43MB, end 238.55MB, increase: 126.25KB
8-3-2026 02:38:03-log: run build task Sort some build options to settings.json success in 15 ms√, progress: 15%
8-3-2026 02:38:23-debug: Query all assets info in project
8-3-2026 02:38:23-debug: init custom config: keepNodeUuid: false, useCache: true
8-3-2026 02:38:23-debug: Skip compress image, progress: 0%
8-3-2026 02:38:23-debug: Init all bundles start..., progress: 0%
8-3-2026 02:38:23-debug: // ---- build task Query asset bundle ----
8-3-2026 02:38:23-debug: Num of bundles: 2..., progress: 0%
8-3-2026 02:38:23-debug: Query asset bundle start, progress: 0%
8-3-2026 02:38:23-debug: Init bundle root assets start..., progress: 0%
8-3-2026 02:38:23-debug: Query preload assets/scripts from cc.config.json: 60f7195c-ec2a-45eb-ba94-8955f60e81d0,1c02ae6f-4492-4915-b8f8-7492a3b1e4cd,810e96e4-e456-4468-9b59-f4e8f39732c0,efe8e2a3-eace-427b-b4f1-cb8a937ec77d,e9aa9a3e-5b2b-4ac7-a2c7-073de2b2b24f,8bbdbcdd-5cd4-4100-b6d5-b7c9625b6107,50f4348b-c883-4e2f-8f11-ce233b859fa1,fda095cb-831d-4601-ad94-846013963de8,f92806d7-1768-443f-afe8-12bcde84d0f0,dd3a144d-ab7f-41f0-82b8-2e43a090d496,f0416e68-0200-4b77-a926-4f9d16e494da,511d2633-09a7-4bdd-ac42-f778032124b3,5d45aa00-e064-4938-b314-4265f0c2258c,9361fd90-ba52-4f84-aa93-6e878fd576ca,970b0598-bcb0-4714-91fb-2e81440dccd8,bcd64cc6-2dd9-43f6-abbe-66318d332032,d930590d-bb92-4cc8-8bd1-23cd027f9edf,a3cd009f-0ab0-420d-9278-b9fdab939bbc,6a2d0734-bd9e-4ddf-946e-caa52498cb75,d9937e59-61fe-4ec6-92ab-7ac5a19c89b0,d1346436-ac96-4271-b863-1f4fdead95b0,971bdb23-3ff6-43eb-b422-1c30165a3663,17debcc3-0a6b-4b8a-b00b-dc58b885581e,711ebe11-f673-4cd9-9a83-63c60ba54c5b,c0143906-9aed-447e-9436-2ae8512d1b6e,14da1725-c4c2-42b4-ab08-ee0aeb6898b3,081cab31-dccd-428e-8652-f2404cc81c47,78e0584a-4343-4727-8f37-e14e65c2a2db,871c3b6c-7379-419d-bda3-794b239ab90d,ff9b0199-ce04-4cfe-86cc-6c719f08d6e4,de1c2107-70c8-4021-8459-6399f24d01c6,cbf30902-517f-40dc-af90-a550bac27cf1,5c601d96-e4c7-4698-991b-7ee674b11079
8-3-2026 02:38:23-debug:   Number of all scripts: 39
8-3-2026 02:38:23-debug:   Number of other assets: 486
8-3-2026 02:38:23-debug: Init bundle root assets success..., progress: 0%
8-3-2026 02:38:23-debug:   Number of all scenes: 3
8-3-2026 02:38:23-log: run build task Query asset bundle success in 15 ms√, progress: 5%
8-3-2026 02:38:23-debug: // ---- build task Query asset bundle ---- (15ms)
8-3-2026 02:38:23-debug: Query asset bundle start, progress: 5%
8-3-2026 02:38:23-debug: // ---- build task Query asset bundle ----
8-3-2026 02:38:23-debug: [Build Memory track]: Query asset bundle start:238.32MB, end 238.22MB, increase: -94.23KB
8-3-2026 02:38:23-debug: // ---- build task Query asset bundle ---- (7ms)
8-3-2026 02:38:23-debug: [Build Memory track]: Query asset bundle start:238.25MB, end 238.39MB, increase: 141.18KB
8-3-2026 02:38:23-log: run build task Query asset bundle success in 7 ms√, progress: 10%
8-3-2026 02:38:23-debug: Sort some build options to settings.json start, progress: 10%
8-3-2026 02:38:23-debug: // ---- build task Sort some build options to settings.json ----
8-3-2026 02:38:23-debug: // ---- build task Sort some build options to settings.json ---- (4ms)
8-3-2026 02:38:23-debug: Fill script data to settings start, progress: 12%
8-3-2026 02:38:23-log: run build task Sort some build options to settings.json success in 4 ms√, progress: 12%
8-3-2026 02:38:23-debug: [Build Memory track]: Sort some build options to settings.json start:238.42MB, end 238.44MB, increase: 26.40KB
8-3-2026 02:38:23-debug: // ---- build task Fill script data to settings ----
8-3-2026 02:38:23-debug: // ---- build task Fill script data to settings ---- (4ms)
8-3-2026 02:38:23-log: run build task Fill script data to settings success in 4 ms√, progress: 13%
8-3-2026 02:38:23-debug: [Build Memory track]: Fill script data to settings start:238.47MB, end 238.50MB, increase: 26.04KB
8-3-2026 02:38:23-debug: Sort some build options to settings.json start, progress: 13%
8-3-2026 02:38:23-debug: // ---- build task Sort some build options to settings.json ----
8-3-2026 02:38:23-debug: // ---- build task Sort some build options to settings.json ---- (16ms)
8-3-2026 02:38:23-log: run build task Sort some build options to settings.json success in 16 ms√, progress: 15%
8-3-2026 02:38:23-debug: [Build Memory track]: Sort some build options to settings.json start:238.52MB, end 238.65MB, increase: 126.17KB
8-3-2026 02:38:46-debug: Query all assets info in project
8-3-2026 02:38:46-debug: init custom config: keepNodeUuid: false, useCache: true
8-3-2026 02:38:46-debug: Skip compress image, progress: 0%
8-3-2026 02:38:46-debug: Init all bundles start..., progress: 0%
8-3-2026 02:38:46-debug: Num of bundles: 2..., progress: 0%
8-3-2026 02:38:46-debug: // ---- build task Query asset bundle ----
8-3-2026 02:38:46-debug: Query asset bundle start, progress: 0%
8-3-2026 02:38:46-debug: Init bundle root assets start..., progress: 0%
8-3-2026 02:38:46-debug: Query preload assets/scripts from cc.config.json: 60f7195c-ec2a-45eb-ba94-8955f60e81d0,1c02ae6f-4492-4915-b8f8-7492a3b1e4cd,810e96e4-e456-4468-9b59-f4e8f39732c0,efe8e2a3-eace-427b-b4f1-cb8a937ec77d,e9aa9a3e-5b2b-4ac7-a2c7-073de2b2b24f,8bbdbcdd-5cd4-4100-b6d5-b7c9625b6107,50f4348b-c883-4e2f-8f11-ce233b859fa1,fda095cb-831d-4601-ad94-846013963de8,f92806d7-1768-443f-afe8-12bcde84d0f0,dd3a144d-ab7f-41f0-82b8-2e43a090d496,f0416e68-0200-4b77-a926-4f9d16e494da,511d2633-09a7-4bdd-ac42-f778032124b3,5d45aa00-e064-4938-b314-4265f0c2258c,9361fd90-ba52-4f84-aa93-6e878fd576ca,970b0598-bcb0-4714-91fb-2e81440dccd8,bcd64cc6-2dd9-43f6-abbe-66318d332032,d930590d-bb92-4cc8-8bd1-23cd027f9edf,a3cd009f-0ab0-420d-9278-b9fdab939bbc,6a2d0734-bd9e-4ddf-946e-caa52498cb75,d9937e59-61fe-4ec6-92ab-7ac5a19c89b0,d1346436-ac96-4271-b863-1f4fdead95b0,971bdb23-3ff6-43eb-b422-1c30165a3663,17debcc3-0a6b-4b8a-b00b-dc58b885581e,711ebe11-f673-4cd9-9a83-63c60ba54c5b,c0143906-9aed-447e-9436-2ae8512d1b6e,14da1725-c4c2-42b4-ab08-ee0aeb6898b3,081cab31-dccd-428e-8652-f2404cc81c47,78e0584a-4343-4727-8f37-e14e65c2a2db,871c3b6c-7379-419d-bda3-794b239ab90d,ff9b0199-ce04-4cfe-86cc-6c719f08d6e4,de1c2107-70c8-4021-8459-6399f24d01c6,cbf30902-517f-40dc-af90-a550bac27cf1,5c601d96-e4c7-4698-991b-7ee674b11079
8-3-2026 02:38:46-debug:   Number of all scenes: 3
8-3-2026 02:38:46-debug:   Number of all scripts: 39
8-3-2026 02:38:46-debug: Init bundle root assets success..., progress: 0%
8-3-2026 02:38:46-debug:   Number of other assets: 486
8-3-2026 02:38:46-debug: // ---- build task Query asset bundle ---- (11ms)
8-3-2026 02:38:46-log: run build task Query asset bundle success in 11 ms√, progress: 5%
8-3-2026 02:38:46-debug: [Build Memory track]: Query asset bundle start:238.43MB, end 238.34MB, increase: -91.92KB
8-3-2026 02:38:46-debug: Query asset bundle start, progress: 5%
8-3-2026 02:38:46-debug: // ---- build task Query asset bundle ----
8-3-2026 02:38:46-debug: // ---- build task Query asset bundle ---- (6ms)
8-3-2026 02:38:46-log: run build task Query asset bundle success in 6 ms√, progress: 10%
8-3-2026 02:38:46-debug: [Build Memory track]: Query asset bundle start:238.36MB, end 238.50MB, increase: 139.80KB
8-3-2026 02:38:46-debug: // ---- build task Sort some build options to settings.json ----
8-3-2026 02:38:46-debug: Sort some build options to settings.json start, progress: 10%
8-3-2026 02:38:46-debug: // ---- build task Sort some build options to settings.json ---- (5ms)
8-3-2026 02:38:46-log: run build task Sort some build options to settings.json success in 5 ms√, progress: 12%
8-3-2026 02:38:46-debug: [Build Memory track]: Sort some build options to settings.json start:238.53MB, end 238.56MB, increase: 26.40KB
8-3-2026 02:38:46-debug: Fill script data to settings start, progress: 12%
8-3-2026 02:38:46-debug: // ---- build task Fill script data to settings ----
8-3-2026 02:38:46-debug: // ---- build task Fill script data to settings ---- (2ms)
8-3-2026 02:38:46-log: run build task Fill script data to settings success in 2 ms√, progress: 13%
8-3-2026 02:38:46-debug: [Build Memory track]: Fill script data to settings start:238.58MB, end 238.61MB, increase: 25.68KB
8-3-2026 02:38:46-debug: Sort some build options to settings.json start, progress: 13%
8-3-2026 02:38:46-debug: // ---- build task Sort some build options to settings.json ----
8-3-2026 02:38:46-debug: // ---- build task Sort some build options to settings.json ---- (21ms)
8-3-2026 02:38:46-log: run build task Sort some build options to settings.json success in 21 ms√, progress: 15%
8-3-2026 02:38:46-debug: [Build Memory track]: Sort some build options to settings.json start:238.64MB, end 238.76MB, increase: 126.14KB
8-3-2026 02:39:10-debug: Query all assets info in project
8-3-2026 02:39:10-debug: Skip compress image, progress: 0%
8-3-2026 02:39:10-debug: init custom config: keepNodeUuid: false, useCache: true
8-3-2026 02:39:10-debug: Init all bundles start..., progress: 0%
8-3-2026 02:39:10-debug: Num of bundles: 2..., progress: 0%
8-3-2026 02:39:10-debug: Query asset bundle start, progress: 0%
8-3-2026 02:39:10-debug: // ---- build task Query asset bundle ----
8-3-2026 02:39:10-debug: Init bundle root assets start..., progress: 0%
8-3-2026 02:39:10-debug: Query preload assets/scripts from cc.config.json: 60f7195c-ec2a-45eb-ba94-8955f60e81d0,1c02ae6f-4492-4915-b8f8-7492a3b1e4cd,810e96e4-e456-4468-9b59-f4e8f39732c0,efe8e2a3-eace-427b-b4f1-cb8a937ec77d,e9aa9a3e-5b2b-4ac7-a2c7-073de2b2b24f,8bbdbcdd-5cd4-4100-b6d5-b7c9625b6107,50f4348b-c883-4e2f-8f11-ce233b859fa1,fda095cb-831d-4601-ad94-846013963de8,f92806d7-1768-443f-afe8-12bcde84d0f0,dd3a144d-ab7f-41f0-82b8-2e43a090d496,f0416e68-0200-4b77-a926-4f9d16e494da,511d2633-09a7-4bdd-ac42-f778032124b3,5d45aa00-e064-4938-b314-4265f0c2258c,9361fd90-ba52-4f84-aa93-6e878fd576ca,970b0598-bcb0-4714-91fb-2e81440dccd8,bcd64cc6-2dd9-43f6-abbe-66318d332032,d930590d-bb92-4cc8-8bd1-23cd027f9edf,a3cd009f-0ab0-420d-9278-b9fdab939bbc,6a2d0734-bd9e-4ddf-946e-caa52498cb75,d9937e59-61fe-4ec6-92ab-7ac5a19c89b0,d1346436-ac96-4271-b863-1f4fdead95b0,971bdb23-3ff6-43eb-b422-1c30165a3663,17debcc3-0a6b-4b8a-b00b-dc58b885581e,711ebe11-f673-4cd9-9a83-63c60ba54c5b,c0143906-9aed-447e-9436-2ae8512d1b6e,14da1725-c4c2-42b4-ab08-ee0aeb6898b3,081cab31-dccd-428e-8652-f2404cc81c47,78e0584a-4343-4727-8f37-e14e65c2a2db,871c3b6c-7379-419d-bda3-794b239ab90d,ff9b0199-ce04-4cfe-86cc-6c719f08d6e4,de1c2107-70c8-4021-8459-6399f24d01c6,cbf30902-517f-40dc-af90-a550bac27cf1,5c601d96-e4c7-4698-991b-7ee674b11079
8-3-2026 02:39:10-debug:   Number of all scripts: 39
8-3-2026 02:39:10-debug:   Number of all scenes: 3
8-3-2026 02:39:10-debug:   Number of other assets: 486
8-3-2026 02:39:10-debug: Init bundle root assets success..., progress: 0%
8-3-2026 02:39:10-debug: // ---- build task Query asset bundle ---- (11ms)
8-3-2026 02:39:10-log: run build task Query asset bundle success in 11 ms√, progress: 5%
8-3-2026 02:39:10-debug: [Build Memory track]: Query asset bundle start:238.53MB, end 238.44MB, increase: -93.54KB
8-3-2026 02:39:10-debug: Query asset bundle start, progress: 5%
8-3-2026 02:39:10-debug: // ---- build task Query asset bundle ----
8-3-2026 02:39:10-debug: // ---- build task Query asset bundle ---- (10ms)
8-3-2026 02:39:10-log: run build task Query asset bundle success in 10 ms√, progress: 10%
8-3-2026 02:39:10-debug: [Build Memory track]: Query asset bundle start:238.47MB, end 238.60MB, increase: 139.08KB
8-3-2026 02:39:10-debug: Sort some build options to settings.json start, progress: 10%
8-3-2026 02:39:10-debug: // ---- build task Sort some build options to settings.json ----
8-3-2026 02:39:10-debug: // ---- build task Sort some build options to settings.json ---- (3ms)
8-3-2026 02:39:10-log: run build task Sort some build options to settings.json success in 3 ms√, progress: 12%
8-3-2026 02:39:10-debug: [Build Memory track]: Sort some build options to settings.json start:238.63MB, end 238.66MB, increase: 26.40KB
8-3-2026 02:39:10-debug: Fill script data to settings start, progress: 12%
8-3-2026 02:39:10-debug: // ---- build task Fill script data to settings ----
8-3-2026 02:39:10-debug: // ---- build task Fill script data to settings ---- (5ms)
8-3-2026 02:39:10-log: run build task Fill script data to settings success in 5 ms√, progress: 13%
8-3-2026 02:39:10-debug: Sort some build options to settings.json start, progress: 13%
8-3-2026 02:39:10-debug: [Build Memory track]: Fill script data to settings start:238.68MB, end 238.71MB, increase: 25.71KB
8-3-2026 02:39:10-debug: // ---- build task Sort some build options to settings.json ----
8-3-2026 02:39:10-debug: // ---- build task Sort some build options to settings.json ---- (12ms)
8-3-2026 02:39:10-log: run build task Sort some build options to settings.json success in 12 ms√, progress: 15%
8-3-2026 02:39:10-debug: [Build Memory track]: Sort some build options to settings.json start:238.74MB, end 238.86MB, increase: 126.17KB
8-3-2026 02:43:54-debug: refresh db internal success
8-3-2026 02:43:54-debug: refresh db assets success
8-3-2026 02:43:54-debug: Run asset db hook engine-extends:afterRefresh ...
8-3-2026 02:43:54-debug: Run asset db hook engine-extends:afterRefresh success!
8-3-2026 02:43:54-debug: asset-db:refresh-all-database (93ms)
8-3-2026 02:43:54-debug: asset-db:worker-effect-data-processing (3ms)
8-3-2026 02:43:54-debug: asset-db-hook-engine-extends-afterRefresh (3ms)
8-3-2026 02:45:28-debug: refresh db internal success
8-3-2026 02:45:28-debug: %cImport%c: F:\Github\BattleGame\assets\Test.scenebackground: #aaff85; color: #000;color: #000;
8-3-2026 02:45:28-debug: %cImport%c: F:\Github\BattleGame\assets\scripts\LevelSettings.tsbackground: #aaff85; color: #000;color: #000;
8-3-2026 02:45:28-debug: refresh db assets success
8-3-2026 02:45:28-debug: Run asset db hook engine-extends:afterRefresh ...
8-3-2026 02:45:28-debug: Run asset db hook engine-extends:afterRefresh success!
8-3-2026 02:45:28-debug: asset-db:refresh-all-database (91ms)
8-3-2026 02:45:28-debug: asset-db:worker-effect-data-processing (10ms)
8-3-2026 02:45:28-debug: asset-db-hook-engine-extends-afterRefresh (10ms)
8-3-2026 02:45:30-debug: Query all assets info in project
8-3-2026 02:45:30-debug: init custom config: keepNodeUuid: false, useCache: true
8-3-2026 02:45:30-debug: Skip compress image, progress: 0%
8-3-2026 02:45:30-debug: Num of bundles: 2..., progress: 0%
8-3-2026 02:45:30-debug: Init all bundles start..., progress: 0%
8-3-2026 02:45:30-debug: Query asset bundle start, progress: 0%
8-3-2026 02:45:30-debug: // ---- build task Query asset bundle ----
8-3-2026 02:45:30-debug: Init bundle root assets start..., progress: 0%
8-3-2026 02:45:30-debug: Query preload assets/scripts from cc.config.json: 60f7195c-ec2a-45eb-ba94-8955f60e81d0,1c02ae6f-4492-4915-b8f8-7492a3b1e4cd,810e96e4-e456-4468-9b59-f4e8f39732c0,efe8e2a3-eace-427b-b4f1-cb8a937ec77d,e9aa9a3e-5b2b-4ac7-a2c7-073de2b2b24f,8bbdbcdd-5cd4-4100-b6d5-b7c9625b6107,50f4348b-c883-4e2f-8f11-ce233b859fa1,fda095cb-831d-4601-ad94-846013963de8,f92806d7-1768-443f-afe8-12bcde84d0f0,dd3a144d-ab7f-41f0-82b8-2e43a090d496,f0416e68-0200-4b77-a926-4f9d16e494da,511d2633-09a7-4bdd-ac42-f778032124b3,5d45aa00-e064-4938-b314-4265f0c2258c,9361fd90-ba52-4f84-aa93-6e878fd576ca,970b0598-bcb0-4714-91fb-2e81440dccd8,bcd64cc6-2dd9-43f6-abbe-66318d332032,d930590d-bb92-4cc8-8bd1-23cd027f9edf,a3cd009f-0ab0-420d-9278-b9fdab939bbc,6a2d0734-bd9e-4ddf-946e-caa52498cb75,d9937e59-61fe-4ec6-92ab-7ac5a19c89b0,d1346436-ac96-4271-b863-1f4fdead95b0,971bdb23-3ff6-43eb-b422-1c30165a3663,17debcc3-0a6b-4b8a-b00b-dc58b885581e,711ebe11-f673-4cd9-9a83-63c60ba54c5b,c0143906-9aed-447e-9436-2ae8512d1b6e,14da1725-c4c2-42b4-ab08-ee0aeb6898b3,081cab31-dccd-428e-8652-f2404cc81c47,78e0584a-4343-4727-8f37-e14e65c2a2db,871c3b6c-7379-419d-bda3-794b239ab90d,ff9b0199-ce04-4cfe-86cc-6c719f08d6e4,de1c2107-70c8-4021-8459-6399f24d01c6,cbf30902-517f-40dc-af90-a550bac27cf1,5c601d96-e4c7-4698-991b-7ee674b11079
8-3-2026 02:45:30-debug:   Number of all scenes: 3
8-3-2026 02:45:30-debug:   Number of all scripts: 39
8-3-2026 02:45:30-debug: Init bundle root assets success..., progress: 0%
8-3-2026 02:45:30-debug:   Number of other assets: 486
8-3-2026 02:45:30-debug: // ---- build task Query asset bundle ---- (12ms)
8-3-2026 02:45:30-log: run build task Query asset bundle success in 12 ms√, progress: 5%
8-3-2026 02:45:30-debug: [Build Memory track]: Query asset bundle start:241.66MB, end 241.45MB, increase: -215.18KB
8-3-2026 02:45:30-debug: // ---- build task Query asset bundle ----
8-3-2026 02:45:30-debug: Query asset bundle start, progress: 5%
8-3-2026 02:45:30-debug: // ---- build task Query asset bundle ---- (5ms)
8-3-2026 02:45:30-log: run build task Query asset bundle success in 5 ms√, progress: 10%
8-3-2026 02:45:30-debug: [Build Memory track]: Query asset bundle start:241.47MB, end 241.61MB, increase: 139.01KB
8-3-2026 02:45:30-debug: // ---- build task Sort some build options to settings.json ----
8-3-2026 02:45:30-debug: Sort some build options to settings.json start, progress: 10%
8-3-2026 02:45:30-debug: [Build Memory track]: Sort some build options to settings.json start:241.64MB, end 241.66MB, increase: 26.37KB
8-3-2026 02:45:30-log: run build task Sort some build options to settings.json success in 2 ms√, progress: 12%
8-3-2026 02:45:30-debug: // ---- build task Sort some build options to settings.json ---- (2ms)
8-3-2026 02:45:30-debug: Fill script data to settings start, progress: 12%
8-3-2026 02:45:30-debug: // ---- build task Fill script data to settings ----
8-3-2026 02:45:30-debug: // ---- build task Fill script data to settings ---- (2ms)
8-3-2026 02:45:30-log: run build task Fill script data to settings success in 2 ms√, progress: 13%
8-3-2026 02:45:30-debug: [Build Memory track]: Fill script data to settings start:241.69MB, end 241.72MB, increase: 25.75KB
8-3-2026 02:45:30-debug: Sort some build options to settings.json start, progress: 13%
8-3-2026 02:45:30-debug: // ---- build task Sort some build options to settings.json ----
8-3-2026 02:45:30-debug: // ---- build task Sort some build options to settings.json ---- (10ms)
8-3-2026 02:45:30-log: run build task Sort some build options to settings.json success in 10 ms√, progress: 15%
8-3-2026 02:45:30-debug: [Build Memory track]: Sort some build options to settings.json start:241.74MB, end 241.87MB, increase: 126.18KB
8-3-2026 02:45:30-debug: Query all assets info in project
8-3-2026 02:45:30-debug: init custom config: keepNodeUuid: false, useCache: true
8-3-2026 02:45:30-debug: Skip compress image, progress: 0%
8-3-2026 02:45:30-debug: Num of bundles: 2..., progress: 0%
8-3-2026 02:45:30-debug: Init all bundles start..., progress: 0%
8-3-2026 02:45:30-debug: // ---- build task Query asset bundle ----
8-3-2026 02:45:30-debug: Init bundle root assets start..., progress: 0%
8-3-2026 02:45:30-debug: Query asset bundle start, progress: 0%
8-3-2026 02:45:30-debug: Query preload assets/scripts from cc.config.json: 60f7195c-ec2a-45eb-ba94-8955f60e81d0,1c02ae6f-4492-4915-b8f8-7492a3b1e4cd,810e96e4-e456-4468-9b59-f4e8f39732c0,efe8e2a3-eace-427b-b4f1-cb8a937ec77d,e9aa9a3e-5b2b-4ac7-a2c7-073de2b2b24f,8bbdbcdd-5cd4-4100-b6d5-b7c9625b6107,50f4348b-c883-4e2f-8f11-ce233b859fa1,fda095cb-831d-4601-ad94-846013963de8,f92806d7-1768-443f-afe8-12bcde84d0f0,dd3a144d-ab7f-41f0-82b8-2e43a090d496,f0416e68-0200-4b77-a926-4f9d16e494da,511d2633-09a7-4bdd-ac42-f778032124b3,5d45aa00-e064-4938-b314-4265f0c2258c,9361fd90-ba52-4f84-aa93-6e878fd576ca,970b0598-bcb0-4714-91fb-2e81440dccd8,bcd64cc6-2dd9-43f6-abbe-66318d332032,d930590d-bb92-4cc8-8bd1-23cd027f9edf,a3cd009f-0ab0-420d-9278-b9fdab939bbc,6a2d0734-bd9e-4ddf-946e-caa52498cb75,d9937e59-61fe-4ec6-92ab-7ac5a19c89b0,d1346436-ac96-4271-b863-1f4fdead95b0,971bdb23-3ff6-43eb-b422-1c30165a3663,17debcc3-0a6b-4b8a-b00b-dc58b885581e,711ebe11-f673-4cd9-9a83-63c60ba54c5b,c0143906-9aed-447e-9436-2ae8512d1b6e,14da1725-c4c2-42b4-ab08-ee0aeb6898b3,081cab31-dccd-428e-8652-f2404cc81c47,78e0584a-4343-4727-8f37-e14e65c2a2db,871c3b6c-7379-419d-bda3-794b239ab90d,ff9b0199-ce04-4cfe-86cc-6c719f08d6e4,de1c2107-70c8-4021-8459-6399f24d01c6,cbf30902-517f-40dc-af90-a550bac27cf1,5c601d96-e4c7-4698-991b-7ee674b11079
8-3-2026 02:45:30-debug:   Number of all scenes: 3
8-3-2026 02:45:30-debug:   Number of all scripts: 39
8-3-2026 02:45:30-debug:   Number of other assets: 486
8-3-2026 02:45:30-debug: Init bundle root assets success..., progress: 0%
8-3-2026 02:45:30-debug: // ---- build task Query asset bundle ---- (10ms)
8-3-2026 02:45:30-log: run build task Query asset bundle success in 10 ms√, progress: 5%
8-3-2026 02:45:30-debug: [Build Memory track]: Query asset bundle start:241.59MB, end 241.38MB, increase: -207.75KB
8-3-2026 02:45:30-debug: Query asset bundle start, progress: 5%
8-3-2026 02:45:30-debug: // ---- build task Query asset bundle ----
8-3-2026 02:45:30-debug: // ---- build task Query asset bundle ---- (8ms)
8-3-2026 02:45:30-debug: Sort some build options to settings.json start, progress: 10%
8-3-2026 02:45:30-log: run build task Query asset bundle success in 8 ms√, progress: 10%
8-3-2026 02:45:30-debug: [Build Memory track]: Query asset bundle start:241.41MB, end 241.55MB, increase: 139.02KB
8-3-2026 02:45:30-debug: // ---- build task Sort some build options to settings.json ----
8-3-2026 02:45:30-log: run build task Sort some build options to settings.json success in 1 ms√, progress: 12%
8-3-2026 02:45:30-debug: [Build Memory track]: Sort some build options to settings.json start:241.58MB, end 241.60MB, increase: 26.27KB
8-3-2026 02:45:30-debug: Fill script data to settings start, progress: 12%
8-3-2026 02:45:30-debug: // ---- build task Sort some build options to settings.json ---- (1ms)
8-3-2026 02:45:30-debug: // ---- build task Fill script data to settings ----
8-3-2026 02:45:30-debug: // ---- build task Fill script data to settings ---- (2ms)
8-3-2026 02:45:30-log: run build task Fill script data to settings success in 2 ms√, progress: 13%
8-3-2026 02:45:30-debug: [Build Memory track]: Fill script data to settings start:241.63MB, end 241.65MB, increase: 25.75KB
8-3-2026 02:45:30-debug: Sort some build options to settings.json start, progress: 13%
8-3-2026 02:45:30-debug: // ---- build task Sort some build options to settings.json ----
8-3-2026 02:45:30-debug: // ---- build task Sort some build options to settings.json ---- (10ms)
8-3-2026 02:45:30-log: run build task Sort some build options to settings.json success in 10 ms√, progress: 15%
8-3-2026 02:45:30-debug: [Build Memory track]: Sort some build options to settings.json start:241.68MB, end 241.81MB, increase: 129.25KB
8-3-2026 02:45:31-debug: %cImport%c: F:\Github\BattleGame\assets\Test.scenebackground: #aaff85; color: #000;color: #000;
8-3-2026 02:45:31-debug: asset-db:reimport-asset1effe86e-a401-4769-9dbc-62218c68834d (28ms)
8-3-2026 02:45:32-debug: Query all assets info in project
8-3-2026 02:45:32-debug: init custom config: keepNodeUuid: false, useCache: true
8-3-2026 02:45:32-debug: Skip compress image, progress: 0%
8-3-2026 02:45:32-debug: Init all bundles start..., progress: 0%
8-3-2026 02:45:32-debug: Num of bundles: 2..., progress: 0%
8-3-2026 02:45:32-debug: Query asset bundle start, progress: 0%
8-3-2026 02:45:32-debug: // ---- build task Query asset bundle ----
8-3-2026 02:45:32-debug: Init bundle root assets start..., progress: 0%
8-3-2026 02:45:32-debug: Query preload assets/scripts from cc.config.json: 60f7195c-ec2a-45eb-ba94-8955f60e81d0,1c02ae6f-4492-4915-b8f8-7492a3b1e4cd,810e96e4-e456-4468-9b59-f4e8f39732c0,efe8e2a3-eace-427b-b4f1-cb8a937ec77d,e9aa9a3e-5b2b-4ac7-a2c7-073de2b2b24f,8bbdbcdd-5cd4-4100-b6d5-b7c9625b6107,50f4348b-c883-4e2f-8f11-ce233b859fa1,fda095cb-831d-4601-ad94-846013963de8,f92806d7-1768-443f-afe8-12bcde84d0f0,dd3a144d-ab7f-41f0-82b8-2e43a090d496,f0416e68-0200-4b77-a926-4f9d16e494da,511d2633-09a7-4bdd-ac42-f778032124b3,5d45aa00-e064-4938-b314-4265f0c2258c,9361fd90-ba52-4f84-aa93-6e878fd576ca,970b0598-bcb0-4714-91fb-2e81440dccd8,bcd64cc6-2dd9-43f6-abbe-66318d332032,d930590d-bb92-4cc8-8bd1-23cd027f9edf,a3cd009f-0ab0-420d-9278-b9fdab939bbc,6a2d0734-bd9e-4ddf-946e-caa52498cb75,d9937e59-61fe-4ec6-92ab-7ac5a19c89b0,d1346436-ac96-4271-b863-1f4fdead95b0,971bdb23-3ff6-43eb-b422-1c30165a3663,17debcc3-0a6b-4b8a-b00b-dc58b885581e,711ebe11-f673-4cd9-9a83-63c60ba54c5b,c0143906-9aed-447e-9436-2ae8512d1b6e,14da1725-c4c2-42b4-ab08-ee0aeb6898b3,081cab31-dccd-428e-8652-f2404cc81c47,78e0584a-4343-4727-8f37-e14e65c2a2db,871c3b6c-7379-419d-bda3-794b239ab90d,ff9b0199-ce04-4cfe-86cc-6c719f08d6e4,de1c2107-70c8-4021-8459-6399f24d01c6,cbf30902-517f-40dc-af90-a550bac27cf1,5c601d96-e4c7-4698-991b-7ee674b11079
8-3-2026 02:45:32-debug:   Number of all scripts: 39
8-3-2026 02:45:32-debug:   Number of other assets: 486
8-3-2026 02:45:32-debug: Init bundle root assets success..., progress: 0%
8-3-2026 02:45:32-debug:   Number of all scenes: 3
8-3-2026 02:45:32-debug: // ---- build task Query asset bundle ---- (8ms)
8-3-2026 02:45:32-log: run build task Query asset bundle success in 8 ms√, progress: 5%
8-3-2026 02:45:32-debug: [Build Memory track]: Query asset bundle start:222.63MB, end 223.38MB, increase: 761.95KB
8-3-2026 02:45:32-debug: Query asset bundle start, progress: 5%
8-3-2026 02:45:32-debug: // ---- build task Query asset bundle ----
8-3-2026 02:45:32-log: run build task Query asset bundle success in 7 ms√, progress: 10%
8-3-2026 02:45:32-debug: [Build Memory track]: Query asset bundle start:223.40MB, end 223.54MB, increase: 139.56KB
8-3-2026 02:45:32-debug: // ---- build task Query asset bundle ---- (7ms)
8-3-2026 02:45:32-debug: Sort some build options to settings.json start, progress: 10%
8-3-2026 02:45:32-debug: // ---- build task Sort some build options to settings.json ----
8-3-2026 02:45:32-debug: // ---- build task Sort some build options to settings.json ---- (1ms)
8-3-2026 02:45:32-debug: [Build Memory track]: Sort some build options to settings.json start:223.57MB, end 223.60MB, increase: 29.06KB
8-3-2026 02:45:32-log: run build task Sort some build options to settings.json success in 1 ms√, progress: 12%
8-3-2026 02:45:32-debug: Fill script data to settings start, progress: 12%
8-3-2026 02:45:32-debug: // ---- build task Fill script data to settings ----
8-3-2026 02:45:32-debug: // ---- build task Fill script data to settings ---- (3ms)
8-3-2026 02:45:32-log: run build task Fill script data to settings success in 3 ms√, progress: 13%
8-3-2026 02:45:32-debug: [Build Memory track]: Fill script data to settings start:223.62MB, end 223.65MB, increase: 25.95KB
8-3-2026 02:45:32-debug: Sort some build options to settings.json start, progress: 13%
8-3-2026 02:45:32-debug: // ---- build task Sort some build options to settings.json ----
8-3-2026 02:45:32-debug: // ---- build task Sort some build options to settings.json ---- (5ms)
8-3-2026 02:45:32-debug: [Build Memory track]: Sort some build options to settings.json start:223.68MB, end 223.81MB, increase: 134.67KB
8-3-2026 02:45:32-log: run build task Sort some build options to settings.json success in 5 ms√, progress: 15%
8-3-2026 02:45:33-debug: Query all assets info in project
8-3-2026 02:45:33-debug: init custom config: keepNodeUuid: false, useCache: true
8-3-2026 02:45:33-debug: Skip compress image, progress: 0%
8-3-2026 02:45:33-debug: Init all bundles start..., progress: 0%
8-3-2026 02:45:33-debug: Num of bundles: 2..., progress: 0%
8-3-2026 02:45:33-debug: Init bundle root assets start..., progress: 0%
8-3-2026 02:45:33-debug: // ---- build task Query asset bundle ----
8-3-2026 02:45:33-debug: Query asset bundle start, progress: 0%
8-3-2026 02:45:33-debug:   Number of all scenes: 3
8-3-2026 02:45:33-debug: Query preload assets/scripts from cc.config.json: 60f7195c-ec2a-45eb-ba94-8955f60e81d0,1c02ae6f-4492-4915-b8f8-7492a3b1e4cd,810e96e4-e456-4468-9b59-f4e8f39732c0,efe8e2a3-eace-427b-b4f1-cb8a937ec77d,e9aa9a3e-5b2b-4ac7-a2c7-073de2b2b24f,8bbdbcdd-5cd4-4100-b6d5-b7c9625b6107,50f4348b-c883-4e2f-8f11-ce233b859fa1,fda095cb-831d-4601-ad94-846013963de8,f92806d7-1768-443f-afe8-12bcde84d0f0,dd3a144d-ab7f-41f0-82b8-2e43a090d496,f0416e68-0200-4b77-a926-4f9d16e494da,511d2633-09a7-4bdd-ac42-f778032124b3,5d45aa00-e064-4938-b314-4265f0c2258c,9361fd90-ba52-4f84-aa93-6e878fd576ca,970b0598-bcb0-4714-91fb-2e81440dccd8,bcd64cc6-2dd9-43f6-abbe-66318d332032,d930590d-bb92-4cc8-8bd1-23cd027f9edf,a3cd009f-0ab0-420d-9278-b9fdab939bbc,6a2d0734-bd9e-4ddf-946e-caa52498cb75,d9937e59-61fe-4ec6-92ab-7ac5a19c89b0,d1346436-ac96-4271-b863-1f4fdead95b0,971bdb23-3ff6-43eb-b422-1c30165a3663,17debcc3-0a6b-4b8a-b00b-dc58b885581e,711ebe11-f673-4cd9-9a83-63c60ba54c5b,c0143906-9aed-447e-9436-2ae8512d1b6e,14da1725-c4c2-42b4-ab08-ee0aeb6898b3,081cab31-dccd-428e-8652-f2404cc81c47,78e0584a-4343-4727-8f37-e14e65c2a2db,871c3b6c-7379-419d-bda3-794b239ab90d,ff9b0199-ce04-4cfe-86cc-6c719f08d6e4,de1c2107-70c8-4021-8459-6399f24d01c6,cbf30902-517f-40dc-af90-a550bac27cf1,5c601d96-e4c7-4698-991b-7ee674b11079
8-3-2026 02:45:33-debug:   Number of all scripts: 39
8-3-2026 02:45:33-debug: Init bundle root assets success..., progress: 0%
8-3-2026 02:45:33-debug:   Number of other assets: 486
8-3-2026 02:45:33-debug: // ---- build task Query asset bundle ---- (10ms)
8-3-2026 02:45:33-log: run build task Query asset bundle success in 10 ms√, progress: 5%
8-3-2026 02:45:33-debug: [Build Memory track]: Query asset bundle start:222.67MB, end 223.37MB, increase: 722.01KB
8-3-2026 02:45:33-debug: Query asset bundle start, progress: 5%
8-3-2026 02:45:33-debug: // ---- build task Query asset bundle ----
8-3-2026 02:45:33-debug: // ---- build task Query asset bundle ---- (8ms)
8-3-2026 02:45:33-log: run build task Query asset bundle success in 8 ms√, progress: 10%
8-3-2026 02:45:33-debug: [Build Memory track]: Query asset bundle start:223.40MB, end 223.54MB, increase: 141.08KB
8-3-2026 02:45:33-debug: Sort some build options to settings.json start, progress: 10%
8-3-2026 02:45:33-debug: // ---- build task Sort some build options to settings.json ----
8-3-2026 02:45:33-debug: // ---- build task Sort some build options to settings.json ---- (3ms)
8-3-2026 02:45:33-log: run build task Sort some build options to settings.json success in 3 ms√, progress: 12%
8-3-2026 02:45:33-debug: [Build Memory track]: Sort some build options to settings.json start:223.57MB, end 223.59MB, increase: 27.04KB
8-3-2026 02:45:33-debug: // ---- build task Fill script data to settings ----
8-3-2026 02:45:33-debug: Fill script data to settings start, progress: 12%
8-3-2026 02:45:33-debug: // ---- build task Fill script data to settings ---- (1ms)
8-3-2026 02:45:33-log: run build task Fill script data to settings success in 1 ms√, progress: 13%
8-3-2026 02:45:33-debug: [Build Memory track]: Fill script data to settings start:223.62MB, end 223.64MB, increase: 25.91KB
8-3-2026 02:45:33-debug: Sort some build options to settings.json start, progress: 13%
8-3-2026 02:45:33-debug: // ---- build task Sort some build options to settings.json ----
8-3-2026 02:45:33-debug: // ---- build task Sort some build options to settings.json ---- (13ms)
8-3-2026 02:45:33-log: run build task Sort some build options to settings.json success in 13 ms√, progress: 15%
8-3-2026 02:45:33-debug: [Build Memory track]: Sort some build options to settings.json start:223.67MB, end 223.81MB, increase: 137.10KB
8-3-2026 02:45:40-debug: Query all assets info in project
8-3-2026 02:45:40-debug: init custom config: keepNodeUuid: false, useCache: true
8-3-2026 02:45:40-debug: Skip compress image, progress: 0%
8-3-2026 02:45:40-debug: Num of bundles: 2..., progress: 0%
8-3-2026 02:45:40-debug: Init all bundles start..., progress: 0%
8-3-2026 02:45:40-debug: Init bundle root assets start..., progress: 0%
8-3-2026 02:45:40-debug: // ---- build task Query asset bundle ----
8-3-2026 02:45:40-debug: Query asset bundle start, progress: 0%
8-3-2026 02:45:40-debug: Query preload assets/scripts from cc.config.json: 60f7195c-ec2a-45eb-ba94-8955f60e81d0,1c02ae6f-4492-4915-b8f8-7492a3b1e4cd,810e96e4-e456-4468-9b59-f4e8f39732c0,efe8e2a3-eace-427b-b4f1-cb8a937ec77d,e9aa9a3e-5b2b-4ac7-a2c7-073de2b2b24f,8bbdbcdd-5cd4-4100-b6d5-b7c9625b6107,50f4348b-c883-4e2f-8f11-ce233b859fa1,fda095cb-831d-4601-ad94-846013963de8,f92806d7-1768-443f-afe8-12bcde84d0f0,dd3a144d-ab7f-41f0-82b8-2e43a090d496,f0416e68-0200-4b77-a926-4f9d16e494da,511d2633-09a7-4bdd-ac42-f778032124b3,5d45aa00-e064-4938-b314-4265f0c2258c,9361fd90-ba52-4f84-aa93-6e878fd576ca,970b0598-bcb0-4714-91fb-2e81440dccd8,bcd64cc6-2dd9-43f6-abbe-66318d332032,d930590d-bb92-4cc8-8bd1-23cd027f9edf,a3cd009f-0ab0-420d-9278-b9fdab939bbc,6a2d0734-bd9e-4ddf-946e-caa52498cb75,d9937e59-61fe-4ec6-92ab-7ac5a19c89b0,d1346436-ac96-4271-b863-1f4fdead95b0,971bdb23-3ff6-43eb-b422-1c30165a3663,17debcc3-0a6b-4b8a-b00b-dc58b885581e,711ebe11-f673-4cd9-9a83-63c60ba54c5b,c0143906-9aed-447e-9436-2ae8512d1b6e,14da1725-c4c2-42b4-ab08-ee0aeb6898b3,081cab31-dccd-428e-8652-f2404cc81c47,78e0584a-4343-4727-8f37-e14e65c2a2db,871c3b6c-7379-419d-bda3-794b239ab90d,ff9b0199-ce04-4cfe-86cc-6c719f08d6e4,de1c2107-70c8-4021-8459-6399f24d01c6,cbf30902-517f-40dc-af90-a550bac27cf1,5c601d96-e4c7-4698-991b-7ee674b11079
8-3-2026 02:45:40-debug:   Number of all scripts: 39
8-3-2026 02:45:40-debug:   Number of other assets: 486
8-3-2026 02:45:40-debug: Init bundle root assets success..., progress: 0%
8-3-2026 02:45:40-debug:   Number of all scenes: 3
8-3-2026 02:45:40-debug: // ---- build task Query asset bundle ---- (12ms)
8-3-2026 02:45:40-log: run build task Query asset bundle success in 12 ms√, progress: 5%
8-3-2026 02:45:40-debug: [Build Memory track]: Query asset bundle start:223.62MB, end 222.59MB, increase: -1056.70KB
8-3-2026 02:45:40-debug: Query asset bundle start, progress: 5%
8-3-2026 02:45:40-debug: // ---- build task Query asset bundle ----
8-3-2026 02:45:40-debug: // ---- build task Query asset bundle ---- (5ms)
8-3-2026 02:45:40-log: run build task Query asset bundle success in 5 ms√, progress: 10%
8-3-2026 02:45:40-debug: [Build Memory track]: Query asset bundle start:222.61MB, end 222.75MB, increase: 139.05KB
8-3-2026 02:45:40-debug: Sort some build options to settings.json start, progress: 10%
8-3-2026 02:45:40-debug: // ---- build task Sort some build options to settings.json ----
8-3-2026 02:45:40-debug: // ---- build task Sort some build options to settings.json ---- (3ms)
8-3-2026 02:45:40-log: run build task Sort some build options to settings.json success in 3 ms√, progress: 12%
8-3-2026 02:45:40-debug: [Build Memory track]: Sort some build options to settings.json start:222.78MB, end 222.80MB, increase: 26.44KB
8-3-2026 02:45:40-debug: Fill script data to settings start, progress: 12%
8-3-2026 02:45:40-debug: // ---- build task Fill script data to settings ----
8-3-2026 02:45:40-debug: // ---- build task Fill script data to settings ---- (1ms)
8-3-2026 02:45:40-log: run build task Fill script data to settings success in 1 ms√, progress: 13%
8-3-2026 02:45:40-debug: [Build Memory track]: Fill script data to settings start:222.83MB, end 222.86MB, increase: 25.86KB
8-3-2026 02:45:40-debug: Sort some build options to settings.json start, progress: 13%
8-3-2026 02:45:40-debug: // ---- build task Sort some build options to settings.json ----
8-3-2026 02:45:40-debug: // ---- build task Sort some build options to settings.json ---- (8ms)
8-3-2026 02:45:40-log: run build task Sort some build options to settings.json success in 8 ms√, progress: 15%
8-3-2026 02:45:40-debug: [Build Memory track]: Sort some build options to settings.json start:222.88MB, end 223.01MB, increase: 131.30KB
8-3-2026 02:46:01-debug: Query all assets info in project
8-3-2026 02:46:01-debug: init custom config: keepNodeUuid: false, useCache: true
8-3-2026 02:46:01-debug: Skip compress image, progress: 0%
8-3-2026 02:46:01-debug: Init all bundles start..., progress: 0%
8-3-2026 02:46:01-debug: // ---- build task Query asset bundle ----
8-3-2026 02:46:01-debug: Init bundle root assets start..., progress: 0%
8-3-2026 02:46:01-debug: Num of bundles: 2..., progress: 0%
8-3-2026 02:46:01-debug: Query asset bundle start, progress: 0%
8-3-2026 02:46:01-debug: Query preload assets/scripts from cc.config.json: 60f7195c-ec2a-45eb-ba94-8955f60e81d0,1c02ae6f-4492-4915-b8f8-7492a3b1e4cd,810e96e4-e456-4468-9b59-f4e8f39732c0,efe8e2a3-eace-427b-b4f1-cb8a937ec77d,e9aa9a3e-5b2b-4ac7-a2c7-073de2b2b24f,8bbdbcdd-5cd4-4100-b6d5-b7c9625b6107,50f4348b-c883-4e2f-8f11-ce233b859fa1,fda095cb-831d-4601-ad94-846013963de8,f92806d7-1768-443f-afe8-12bcde84d0f0,dd3a144d-ab7f-41f0-82b8-2e43a090d496,f0416e68-0200-4b77-a926-4f9d16e494da,511d2633-09a7-4bdd-ac42-f778032124b3,5d45aa00-e064-4938-b314-4265f0c2258c,9361fd90-ba52-4f84-aa93-6e878fd576ca,970b0598-bcb0-4714-91fb-2e81440dccd8,bcd64cc6-2dd9-43f6-abbe-66318d332032,d930590d-bb92-4cc8-8bd1-23cd027f9edf,a3cd009f-0ab0-420d-9278-b9fdab939bbc,6a2d0734-bd9e-4ddf-946e-caa52498cb75,d9937e59-61fe-4ec6-92ab-7ac5a19c89b0,d1346436-ac96-4271-b863-1f4fdead95b0,971bdb23-3ff6-43eb-b422-1c30165a3663,17debcc3-0a6b-4b8a-b00b-dc58b885581e,711ebe11-f673-4cd9-9a83-63c60ba54c5b,c0143906-9aed-447e-9436-2ae8512d1b6e,14da1725-c4c2-42b4-ab08-ee0aeb6898b3,081cab31-dccd-428e-8652-f2404cc81c47,78e0584a-4343-4727-8f37-e14e65c2a2db,871c3b6c-7379-419d-bda3-794b239ab90d,ff9b0199-ce04-4cfe-86cc-6c719f08d6e4,de1c2107-70c8-4021-8459-6399f24d01c6,cbf30902-517f-40dc-af90-a550bac27cf1,5c601d96-e4c7-4698-991b-7ee674b11079
8-3-2026 02:46:01-debug:   Number of other assets: 486
8-3-2026 02:46:01-debug: Init bundle root assets success..., progress: 0%
8-3-2026 02:46:01-debug:   Number of all scenes: 3
8-3-2026 02:46:01-debug:   Number of all scripts: 39
8-3-2026 02:46:01-debug: // ---- build task Query asset bundle ---- (11ms)
8-3-2026 02:46:01-debug: [Build Memory track]: Query asset bundle start:223.34MB, end 223.28MB, increase: -60.15KB
8-3-2026 02:46:01-log: run build task Query asset bundle success in 11 ms√, progress: 5%
8-3-2026 02:46:01-debug: Query asset bundle start, progress: 5%
8-3-2026 02:46:01-debug: // ---- build task Query asset bundle ----
8-3-2026 02:46:01-debug: // ---- build task Query asset bundle ---- (7ms)
8-3-2026 02:46:01-log: run build task Query asset bundle success in 7 ms√, progress: 10%
8-3-2026 02:46:01-debug: [Build Memory track]: Query asset bundle start:223.31MB, end 222.65MB, increase: -678.32KB
8-3-2026 02:46:01-debug: Sort some build options to settings.json start, progress: 10%
8-3-2026 02:46:01-debug: // ---- build task Sort some build options to settings.json ----
8-3-2026 02:46:01-debug: // ---- build task Sort some build options to settings.json ---- (5ms)
8-3-2026 02:46:01-log: run build task Sort some build options to settings.json success in 5 ms√, progress: 12%
8-3-2026 02:46:01-debug: [Build Memory track]: Sort some build options to settings.json start:222.68MB, end 222.71MB, increase: 30.30KB
8-3-2026 02:46:01-debug: Fill script data to settings start, progress: 12%
8-3-2026 02:46:01-debug: // ---- build task Fill script data to settings ----
8-3-2026 02:46:01-debug: // ---- build task Fill script data to settings ---- (2ms)
8-3-2026 02:46:01-log: run build task Fill script data to settings success in 2 ms√, progress: 13%
8-3-2026 02:46:01-debug: [Build Memory track]: Fill script data to settings start:222.74MB, end 222.76MB, increase: 26.43KB
8-3-2026 02:46:01-debug: Sort some build options to settings.json start, progress: 13%
8-3-2026 02:46:01-debug: // ---- build task Sort some build options to settings.json ----
8-3-2026 02:46:01-debug: // ---- build task Sort some build options to settings.json ---- (16ms)
8-3-2026 02:46:01-log: run build task Sort some build options to settings.json success in 16 ms√, progress: 15%
8-3-2026 02:46:01-debug: [Build Memory track]: Sort some build options to settings.json start:222.79MB, end 222.91MB, increase: 126.57KB
8-3-2026 02:46:21-debug: Query all assets info in project
8-3-2026 02:46:21-debug: init custom config: keepNodeUuid: false, useCache: true
8-3-2026 02:46:21-debug: Skip compress image, progress: 0%
8-3-2026 02:46:21-debug: Init all bundles start..., progress: 0%
8-3-2026 02:46:21-debug: // ---- build task Query asset bundle ----
8-3-2026 02:46:21-debug: Init bundle root assets start..., progress: 0%
8-3-2026 02:46:21-debug: Query asset bundle start, progress: 0%
8-3-2026 02:46:21-debug: Num of bundles: 2..., progress: 0%
8-3-2026 02:46:21-debug: Query preload assets/scripts from cc.config.json: 60f7195c-ec2a-45eb-ba94-8955f60e81d0,1c02ae6f-4492-4915-b8f8-7492a3b1e4cd,810e96e4-e456-4468-9b59-f4e8f39732c0,efe8e2a3-eace-427b-b4f1-cb8a937ec77d,e9aa9a3e-5b2b-4ac7-a2c7-073de2b2b24f,8bbdbcdd-5cd4-4100-b6d5-b7c9625b6107,50f4348b-c883-4e2f-8f11-ce233b859fa1,fda095cb-831d-4601-ad94-846013963de8,f92806d7-1768-443f-afe8-12bcde84d0f0,dd3a144d-ab7f-41f0-82b8-2e43a090d496,f0416e68-0200-4b77-a926-4f9d16e494da,511d2633-09a7-4bdd-ac42-f778032124b3,5d45aa00-e064-4938-b314-4265f0c2258c,9361fd90-ba52-4f84-aa93-6e878fd576ca,970b0598-bcb0-4714-91fb-2e81440dccd8,bcd64cc6-2dd9-43f6-abbe-66318d332032,d930590d-bb92-4cc8-8bd1-23cd027f9edf,a3cd009f-0ab0-420d-9278-b9fdab939bbc,6a2d0734-bd9e-4ddf-946e-caa52498cb75,d9937e59-61fe-4ec6-92ab-7ac5a19c89b0,d1346436-ac96-4271-b863-1f4fdead95b0,971bdb23-3ff6-43eb-b422-1c30165a3663,17debcc3-0a6b-4b8a-b00b-dc58b885581e,711ebe11-f673-4cd9-9a83-63c60ba54c5b,c0143906-9aed-447e-9436-2ae8512d1b6e,14da1725-c4c2-42b4-ab08-ee0aeb6898b3,081cab31-dccd-428e-8652-f2404cc81c47,78e0584a-4343-4727-8f37-e14e65c2a2db,871c3b6c-7379-419d-bda3-794b239ab90d,ff9b0199-ce04-4cfe-86cc-6c719f08d6e4,de1c2107-70c8-4021-8459-6399f24d01c6,cbf30902-517f-40dc-af90-a550bac27cf1,5c601d96-e4c7-4698-991b-7ee674b11079
8-3-2026 02:46:21-debug:   Number of all scenes: 3
8-3-2026 02:46:21-debug:   Number of other assets: 486
8-3-2026 02:46:21-debug: Init bundle root assets success..., progress: 0%
8-3-2026 02:46:21-debug:   Number of all scripts: 39
8-3-2026 02:46:21-debug: // ---- build task Query asset bundle ---- (16ms)
8-3-2026 02:46:21-log: run build task Query asset bundle success in 16 ms√, progress: 5%
8-3-2026 02:46:21-debug: [Build Memory track]: Query asset bundle start:223.44MB, end 223.41MB, increase: -24.64KB
8-3-2026 02:46:21-debug: Query asset bundle start, progress: 5%
8-3-2026 02:46:21-debug: // ---- build task Query asset bundle ----
8-3-2026 02:46:21-debug: // ---- build task Query asset bundle ---- (5ms)
8-3-2026 02:46:21-log: run build task Query asset bundle success in 5 ms√, progress: 10%
8-3-2026 02:46:21-debug: [Build Memory track]: Query asset bundle start:223.44MB, end 222.76MB, increase: -693.46KB
8-3-2026 02:46:21-debug: // ---- build task Sort some build options to settings.json ----
8-3-2026 02:46:21-debug: Sort some build options to settings.json start, progress: 10%
8-3-2026 02:46:21-debug: // ---- build task Sort some build options to settings.json ---- (1ms)
8-3-2026 02:46:21-log: run build task Sort some build options to settings.json success in 1 ms√, progress: 12%
8-3-2026 02:46:21-debug: [Build Memory track]: Sort some build options to settings.json start:222.79MB, end 222.81MB, increase: 25.34KB
8-3-2026 02:46:21-debug: Fill script data to settings start, progress: 12%
8-3-2026 02:46:21-debug: // ---- build task Fill script data to settings ----
8-3-2026 02:46:21-debug: // ---- build task Fill script data to settings ---- (1ms)
8-3-2026 02:46:21-log: run build task Fill script data to settings success in 1 ms√, progress: 13%
8-3-2026 02:46:21-debug: [Build Memory track]: Fill script data to settings start:222.84MB, end 222.87MB, increase: 26.84KB
8-3-2026 02:46:21-debug: Sort some build options to settings.json start, progress: 13%
8-3-2026 02:46:21-debug: // ---- build task Sort some build options to settings.json ----
8-3-2026 02:46:21-log: run build task Sort some build options to settings.json success in 15 ms√, progress: 15%
8-3-2026 02:46:21-debug: [Build Memory track]: Sort some build options to settings.json start:222.90MB, end 223.02MB, increase: 130.61KB
8-3-2026 02:46:21-debug: // ---- build task Sort some build options to settings.json ---- (15ms)
8-3-2026 02:46:42-debug: Query all assets info in project
8-3-2026 02:46:42-debug: init custom config: keepNodeUuid: false, useCache: true
8-3-2026 02:46:42-debug: Skip compress image, progress: 0%
8-3-2026 02:46:42-debug: Init all bundles start..., progress: 0%
8-3-2026 02:46:42-debug: Query asset bundle start, progress: 0%
8-3-2026 02:46:42-debug: Num of bundles: 2..., progress: 0%
8-3-2026 02:46:42-debug: // ---- build task Query asset bundle ----
8-3-2026 02:46:42-debug: Init bundle root assets start..., progress: 0%
8-3-2026 02:46:42-debug: Query preload assets/scripts from cc.config.json: 60f7195c-ec2a-45eb-ba94-8955f60e81d0,1c02ae6f-4492-4915-b8f8-7492a3b1e4cd,810e96e4-e456-4468-9b59-f4e8f39732c0,efe8e2a3-eace-427b-b4f1-cb8a937ec77d,e9aa9a3e-5b2b-4ac7-a2c7-073de2b2b24f,8bbdbcdd-5cd4-4100-b6d5-b7c9625b6107,50f4348b-c883-4e2f-8f11-ce233b859fa1,fda095cb-831d-4601-ad94-846013963de8,f92806d7-1768-443f-afe8-12bcde84d0f0,dd3a144d-ab7f-41f0-82b8-2e43a090d496,f0416e68-0200-4b77-a926-4f9d16e494da,511d2633-09a7-4bdd-ac42-f778032124b3,5d45aa00-e064-4938-b314-4265f0c2258c,9361fd90-ba52-4f84-aa93-6e878fd576ca,970b0598-bcb0-4714-91fb-2e81440dccd8,bcd64cc6-2dd9-43f6-abbe-66318d332032,d930590d-bb92-4cc8-8bd1-23cd027f9edf,a3cd009f-0ab0-420d-9278-b9fdab939bbc,6a2d0734-bd9e-4ddf-946e-caa52498cb75,d9937e59-61fe-4ec6-92ab-7ac5a19c89b0,d1346436-ac96-4271-b863-1f4fdead95b0,971bdb23-3ff6-43eb-b422-1c30165a3663,17debcc3-0a6b-4b8a-b00b-dc58b885581e,711ebe11-f673-4cd9-9a83-63c60ba54c5b,c0143906-9aed-447e-9436-2ae8512d1b6e,14da1725-c4c2-42b4-ab08-ee0aeb6898b3,081cab31-dccd-428e-8652-f2404cc81c47,78e0584a-4343-4727-8f37-e14e65c2a2db,871c3b6c-7379-419d-bda3-794b239ab90d,ff9b0199-ce04-4cfe-86cc-6c719f08d6e4,de1c2107-70c8-4021-8459-6399f24d01c6,cbf30902-517f-40dc-af90-a550bac27cf1,5c601d96-e4c7-4698-991b-7ee674b11079
8-3-2026 02:46:42-debug:   Number of all scenes: 3
8-3-2026 02:46:42-debug:   Number of all scripts: 39
8-3-2026 02:46:42-debug: Init bundle root assets success..., progress: 0%
8-3-2026 02:46:42-debug:   Number of other assets: 486
8-3-2026 02:46:42-debug: // ---- build task Query asset bundle ---- (14ms)
8-3-2026 02:46:42-log: run build task Query asset bundle success in 14 ms√, progress: 5%
8-3-2026 02:46:42-debug: [Build Memory track]: Query asset bundle start:223.53MB, end 223.52MB, increase: -17.29KB
8-3-2026 02:46:42-debug: Query asset bundle start, progress: 5%
8-3-2026 02:46:42-debug: // ---- build task Query asset bundle ----
8-3-2026 02:46:42-debug: // ---- build task Query asset bundle ---- (10ms)
8-3-2026 02:46:42-debug: Sort some build options to settings.json start, progress: 10%
8-3-2026 02:46:42-log: run build task Query asset bundle success in 10 ms√, progress: 10%
8-3-2026 02:46:42-debug: [Build Memory track]: Query asset bundle start:223.54MB, end 222.87MB, increase: -689.21KB
8-3-2026 02:46:42-debug: // ---- build task Sort some build options to settings.json ----
8-3-2026 02:46:42-log: run build task Sort some build options to settings.json success in 6 ms√, progress: 12%
8-3-2026 02:46:42-debug: [Build Memory track]: Sort some build options to settings.json start:222.90MB, end 222.92MB, increase: 26.49KB
8-3-2026 02:46:42-debug: Fill script data to settings start, progress: 12%
8-3-2026 02:46:42-debug: // ---- build task Sort some build options to settings.json ---- (6ms)
8-3-2026 02:46:42-debug: // ---- build task Fill script data to settings ----
8-3-2026 02:46:42-debug: // ---- build task Fill script data to settings ---- (3ms)
8-3-2026 02:46:42-log: run build task Fill script data to settings success in 3 ms√, progress: 13%
8-3-2026 02:46:42-debug: [Build Memory track]: Fill script data to settings start:222.95MB, end 222.98MB, increase: 26.07KB
8-3-2026 02:46:42-debug: Sort some build options to settings.json start, progress: 13%
8-3-2026 02:46:42-debug: // ---- build task Sort some build options to settings.json ----
8-3-2026 02:46:42-debug: // ---- build task Sort some build options to settings.json ---- (14ms)
8-3-2026 02:46:42-log: run build task Sort some build options to settings.json success in 14 ms√, progress: 15%
8-3-2026 02:46:42-debug: [Build Memory track]: Sort some build options to settings.json start:223.00MB, end 223.13MB, increase: 126.38KB
8-3-2026 02:47:02-debug: Query all assets info in project
8-3-2026 02:47:02-debug: init custom config: keepNodeUuid: false, useCache: true
8-3-2026 02:47:02-debug: Skip compress image, progress: 0%
8-3-2026 02:47:02-debug: Init all bundles start..., progress: 0%
8-3-2026 02:47:02-debug: // ---- build task Query asset bundle ----
8-3-2026 02:47:02-debug: Num of bundles: 2..., progress: 0%
8-3-2026 02:47:02-debug: Query asset bundle start, progress: 0%
8-3-2026 02:47:02-debug: Init bundle root assets start..., progress: 0%
8-3-2026 02:47:02-debug: Query preload assets/scripts from cc.config.json: 60f7195c-ec2a-45eb-ba94-8955f60e81d0,1c02ae6f-4492-4915-b8f8-7492a3b1e4cd,810e96e4-e456-4468-9b59-f4e8f39732c0,efe8e2a3-eace-427b-b4f1-cb8a937ec77d,e9aa9a3e-5b2b-4ac7-a2c7-073de2b2b24f,8bbdbcdd-5cd4-4100-b6d5-b7c9625b6107,50f4348b-c883-4e2f-8f11-ce233b859fa1,fda095cb-831d-4601-ad94-846013963de8,f92806d7-1768-443f-afe8-12bcde84d0f0,dd3a144d-ab7f-41f0-82b8-2e43a090d496,f0416e68-0200-4b77-a926-4f9d16e494da,511d2633-09a7-4bdd-ac42-f778032124b3,5d45aa00-e064-4938-b314-4265f0c2258c,9361fd90-ba52-4f84-aa93-6e878fd576ca,970b0598-bcb0-4714-91fb-2e81440dccd8,bcd64cc6-2dd9-43f6-abbe-66318d332032,d930590d-bb92-4cc8-8bd1-23cd027f9edf,a3cd009f-0ab0-420d-9278-b9fdab939bbc,6a2d0734-bd9e-4ddf-946e-caa52498cb75,d9937e59-61fe-4ec6-92ab-7ac5a19c89b0,d1346436-ac96-4271-b863-1f4fdead95b0,971bdb23-3ff6-43eb-b422-1c30165a3663,17debcc3-0a6b-4b8a-b00b-dc58b885581e,711ebe11-f673-4cd9-9a83-63c60ba54c5b,c0143906-9aed-447e-9436-2ae8512d1b6e,14da1725-c4c2-42b4-ab08-ee0aeb6898b3,081cab31-dccd-428e-8652-f2404cc81c47,78e0584a-4343-4727-8f37-e14e65c2a2db,871c3b6c-7379-419d-bda3-794b239ab90d,ff9b0199-ce04-4cfe-86cc-6c719f08d6e4,de1c2107-70c8-4021-8459-6399f24d01c6,cbf30902-517f-40dc-af90-a550bac27cf1,5c601d96-e4c7-4698-991b-7ee674b11079
8-3-2026 02:47:02-debug:   Number of all scenes: 3
8-3-2026 02:47:02-debug:   Number of all scripts: 39
8-3-2026 02:47:02-debug: Init bundle root assets success..., progress: 0%
8-3-2026 02:47:02-debug:   Number of other assets: 486
8-3-2026 02:47:02-debug: // ---- build task Query asset bundle ---- (15ms)
8-3-2026 02:47:02-log: run build task Query asset bundle success in 15 ms√, progress: 5%
8-3-2026 02:47:02-debug: [Build Memory track]: Query asset bundle start:223.64MB, end 223.62MB, increase: -22.55KB
8-3-2026 02:47:02-debug: Query asset bundle start, progress: 5%
8-3-2026 02:47:02-debug: // ---- build task Query asset bundle ----
8-3-2026 02:47:02-debug: // ---- build task Query asset bundle ---- (7ms)
8-3-2026 02:47:02-log: run build task Query asset bundle success in 7 ms√, progress: 10%
8-3-2026 02:47:02-debug: [Build Memory track]: Query asset bundle start:223.65MB, end 222.97MB, increase: -697.22KB
8-3-2026 02:47:02-debug: Sort some build options to settings.json start, progress: 10%
8-3-2026 02:47:02-debug: // ---- build task Sort some build options to settings.json ----
8-3-2026 02:47:02-debug: // ---- build task Sort some build options to settings.json ---- (3ms)
8-3-2026 02:47:02-log: run build task Sort some build options to settings.json success in 3 ms√, progress: 12%
8-3-2026 02:47:02-debug: [Build Memory track]: Sort some build options to settings.json start:223.00MB, end 223.02MB, increase: 26.49KB
8-3-2026 02:47:02-debug: // ---- build task Fill script data to settings ----
8-3-2026 02:47:02-debug: Fill script data to settings start, progress: 12%
8-3-2026 02:47:02-debug: // ---- build task Fill script data to settings ---- (3ms)
8-3-2026 02:47:02-log: run build task Fill script data to settings success in 3 ms√, progress: 13%
8-3-2026 02:47:02-debug: [Build Memory track]: Fill script data to settings start:223.05MB, end 223.07MB, increase: 25.96KB
8-3-2026 02:47:02-debug: Sort some build options to settings.json start, progress: 13%
8-3-2026 02:47:02-debug: // ---- build task Sort some build options to settings.json ----
8-3-2026 02:47:02-debug: // ---- build task Sort some build options to settings.json ---- (17ms)
8-3-2026 02:47:02-log: run build task Sort some build options to settings.json success in 17 ms√, progress: 15%
8-3-2026 02:47:02-debug: [Build Memory track]: Sort some build options to settings.json start:223.10MB, end 223.23MB, increase: 132.36KB
8-3-2026 02:47:23-debug: Query all assets info in project
8-3-2026 02:47:23-debug: init custom config: keepNodeUuid: false, useCache: true
8-3-2026 02:47:23-debug: Skip compress image, progress: 0%
8-3-2026 02:47:23-debug: Num of bundles: 2..., progress: 0%
8-3-2026 02:47:23-debug: Init all bundles start..., progress: 0%
8-3-2026 02:47:23-debug: Init bundle root assets start..., progress: 0%
8-3-2026 02:47:23-debug: Query asset bundle start, progress: 0%
8-3-2026 02:47:23-debug: // ---- build task Query asset bundle ----
8-3-2026 02:47:23-debug: Query preload assets/scripts from cc.config.json: 60f7195c-ec2a-45eb-ba94-8955f60e81d0,1c02ae6f-4492-4915-b8f8-7492a3b1e4cd,810e96e4-e456-4468-9b59-f4e8f39732c0,efe8e2a3-eace-427b-b4f1-cb8a937ec77d,e9aa9a3e-5b2b-4ac7-a2c7-073de2b2b24f,8bbdbcdd-5cd4-4100-b6d5-b7c9625b6107,50f4348b-c883-4e2f-8f11-ce233b859fa1,fda095cb-831d-4601-ad94-846013963de8,f92806d7-1768-443f-afe8-12bcde84d0f0,dd3a144d-ab7f-41f0-82b8-2e43a090d496,f0416e68-0200-4b77-a926-4f9d16e494da,511d2633-09a7-4bdd-ac42-f778032124b3,5d45aa00-e064-4938-b314-4265f0c2258c,9361fd90-ba52-4f84-aa93-6e878fd576ca,970b0598-bcb0-4714-91fb-2e81440dccd8,bcd64cc6-2dd9-43f6-abbe-66318d332032,d930590d-bb92-4cc8-8bd1-23cd027f9edf,a3cd009f-0ab0-420d-9278-b9fdab939bbc,6a2d0734-bd9e-4ddf-946e-caa52498cb75,d9937e59-61fe-4ec6-92ab-7ac5a19c89b0,d1346436-ac96-4271-b863-1f4fdead95b0,971bdb23-3ff6-43eb-b422-1c30165a3663,17debcc3-0a6b-4b8a-b00b-dc58b885581e,711ebe11-f673-4cd9-9a83-63c60ba54c5b,c0143906-9aed-447e-9436-2ae8512d1b6e,14da1725-c4c2-42b4-ab08-ee0aeb6898b3,081cab31-dccd-428e-8652-f2404cc81c47,78e0584a-4343-4727-8f37-e14e65c2a2db,871c3b6c-7379-419d-bda3-794b239ab90d,ff9b0199-ce04-4cfe-86cc-6c719f08d6e4,de1c2107-70c8-4021-8459-6399f24d01c6,cbf30902-517f-40dc-af90-a550bac27cf1,5c601d96-e4c7-4698-991b-7ee674b11079
8-3-2026 02:47:23-debug:   Number of all scripts: 39
8-3-2026 02:47:23-debug:   Number of other assets: 486
8-3-2026 02:47:23-debug: Init bundle root assets success..., progress: 0%
8-3-2026 02:47:23-debug:   Number of all scenes: 3
8-3-2026 02:47:23-debug: // ---- build task Query asset bundle ---- (14ms)
8-3-2026 02:47:23-debug: [Build Memory track]: Query asset bundle start:223.74MB, end 223.73MB, increase: -14.94KB
8-3-2026 02:47:23-debug: Query asset bundle start, progress: 5%
8-3-2026 02:47:23-log: run build task Query asset bundle success in 14 ms√, progress: 5%
8-3-2026 02:47:23-debug: // ---- build task Query asset bundle ----
8-3-2026 02:47:23-debug: // ---- build task Query asset bundle ---- (9ms)
8-3-2026 02:47:23-log: run build task Query asset bundle success in 9 ms√, progress: 10%
8-3-2026 02:47:23-debug: [Build Memory track]: Query asset bundle start:223.75MB, end 223.08MB, increase: -687.43KB
8-3-2026 02:47:23-debug: Sort some build options to settings.json start, progress: 10%
8-3-2026 02:47:23-debug: // ---- build task Sort some build options to settings.json ----
8-3-2026 02:47:23-log: run build task Sort some build options to settings.json success in √, progress: 12%
8-3-2026 02:47:23-debug: [Build Memory track]: Sort some build options to settings.json start:223.11MB, end 223.13MB, increase: 16.84KB
8-3-2026 02:47:23-debug: Fill script data to settings start, progress: 12%
8-3-2026 02:47:23-debug: // ---- build task Fill script data to settings ----
8-3-2026 02:47:23-debug: // ---- build task Fill script data to settings ---- (3ms)
8-3-2026 02:47:23-log: run build task Fill script data to settings success in 3 ms√, progress: 13%
8-3-2026 02:47:23-debug: [Build Memory track]: Fill script data to settings start:223.16MB, end 223.18MB, increase: 25.71KB
8-3-2026 02:47:23-debug: // ---- build task Sort some build options to settings.json ----
8-3-2026 02:47:23-debug: Sort some build options to settings.json start, progress: 13%
8-3-2026 02:47:23-debug: // ---- build task Sort some build options to settings.json ---- (16ms)
8-3-2026 02:47:23-log: run build task Sort some build options to settings.json success in 16 ms√, progress: 15%
8-3-2026 02:47:23-debug: [Build Memory track]: Sort some build options to settings.json start:223.21MB, end 223.34MB, increase: 132.39KB
8-3-2026 02:47:46-debug: Query all assets info in project
8-3-2026 02:47:46-debug: init custom config: keepNodeUuid: false, useCache: true
8-3-2026 02:47:46-debug: Skip compress image, progress: 0%
8-3-2026 02:47:46-debug: Init all bundles start..., progress: 0%
8-3-2026 02:47:46-debug: Query asset bundle start, progress: 0%
8-3-2026 02:47:46-debug: Init bundle root assets start..., progress: 0%
8-3-2026 02:47:46-debug: // ---- build task Query asset bundle ----
8-3-2026 02:47:46-debug: Num of bundles: 2..., progress: 0%
8-3-2026 02:47:46-debug: Query preload assets/scripts from cc.config.json: 60f7195c-ec2a-45eb-ba94-8955f60e81d0,1c02ae6f-4492-4915-b8f8-7492a3b1e4cd,810e96e4-e456-4468-9b59-f4e8f39732c0,efe8e2a3-eace-427b-b4f1-cb8a937ec77d,e9aa9a3e-5b2b-4ac7-a2c7-073de2b2b24f,8bbdbcdd-5cd4-4100-b6d5-b7c9625b6107,50f4348b-c883-4e2f-8f11-ce233b859fa1,fda095cb-831d-4601-ad94-846013963de8,f92806d7-1768-443f-afe8-12bcde84d0f0,dd3a144d-ab7f-41f0-82b8-2e43a090d496,f0416e68-0200-4b77-a926-4f9d16e494da,511d2633-09a7-4bdd-ac42-f778032124b3,5d45aa00-e064-4938-b314-4265f0c2258c,9361fd90-ba52-4f84-aa93-6e878fd576ca,970b0598-bcb0-4714-91fb-2e81440dccd8,bcd64cc6-2dd9-43f6-abbe-66318d332032,d930590d-bb92-4cc8-8bd1-23cd027f9edf,a3cd009f-0ab0-420d-9278-b9fdab939bbc,6a2d0734-bd9e-4ddf-946e-caa52498cb75,d9937e59-61fe-4ec6-92ab-7ac5a19c89b0,d1346436-ac96-4271-b863-1f4fdead95b0,971bdb23-3ff6-43eb-b422-1c30165a3663,17debcc3-0a6b-4b8a-b00b-dc58b885581e,711ebe11-f673-4cd9-9a83-63c60ba54c5b,c0143906-9aed-447e-9436-2ae8512d1b6e,14da1725-c4c2-42b4-ab08-ee0aeb6898b3,081cab31-dccd-428e-8652-f2404cc81c47,78e0584a-4343-4727-8f37-e14e65c2a2db,871c3b6c-7379-419d-bda3-794b239ab90d,ff9b0199-ce04-4cfe-86cc-6c719f08d6e4,de1c2107-70c8-4021-8459-6399f24d01c6,cbf30902-517f-40dc-af90-a550bac27cf1,5c601d96-e4c7-4698-991b-7ee674b11079
8-3-2026 02:47:46-debug:   Number of all scripts: 39
8-3-2026 02:47:46-debug:   Number of other assets: 486
8-3-2026 02:47:46-debug: Init bundle root assets success..., progress: 0%
8-3-2026 02:47:46-debug:   Number of all scenes: 3
8-3-2026 02:47:46-debug: // ---- build task Query asset bundle ---- (12ms)
8-3-2026 02:47:46-log: run build task Query asset bundle success in 12 ms√, progress: 5%
8-3-2026 02:47:46-debug: Query asset bundle start, progress: 5%
8-3-2026 02:47:46-debug: [Build Memory track]: Query asset bundle start:223.87MB, end 223.83MB, increase: -45.22KB
8-3-2026 02:47:46-debug: // ---- build task Query asset bundle ----
8-3-2026 02:47:46-debug: // ---- build task Query asset bundle ---- (6ms)
8-3-2026 02:47:46-log: run build task Query asset bundle success in 6 ms√, progress: 10%
8-3-2026 02:47:46-debug: [Build Memory track]: Query asset bundle start:223.86MB, end 223.18MB, increase: -695.06KB
8-3-2026 02:47:46-debug: Sort some build options to settings.json start, progress: 10%
8-3-2026 02:47:46-debug: // ---- build task Sort some build options to settings.json ----
8-3-2026 02:47:46-debug: // ---- build task Sort some build options to settings.json ---- (1ms)
8-3-2026 02:47:46-log: run build task Sort some build options to settings.json success in 1 ms√, progress: 12%
8-3-2026 02:47:46-debug: [Build Memory track]: Sort some build options to settings.json start:223.21MB, end 223.23MB, increase: 25.80KB
8-3-2026 02:47:46-debug: Fill script data to settings start, progress: 12%
8-3-2026 02:47:46-debug: // ---- build task Fill script data to settings ----
8-3-2026 02:47:46-debug: // ---- build task Fill script data to settings ---- (3ms)
8-3-2026 02:47:46-log: run build task Fill script data to settings success in 3 ms√, progress: 13%
8-3-2026 02:47:46-debug: [Build Memory track]: Fill script data to settings start:223.26MB, end 223.29MB, increase: 26.38KB
8-3-2026 02:47:46-debug: Sort some build options to settings.json start, progress: 13%
8-3-2026 02:47:46-debug: // ---- build task Sort some build options to settings.json ----
8-3-2026 02:47:46-debug: // ---- build task Sort some build options to settings.json ---- (18ms)
8-3-2026 02:47:46-log: run build task Sort some build options to settings.json success in 18 ms√, progress: 15%
8-3-2026 02:47:46-debug: [Build Memory track]: Sort some build options to settings.json start:223.31MB, end 223.44MB, increase: 131.12KB
8-3-2026 02:48:07-debug: Query all assets info in project
8-3-2026 02:48:07-debug: init custom config: keepNodeUuid: false, useCache: true
8-3-2026 02:48:07-debug: Skip compress image, progress: 0%
8-3-2026 02:48:07-debug: Init all bundles start..., progress: 0%
8-3-2026 02:48:07-debug: Query asset bundle start, progress: 0%
8-3-2026 02:48:07-debug: // ---- build task Query asset bundle ----
8-3-2026 02:48:07-debug: Init bundle root assets start..., progress: 0%
8-3-2026 02:48:07-debug: Num of bundles: 2..., progress: 0%
8-3-2026 02:48:07-debug: Query preload assets/scripts from cc.config.json: 60f7195c-ec2a-45eb-ba94-8955f60e81d0,1c02ae6f-4492-4915-b8f8-7492a3b1e4cd,810e96e4-e456-4468-9b59-f4e8f39732c0,efe8e2a3-eace-427b-b4f1-cb8a937ec77d,e9aa9a3e-5b2b-4ac7-a2c7-073de2b2b24f,8bbdbcdd-5cd4-4100-b6d5-b7c9625b6107,50f4348b-c883-4e2f-8f11-ce233b859fa1,fda095cb-831d-4601-ad94-846013963de8,f92806d7-1768-443f-afe8-12bcde84d0f0,dd3a144d-ab7f-41f0-82b8-2e43a090d496,f0416e68-0200-4b77-a926-4f9d16e494da,511d2633-09a7-4bdd-ac42-f778032124b3,5d45aa00-e064-4938-b314-4265f0c2258c,9361fd90-ba52-4f84-aa93-6e878fd576ca,970b0598-bcb0-4714-91fb-2e81440dccd8,bcd64cc6-2dd9-43f6-abbe-66318d332032,d930590d-bb92-4cc8-8bd1-23cd027f9edf,a3cd009f-0ab0-420d-9278-b9fdab939bbc,6a2d0734-bd9e-4ddf-946e-caa52498cb75,d9937e59-61fe-4ec6-92ab-7ac5a19c89b0,d1346436-ac96-4271-b863-1f4fdead95b0,971bdb23-3ff6-43eb-b422-1c30165a3663,17debcc3-0a6b-4b8a-b00b-dc58b885581e,711ebe11-f673-4cd9-9a83-63c60ba54c5b,c0143906-9aed-447e-9436-2ae8512d1b6e,14da1725-c4c2-42b4-ab08-ee0aeb6898b3,081cab31-dccd-428e-8652-f2404cc81c47,78e0584a-4343-4727-8f37-e14e65c2a2db,871c3b6c-7379-419d-bda3-794b239ab90d,ff9b0199-ce04-4cfe-86cc-6c719f08d6e4,de1c2107-70c8-4021-8459-6399f24d01c6,cbf30902-517f-40dc-af90-a550bac27cf1,5c601d96-e4c7-4698-991b-7ee674b11079
8-3-2026 02:48:07-debug:   Number of other assets: 486
8-3-2026 02:48:07-debug:   Number of all scenes: 3
8-3-2026 02:48:07-debug:   Number of all scripts: 39
8-3-2026 02:48:07-debug: Init bundle root assets success..., progress: 0%
8-3-2026 02:48:07-debug: // ---- build task Query asset bundle ---- (13ms)
8-3-2026 02:48:07-log: run build task Query asset bundle success in 13 ms√, progress: 5%
8-3-2026 02:48:07-debug: [Build Memory track]: Query asset bundle start:223.98MB, end 223.94MB, increase: -44.72KB
8-3-2026 02:48:07-debug: Query asset bundle start, progress: 5%
8-3-2026 02:48:07-debug: // ---- build task Query asset bundle ----
8-3-2026 02:48:07-debug: // ---- build task Query asset bundle ---- (7ms)
8-3-2026 02:48:07-debug: [Build Memory track]: Query asset bundle start:223.96MB, end 223.29MB, increase: -690.00KB
8-3-2026 02:48:07-log: run build task Query asset bundle success in 7 ms√, progress: 10%
8-3-2026 02:48:07-debug: Sort some build options to settings.json start, progress: 10%
8-3-2026 02:48:07-debug: // ---- build task Sort some build options to settings.json ----
8-3-2026 02:48:07-debug: // ---- build task Sort some build options to settings.json ---- (1ms)
8-3-2026 02:48:07-log: run build task Sort some build options to settings.json success in 1 ms√, progress: 12%
8-3-2026 02:48:07-debug: [Build Memory track]: Sort some build options to settings.json start:223.32MB, end 223.34MB, increase: 26.49KB
8-3-2026 02:48:07-debug: Fill script data to settings start, progress: 12%
8-3-2026 02:48:07-debug: // ---- build task Fill script data to settings ----
8-3-2026 02:48:07-debug: // ---- build task Fill script data to settings ---- (2ms)
8-3-2026 02:48:07-log: run build task Fill script data to settings success in 2 ms√, progress: 13%
8-3-2026 02:48:07-debug: [Build Memory track]: Fill script data to settings start:223.37MB, end 223.40MB, increase: 25.88KB
8-3-2026 02:48:07-debug: Sort some build options to settings.json start, progress: 13%
8-3-2026 02:48:07-debug: // ---- build task Sort some build options to settings.json ----
8-3-2026 02:48:07-debug: // ---- build task Sort some build options to settings.json ---- (16ms)
8-3-2026 02:48:07-log: run build task Sort some build options to settings.json success in 16 ms√, progress: 15%
8-3-2026 02:48:07-debug: [Build Memory track]: Sort some build options to settings.json start:223.42MB, end 223.55MB, increase: 126.55KB
8-3-2026 02:48:28-debug: Query all assets info in project
8-3-2026 02:48:28-debug: init custom config: keepNodeUuid: false, useCache: true
8-3-2026 02:48:28-debug: Skip compress image, progress: 0%
8-3-2026 02:48:28-debug: Init all bundles start..., progress: 0%
8-3-2026 02:48:28-debug: Query asset bundle start, progress: 0%
8-3-2026 02:48:28-debug: // ---- build task Query asset bundle ----
8-3-2026 02:48:28-debug: Num of bundles: 2..., progress: 0%
8-3-2026 02:48:28-debug: Init bundle root assets start..., progress: 0%
8-3-2026 02:48:28-debug: Query preload assets/scripts from cc.config.json: 60f7195c-ec2a-45eb-ba94-8955f60e81d0,1c02ae6f-4492-4915-b8f8-7492a3b1e4cd,810e96e4-e456-4468-9b59-f4e8f39732c0,efe8e2a3-eace-427b-b4f1-cb8a937ec77d,e9aa9a3e-5b2b-4ac7-a2c7-073de2b2b24f,8bbdbcdd-5cd4-4100-b6d5-b7c9625b6107,50f4348b-c883-4e2f-8f11-ce233b859fa1,fda095cb-831d-4601-ad94-846013963de8,f92806d7-1768-443f-afe8-12bcde84d0f0,dd3a144d-ab7f-41f0-82b8-2e43a090d496,f0416e68-0200-4b77-a926-4f9d16e494da,511d2633-09a7-4bdd-ac42-f778032124b3,5d45aa00-e064-4938-b314-4265f0c2258c,9361fd90-ba52-4f84-aa93-6e878fd576ca,970b0598-bcb0-4714-91fb-2e81440dccd8,bcd64cc6-2dd9-43f6-abbe-66318d332032,d930590d-bb92-4cc8-8bd1-23cd027f9edf,a3cd009f-0ab0-420d-9278-b9fdab939bbc,6a2d0734-bd9e-4ddf-946e-caa52498cb75,d9937e59-61fe-4ec6-92ab-7ac5a19c89b0,d1346436-ac96-4271-b863-1f4fdead95b0,971bdb23-3ff6-43eb-b422-1c30165a3663,17debcc3-0a6b-4b8a-b00b-dc58b885581e,711ebe11-f673-4cd9-9a83-63c60ba54c5b,c0143906-9aed-447e-9436-2ae8512d1b6e,14da1725-c4c2-42b4-ab08-ee0aeb6898b3,081cab31-dccd-428e-8652-f2404cc81c47,78e0584a-4343-4727-8f37-e14e65c2a2db,871c3b6c-7379-419d-bda3-794b239ab90d,ff9b0199-ce04-4cfe-86cc-6c719f08d6e4,de1c2107-70c8-4021-8459-6399f24d01c6,cbf30902-517f-40dc-af90-a550bac27cf1,5c601d96-e4c7-4698-991b-7ee674b11079
8-3-2026 02:48:28-debug:   Number of all scenes: 3
8-3-2026 02:48:28-debug:   Number of all scripts: 39
8-3-2026 02:48:28-debug:   Number of other assets: 486
8-3-2026 02:48:28-debug: Init bundle root assets success..., progress: 0%
8-3-2026 02:48:28-debug: // ---- build task Query asset bundle ---- (11ms)
8-3-2026 02:48:28-log: run build task Query asset bundle success in 11 ms√, progress: 5%
8-3-2026 02:48:28-debug: [Build Memory track]: Query asset bundle start:224.09MB, end 224.04MB, increase: -47.91KB
8-3-2026 02:48:28-debug: Query asset bundle start, progress: 5%
8-3-2026 02:48:28-debug: // ---- build task Query asset bundle ----
8-3-2026 02:48:28-debug: // ---- build task Query asset bundle ---- (6ms)
8-3-2026 02:48:28-log: run build task Query asset bundle success in 6 ms√, progress: 10%
8-3-2026 02:48:28-debug: [Build Memory track]: Query asset bundle start:224.07MB, end 223.40MB, increase: -681.82KB
8-3-2026 02:48:28-debug: Sort some build options to settings.json start, progress: 10%
8-3-2026 02:48:28-debug: // ---- build task Sort some build options to settings.json ----
8-3-2026 02:48:28-debug: // ---- build task Sort some build options to settings.json ---- (2ms)
8-3-2026 02:48:28-log: run build task Sort some build options to settings.json success in 2 ms√, progress: 12%
8-3-2026 02:48:28-debug: [Build Memory track]: Sort some build options to settings.json start:223.43MB, end 223.45MB, increase: 26.49KB
8-3-2026 02:48:28-debug: Fill script data to settings start, progress: 12%
8-3-2026 02:48:28-debug: // ---- build task Fill script data to settings ----
8-3-2026 02:48:28-debug: // ---- build task Fill script data to settings ---- (3ms)
8-3-2026 02:48:28-debug: [Build Memory track]: Fill script data to settings start:223.48MB, end 223.51MB, increase: 25.93KB
8-3-2026 02:48:28-debug: Sort some build options to settings.json start, progress: 13%
8-3-2026 02:48:28-log: run build task Fill script data to settings success in 3 ms√, progress: 13%
8-3-2026 02:48:28-debug: // ---- build task Sort some build options to settings.json ----
8-3-2026 02:48:28-log: run build task Sort some build options to settings.json success in 14 ms√, progress: 15%
8-3-2026 02:48:28-debug: [Build Memory track]: Sort some build options to settings.json start:223.54MB, end 223.66MB, increase: 126.37KB
8-3-2026 02:48:28-debug: // ---- build task Sort some build options to settings.json ---- (14ms)
8-3-2026 02:48:50-debug: Query all assets info in project
8-3-2026 02:48:50-debug: init custom config: keepNodeUuid: false, useCache: true
8-3-2026 02:48:50-debug: Skip compress image, progress: 0%
8-3-2026 02:48:50-debug: Init all bundles start..., progress: 0%
8-3-2026 02:48:50-debug: Num of bundles: 2..., progress: 0%
8-3-2026 02:48:50-debug: // ---- build task Query asset bundle ----
8-3-2026 02:48:50-debug: Query asset bundle start, progress: 0%
8-3-2026 02:48:50-debug: Init bundle root assets start..., progress: 0%
8-3-2026 02:48:50-debug: Query preload assets/scripts from cc.config.json: 60f7195c-ec2a-45eb-ba94-8955f60e81d0,1c02ae6f-4492-4915-b8f8-7492a3b1e4cd,810e96e4-e456-4468-9b59-f4e8f39732c0,efe8e2a3-eace-427b-b4f1-cb8a937ec77d,e9aa9a3e-5b2b-4ac7-a2c7-073de2b2b24f,8bbdbcdd-5cd4-4100-b6d5-b7c9625b6107,50f4348b-c883-4e2f-8f11-ce233b859fa1,fda095cb-831d-4601-ad94-846013963de8,f92806d7-1768-443f-afe8-12bcde84d0f0,dd3a144d-ab7f-41f0-82b8-2e43a090d496,f0416e68-0200-4b77-a926-4f9d16e494da,511d2633-09a7-4bdd-ac42-f778032124b3,5d45aa00-e064-4938-b314-4265f0c2258c,9361fd90-ba52-4f84-aa93-6e878fd576ca,970b0598-bcb0-4714-91fb-2e81440dccd8,bcd64cc6-2dd9-43f6-abbe-66318d332032,d930590d-bb92-4cc8-8bd1-23cd027f9edf,a3cd009f-0ab0-420d-9278-b9fdab939bbc,6a2d0734-bd9e-4ddf-946e-caa52498cb75,d9937e59-61fe-4ec6-92ab-7ac5a19c89b0,d1346436-ac96-4271-b863-1f4fdead95b0,971bdb23-3ff6-43eb-b422-1c30165a3663,17debcc3-0a6b-4b8a-b00b-dc58b885581e,711ebe11-f673-4cd9-9a83-63c60ba54c5b,c0143906-9aed-447e-9436-2ae8512d1b6e,14da1725-c4c2-42b4-ab08-ee0aeb6898b3,081cab31-dccd-428e-8652-f2404cc81c47,78e0584a-4343-4727-8f37-e14e65c2a2db,871c3b6c-7379-419d-bda3-794b239ab90d,ff9b0199-ce04-4cfe-86cc-6c719f08d6e4,de1c2107-70c8-4021-8459-6399f24d01c6,cbf30902-517f-40dc-af90-a550bac27cf1,5c601d96-e4c7-4698-991b-7ee674b11079
8-3-2026 02:48:50-debug:   Number of all scenes: 3
8-3-2026 02:48:50-debug:   Number of other assets: 486
8-3-2026 02:48:50-debug:   Number of all scripts: 39
8-3-2026 02:48:50-debug: Init bundle root assets success..., progress: 0%
8-3-2026 02:48:50-debug: // ---- build task Query asset bundle ---- (13ms)
8-3-2026 02:48:50-debug: [Build Memory track]: Query asset bundle start:224.18MB, end 224.15MB, increase: -33.14KB
8-3-2026 02:48:50-log: run build task Query asset bundle success in 13 ms√, progress: 5%
8-3-2026 02:48:50-debug: Query asset bundle start, progress: 5%
8-3-2026 02:48:50-debug: // ---- build task Query asset bundle ----
8-3-2026 02:48:50-debug: // ---- build task Query asset bundle ---- (8ms)
8-3-2026 02:48:50-log: run build task Query asset bundle success in 8 ms√, progress: 10%
8-3-2026 02:48:50-debug: [Build Memory track]: Query asset bundle start:224.17MB, end 223.50MB, increase: -692.72KB
8-3-2026 02:48:50-debug: Sort some build options to settings.json start, progress: 10%
8-3-2026 02:48:50-debug: // ---- build task Sort some build options to settings.json ----
8-3-2026 02:48:50-debug: // ---- build task Sort some build options to settings.json ---- (5ms)
8-3-2026 02:48:50-log: run build task Sort some build options to settings.json success in 5 ms√, progress: 12%
8-3-2026 02:48:50-debug: [Build Memory track]: Sort some build options to settings.json start:223.53MB, end 223.55MB, increase: 26.90KB
8-3-2026 02:48:50-debug: Fill script data to settings start, progress: 12%
8-3-2026 02:48:50-debug: // ---- build task Fill script data to settings ----
8-3-2026 02:48:50-debug: // ---- build task Fill script data to settings ---- (2ms)
8-3-2026 02:48:50-log: run build task Fill script data to settings success in 2 ms√, progress: 13%
8-3-2026 02:48:50-debug: [Build Memory track]: Fill script data to settings start:223.58MB, end 223.61MB, increase: 25.91KB
8-3-2026 02:48:50-debug: Sort some build options to settings.json start, progress: 13%
8-3-2026 02:48:50-debug: // ---- build task Sort some build options to settings.json ----
8-3-2026 02:48:50-debug: // ---- build task Sort some build options to settings.json ---- (16ms)
8-3-2026 02:48:50-log: run build task Sort some build options to settings.json success in 16 ms√, progress: 15%
8-3-2026 02:48:50-debug: [Build Memory track]: Sort some build options to settings.json start:223.63MB, end 223.76MB, increase: 126.79KB
8-3-2026 02:49:08-debug: Query all assets info in project
8-3-2026 02:49:08-debug: init custom config: keepNodeUuid: false, useCache: true
8-3-2026 02:49:08-debug: Skip compress image, progress: 0%
8-3-2026 02:49:08-debug: Init all bundles start..., progress: 0%
8-3-2026 02:49:08-debug: Query asset bundle start, progress: 0%
8-3-2026 02:49:08-debug: // ---- build task Query asset bundle ----
8-3-2026 02:49:08-debug: Init bundle root assets start..., progress: 0%
8-3-2026 02:49:08-debug: Num of bundles: 2..., progress: 0%
8-3-2026 02:49:08-debug: Query preload assets/scripts from cc.config.json: 60f7195c-ec2a-45eb-ba94-8955f60e81d0,1c02ae6f-4492-4915-b8f8-7492a3b1e4cd,810e96e4-e456-4468-9b59-f4e8f39732c0,efe8e2a3-eace-427b-b4f1-cb8a937ec77d,e9aa9a3e-5b2b-4ac7-a2c7-073de2b2b24f,8bbdbcdd-5cd4-4100-b6d5-b7c9625b6107,50f4348b-c883-4e2f-8f11-ce233b859fa1,fda095cb-831d-4601-ad94-846013963de8,f92806d7-1768-443f-afe8-12bcde84d0f0,dd3a144d-ab7f-41f0-82b8-2e43a090d496,f0416e68-0200-4b77-a926-4f9d16e494da,511d2633-09a7-4bdd-ac42-f778032124b3,5d45aa00-e064-4938-b314-4265f0c2258c,9361fd90-ba52-4f84-aa93-6e878fd576ca,970b0598-bcb0-4714-91fb-2e81440dccd8,bcd64cc6-2dd9-43f6-abbe-66318d332032,d930590d-bb92-4cc8-8bd1-23cd027f9edf,a3cd009f-0ab0-420d-9278-b9fdab939bbc,6a2d0734-bd9e-4ddf-946e-caa52498cb75,d9937e59-61fe-4ec6-92ab-7ac5a19c89b0,d1346436-ac96-4271-b863-1f4fdead95b0,971bdb23-3ff6-43eb-b422-1c30165a3663,17debcc3-0a6b-4b8a-b00b-dc58b885581e,711ebe11-f673-4cd9-9a83-63c60ba54c5b,c0143906-9aed-447e-9436-2ae8512d1b6e,14da1725-c4c2-42b4-ab08-ee0aeb6898b3,081cab31-dccd-428e-8652-f2404cc81c47,78e0584a-4343-4727-8f37-e14e65c2a2db,871c3b6c-7379-419d-bda3-794b239ab90d,ff9b0199-ce04-4cfe-86cc-6c719f08d6e4,de1c2107-70c8-4021-8459-6399f24d01c6,cbf30902-517f-40dc-af90-a550bac27cf1,5c601d96-e4c7-4698-991b-7ee674b11079
8-3-2026 02:49:08-debug:   Number of all scenes: 3
8-3-2026 02:49:08-debug:   Number of all scripts: 39
8-3-2026 02:49:08-debug:   Number of other assets: 486
8-3-2026 02:49:08-debug: Init bundle root assets success..., progress: 0%
8-3-2026 02:49:08-debug: // ---- build task Query asset bundle ---- (10ms)
8-3-2026 02:49:08-debug: Query asset bundle start, progress: 5%
8-3-2026 02:49:08-debug: [Build Memory track]: Query asset bundle start:224.30MB, end 224.25MB, increase: -50.85KB
8-3-2026 02:49:08-log: run build task Query asset bundle success in 10 ms√, progress: 5%
8-3-2026 02:49:08-debug: // ---- build task Query asset bundle ----
8-3-2026 02:49:08-debug: // ---- build task Query asset bundle ---- (7ms)
8-3-2026 02:49:08-log: run build task Query asset bundle success in 7 ms√, progress: 10%
8-3-2026 02:49:08-debug: [Build Memory track]: Query asset bundle start:224.28MB, end 223.61MB, increase: -688.32KB
8-3-2026 02:49:08-debug: Sort some build options to settings.json start, progress: 10%
8-3-2026 02:49:08-debug: // ---- build task Sort some build options to settings.json ----
8-3-2026 02:49:08-debug: // ---- build task Sort some build options to settings.json ---- (5ms)
8-3-2026 02:49:08-log: run build task Sort some build options to settings.json success in 5 ms√, progress: 12%
8-3-2026 02:49:08-debug: [Build Memory track]: Sort some build options to settings.json start:223.63MB, end 223.66MB, increase: 26.49KB
8-3-2026 02:49:08-debug: Fill script data to settings start, progress: 12%
8-3-2026 02:49:08-debug: // ---- build task Fill script data to settings ----
8-3-2026 02:49:08-debug: // ---- build task Fill script data to settings ---- (1ms)
8-3-2026 02:49:08-debug: [Build Memory track]: Fill script data to settings start:223.69MB, end 223.71MB, increase: 25.82KB
8-3-2026 02:49:08-log: run build task Fill script data to settings success in 1 ms√, progress: 13%
8-3-2026 02:49:08-debug: Sort some build options to settings.json start, progress: 13%
8-3-2026 02:49:08-debug: // ---- build task Sort some build options to settings.json ----
8-3-2026 02:49:08-debug: // ---- build task Sort some build options to settings.json ---- (15ms)
8-3-2026 02:49:08-log: run build task Sort some build options to settings.json success in 15 ms√, progress: 15%
8-3-2026 02:49:08-debug: [Build Memory track]: Sort some build options to settings.json start:223.74MB, end 223.87MB, increase: 128.98KB
8-3-2026 02:49:27-debug: Query all assets info in project
8-3-2026 02:49:27-debug: Skip compress image, progress: 0%
8-3-2026 02:49:27-debug: init custom config: keepNodeUuid: false, useCache: true
8-3-2026 02:49:27-debug: Init all bundles start..., progress: 0%
8-3-2026 02:49:27-debug: Query asset bundle start, progress: 0%
8-3-2026 02:49:27-debug: // ---- build task Query asset bundle ----
8-3-2026 02:49:27-debug: Init bundle root assets start..., progress: 0%
8-3-2026 02:49:27-debug: Num of bundles: 2..., progress: 0%
8-3-2026 02:49:27-debug: Query preload assets/scripts from cc.config.json: 60f7195c-ec2a-45eb-ba94-8955f60e81d0,1c02ae6f-4492-4915-b8f8-7492a3b1e4cd,810e96e4-e456-4468-9b59-f4e8f39732c0,efe8e2a3-eace-427b-b4f1-cb8a937ec77d,e9aa9a3e-5b2b-4ac7-a2c7-073de2b2b24f,8bbdbcdd-5cd4-4100-b6d5-b7c9625b6107,50f4348b-c883-4e2f-8f11-ce233b859fa1,fda095cb-831d-4601-ad94-846013963de8,f92806d7-1768-443f-afe8-12bcde84d0f0,dd3a144d-ab7f-41f0-82b8-2e43a090d496,f0416e68-0200-4b77-a926-4f9d16e494da,511d2633-09a7-4bdd-ac42-f778032124b3,5d45aa00-e064-4938-b314-4265f0c2258c,9361fd90-ba52-4f84-aa93-6e878fd576ca,970b0598-bcb0-4714-91fb-2e81440dccd8,bcd64cc6-2dd9-43f6-abbe-66318d332032,d930590d-bb92-4cc8-8bd1-23cd027f9edf,a3cd009f-0ab0-420d-9278-b9fdab939bbc,6a2d0734-bd9e-4ddf-946e-caa52498cb75,d9937e59-61fe-4ec6-92ab-7ac5a19c89b0,d1346436-ac96-4271-b863-1f4fdead95b0,971bdb23-3ff6-43eb-b422-1c30165a3663,17debcc3-0a6b-4b8a-b00b-dc58b885581e,711ebe11-f673-4cd9-9a83-63c60ba54c5b,c0143906-9aed-447e-9436-2ae8512d1b6e,14da1725-c4c2-42b4-ab08-ee0aeb6898b3,081cab31-dccd-428e-8652-f2404cc81c47,78e0584a-4343-4727-8f37-e14e65c2a2db,871c3b6c-7379-419d-bda3-794b239ab90d,ff9b0199-ce04-4cfe-86cc-6c719f08d6e4,de1c2107-70c8-4021-8459-6399f24d01c6,cbf30902-517f-40dc-af90-a550bac27cf1,5c601d96-e4c7-4698-991b-7ee674b11079
8-3-2026 02:49:27-debug:   Number of all scenes: 3
8-3-2026 02:49:27-debug:   Number of all scripts: 39
8-3-2026 02:49:27-debug:   Number of other assets: 486
8-3-2026 02:49:27-debug: Init bundle root assets success..., progress: 0%
8-3-2026 02:49:27-debug: // ---- build task Query asset bundle ---- (15ms)
8-3-2026 02:49:27-log: run build task Query asset bundle success in 15 ms√, progress: 5%
8-3-2026 02:49:27-debug: [Build Memory track]: Query asset bundle start:224.38MB, end 224.36MB, increase: -27.74KB
8-3-2026 02:49:27-debug: Query asset bundle start, progress: 5%
8-3-2026 02:49:27-debug: // ---- build task Query asset bundle ----
8-3-2026 02:49:27-debug: // ---- build task Query asset bundle ---- (7ms)
8-3-2026 02:49:27-debug: [Build Memory track]: Query asset bundle start:224.39MB, end 223.71MB, increase: -696.02KB
8-3-2026 02:49:27-log: run build task Query asset bundle success in 7 ms√, progress: 10%
8-3-2026 02:49:27-debug: Sort some build options to settings.json start, progress: 10%
8-3-2026 02:49:27-debug: // ---- build task Sort some build options to settings.json ----
8-3-2026 02:49:27-debug: // ---- build task Sort some build options to settings.json ---- (3ms)
8-3-2026 02:49:27-log: run build task Sort some build options to settings.json success in 3 ms√, progress: 12%
8-3-2026 02:49:27-debug: // ---- build task Fill script data to settings ----
8-3-2026 02:49:27-debug: Fill script data to settings start, progress: 12%
8-3-2026 02:49:27-debug: [Build Memory track]: Sort some build options to settings.json start:223.73MB, end 223.76MB, increase: 26.57KB
8-3-2026 02:49:27-debug: // ---- build task Fill script data to settings ---- (4ms)
8-3-2026 02:49:27-debug: Sort some build options to settings.json start, progress: 13%
8-3-2026 02:49:27-log: run build task Fill script data to settings success in 4 ms√, progress: 13%
8-3-2026 02:49:27-debug: [Build Memory track]: Fill script data to settings start:223.79MB, end 223.82MB, increase: 25.85KB
8-3-2026 02:49:27-debug: // ---- build task Sort some build options to settings.json ----
8-3-2026 02:49:27-debug: // ---- build task Sort some build options to settings.json ---- (15ms)
8-3-2026 02:49:27-log: run build task Sort some build options to settings.json success in 15 ms√, progress: 15%
8-3-2026 02:49:27-debug: [Build Memory track]: Sort some build options to settings.json start:223.85MB, end 223.97MB, increase: 131.41KB
8-3-2026 02:49:47-debug: Query all assets info in project
8-3-2026 02:49:47-debug: init custom config: keepNodeUuid: false, useCache: true
8-3-2026 02:49:47-debug: Skip compress image, progress: 0%
8-3-2026 02:49:47-debug: Init all bundles start..., progress: 0%
8-3-2026 02:49:47-debug: Query asset bundle start, progress: 0%
8-3-2026 02:49:47-debug: // ---- build task Query asset bundle ----
8-3-2026 02:49:47-debug: Init bundle root assets start..., progress: 0%
8-3-2026 02:49:47-debug: Num of bundles: 2..., progress: 0%
8-3-2026 02:49:47-debug: Query preload assets/scripts from cc.config.json: 60f7195c-ec2a-45eb-ba94-8955f60e81d0,1c02ae6f-4492-4915-b8f8-7492a3b1e4cd,810e96e4-e456-4468-9b59-f4e8f39732c0,efe8e2a3-eace-427b-b4f1-cb8a937ec77d,e9aa9a3e-5b2b-4ac7-a2c7-073de2b2b24f,8bbdbcdd-5cd4-4100-b6d5-b7c9625b6107,50f4348b-c883-4e2f-8f11-ce233b859fa1,fda095cb-831d-4601-ad94-846013963de8,f92806d7-1768-443f-afe8-12bcde84d0f0,dd3a144d-ab7f-41f0-82b8-2e43a090d496,f0416e68-0200-4b77-a926-4f9d16e494da,511d2633-09a7-4bdd-ac42-f778032124b3,5d45aa00-e064-4938-b314-4265f0c2258c,9361fd90-ba52-4f84-aa93-6e878fd576ca,970b0598-bcb0-4714-91fb-2e81440dccd8,bcd64cc6-2dd9-43f6-abbe-66318d332032,d930590d-bb92-4cc8-8bd1-23cd027f9edf,a3cd009f-0ab0-420d-9278-b9fdab939bbc,6a2d0734-bd9e-4ddf-946e-caa52498cb75,d9937e59-61fe-4ec6-92ab-7ac5a19c89b0,d1346436-ac96-4271-b863-1f4fdead95b0,971bdb23-3ff6-43eb-b422-1c30165a3663,17debcc3-0a6b-4b8a-b00b-dc58b885581e,711ebe11-f673-4cd9-9a83-63c60ba54c5b,c0143906-9aed-447e-9436-2ae8512d1b6e,14da1725-c4c2-42b4-ab08-ee0aeb6898b3,081cab31-dccd-428e-8652-f2404cc81c47,78e0584a-4343-4727-8f37-e14e65c2a2db,871c3b6c-7379-419d-bda3-794b239ab90d,ff9b0199-ce04-4cfe-86cc-6c719f08d6e4,de1c2107-70c8-4021-8459-6399f24d01c6,cbf30902-517f-40dc-af90-a550bac27cf1,5c601d96-e4c7-4698-991b-7ee674b11079
8-3-2026 02:49:47-debug:   Number of all scripts: 39
8-3-2026 02:49:47-debug:   Number of other assets: 486
8-3-2026 02:49:47-debug: Init bundle root assets success..., progress: 0%
8-3-2026 02:49:47-debug:   Number of all scenes: 3
8-3-2026 02:49:47-debug: // ---- build task Query asset bundle ---- (10ms)
8-3-2026 02:49:47-log: run build task Query asset bundle success in 10 ms√, progress: 5%
8-3-2026 02:49:47-debug: [Build Memory track]: Query asset bundle start:224.51MB, end 224.47MB, increase: -44.44KB
8-3-2026 02:49:47-debug: Query asset bundle start, progress: 5%
8-3-2026 02:49:47-debug: // ---- build task Query asset bundle ----
8-3-2026 02:49:47-debug: // ---- build task Query asset bundle ---- (6ms)
8-3-2026 02:49:47-log: run build task Query asset bundle success in 6 ms√, progress: 10%
8-3-2026 02:49:47-debug: [Build Memory track]: Query asset bundle start:224.50MB, end 223.82MB, increase: -690.51KB
8-3-2026 02:49:47-debug: Sort some build options to settings.json start, progress: 10%
8-3-2026 02:49:47-debug: // ---- build task Sort some build options to settings.json ----
8-3-2026 02:49:47-debug: // ---- build task Sort some build options to settings.json ---- (4ms)
8-3-2026 02:49:47-log: run build task Sort some build options to settings.json success in 4 ms√, progress: 12%
8-3-2026 02:49:47-debug: [Build Memory track]: Sort some build options to settings.json start:223.85MB, end 223.87MB, increase: 26.49KB
8-3-2026 02:49:47-debug: // ---- build task Fill script data to settings ----
8-3-2026 02:49:47-debug: Fill script data to settings start, progress: 12%
8-3-2026 02:49:47-debug: // ---- build task Fill script data to settings ---- (2ms)
8-3-2026 02:49:47-log: run build task Fill script data to settings success in 2 ms√, progress: 13%
8-3-2026 02:49:47-debug: [Build Memory track]: Fill script data to settings start:223.90MB, end 223.93MB, increase: 25.98KB
8-3-2026 02:49:47-debug: Sort some build options to settings.json start, progress: 13%
8-3-2026 02:49:47-debug: // ---- build task Sort some build options to settings.json ----
8-3-2026 02:49:47-debug: // ---- build task Sort some build options to settings.json ---- (23ms)
8-3-2026 02:49:47-log: run build task Sort some build options to settings.json success in 23 ms√, progress: 15%
8-3-2026 02:49:47-debug: [Build Memory track]: Sort some build options to settings.json start:223.96MB, end 224.08MB, increase: 130.21KB
8-3-2026 02:50:08-debug: Query all assets info in project
8-3-2026 02:50:08-debug: init custom config: keepNodeUuid: false, useCache: true
8-3-2026 02:50:08-debug: Skip compress image, progress: 0%
8-3-2026 02:50:08-debug: Num of bundles: 2..., progress: 0%
8-3-2026 02:50:08-debug: Query asset bundle start, progress: 0%
8-3-2026 02:50:08-debug: // ---- build task Query asset bundle ----
8-3-2026 02:50:08-debug: Init bundle root assets start..., progress: 0%
8-3-2026 02:50:08-debug: Init all bundles start..., progress: 0%
8-3-2026 02:50:08-debug: Query preload assets/scripts from cc.config.json: 60f7195c-ec2a-45eb-ba94-8955f60e81d0,1c02ae6f-4492-4915-b8f8-7492a3b1e4cd,810e96e4-e456-4468-9b59-f4e8f39732c0,efe8e2a3-eace-427b-b4f1-cb8a937ec77d,e9aa9a3e-5b2b-4ac7-a2c7-073de2b2b24f,8bbdbcdd-5cd4-4100-b6d5-b7c9625b6107,50f4348b-c883-4e2f-8f11-ce233b859fa1,fda095cb-831d-4601-ad94-846013963de8,f92806d7-1768-443f-afe8-12bcde84d0f0,dd3a144d-ab7f-41f0-82b8-2e43a090d496,f0416e68-0200-4b77-a926-4f9d16e494da,511d2633-09a7-4bdd-ac42-f778032124b3,5d45aa00-e064-4938-b314-4265f0c2258c,9361fd90-ba52-4f84-aa93-6e878fd576ca,970b0598-bcb0-4714-91fb-2e81440dccd8,bcd64cc6-2dd9-43f6-abbe-66318d332032,d930590d-bb92-4cc8-8bd1-23cd027f9edf,a3cd009f-0ab0-420d-9278-b9fdab939bbc,6a2d0734-bd9e-4ddf-946e-caa52498cb75,d9937e59-61fe-4ec6-92ab-7ac5a19c89b0,d1346436-ac96-4271-b863-1f4fdead95b0,971bdb23-3ff6-43eb-b422-1c30165a3663,17debcc3-0a6b-4b8a-b00b-dc58b885581e,711ebe11-f673-4cd9-9a83-63c60ba54c5b,c0143906-9aed-447e-9436-2ae8512d1b6e,14da1725-c4c2-42b4-ab08-ee0aeb6898b3,081cab31-dccd-428e-8652-f2404cc81c47,78e0584a-4343-4727-8f37-e14e65c2a2db,871c3b6c-7379-419d-bda3-794b239ab90d,ff9b0199-ce04-4cfe-86cc-6c719f08d6e4,de1c2107-70c8-4021-8459-6399f24d01c6,cbf30902-517f-40dc-af90-a550bac27cf1,5c601d96-e4c7-4698-991b-7ee674b11079
8-3-2026 02:50:08-debug:   Number of other assets: 486
8-3-2026 02:50:08-debug:   Number of all scripts: 39
8-3-2026 02:50:08-debug: Init bundle root assets success..., progress: 0%
8-3-2026 02:50:08-debug:   Number of all scenes: 3
8-3-2026 02:50:08-debug: // ---- build task Query asset bundle ---- (15ms)
8-3-2026 02:50:08-log: run build task Query asset bundle success in 15 ms√, progress: 5%
8-3-2026 02:50:08-debug: [Build Memory track]: Query asset bundle start:224.63MB, end 224.58MB, increase: -52.73KB
8-3-2026 02:50:08-debug: Query asset bundle start, progress: 5%
8-3-2026 02:50:08-debug: // ---- build task Query asset bundle ----
8-3-2026 02:50:08-log: run build task Query asset bundle success in 12 ms√, progress: 10%
8-3-2026 02:50:08-debug: [Build Memory track]: Query asset bundle start:224.60MB, end 223.92MB, increase: -697.53KB
8-3-2026 02:50:08-debug: // ---- build task Sort some build options to settings.json ----
8-3-2026 02:50:08-debug: Sort some build options to settings.json start, progress: 10%
8-3-2026 02:50:08-debug: // ---- build task Query asset bundle ---- (12ms)
8-3-2026 02:50:08-debug: // ---- build task Sort some build options to settings.json ---- (3ms)
8-3-2026 02:50:08-log: run build task Sort some build options to settings.json success in 3 ms√, progress: 12%
8-3-2026 02:50:08-debug: // ---- build task Fill script data to settings ----
8-3-2026 02:50:08-debug: [Build Memory track]: Sort some build options to settings.json start:223.95MB, end 223.98MB, increase: 26.49KB
8-3-2026 02:50:08-debug: Fill script data to settings start, progress: 12%
8-3-2026 02:50:08-debug: // ---- build task Fill script data to settings ---- (5ms)
8-3-2026 02:50:08-log: run build task Fill script data to settings success in 5 ms√, progress: 13%
8-3-2026 02:50:08-debug: [Build Memory track]: Fill script data to settings start:224.01MB, end 224.03MB, increase: 27.46KB
8-3-2026 02:50:08-debug: Sort some build options to settings.json start, progress: 13%
8-3-2026 02:50:08-debug: // ---- build task Sort some build options to settings.json ----
8-3-2026 02:50:08-debug: // ---- build task Sort some build options to settings.json ---- (12ms)
8-3-2026 02:50:08-log: run build task Sort some build options to settings.json success in 12 ms√, progress: 15%
8-3-2026 02:50:08-debug: [Build Memory track]: Sort some build options to settings.json start:224.06MB, end 224.19MB, increase: 130.28KB
8-3-2026 02:50:26-debug: Query all assets info in project
8-3-2026 02:50:26-debug: init custom config: keepNodeUuid: false, useCache: true
8-3-2026 02:50:26-debug: Skip compress image, progress: 0%
8-3-2026 02:50:26-debug: Init all bundles start..., progress: 0%
8-3-2026 02:50:26-debug: Query asset bundle start, progress: 0%
8-3-2026 02:50:26-debug: Num of bundles: 2..., progress: 0%
8-3-2026 02:50:26-debug: // ---- build task Query asset bundle ----
8-3-2026 02:50:26-debug: Init bundle root assets start..., progress: 0%
8-3-2026 02:50:26-debug: Query preload assets/scripts from cc.config.json: 60f7195c-ec2a-45eb-ba94-8955f60e81d0,1c02ae6f-4492-4915-b8f8-7492a3b1e4cd,810e96e4-e456-4468-9b59-f4e8f39732c0,efe8e2a3-eace-427b-b4f1-cb8a937ec77d,e9aa9a3e-5b2b-4ac7-a2c7-073de2b2b24f,8bbdbcdd-5cd4-4100-b6d5-b7c9625b6107,50f4348b-c883-4e2f-8f11-ce233b859fa1,fda095cb-831d-4601-ad94-846013963de8,f92806d7-1768-443f-afe8-12bcde84d0f0,dd3a144d-ab7f-41f0-82b8-2e43a090d496,f0416e68-0200-4b77-a926-4f9d16e494da,511d2633-09a7-4bdd-ac42-f778032124b3,5d45aa00-e064-4938-b314-4265f0c2258c,9361fd90-ba52-4f84-aa93-6e878fd576ca,970b0598-bcb0-4714-91fb-2e81440dccd8,bcd64cc6-2dd9-43f6-abbe-66318d332032,d930590d-bb92-4cc8-8bd1-23cd027f9edf,a3cd009f-0ab0-420d-9278-b9fdab939bbc,6a2d0734-bd9e-4ddf-946e-caa52498cb75,d9937e59-61fe-4ec6-92ab-7ac5a19c89b0,d1346436-ac96-4271-b863-1f4fdead95b0,971bdb23-3ff6-43eb-b422-1c30165a3663,17debcc3-0a6b-4b8a-b00b-dc58b885581e,711ebe11-f673-4cd9-9a83-63c60ba54c5b,c0143906-9aed-447e-9436-2ae8512d1b6e,14da1725-c4c2-42b4-ab08-ee0aeb6898b3,081cab31-dccd-428e-8652-f2404cc81c47,78e0584a-4343-4727-8f37-e14e65c2a2db,871c3b6c-7379-419d-bda3-794b239ab90d,ff9b0199-ce04-4cfe-86cc-6c719f08d6e4,de1c2107-70c8-4021-8459-6399f24d01c6,cbf30902-517f-40dc-af90-a550bac27cf1,5c601d96-e4c7-4698-991b-7ee674b11079
8-3-2026 02:50:26-debug:   Number of all scripts: 39
8-3-2026 02:50:26-debug:   Number of all scenes: 3
8-3-2026 02:50:26-debug:   Number of other assets: 486
8-3-2026 02:50:26-debug: Init bundle root assets success..., progress: 0%
8-3-2026 02:50:26-debug: // ---- build task Query asset bundle ---- (20ms)
8-3-2026 02:50:26-log: run build task Query asset bundle success in 20 ms√, progress: 5%
8-3-2026 02:50:26-debug: [Build Memory track]: Query asset bundle start:224.73MB, end 224.68MB, increase: -47.69KB
8-3-2026 02:50:26-debug: Query asset bundle start, progress: 5%
8-3-2026 02:50:26-debug: // ---- build task Query asset bundle ----
8-3-2026 02:50:26-debug: // ---- build task Query asset bundle ---- (5ms)
8-3-2026 02:50:26-log: run build task Query asset bundle success in 5 ms√, progress: 10%
8-3-2026 02:50:26-debug: [Build Memory track]: Query asset bundle start:224.71MB, end 224.03MB, increase: -692.67KB
8-3-2026 02:50:26-debug: Sort some build options to settings.json start, progress: 10%
8-3-2026 02:50:26-debug: // ---- build task Sort some build options to settings.json ----
8-3-2026 02:50:26-debug: // ---- build task Sort some build options to settings.json ---- (5ms)
8-3-2026 02:50:26-log: run build task Sort some build options to settings.json success in 5 ms√, progress: 12%
8-3-2026 02:50:26-debug: [Build Memory track]: Sort some build options to settings.json start:224.06MB, end 224.09MB, increase: 31.87KB
8-3-2026 02:50:26-debug: Fill script data to settings start, progress: 12%
8-3-2026 02:50:26-debug: // ---- build task Fill script data to settings ----
8-3-2026 02:50:26-debug: // ---- build task Fill script data to settings ---- (6ms)
8-3-2026 02:50:26-log: run build task Fill script data to settings success in 6 ms√, progress: 13%
8-3-2026 02:50:26-debug: [Build Memory track]: Fill script data to settings start:224.12MB, end 224.15MB, increase: 25.81KB
8-3-2026 02:50:26-debug: Sort some build options to settings.json start, progress: 13%
8-3-2026 02:50:26-debug: // ---- build task Sort some build options to settings.json ----
8-3-2026 02:50:26-debug: // ---- build task Sort some build options to settings.json ---- (18ms)
8-3-2026 02:50:26-log: run build task Sort some build options to settings.json success in 18 ms√, progress: 15%
8-3-2026 02:50:26-debug: [Build Memory track]: Sort some build options to settings.json start:224.17MB, end 224.30MB, increase: 127.09KB
8-3-2026 02:50:43-debug: Query all assets info in project
8-3-2026 02:50:43-debug: init custom config: keepNodeUuid: false, useCache: true
8-3-2026 02:50:43-debug: Skip compress image, progress: 0%
8-3-2026 02:50:43-debug: Init all bundles start..., progress: 0%
8-3-2026 02:50:43-debug: // ---- build task Query asset bundle ----
8-3-2026 02:50:43-debug: Init bundle root assets start..., progress: 0%
8-3-2026 02:50:43-debug: Query asset bundle start, progress: 0%
8-3-2026 02:50:43-debug: Num of bundles: 2..., progress: 0%
8-3-2026 02:50:43-debug: Query preload assets/scripts from cc.config.json: 60f7195c-ec2a-45eb-ba94-8955f60e81d0,1c02ae6f-4492-4915-b8f8-7492a3b1e4cd,810e96e4-e456-4468-9b59-f4e8f39732c0,efe8e2a3-eace-427b-b4f1-cb8a937ec77d,e9aa9a3e-5b2b-4ac7-a2c7-073de2b2b24f,8bbdbcdd-5cd4-4100-b6d5-b7c9625b6107,50f4348b-c883-4e2f-8f11-ce233b859fa1,fda095cb-831d-4601-ad94-846013963de8,f92806d7-1768-443f-afe8-12bcde84d0f0,dd3a144d-ab7f-41f0-82b8-2e43a090d496,f0416e68-0200-4b77-a926-4f9d16e494da,511d2633-09a7-4bdd-ac42-f778032124b3,5d45aa00-e064-4938-b314-4265f0c2258c,9361fd90-ba52-4f84-aa93-6e878fd576ca,970b0598-bcb0-4714-91fb-2e81440dccd8,bcd64cc6-2dd9-43f6-abbe-66318d332032,d930590d-bb92-4cc8-8bd1-23cd027f9edf,a3cd009f-0ab0-420d-9278-b9fdab939bbc,6a2d0734-bd9e-4ddf-946e-caa52498cb75,d9937e59-61fe-4ec6-92ab-7ac5a19c89b0,d1346436-ac96-4271-b863-1f4fdead95b0,971bdb23-3ff6-43eb-b422-1c30165a3663,17debcc3-0a6b-4b8a-b00b-dc58b885581e,711ebe11-f673-4cd9-9a83-63c60ba54c5b,c0143906-9aed-447e-9436-2ae8512d1b6e,14da1725-c4c2-42b4-ab08-ee0aeb6898b3,081cab31-dccd-428e-8652-f2404cc81c47,78e0584a-4343-4727-8f37-e14e65c2a2db,871c3b6c-7379-419d-bda3-794b239ab90d,ff9b0199-ce04-4cfe-86cc-6c719f08d6e4,de1c2107-70c8-4021-8459-6399f24d01c6,cbf30902-517f-40dc-af90-a550bac27cf1,5c601d96-e4c7-4698-991b-7ee674b11079
8-3-2026 02:50:43-debug:   Number of other assets: 486
8-3-2026 02:50:43-debug: Init bundle root assets success..., progress: 0%
8-3-2026 02:50:43-debug:   Number of all scenes: 3
8-3-2026 02:50:43-debug:   Number of all scripts: 39
8-3-2026 02:50:43-debug: // ---- build task Query asset bundle ---- (12ms)
8-3-2026 02:50:43-log: run build task Query asset bundle success in 12 ms√, progress: 5%
8-3-2026 02:50:43-debug: [Build Memory track]: Query asset bundle start:224.84MB, end 224.79MB, increase: -43.87KB
8-3-2026 02:50:43-debug: // ---- build task Query asset bundle ----
8-3-2026 02:50:43-debug: Query asset bundle start, progress: 5%
8-3-2026 02:50:43-debug: // ---- build task Query asset bundle ---- (11ms)
8-3-2026 02:50:43-debug: [Build Memory track]: Query asset bundle start:224.82MB, end 224.14MB, increase: -693.75KB
8-3-2026 02:50:43-log: run build task Query asset bundle success in 11 ms√, progress: 10%
8-3-2026 02:50:43-debug: Sort some build options to settings.json start, progress: 10%
8-3-2026 02:50:43-debug: // ---- build task Sort some build options to settings.json ----
8-3-2026 02:50:43-debug: // ---- build task Sort some build options to settings.json ---- (3ms)
8-3-2026 02:50:43-log: run build task Sort some build options to settings.json success in 3 ms√, progress: 12%
8-3-2026 02:50:43-debug: [Build Memory track]: Sort some build options to settings.json start:224.17MB, end 224.20MB, increase: 26.48KB
8-3-2026 02:50:43-debug: Fill script data to settings start, progress: 12%
8-3-2026 02:50:43-debug: // ---- build task Fill script data to settings ----
8-3-2026 02:50:43-debug: // ---- build task Fill script data to settings ---- (2ms)
8-3-2026 02:50:43-debug: [Build Memory track]: Fill script data to settings start:224.22MB, end 224.25MB, increase: 25.84KB
8-3-2026 02:50:43-log: run build task Fill script data to settings success in 2 ms√, progress: 13%
8-3-2026 02:50:43-debug: Sort some build options to settings.json start, progress: 13%
8-3-2026 02:50:43-debug: // ---- build task Sort some build options to settings.json ----
8-3-2026 02:50:43-debug: // ---- build task Sort some build options to settings.json ---- (14ms)
8-3-2026 02:50:43-log: run build task Sort some build options to settings.json success in 14 ms√, progress: 15%
8-3-2026 02:50:43-debug: [Build Memory track]: Sort some build options to settings.json start:224.28MB, end 224.41MB, increase: 133.10KB
8-3-2026 02:51:00-debug: Query all assets info in project
8-3-2026 02:51:00-debug: init custom config: keepNodeUuid: false, useCache: true
8-3-2026 02:51:00-debug: Skip compress image, progress: 0%
8-3-2026 02:51:00-debug: Init all bundles start..., progress: 0%
8-3-2026 02:51:00-debug: Query asset bundle start, progress: 0%
8-3-2026 02:51:00-debug: // ---- build task Query asset bundle ----
8-3-2026 02:51:00-debug: Init bundle root assets start..., progress: 0%
8-3-2026 02:51:00-debug: Num of bundles: 2..., progress: 0%
8-3-2026 02:51:00-debug: Query preload assets/scripts from cc.config.json: 60f7195c-ec2a-45eb-ba94-8955f60e81d0,1c02ae6f-4492-4915-b8f8-7492a3b1e4cd,810e96e4-e456-4468-9b59-f4e8f39732c0,efe8e2a3-eace-427b-b4f1-cb8a937ec77d,e9aa9a3e-5b2b-4ac7-a2c7-073de2b2b24f,8bbdbcdd-5cd4-4100-b6d5-b7c9625b6107,50f4348b-c883-4e2f-8f11-ce233b859fa1,fda095cb-831d-4601-ad94-846013963de8,f92806d7-1768-443f-afe8-12bcde84d0f0,dd3a144d-ab7f-41f0-82b8-2e43a090d496,f0416e68-0200-4b77-a926-4f9d16e494da,511d2633-09a7-4bdd-ac42-f778032124b3,5d45aa00-e064-4938-b314-4265f0c2258c,9361fd90-ba52-4f84-aa93-6e878fd576ca,970b0598-bcb0-4714-91fb-2e81440dccd8,bcd64cc6-2dd9-43f6-abbe-66318d332032,d930590d-bb92-4cc8-8bd1-23cd027f9edf,a3cd009f-0ab0-420d-9278-b9fdab939bbc,6a2d0734-bd9e-4ddf-946e-caa52498cb75,d9937e59-61fe-4ec6-92ab-7ac5a19c89b0,d1346436-ac96-4271-b863-1f4fdead95b0,971bdb23-3ff6-43eb-b422-1c30165a3663,17debcc3-0a6b-4b8a-b00b-dc58b885581e,711ebe11-f673-4cd9-9a83-63c60ba54c5b,c0143906-9aed-447e-9436-2ae8512d1b6e,14da1725-c4c2-42b4-ab08-ee0aeb6898b3,081cab31-dccd-428e-8652-f2404cc81c47,78e0584a-4343-4727-8f37-e14e65c2a2db,871c3b6c-7379-419d-bda3-794b239ab90d,ff9b0199-ce04-4cfe-86cc-6c719f08d6e4,de1c2107-70c8-4021-8459-6399f24d01c6,cbf30902-517f-40dc-af90-a550bac27cf1,5c601d96-e4c7-4698-991b-7ee674b11079
8-3-2026 02:51:00-debug:   Number of all scenes: 3
8-3-2026 02:51:00-debug:   Number of all scripts: 39
8-3-2026 02:51:00-debug:   Number of other assets: 486
8-3-2026 02:51:00-debug: Init bundle root assets success..., progress: 0%
8-3-2026 02:51:00-debug: // ---- build task Query asset bundle ---- (13ms)
8-3-2026 02:51:00-log: run build task Query asset bundle success in 13 ms√, progress: 5%
8-3-2026 02:51:00-debug: [Build Memory track]: Query asset bundle start:224.91MB, end 224.90MB, increase: -14.00KB
8-3-2026 02:51:00-debug: Query asset bundle start, progress: 5%
8-3-2026 02:51:00-debug: // ---- build task Query asset bundle ----
8-3-2026 02:51:00-debug: // ---- build task Query asset bundle ---- (5ms)
8-3-2026 02:51:00-log: run build task Query asset bundle success in 5 ms√, progress: 10%
8-3-2026 02:51:00-debug: [Build Memory track]: Query asset bundle start:224.93MB, end 224.25MB, increase: -699.55KB
8-3-2026 02:51:00-debug: Sort some build options to settings.json start, progress: 10%
8-3-2026 02:51:00-debug: // ---- build task Sort some build options to settings.json ----
8-3-2026 02:51:00-debug: // ---- build task Sort some build options to settings.json ---- (4ms)
8-3-2026 02:51:00-log: run build task Sort some build options to settings.json success in 4 ms√, progress: 12%
8-3-2026 02:51:00-debug: [Build Memory track]: Sort some build options to settings.json start:224.27MB, end 224.30MB, increase: 26.47KB
8-3-2026 02:51:00-debug: Fill script data to settings start, progress: 12%
8-3-2026 02:51:00-debug: // ---- build task Fill script data to settings ----
8-3-2026 02:51:00-debug: // ---- build task Fill script data to settings ---- (4ms)
8-3-2026 02:51:00-log: run build task Fill script data to settings success in 4 ms√, progress: 13%
8-3-2026 02:51:00-debug: [Build Memory track]: Fill script data to settings start:224.33MB, end 224.35MB, increase: 25.84KB
8-3-2026 02:51:00-debug: Sort some build options to settings.json start, progress: 13%
8-3-2026 02:51:00-debug: // ---- build task Sort some build options to settings.json ----
8-3-2026 02:51:00-debug: // ---- build task Sort some build options to settings.json ---- (14ms)
8-3-2026 02:51:00-log: run build task Sort some build options to settings.json success in 14 ms√, progress: 15%
8-3-2026 02:51:00-debug: [Build Memory track]: Sort some build options to settings.json start:224.38MB, end 224.53MB, increase: 150.34KB
8-3-2026 02:51:16-debug: Query all assets info in project
8-3-2026 02:51:16-debug: init custom config: keepNodeUuid: false, useCache: true
8-3-2026 02:51:16-debug: Skip compress image, progress: 0%
8-3-2026 02:51:16-debug: Init all bundles start..., progress: 0%
8-3-2026 02:51:16-debug: Num of bundles: 2..., progress: 0%
8-3-2026 02:51:16-debug: // ---- build task Query asset bundle ----
8-3-2026 02:51:16-debug: Init bundle root assets start..., progress: 0%
8-3-2026 02:51:16-debug: Query asset bundle start, progress: 0%
8-3-2026 02:51:16-debug: Query preload assets/scripts from cc.config.json: 60f7195c-ec2a-45eb-ba94-8955f60e81d0,1c02ae6f-4492-4915-b8f8-7492a3b1e4cd,810e96e4-e456-4468-9b59-f4e8f39732c0,efe8e2a3-eace-427b-b4f1-cb8a937ec77d,e9aa9a3e-5b2b-4ac7-a2c7-073de2b2b24f,8bbdbcdd-5cd4-4100-b6d5-b7c9625b6107,50f4348b-c883-4e2f-8f11-ce233b859fa1,fda095cb-831d-4601-ad94-846013963de8,f92806d7-1768-443f-afe8-12bcde84d0f0,dd3a144d-ab7f-41f0-82b8-2e43a090d496,f0416e68-0200-4b77-a926-4f9d16e494da,511d2633-09a7-4bdd-ac42-f778032124b3,5d45aa00-e064-4938-b314-4265f0c2258c,9361fd90-ba52-4f84-aa93-6e878fd576ca,970b0598-bcb0-4714-91fb-2e81440dccd8,bcd64cc6-2dd9-43f6-abbe-66318d332032,d930590d-bb92-4cc8-8bd1-23cd027f9edf,a3cd009f-0ab0-420d-9278-b9fdab939bbc,6a2d0734-bd9e-4ddf-946e-caa52498cb75,d9937e59-61fe-4ec6-92ab-7ac5a19c89b0,d1346436-ac96-4271-b863-1f4fdead95b0,971bdb23-3ff6-43eb-b422-1c30165a3663,17debcc3-0a6b-4b8a-b00b-dc58b885581e,711ebe11-f673-4cd9-9a83-63c60ba54c5b,c0143906-9aed-447e-9436-2ae8512d1b6e,14da1725-c4c2-42b4-ab08-ee0aeb6898b3,081cab31-dccd-428e-8652-f2404cc81c47,78e0584a-4343-4727-8f37-e14e65c2a2db,871c3b6c-7379-419d-bda3-794b239ab90d,ff9b0199-ce04-4cfe-86cc-6c719f08d6e4,de1c2107-70c8-4021-8459-6399f24d01c6,cbf30902-517f-40dc-af90-a550bac27cf1,5c601d96-e4c7-4698-991b-7ee674b11079
8-3-2026 02:51:16-debug:   Number of all scenes: 3
8-3-2026 02:51:16-debug:   Number of all scripts: 39
8-3-2026 02:51:16-debug: Init bundle root assets success..., progress: 0%
8-3-2026 02:51:16-debug:   Number of other assets: 486
8-3-2026 02:51:16-debug: // ---- build task Query asset bundle ---- (16ms)
8-3-2026 02:51:16-log: run build task Query asset bundle success in 16 ms√, progress: 5%
8-3-2026 02:51:16-debug: [Build Memory track]: Query asset bundle start:225.06MB, end 225.03MB, increase: -32.51KB
8-3-2026 02:51:16-debug: Query asset bundle start, progress: 5%
8-3-2026 02:51:16-debug: // ---- build task Query asset bundle ----
8-3-2026 02:51:16-debug: // ---- build task Query asset bundle ---- (14ms)
8-3-2026 02:51:16-log: run build task Query asset bundle success in 14 ms√, progress: 10%
8-3-2026 02:51:16-debug: [Build Memory track]: Query asset bundle start:225.05MB, end 224.38MB, increase: -689.40KB
8-3-2026 02:51:16-debug: // ---- build task Sort some build options to settings.json ----
8-3-2026 02:51:16-debug: Sort some build options to settings.json start, progress: 10%
8-3-2026 02:51:16-debug: // ---- build task Sort some build options to settings.json ---- (4ms)
8-3-2026 02:51:16-log: run build task Sort some build options to settings.json success in 4 ms√, progress: 12%
8-3-2026 02:51:16-debug: [Build Memory track]: Sort some build options to settings.json start:224.41MB, end 224.43MB, increase: 26.51KB
8-3-2026 02:51:16-debug: // ---- build task Fill script data to settings ----
8-3-2026 02:51:16-debug: Fill script data to settings start, progress: 12%
8-3-2026 02:51:16-debug: // ---- build task Fill script data to settings ---- (3ms)
8-3-2026 02:51:16-log: run build task Fill script data to settings success in 3 ms√, progress: 13%
8-3-2026 02:51:16-debug: [Build Memory track]: Fill script data to settings start:224.46MB, end 224.49MB, increase: 29.07KB
8-3-2026 02:51:16-debug: Sort some build options to settings.json start, progress: 13%
8-3-2026 02:51:16-debug: // ---- build task Sort some build options to settings.json ----
8-3-2026 02:51:16-debug: // ---- build task Sort some build options to settings.json ---- (13ms)
8-3-2026 02:51:16-log: run build task Sort some build options to settings.json success in 13 ms√, progress: 15%
8-3-2026 02:51:16-debug: [Build Memory track]: Sort some build options to settings.json start:224.52MB, end 224.64MB, increase: 126.17KB
8-3-2026 02:51:34-debug: Query all assets info in project
8-3-2026 02:51:34-debug: init custom config: keepNodeUuid: false, useCache: true
8-3-2026 02:51:34-debug: Skip compress image, progress: 0%
8-3-2026 02:51:34-debug: Init all bundles start..., progress: 0%
8-3-2026 02:51:34-debug: // ---- build task Query asset bundle ----
8-3-2026 02:51:34-debug: Init bundle root assets start..., progress: 0%
8-3-2026 02:51:34-debug: Num of bundles: 2..., progress: 0%
8-3-2026 02:51:34-debug: Query asset bundle start, progress: 0%
8-3-2026 02:51:34-debug: Query preload assets/scripts from cc.config.json: 60f7195c-ec2a-45eb-ba94-8955f60e81d0,1c02ae6f-4492-4915-b8f8-7492a3b1e4cd,810e96e4-e456-4468-9b59-f4e8f39732c0,efe8e2a3-eace-427b-b4f1-cb8a937ec77d,e9aa9a3e-5b2b-4ac7-a2c7-073de2b2b24f,8bbdbcdd-5cd4-4100-b6d5-b7c9625b6107,50f4348b-c883-4e2f-8f11-ce233b859fa1,fda095cb-831d-4601-ad94-846013963de8,f92806d7-1768-443f-afe8-12bcde84d0f0,dd3a144d-ab7f-41f0-82b8-2e43a090d496,f0416e68-0200-4b77-a926-4f9d16e494da,511d2633-09a7-4bdd-ac42-f778032124b3,5d45aa00-e064-4938-b314-4265f0c2258c,9361fd90-ba52-4f84-aa93-6e878fd576ca,970b0598-bcb0-4714-91fb-2e81440dccd8,bcd64cc6-2dd9-43f6-abbe-66318d332032,d930590d-bb92-4cc8-8bd1-23cd027f9edf,a3cd009f-0ab0-420d-9278-b9fdab939bbc,6a2d0734-bd9e-4ddf-946e-caa52498cb75,d9937e59-61fe-4ec6-92ab-7ac5a19c89b0,d1346436-ac96-4271-b863-1f4fdead95b0,971bdb23-3ff6-43eb-b422-1c30165a3663,17debcc3-0a6b-4b8a-b00b-dc58b885581e,711ebe11-f673-4cd9-9a83-63c60ba54c5b,c0143906-9aed-447e-9436-2ae8512d1b6e,14da1725-c4c2-42b4-ab08-ee0aeb6898b3,081cab31-dccd-428e-8652-f2404cc81c47,78e0584a-4343-4727-8f37-e14e65c2a2db,871c3b6c-7379-419d-bda3-794b239ab90d,ff9b0199-ce04-4cfe-86cc-6c719f08d6e4,de1c2107-70c8-4021-8459-6399f24d01c6,cbf30902-517f-40dc-af90-a550bac27cf1,5c601d96-e4c7-4698-991b-7ee674b11079
8-3-2026 02:51:34-debug:   Number of other assets: 486
8-3-2026 02:51:34-debug: Init bundle root assets success..., progress: 0%
8-3-2026 02:51:34-debug:   Number of all scripts: 39
8-3-2026 02:51:34-debug:   Number of all scenes: 3
8-3-2026 02:51:34-debug: // ---- build task Query asset bundle ---- (13ms)
8-3-2026 02:51:34-log: run build task Query asset bundle success in 13 ms√, progress: 5%
8-3-2026 02:51:34-debug: Query asset bundle start, progress: 5%
8-3-2026 02:51:34-debug: [Build Memory track]: Query asset bundle start:225.18MB, end 225.13MB, increase: -50.45KB
8-3-2026 02:51:34-debug: // ---- build task Query asset bundle ----
8-3-2026 02:51:34-debug: // ---- build task Query asset bundle ---- (9ms)
8-3-2026 02:51:34-debug: [Build Memory track]: Query asset bundle start:225.16MB, end 224.48MB, increase: -692.50KB
8-3-2026 02:51:34-log: run build task Query asset bundle success in 9 ms√, progress: 10%
8-3-2026 02:51:34-debug: Sort some build options to settings.json start, progress: 10%
8-3-2026 02:51:34-debug: // ---- build task Sort some build options to settings.json ----
8-3-2026 02:51:34-log: run build task Sort some build options to settings.json success in 2 ms√, progress: 12%
8-3-2026 02:51:34-debug: [Build Memory track]: Sort some build options to settings.json start:224.51MB, end 224.54MB, increase: 25.85KB
8-3-2026 02:51:34-debug: Fill script data to settings start, progress: 12%
8-3-2026 02:51:34-debug: // ---- build task Sort some build options to settings.json ---- (2ms)
8-3-2026 02:51:34-debug: // ---- build task Fill script data to settings ----
8-3-2026 02:51:34-debug: // ---- build task Fill script data to settings ---- (6ms)
8-3-2026 02:51:34-log: run build task Fill script data to settings success in 6 ms√, progress: 13%
8-3-2026 02:51:34-debug: [Build Memory track]: Fill script data to settings start:224.57MB, end 224.59MB, increase: 26.08KB
8-3-2026 02:51:34-debug: Sort some build options to settings.json start, progress: 13%
8-3-2026 02:51:34-debug: // ---- build task Sort some build options to settings.json ----
8-3-2026 02:51:34-debug: // ---- build task Sort some build options to settings.json ---- (17ms)
8-3-2026 02:51:34-log: run build task Sort some build options to settings.json success in 17 ms√, progress: 15%
8-3-2026 02:51:34-debug: [Build Memory track]: Sort some build options to settings.json start:224.62MB, end 224.75MB, increase: 132.24KB
8-3-2026 02:51:52-debug: Query all assets info in project
8-3-2026 02:51:52-debug: init custom config: keepNodeUuid: false, useCache: true
8-3-2026 02:51:52-debug: Skip compress image, progress: 0%
8-3-2026 02:51:52-debug: Init all bundles start..., progress: 0%
8-3-2026 02:51:52-debug: // ---- build task Query asset bundle ----
8-3-2026 02:51:52-debug: Init bundle root assets start..., progress: 0%
8-3-2026 02:51:52-debug: Num of bundles: 2..., progress: 0%
8-3-2026 02:51:52-debug: Query asset bundle start, progress: 0%
8-3-2026 02:51:52-debug: Query preload assets/scripts from cc.config.json: 60f7195c-ec2a-45eb-ba94-8955f60e81d0,1c02ae6f-4492-4915-b8f8-7492a3b1e4cd,810e96e4-e456-4468-9b59-f4e8f39732c0,efe8e2a3-eace-427b-b4f1-cb8a937ec77d,e9aa9a3e-5b2b-4ac7-a2c7-073de2b2b24f,8bbdbcdd-5cd4-4100-b6d5-b7c9625b6107,50f4348b-c883-4e2f-8f11-ce233b859fa1,fda095cb-831d-4601-ad94-846013963de8,f92806d7-1768-443f-afe8-12bcde84d0f0,dd3a144d-ab7f-41f0-82b8-2e43a090d496,f0416e68-0200-4b77-a926-4f9d16e494da,511d2633-09a7-4bdd-ac42-f778032124b3,5d45aa00-e064-4938-b314-4265f0c2258c,9361fd90-ba52-4f84-aa93-6e878fd576ca,970b0598-bcb0-4714-91fb-2e81440dccd8,bcd64cc6-2dd9-43f6-abbe-66318d332032,d930590d-bb92-4cc8-8bd1-23cd027f9edf,a3cd009f-0ab0-420d-9278-b9fdab939bbc,6a2d0734-bd9e-4ddf-946e-caa52498cb75,d9937e59-61fe-4ec6-92ab-7ac5a19c89b0,d1346436-ac96-4271-b863-1f4fdead95b0,971bdb23-3ff6-43eb-b422-1c30165a3663,17debcc3-0a6b-4b8a-b00b-dc58b885581e,711ebe11-f673-4cd9-9a83-63c60ba54c5b,c0143906-9aed-447e-9436-2ae8512d1b6e,14da1725-c4c2-42b4-ab08-ee0aeb6898b3,081cab31-dccd-428e-8652-f2404cc81c47,78e0584a-4343-4727-8f37-e14e65c2a2db,871c3b6c-7379-419d-bda3-794b239ab90d,ff9b0199-ce04-4cfe-86cc-6c719f08d6e4,de1c2107-70c8-4021-8459-6399f24d01c6,cbf30902-517f-40dc-af90-a550bac27cf1,5c601d96-e4c7-4698-991b-7ee674b11079
8-3-2026 02:51:52-debug:   Number of all scenes: 3
8-3-2026 02:51:52-debug:   Number of other assets: 486
8-3-2026 02:51:52-debug: Init bundle root assets success..., progress: 0%
8-3-2026 02:51:52-debug:   Number of all scripts: 39
8-3-2026 02:51:52-debug: // ---- build task Query asset bundle ---- (14ms)
8-3-2026 02:51:52-log: run build task Query asset bundle success in 14 ms√, progress: 5%
8-3-2026 02:51:52-debug: [Build Memory track]: Query asset bundle start:225.27MB, end 225.25MB, increase: -18.50KB
8-3-2026 02:51:52-debug: Query asset bundle start, progress: 5%
8-3-2026 02:51:52-debug: // ---- build task Query asset bundle ----
8-3-2026 02:51:52-debug: // ---- build task Query asset bundle ---- (9ms)
8-3-2026 02:51:52-log: run build task Query asset bundle success in 9 ms√, progress: 10%
8-3-2026 02:51:52-debug: [Build Memory track]: Query asset bundle start:225.28MB, end 224.61MB, increase: -682.82KB
8-3-2026 02:51:52-debug: Sort some build options to settings.json start, progress: 10%
8-3-2026 02:51:52-debug: // ---- build task Sort some build options to settings.json ----
8-3-2026 02:51:52-debug: // ---- build task Sort some build options to settings.json ---- (1ms)
8-3-2026 02:51:52-debug: [Build Memory track]: Sort some build options to settings.json start:224.64MB, end 224.67MB, increase: 25.43KB
8-3-2026 02:51:52-log: run build task Sort some build options to settings.json success in 1 ms√, progress: 12%
8-3-2026 02:51:52-debug: Fill script data to settings start, progress: 12%
8-3-2026 02:51:52-debug: // ---- build task Fill script data to settings ----
8-3-2026 02:51:52-debug: // ---- build task Fill script data to settings ---- (5ms)
8-3-2026 02:51:52-log: run build task Fill script data to settings success in 5 ms√, progress: 13%
8-3-2026 02:51:52-debug: [Build Memory track]: Fill script data to settings start:224.69MB, end 224.72MB, increase: 26.77KB
8-3-2026 02:51:52-debug: Sort some build options to settings.json start, progress: 13%
8-3-2026 02:51:52-debug: // ---- build task Sort some build options to settings.json ----
8-3-2026 02:51:52-debug: // ---- build task Sort some build options to settings.json ---- (18ms)
8-3-2026 02:51:52-log: run build task Sort some build options to settings.json success in 18 ms√, progress: 15%
8-3-2026 02:51:52-debug: [Build Memory track]: Sort some build options to settings.json start:224.75MB, end 224.87MB, increase: 126.51KB
8-3-2026 02:52:11-debug: Query all assets info in project
8-3-2026 02:52:11-debug: init custom config: keepNodeUuid: false, useCache: true
8-3-2026 02:52:11-debug: Skip compress image, progress: 0%
8-3-2026 02:52:11-debug: Init all bundles start..., progress: 0%
8-3-2026 02:52:11-debug: // ---- build task Query asset bundle ----
8-3-2026 02:52:11-debug: Init bundle root assets start..., progress: 0%
8-3-2026 02:52:11-debug: Num of bundles: 2..., progress: 0%
8-3-2026 02:52:11-debug: Query asset bundle start, progress: 0%
8-3-2026 02:52:11-debug: Query preload assets/scripts from cc.config.json: 60f7195c-ec2a-45eb-ba94-8955f60e81d0,1c02ae6f-4492-4915-b8f8-7492a3b1e4cd,810e96e4-e456-4468-9b59-f4e8f39732c0,efe8e2a3-eace-427b-b4f1-cb8a937ec77d,e9aa9a3e-5b2b-4ac7-a2c7-073de2b2b24f,8bbdbcdd-5cd4-4100-b6d5-b7c9625b6107,50f4348b-c883-4e2f-8f11-ce233b859fa1,fda095cb-831d-4601-ad94-846013963de8,f92806d7-1768-443f-afe8-12bcde84d0f0,dd3a144d-ab7f-41f0-82b8-2e43a090d496,f0416e68-0200-4b77-a926-4f9d16e494da,511d2633-09a7-4bdd-ac42-f778032124b3,5d45aa00-e064-4938-b314-4265f0c2258c,9361fd90-ba52-4f84-aa93-6e878fd576ca,970b0598-bcb0-4714-91fb-2e81440dccd8,bcd64cc6-2dd9-43f6-abbe-66318d332032,d930590d-bb92-4cc8-8bd1-23cd027f9edf,a3cd009f-0ab0-420d-9278-b9fdab939bbc,6a2d0734-bd9e-4ddf-946e-caa52498cb75,d9937e59-61fe-4ec6-92ab-7ac5a19c89b0,d1346436-ac96-4271-b863-1f4fdead95b0,971bdb23-3ff6-43eb-b422-1c30165a3663,17debcc3-0a6b-4b8a-b00b-dc58b885581e,711ebe11-f673-4cd9-9a83-63c60ba54c5b,c0143906-9aed-447e-9436-2ae8512d1b6e,14da1725-c4c2-42b4-ab08-ee0aeb6898b3,081cab31-dccd-428e-8652-f2404cc81c47,78e0584a-4343-4727-8f37-e14e65c2a2db,871c3b6c-7379-419d-bda3-794b239ab90d,ff9b0199-ce04-4cfe-86cc-6c719f08d6e4,de1c2107-70c8-4021-8459-6399f24d01c6,cbf30902-517f-40dc-af90-a550bac27cf1,5c601d96-e4c7-4698-991b-7ee674b11079
8-3-2026 02:52:11-debug:   Number of all scenes: 3
8-3-2026 02:52:11-debug:   Number of all scripts: 39
8-3-2026 02:52:11-debug: Init bundle root assets success..., progress: 0%
8-3-2026 02:52:11-debug:   Number of other assets: 486
8-3-2026 02:52:11-debug: // ---- build task Query asset bundle ---- (11ms)
8-3-2026 02:52:11-log: run build task Query asset bundle success in 11 ms√, progress: 5%
8-3-2026 02:52:11-debug: [Build Memory track]: Query asset bundle start:225.39MB, end 225.36MB, increase: -37.16KB
8-3-2026 02:52:11-debug: Query asset bundle start, progress: 5%
8-3-2026 02:52:11-debug: // ---- build task Query asset bundle ----
8-3-2026 02:52:11-debug: // ---- build task Query asset bundle ---- (6ms)
8-3-2026 02:52:11-debug: [Build Memory track]: Query asset bundle start:225.38MB, end 224.70MB, increase: -699.11KB
8-3-2026 02:52:11-log: run build task Query asset bundle success in 6 ms√, progress: 10%
8-3-2026 02:52:11-debug: Sort some build options to settings.json start, progress: 10%
8-3-2026 02:52:11-debug: // ---- build task Sort some build options to settings.json ----
8-3-2026 02:52:11-debug: // ---- build task Sort some build options to settings.json ---- (4ms)
8-3-2026 02:52:11-debug: [Build Memory track]: Sort some build options to settings.json start:224.73MB, end 224.76MB, increase: 26.27KB
8-3-2026 02:52:11-log: run build task Sort some build options to settings.json success in 4 ms√, progress: 12%
8-3-2026 02:52:11-debug: Fill script data to settings start, progress: 12%
8-3-2026 02:52:11-debug: // ---- build task Fill script data to settings ----
8-3-2026 02:52:11-debug: // ---- build task Fill script data to settings ---- (7ms)
8-3-2026 02:52:11-debug: [Build Memory track]: Fill script data to settings start:224.78MB, end 224.81MB, increase: 25.63KB
8-3-2026 02:52:11-log: run build task Fill script data to settings success in 7 ms√, progress: 13%
8-3-2026 02:52:11-debug: Sort some build options to settings.json start, progress: 13%
8-3-2026 02:52:11-debug: // ---- build task Sort some build options to settings.json ----
8-3-2026 02:52:11-debug: // ---- build task Sort some build options to settings.json ---- (17ms)
8-3-2026 02:52:11-log: run build task Sort some build options to settings.json success in 17 ms√, progress: 15%
8-3-2026 02:52:11-debug: [Build Memory track]: Sort some build options to settings.json start:224.84MB, end 224.97MB, increase: 137.49KB
8-3-2026 02:52:27-debug: Query all assets info in project
8-3-2026 02:52:27-debug: init custom config: keepNodeUuid: false, useCache: true
8-3-2026 02:52:27-debug: Skip compress image, progress: 0%
8-3-2026 02:52:27-debug: Init all bundles start..., progress: 0%
8-3-2026 02:52:27-debug: Num of bundles: 2..., progress: 0%
8-3-2026 02:52:27-debug: Query asset bundle start, progress: 0%
8-3-2026 02:52:27-debug: // ---- build task Query asset bundle ----
8-3-2026 02:52:27-debug: Init bundle root assets start..., progress: 0%
8-3-2026 02:52:27-debug: Query preload assets/scripts from cc.config.json: 60f7195c-ec2a-45eb-ba94-8955f60e81d0,1c02ae6f-4492-4915-b8f8-7492a3b1e4cd,810e96e4-e456-4468-9b59-f4e8f39732c0,efe8e2a3-eace-427b-b4f1-cb8a937ec77d,e9aa9a3e-5b2b-4ac7-a2c7-073de2b2b24f,8bbdbcdd-5cd4-4100-b6d5-b7c9625b6107,50f4348b-c883-4e2f-8f11-ce233b859fa1,fda095cb-831d-4601-ad94-846013963de8,f92806d7-1768-443f-afe8-12bcde84d0f0,dd3a144d-ab7f-41f0-82b8-2e43a090d496,f0416e68-0200-4b77-a926-4f9d16e494da,511d2633-09a7-4bdd-ac42-f778032124b3,5d45aa00-e064-4938-b314-4265f0c2258c,9361fd90-ba52-4f84-aa93-6e878fd576ca,970b0598-bcb0-4714-91fb-2e81440dccd8,bcd64cc6-2dd9-43f6-abbe-66318d332032,d930590d-bb92-4cc8-8bd1-23cd027f9edf,a3cd009f-0ab0-420d-9278-b9fdab939bbc,6a2d0734-bd9e-4ddf-946e-caa52498cb75,d9937e59-61fe-4ec6-92ab-7ac5a19c89b0,d1346436-ac96-4271-b863-1f4fdead95b0,971bdb23-3ff6-43eb-b422-1c30165a3663,17debcc3-0a6b-4b8a-b00b-dc58b885581e,711ebe11-f673-4cd9-9a83-63c60ba54c5b,c0143906-9aed-447e-9436-2ae8512d1b6e,14da1725-c4c2-42b4-ab08-ee0aeb6898b3,081cab31-dccd-428e-8652-f2404cc81c47,78e0584a-4343-4727-8f37-e14e65c2a2db,871c3b6c-7379-419d-bda3-794b239ab90d,ff9b0199-ce04-4cfe-86cc-6c719f08d6e4,de1c2107-70c8-4021-8459-6399f24d01c6,cbf30902-517f-40dc-af90-a550bac27cf1,5c601d96-e4c7-4698-991b-7ee674b11079
8-3-2026 02:52:27-debug:   Number of other assets: 486
8-3-2026 02:52:27-debug: Init bundle root assets success..., progress: 0%
8-3-2026 02:52:27-debug:   Number of all scenes: 3
8-3-2026 02:52:27-debug:   Number of all scripts: 39
8-3-2026 02:52:27-debug: // ---- build task Query asset bundle ---- (15ms)
8-3-2026 02:52:27-debug: [Build Memory track]: Query asset bundle start:225.48MB, end 225.46MB, increase: -19.05KB
8-3-2026 02:52:27-log: run build task Query asset bundle success in 15 ms√, progress: 5%
8-3-2026 02:52:27-debug: Query asset bundle start, progress: 5%
8-3-2026 02:52:27-debug: // ---- build task Query asset bundle ----
8-3-2026 02:52:27-debug: // ---- build task Query asset bundle ---- (8ms)
8-3-2026 02:52:27-log: run build task Query asset bundle success in 8 ms√, progress: 10%
8-3-2026 02:52:27-debug: [Build Memory track]: Query asset bundle start:225.49MB, end 224.82MB, increase: -689.31KB
8-3-2026 02:52:27-debug: // ---- build task Sort some build options to settings.json ----
8-3-2026 02:52:27-debug: Sort some build options to settings.json start, progress: 10%
8-3-2026 02:52:27-debug: // ---- build task Sort some build options to settings.json ---- (1ms)
8-3-2026 02:52:27-log: run build task Sort some build options to settings.json success in 1 ms√, progress: 12%
8-3-2026 02:52:27-debug: [Build Memory track]: Sort some build options to settings.json start:224.84MB, end 224.87MB, increase: 26.27KB
8-3-2026 02:52:27-debug: Fill script data to settings start, progress: 12%
8-3-2026 02:52:27-debug: // ---- build task Fill script data to settings ----
8-3-2026 02:52:27-debug: // ---- build task Fill script data to settings ---- (3ms)
8-3-2026 02:52:27-debug: [Build Memory track]: Fill script data to settings start:224.90MB, end 224.92MB, increase: 26.09KB
8-3-2026 02:52:27-log: run build task Fill script data to settings success in 3 ms√, progress: 13%
8-3-2026 02:52:27-debug: Sort some build options to settings.json start, progress: 13%
8-3-2026 02:52:27-debug: // ---- build task Sort some build options to settings.json ----
8-3-2026 02:52:27-debug: // ---- build task Sort some build options to settings.json ---- (18ms)
8-3-2026 02:52:27-debug: [Build Memory track]: Sort some build options to settings.json start:224.95MB, end 225.07MB, increase: 126.10KB
8-3-2026 02:52:27-log: run build task Sort some build options to settings.json success in 18 ms√, progress: 15%
8-3-2026 02:52:49-debug: Query all assets info in project
8-3-2026 02:52:49-debug: init custom config: keepNodeUuid: false, useCache: true
8-3-2026 02:52:49-debug: Skip compress image, progress: 0%
8-3-2026 02:52:49-debug: Num of bundles: 2..., progress: 0%
8-3-2026 02:52:49-debug: Query asset bundle start, progress: 0%
8-3-2026 02:52:49-debug: Init bundle root assets start..., progress: 0%
8-3-2026 02:52:49-debug: Init all bundles start..., progress: 0%
8-3-2026 02:52:49-debug: // ---- build task Query asset bundle ----
8-3-2026 02:52:49-debug: Query preload assets/scripts from cc.config.json: 60f7195c-ec2a-45eb-ba94-8955f60e81d0,1c02ae6f-4492-4915-b8f8-7492a3b1e4cd,810e96e4-e456-4468-9b59-f4e8f39732c0,efe8e2a3-eace-427b-b4f1-cb8a937ec77d,e9aa9a3e-5b2b-4ac7-a2c7-073de2b2b24f,8bbdbcdd-5cd4-4100-b6d5-b7c9625b6107,50f4348b-c883-4e2f-8f11-ce233b859fa1,fda095cb-831d-4601-ad94-846013963de8,f92806d7-1768-443f-afe8-12bcde84d0f0,dd3a144d-ab7f-41f0-82b8-2e43a090d496,f0416e68-0200-4b77-a926-4f9d16e494da,511d2633-09a7-4bdd-ac42-f778032124b3,5d45aa00-e064-4938-b314-4265f0c2258c,9361fd90-ba52-4f84-aa93-6e878fd576ca,970b0598-bcb0-4714-91fb-2e81440dccd8,bcd64cc6-2dd9-43f6-abbe-66318d332032,d930590d-bb92-4cc8-8bd1-23cd027f9edf,a3cd009f-0ab0-420d-9278-b9fdab939bbc,6a2d0734-bd9e-4ddf-946e-caa52498cb75,d9937e59-61fe-4ec6-92ab-7ac5a19c89b0,d1346436-ac96-4271-b863-1f4fdead95b0,971bdb23-3ff6-43eb-b422-1c30165a3663,17debcc3-0a6b-4b8a-b00b-dc58b885581e,711ebe11-f673-4cd9-9a83-63c60ba54c5b,c0143906-9aed-447e-9436-2ae8512d1b6e,14da1725-c4c2-42b4-ab08-ee0aeb6898b3,081cab31-dccd-428e-8652-f2404cc81c47,78e0584a-4343-4727-8f37-e14e65c2a2db,871c3b6c-7379-419d-bda3-794b239ab90d,ff9b0199-ce04-4cfe-86cc-6c719f08d6e4,de1c2107-70c8-4021-8459-6399f24d01c6,cbf30902-517f-40dc-af90-a550bac27cf1,5c601d96-e4c7-4698-991b-7ee674b11079
8-3-2026 02:52:49-debug:   Number of all scenes: 3
8-3-2026 02:52:49-debug:   Number of all scripts: 39
8-3-2026 02:52:49-debug: Init bundle root assets success..., progress: 0%
8-3-2026 02:52:49-debug:   Number of other assets: 486
8-3-2026 02:52:49-debug: // ---- build task Query asset bundle ---- (15ms)
8-3-2026 02:52:49-debug: [Build Memory track]: Query asset bundle start:225.59MB, end 225.57MB, increase: -25.36KB
8-3-2026 02:52:49-log: run build task Query asset bundle success in 15 ms√, progress: 5%
8-3-2026 02:52:49-debug: Query asset bundle start, progress: 5%
8-3-2026 02:52:49-debug: // ---- build task Query asset bundle ----
8-3-2026 02:52:49-debug: // ---- build task Query asset bundle ---- (10ms)
8-3-2026 02:52:49-log: run build task Query asset bundle success in 10 ms√, progress: 10%
8-3-2026 02:52:49-debug: [Build Memory track]: Query asset bundle start:225.59MB, end 224.92MB, increase: -686.69KB
8-3-2026 02:52:49-debug: Sort some build options to settings.json start, progress: 10%
8-3-2026 02:52:49-debug: // ---- build task Sort some build options to settings.json ----
8-3-2026 02:52:49-debug: // ---- build task Sort some build options to settings.json ---- (2ms)
8-3-2026 02:52:49-debug: [Build Memory track]: Sort some build options to settings.json start:224.95MB, end 224.98MB, increase: 26.33KB
8-3-2026 02:52:49-debug: Fill script data to settings start, progress: 12%
8-3-2026 02:52:49-log: run build task Sort some build options to settings.json success in 2 ms√, progress: 12%
8-3-2026 02:52:49-debug: // ---- build task Fill script data to settings ----
8-3-2026 02:52:49-debug: // ---- build task Fill script data to settings ---- (3ms)
8-3-2026 02:52:49-log: run build task Fill script data to settings success in 3 ms√, progress: 13%
8-3-2026 02:52:49-debug: [Build Memory track]: Fill script data to settings start:225.00MB, end 225.03MB, increase: 25.69KB
8-3-2026 02:52:49-debug: Sort some build options to settings.json start, progress: 13%
8-3-2026 02:52:49-debug: // ---- build task Sort some build options to settings.json ----
8-3-2026 02:52:49-debug: // ---- build task Sort some build options to settings.json ---- (12ms)
8-3-2026 02:52:49-debug: [Build Memory track]: Sort some build options to settings.json start:225.06MB, end 225.18MB, increase: 126.31KB
8-3-2026 02:52:49-log: run build task Sort some build options to settings.json success in 12 ms√, progress: 15%
8-3-2026 02:53:08-debug: Query all assets info in project
8-3-2026 02:53:08-debug: init custom config: keepNodeUuid: false, useCache: true
8-3-2026 02:53:08-debug: Skip compress image, progress: 0%
8-3-2026 02:53:08-debug: Init all bundles start..., progress: 0%
8-3-2026 02:53:08-debug: Num of bundles: 2..., progress: 0%
8-3-2026 02:53:08-debug: Query asset bundle start, progress: 0%
8-3-2026 02:53:08-debug: // ---- build task Query asset bundle ----
8-3-2026 02:53:08-debug: Init bundle root assets start..., progress: 0%
8-3-2026 02:53:08-debug: Query preload assets/scripts from cc.config.json: 60f7195c-ec2a-45eb-ba94-8955f60e81d0,1c02ae6f-4492-4915-b8f8-7492a3b1e4cd,810e96e4-e456-4468-9b59-f4e8f39732c0,efe8e2a3-eace-427b-b4f1-cb8a937ec77d,e9aa9a3e-5b2b-4ac7-a2c7-073de2b2b24f,8bbdbcdd-5cd4-4100-b6d5-b7c9625b6107,50f4348b-c883-4e2f-8f11-ce233b859fa1,fda095cb-831d-4601-ad94-846013963de8,f92806d7-1768-443f-afe8-12bcde84d0f0,dd3a144d-ab7f-41f0-82b8-2e43a090d496,f0416e68-0200-4b77-a926-4f9d16e494da,511d2633-09a7-4bdd-ac42-f778032124b3,5d45aa00-e064-4938-b314-4265f0c2258c,9361fd90-ba52-4f84-aa93-6e878fd576ca,970b0598-bcb0-4714-91fb-2e81440dccd8,bcd64cc6-2dd9-43f6-abbe-66318d332032,d930590d-bb92-4cc8-8bd1-23cd027f9edf,a3cd009f-0ab0-420d-9278-b9fdab939bbc,6a2d0734-bd9e-4ddf-946e-caa52498cb75,d9937e59-61fe-4ec6-92ab-7ac5a19c89b0,d1346436-ac96-4271-b863-1f4fdead95b0,971bdb23-3ff6-43eb-b422-1c30165a3663,17debcc3-0a6b-4b8a-b00b-dc58b885581e,711ebe11-f673-4cd9-9a83-63c60ba54c5b,c0143906-9aed-447e-9436-2ae8512d1b6e,14da1725-c4c2-42b4-ab08-ee0aeb6898b3,081cab31-dccd-428e-8652-f2404cc81c47,78e0584a-4343-4727-8f37-e14e65c2a2db,871c3b6c-7379-419d-bda3-794b239ab90d,ff9b0199-ce04-4cfe-86cc-6c719f08d6e4,de1c2107-70c8-4021-8459-6399f24d01c6,cbf30902-517f-40dc-af90-a550bac27cf1,5c601d96-e4c7-4698-991b-7ee674b11079
8-3-2026 02:53:08-debug:   Number of all scripts: 39
8-3-2026 02:53:08-debug: Init bundle root assets success..., progress: 0%
8-3-2026 02:53:08-debug:   Number of other assets: 486
8-3-2026 02:53:08-debug:   Number of all scenes: 3
8-3-2026 02:53:08-debug: // ---- build task Query asset bundle ---- (12ms)
8-3-2026 02:53:08-log: run build task Query asset bundle success in 12 ms√, progress: 5%
8-3-2026 02:53:08-debug: [Build Memory track]: Query asset bundle start:225.72MB, end 225.67MB, increase: -52.96KB
8-3-2026 02:53:08-debug: Query asset bundle start, progress: 5%
8-3-2026 02:53:08-debug: // ---- build task Query asset bundle ----
8-3-2026 02:53:08-debug: // ---- build task Query asset bundle ---- (7ms)
8-3-2026 02:53:08-log: run build task Query asset bundle success in 7 ms√, progress: 10%
8-3-2026 02:53:08-debug: [Build Memory track]: Query asset bundle start:225.70MB, end 225.02MB, increase: -690.92KB
8-3-2026 02:53:08-debug: Sort some build options to settings.json start, progress: 10%
8-3-2026 02:53:08-debug: // ---- build task Sort some build options to settings.json ----
8-3-2026 02:53:08-log: run build task Sort some build options to settings.json success in 5 ms√, progress: 12%
8-3-2026 02:53:08-debug: [Build Memory track]: Sort some build options to settings.json start:225.05MB, end 225.08MB, increase: 26.71KB
8-3-2026 02:53:08-debug: Fill script data to settings start, progress: 12%
8-3-2026 02:53:08-debug: // ---- build task Fill script data to settings ----
8-3-2026 02:53:08-debug: // ---- build task Sort some build options to settings.json ---- (5ms)
8-3-2026 02:53:08-debug: // ---- build task Fill script data to settings ---- (2ms)
8-3-2026 02:53:08-log: run build task Fill script data to settings success in 2 ms√, progress: 13%
8-3-2026 02:53:08-debug: [Build Memory track]: Fill script data to settings start:225.10MB, end 225.13MB, increase: 24.51KB
8-3-2026 02:53:08-debug: Sort some build options to settings.json start, progress: 13%
8-3-2026 02:53:08-debug: // ---- build task Sort some build options to settings.json ----
8-3-2026 02:53:08-debug: // ---- build task Sort some build options to settings.json ---- (17ms)
8-3-2026 02:53:08-log: run build task Sort some build options to settings.json success in 17 ms√, progress: 15%
8-3-2026 02:53:08-debug: [Build Memory track]: Sort some build options to settings.json start:225.16MB, end 225.28MB, increase: 128.05KB
8-3-2026 02:53:28-debug: Query all assets info in project
8-3-2026 02:53:28-debug: init custom config: keepNodeUuid: false, useCache: true
8-3-2026 02:53:28-debug: Skip compress image, progress: 0%
8-3-2026 02:53:28-debug: Init all bundles start..., progress: 0%
8-3-2026 02:53:28-debug: // ---- build task Query asset bundle ----
8-3-2026 02:53:28-debug: Query asset bundle start, progress: 0%
8-3-2026 02:53:28-debug: Init bundle root assets start..., progress: 0%
8-3-2026 02:53:28-debug: Num of bundles: 2..., progress: 0%
8-3-2026 02:53:28-debug: Query preload assets/scripts from cc.config.json: 60f7195c-ec2a-45eb-ba94-8955f60e81d0,1c02ae6f-4492-4915-b8f8-7492a3b1e4cd,810e96e4-e456-4468-9b59-f4e8f39732c0,efe8e2a3-eace-427b-b4f1-cb8a937ec77d,e9aa9a3e-5b2b-4ac7-a2c7-073de2b2b24f,8bbdbcdd-5cd4-4100-b6d5-b7c9625b6107,50f4348b-c883-4e2f-8f11-ce233b859fa1,fda095cb-831d-4601-ad94-846013963de8,f92806d7-1768-443f-afe8-12bcde84d0f0,dd3a144d-ab7f-41f0-82b8-2e43a090d496,f0416e68-0200-4b77-a926-4f9d16e494da,511d2633-09a7-4bdd-ac42-f778032124b3,5d45aa00-e064-4938-b314-4265f0c2258c,9361fd90-ba52-4f84-aa93-6e878fd576ca,970b0598-bcb0-4714-91fb-2e81440dccd8,bcd64cc6-2dd9-43f6-abbe-66318d332032,d930590d-bb92-4cc8-8bd1-23cd027f9edf,a3cd009f-0ab0-420d-9278-b9fdab939bbc,6a2d0734-bd9e-4ddf-946e-caa52498cb75,d9937e59-61fe-4ec6-92ab-7ac5a19c89b0,d1346436-ac96-4271-b863-1f4fdead95b0,971bdb23-3ff6-43eb-b422-1c30165a3663,17debcc3-0a6b-4b8a-b00b-dc58b885581e,711ebe11-f673-4cd9-9a83-63c60ba54c5b,c0143906-9aed-447e-9436-2ae8512d1b6e,14da1725-c4c2-42b4-ab08-ee0aeb6898b3,081cab31-dccd-428e-8652-f2404cc81c47,78e0584a-4343-4727-8f37-e14e65c2a2db,871c3b6c-7379-419d-bda3-794b239ab90d,ff9b0199-ce04-4cfe-86cc-6c719f08d6e4,de1c2107-70c8-4021-8459-6399f24d01c6,cbf30902-517f-40dc-af90-a550bac27cf1,5c601d96-e4c7-4698-991b-7ee674b11079
8-3-2026 02:53:28-debug:   Number of all scenes: 3
8-3-2026 02:53:28-debug:   Number of all scripts: 39
8-3-2026 02:53:28-debug: Init bundle root assets success..., progress: 0%
8-3-2026 02:53:28-debug:   Number of other assets: 486
8-3-2026 02:53:28-log: run build task Query asset bundle success in 15 ms√, progress: 5%
8-3-2026 02:53:28-debug: // ---- build task Query asset bundle ---- (15ms)
8-3-2026 02:53:28-debug: [Build Memory track]: Query asset bundle start:225.81MB, end 225.77MB, increase: -40.88KB
8-3-2026 02:53:28-debug: Query asset bundle start, progress: 5%
8-3-2026 02:53:28-debug: // ---- build task Query asset bundle ----
8-3-2026 02:53:28-debug: // ---- build task Query asset bundle ---- (8ms)
8-3-2026 02:53:28-log: run build task Query asset bundle success in 8 ms√, progress: 10%
8-3-2026 02:53:28-debug: Sort some build options to settings.json start, progress: 10%
8-3-2026 02:53:28-debug: [Build Memory track]: Query asset bundle start:225.80MB, end 225.12MB, increase: -696.91KB
8-3-2026 02:53:28-debug: // ---- build task Sort some build options to settings.json ----
8-3-2026 02:53:28-debug: // ---- build task Sort some build options to settings.json ---- (2ms)
8-3-2026 02:53:28-log: run build task Sort some build options to settings.json success in 2 ms√, progress: 12%
8-3-2026 02:53:28-debug: [Build Memory track]: Sort some build options to settings.json start:225.15MB, end 225.17MB, increase: 26.43KB
8-3-2026 02:53:28-debug: Fill script data to settings start, progress: 12%
8-3-2026 02:53:28-debug: // ---- build task Fill script data to settings ----
8-3-2026 02:53:28-debug: // ---- build task Fill script data to settings ---- (4ms)
8-3-2026 02:53:28-log: run build task Fill script data to settings success in 4 ms√, progress: 13%
8-3-2026 02:53:28-debug: [Build Memory track]: Fill script data to settings start:225.20MB, end 225.23MB, increase: 25.88KB
8-3-2026 02:53:28-debug: Sort some build options to settings.json start, progress: 13%
8-3-2026 02:53:28-debug: // ---- build task Sort some build options to settings.json ----
8-3-2026 02:53:28-debug: // ---- build task Sort some build options to settings.json ---- (14ms)
8-3-2026 02:53:28-log: run build task Sort some build options to settings.json success in 14 ms√, progress: 15%
8-3-2026 02:53:28-debug: [Build Memory track]: Sort some build options to settings.json start:225.25MB, end 225.38MB, increase: 133.56KB
8-3-2026 02:53:47-debug: Query all assets info in project
8-3-2026 02:53:47-debug: init custom config: keepNodeUuid: false, useCache: true
8-3-2026 02:53:47-debug: Skip compress image, progress: 0%
8-3-2026 02:53:47-debug: Init all bundles start..., progress: 0%
8-3-2026 02:53:47-debug: // ---- build task Query asset bundle ----
8-3-2026 02:53:47-debug: Num of bundles: 2..., progress: 0%
8-3-2026 02:53:47-debug: Init bundle root assets start..., progress: 0%
8-3-2026 02:53:47-debug: Query asset bundle start, progress: 0%
8-3-2026 02:53:47-debug: Query preload assets/scripts from cc.config.json: 60f7195c-ec2a-45eb-ba94-8955f60e81d0,1c02ae6f-4492-4915-b8f8-7492a3b1e4cd,810e96e4-e456-4468-9b59-f4e8f39732c0,efe8e2a3-eace-427b-b4f1-cb8a937ec77d,e9aa9a3e-5b2b-4ac7-a2c7-073de2b2b24f,8bbdbcdd-5cd4-4100-b6d5-b7c9625b6107,50f4348b-c883-4e2f-8f11-ce233b859fa1,fda095cb-831d-4601-ad94-846013963de8,f92806d7-1768-443f-afe8-12bcde84d0f0,dd3a144d-ab7f-41f0-82b8-2e43a090d496,f0416e68-0200-4b77-a926-4f9d16e494da,511d2633-09a7-4bdd-ac42-f778032124b3,5d45aa00-e064-4938-b314-4265f0c2258c,9361fd90-ba52-4f84-aa93-6e878fd576ca,970b0598-bcb0-4714-91fb-2e81440dccd8,bcd64cc6-2dd9-43f6-abbe-66318d332032,d930590d-bb92-4cc8-8bd1-23cd027f9edf,a3cd009f-0ab0-420d-9278-b9fdab939bbc,6a2d0734-bd9e-4ddf-946e-caa52498cb75,d9937e59-61fe-4ec6-92ab-7ac5a19c89b0,d1346436-ac96-4271-b863-1f4fdead95b0,971bdb23-3ff6-43eb-b422-1c30165a3663,17debcc3-0a6b-4b8a-b00b-dc58b885581e,711ebe11-f673-4cd9-9a83-63c60ba54c5b,c0143906-9aed-447e-9436-2ae8512d1b6e,14da1725-c4c2-42b4-ab08-ee0aeb6898b3,081cab31-dccd-428e-8652-f2404cc81c47,78e0584a-4343-4727-8f37-e14e65c2a2db,871c3b6c-7379-419d-bda3-794b239ab90d,ff9b0199-ce04-4cfe-86cc-6c719f08d6e4,de1c2107-70c8-4021-8459-6399f24d01c6,cbf30902-517f-40dc-af90-a550bac27cf1,5c601d96-e4c7-4698-991b-7ee674b11079
8-3-2026 02:53:47-debug:   Number of all scripts: 39
8-3-2026 02:53:47-debug: Init bundle root assets success..., progress: 0%
8-3-2026 02:53:47-debug:   Number of all scenes: 3
8-3-2026 02:53:47-debug:   Number of other assets: 486
8-3-2026 02:53:47-log: run build task Query asset bundle success in 12 ms√, progress: 5%
8-3-2026 02:53:47-debug: [Build Memory track]: Query asset bundle start:225.89MB, end 225.88MB, increase: -14.33KB
8-3-2026 02:53:47-debug: // ---- build task Query asset bundle ----
8-3-2026 02:53:47-debug: // ---- build task Query asset bundle ---- (12ms)
8-3-2026 02:53:47-debug: Query asset bundle start, progress: 5%
8-3-2026 02:53:47-debug: // ---- build task Query asset bundle ---- (8ms)
8-3-2026 02:53:47-log: run build task Query asset bundle success in 8 ms√, progress: 10%
8-3-2026 02:53:47-debug: [Build Memory track]: Query asset bundle start:225.91MB, end 225.23MB, increase: -691.60KB
8-3-2026 02:53:47-debug: Sort some build options to settings.json start, progress: 10%
8-3-2026 02:53:47-debug: // ---- build task Sort some build options to settings.json ----
8-3-2026 02:53:47-debug: // ---- build task Sort some build options to settings.json ---- (7ms)
8-3-2026 02:53:47-log: run build task Sort some build options to settings.json success in 7 ms√, progress: 12%
8-3-2026 02:53:47-debug: [Build Memory track]: Sort some build options to settings.json start:225.26MB, end 225.28MB, increase: 26.24KB
8-3-2026 02:53:47-debug: Fill script data to settings start, progress: 12%
8-3-2026 02:53:47-debug: // ---- build task Fill script data to settings ----
8-3-2026 02:53:47-debug: // ---- build task Fill script data to settings ---- (4ms)
8-3-2026 02:53:47-log: run build task Fill script data to settings success in 4 ms√, progress: 13%
8-3-2026 02:53:47-debug: [Build Memory track]: Fill script data to settings start:225.31MB, end 225.34MB, increase: 25.61KB
8-3-2026 02:53:47-debug: Sort some build options to settings.json start, progress: 13%
8-3-2026 02:53:47-debug: // ---- build task Sort some build options to settings.json ----
8-3-2026 02:53:47-log: run build task Sort some build options to settings.json success in 11 ms√, progress: 15%
8-3-2026 02:53:47-debug: [Build Memory track]: Sort some build options to settings.json start:225.36MB, end 225.49MB, increase: 128.02KB
8-3-2026 02:53:47-debug: // ---- build task Sort some build options to settings.json ---- (11ms)
8-3-2026 02:54:09-debug: Query all assets info in project
8-3-2026 02:54:09-debug: init custom config: keepNodeUuid: false, useCache: true
8-3-2026 02:54:09-debug: Skip compress image, progress: 0%
8-3-2026 02:54:09-debug: Init all bundles start..., progress: 0%
8-3-2026 02:54:09-debug: Query asset bundle start, progress: 0%
8-3-2026 02:54:09-debug: // ---- build task Query asset bundle ----
8-3-2026 02:54:09-debug: Init bundle root assets start..., progress: 0%
8-3-2026 02:54:09-debug: Num of bundles: 2..., progress: 0%
8-3-2026 02:54:09-debug: Query preload assets/scripts from cc.config.json: 60f7195c-ec2a-45eb-ba94-8955f60e81d0,1c02ae6f-4492-4915-b8f8-7492a3b1e4cd,810e96e4-e456-4468-9b59-f4e8f39732c0,efe8e2a3-eace-427b-b4f1-cb8a937ec77d,e9aa9a3e-5b2b-4ac7-a2c7-073de2b2b24f,8bbdbcdd-5cd4-4100-b6d5-b7c9625b6107,50f4348b-c883-4e2f-8f11-ce233b859fa1,fda095cb-831d-4601-ad94-846013963de8,f92806d7-1768-443f-afe8-12bcde84d0f0,dd3a144d-ab7f-41f0-82b8-2e43a090d496,f0416e68-0200-4b77-a926-4f9d16e494da,511d2633-09a7-4bdd-ac42-f778032124b3,5d45aa00-e064-4938-b314-4265f0c2258c,9361fd90-ba52-4f84-aa93-6e878fd576ca,970b0598-bcb0-4714-91fb-2e81440dccd8,bcd64cc6-2dd9-43f6-abbe-66318d332032,d930590d-bb92-4cc8-8bd1-23cd027f9edf,a3cd009f-0ab0-420d-9278-b9fdab939bbc,6a2d0734-bd9e-4ddf-946e-caa52498cb75,d9937e59-61fe-4ec6-92ab-7ac5a19c89b0,d1346436-ac96-4271-b863-1f4fdead95b0,971bdb23-3ff6-43eb-b422-1c30165a3663,17debcc3-0a6b-4b8a-b00b-dc58b885581e,711ebe11-f673-4cd9-9a83-63c60ba54c5b,c0143906-9aed-447e-9436-2ae8512d1b6e,14da1725-c4c2-42b4-ab08-ee0aeb6898b3,081cab31-dccd-428e-8652-f2404cc81c47,78e0584a-4343-4727-8f37-e14e65c2a2db,871c3b6c-7379-419d-bda3-794b239ab90d,ff9b0199-ce04-4cfe-86cc-6c719f08d6e4,de1c2107-70c8-4021-8459-6399f24d01c6,cbf30902-517f-40dc-af90-a550bac27cf1,5c601d96-e4c7-4698-991b-7ee674b11079
8-3-2026 02:54:09-debug:   Number of all scenes: 3
8-3-2026 02:54:09-debug:   Number of all scripts: 39
8-3-2026 02:54:09-debug:   Number of other assets: 486
8-3-2026 02:54:09-debug: Init bundle root assets success..., progress: 0%
8-3-2026 02:54:09-debug: // ---- build task Query asset bundle ---- (15ms)
8-3-2026 02:54:09-debug: [Build Memory track]: Query asset bundle start:226.03MB, end 225.98MB, increase: -44.42KB
8-3-2026 02:54:09-log: run build task Query asset bundle success in 15 ms√, progress: 5%
8-3-2026 02:54:09-debug: Query asset bundle start, progress: 5%
8-3-2026 02:54:09-debug: // ---- build task Query asset bundle ----
8-3-2026 02:54:09-debug: // ---- build task Query asset bundle ---- (6ms)
8-3-2026 02:54:09-log: run build task Query asset bundle success in 6 ms√, progress: 10%
8-3-2026 02:54:09-debug: [Build Memory track]: Query asset bundle start:226.01MB, end 225.33MB, increase: -693.14KB
8-3-2026 02:54:09-debug: Sort some build options to settings.json start, progress: 10%
8-3-2026 02:54:09-debug: // ---- build task Sort some build options to settings.json ----
8-3-2026 02:54:09-debug: // ---- build task Sort some build options to settings.json ---- (3ms)
8-3-2026 02:54:09-log: run build task Sort some build options to settings.json success in 3 ms√, progress: 12%
8-3-2026 02:54:09-debug: [Build Memory track]: Sort some build options to settings.json start:225.36MB, end 225.39MB, increase: 26.30KB
8-3-2026 02:54:09-debug: Fill script data to settings start, progress: 12%
8-3-2026 02:54:09-debug: // ---- build task Fill script data to settings ----
8-3-2026 02:54:09-debug: // ---- build task Fill script data to settings ---- (3ms)
8-3-2026 02:54:09-log: run build task Fill script data to settings success in 3 ms√, progress: 13%
8-3-2026 02:54:09-debug: Sort some build options to settings.json start, progress: 13%
8-3-2026 02:54:09-debug: [Build Memory track]: Fill script data to settings start:225.41MB, end 225.44MB, increase: 25.80KB
8-3-2026 02:54:09-debug: // ---- build task Sort some build options to settings.json ----
8-3-2026 02:54:09-debug: // ---- build task Sort some build options to settings.json ---- (17ms)
8-3-2026 02:54:09-log: run build task Sort some build options to settings.json success in 17 ms√, progress: 15%
8-3-2026 02:54:09-debug: [Build Memory track]: Sort some build options to settings.json start:225.47MB, end 225.59MB, increase: 129.73KB
8-3-2026 02:54:26-debug: Query all assets info in project
8-3-2026 02:54:26-debug: init custom config: keepNodeUuid: false, useCache: true
8-3-2026 02:54:26-debug: Skip compress image, progress: 0%
8-3-2026 02:54:26-debug: Init all bundles start..., progress: 0%
8-3-2026 02:54:26-debug: Num of bundles: 2..., progress: 0%
8-3-2026 02:54:26-debug: // ---- build task Query asset bundle ----
8-3-2026 02:54:26-debug: Init bundle root assets start..., progress: 0%
8-3-2026 02:54:26-debug: Query asset bundle start, progress: 0%
8-3-2026 02:54:26-debug: Query preload assets/scripts from cc.config.json: 60f7195c-ec2a-45eb-ba94-8955f60e81d0,1c02ae6f-4492-4915-b8f8-7492a3b1e4cd,810e96e4-e456-4468-9b59-f4e8f39732c0,efe8e2a3-eace-427b-b4f1-cb8a937ec77d,e9aa9a3e-5b2b-4ac7-a2c7-073de2b2b24f,8bbdbcdd-5cd4-4100-b6d5-b7c9625b6107,50f4348b-c883-4e2f-8f11-ce233b859fa1,fda095cb-831d-4601-ad94-846013963de8,f92806d7-1768-443f-afe8-12bcde84d0f0,dd3a144d-ab7f-41f0-82b8-2e43a090d496,f0416e68-0200-4b77-a926-4f9d16e494da,511d2633-09a7-4bdd-ac42-f778032124b3,5d45aa00-e064-4938-b314-4265f0c2258c,9361fd90-ba52-4f84-aa93-6e878fd576ca,970b0598-bcb0-4714-91fb-2e81440dccd8,bcd64cc6-2dd9-43f6-abbe-66318d332032,d930590d-bb92-4cc8-8bd1-23cd027f9edf,a3cd009f-0ab0-420d-9278-b9fdab939bbc,6a2d0734-bd9e-4ddf-946e-caa52498cb75,d9937e59-61fe-4ec6-92ab-7ac5a19c89b0,d1346436-ac96-4271-b863-1f4fdead95b0,971bdb23-3ff6-43eb-b422-1c30165a3663,17debcc3-0a6b-4b8a-b00b-dc58b885581e,711ebe11-f673-4cd9-9a83-63c60ba54c5b,c0143906-9aed-447e-9436-2ae8512d1b6e,14da1725-c4c2-42b4-ab08-ee0aeb6898b3,081cab31-dccd-428e-8652-f2404cc81c47,78e0584a-4343-4727-8f37-e14e65c2a2db,871c3b6c-7379-419d-bda3-794b239ab90d,ff9b0199-ce04-4cfe-86cc-6c719f08d6e4,de1c2107-70c8-4021-8459-6399f24d01c6,cbf30902-517f-40dc-af90-a550bac27cf1,5c601d96-e4c7-4698-991b-7ee674b11079
8-3-2026 02:54:26-debug:   Number of all scenes: 3
8-3-2026 02:54:26-debug:   Number of all scripts: 39
8-3-2026 02:54:26-debug: Init bundle root assets success..., progress: 0%
8-3-2026 02:54:26-debug:   Number of other assets: 486
8-3-2026 02:54:26-debug: // ---- build task Query asset bundle ---- (14ms)
8-3-2026 02:54:26-log: run build task Query asset bundle success in 14 ms√, progress: 5%
8-3-2026 02:54:26-debug: [Build Memory track]: Query asset bundle start:226.13MB, end 226.09MB, increase: -47.72KB
8-3-2026 02:54:26-debug: Query asset bundle start, progress: 5%
8-3-2026 02:54:26-debug: // ---- build task Query asset bundle ----
8-3-2026 02:54:26-debug: // ---- build task Query asset bundle ---- (11ms)
8-3-2026 02:54:26-log: run build task Query asset bundle success in 11 ms√, progress: 10%
8-3-2026 02:54:26-debug: [Build Memory track]: Query asset bundle start:226.11MB, end 225.44MB, increase: -689.26KB
8-3-2026 02:54:26-debug: Sort some build options to settings.json start, progress: 10%
8-3-2026 02:54:26-debug: // ---- build task Sort some build options to settings.json ----
8-3-2026 02:54:26-debug: // ---- build task Sort some build options to settings.json ---- (4ms)
8-3-2026 02:54:26-log: run build task Sort some build options to settings.json success in 4 ms√, progress: 12%
8-3-2026 02:54:26-debug: [Build Memory track]: Sort some build options to settings.json start:225.47MB, end 225.49MB, increase: 26.71KB
8-3-2026 02:54:26-debug: Fill script data to settings start, progress: 12%
8-3-2026 02:54:26-debug: // ---- build task Fill script data to settings ----
8-3-2026 02:54:26-debug: // ---- build task Fill script data to settings ---- (2ms)
8-3-2026 02:54:26-debug: [Build Memory track]: Fill script data to settings start:225.52MB, end 225.55MB, increase: 26.04KB
8-3-2026 02:54:26-log: run build task Fill script data to settings success in 2 ms√, progress: 13%
8-3-2026 02:54:26-debug: Sort some build options to settings.json start, progress: 13%
8-3-2026 02:54:26-debug: // ---- build task Sort some build options to settings.json ----
8-3-2026 02:54:26-debug: // ---- build task Sort some build options to settings.json ---- (17ms)
8-3-2026 02:54:26-log: run build task Sort some build options to settings.json success in 17 ms√, progress: 15%
8-3-2026 02:54:26-debug: [Build Memory track]: Sort some build options to settings.json start:225.57MB, end 225.70MB, increase: 126.21KB
8-3-2026 02:54:46-debug: Query all assets info in project
8-3-2026 02:54:46-debug: init custom config: keepNodeUuid: false, useCache: true
8-3-2026 02:54:46-debug: Skip compress image, progress: 0%
8-3-2026 02:54:46-debug: Init all bundles start..., progress: 0%
8-3-2026 02:54:46-debug: // ---- build task Query asset bundle ----
8-3-2026 02:54:46-debug: Query asset bundle start, progress: 0%
8-3-2026 02:54:46-debug: Init bundle root assets start..., progress: 0%
8-3-2026 02:54:46-debug: Num of bundles: 2..., progress: 0%
8-3-2026 02:54:46-debug: Query preload assets/scripts from cc.config.json: 60f7195c-ec2a-45eb-ba94-8955f60e81d0,1c02ae6f-4492-4915-b8f8-7492a3b1e4cd,810e96e4-e456-4468-9b59-f4e8f39732c0,efe8e2a3-eace-427b-b4f1-cb8a937ec77d,e9aa9a3e-5b2b-4ac7-a2c7-073de2b2b24f,8bbdbcdd-5cd4-4100-b6d5-b7c9625b6107,50f4348b-c883-4e2f-8f11-ce233b859fa1,fda095cb-831d-4601-ad94-846013963de8,f92806d7-1768-443f-afe8-12bcde84d0f0,dd3a144d-ab7f-41f0-82b8-2e43a090d496,f0416e68-0200-4b77-a926-4f9d16e494da,511d2633-09a7-4bdd-ac42-f778032124b3,5d45aa00-e064-4938-b314-4265f0c2258c,9361fd90-ba52-4f84-aa93-6e878fd576ca,970b0598-bcb0-4714-91fb-2e81440dccd8,bcd64cc6-2dd9-43f6-abbe-66318d332032,d930590d-bb92-4cc8-8bd1-23cd027f9edf,a3cd009f-0ab0-420d-9278-b9fdab939bbc,6a2d0734-bd9e-4ddf-946e-caa52498cb75,d9937e59-61fe-4ec6-92ab-7ac5a19c89b0,d1346436-ac96-4271-b863-1f4fdead95b0,971bdb23-3ff6-43eb-b422-1c30165a3663,17debcc3-0a6b-4b8a-b00b-dc58b885581e,711ebe11-f673-4cd9-9a83-63c60ba54c5b,c0143906-9aed-447e-9436-2ae8512d1b6e,14da1725-c4c2-42b4-ab08-ee0aeb6898b3,081cab31-dccd-428e-8652-f2404cc81c47,78e0584a-4343-4727-8f37-e14e65c2a2db,871c3b6c-7379-419d-bda3-794b239ab90d,ff9b0199-ce04-4cfe-86cc-6c719f08d6e4,de1c2107-70c8-4021-8459-6399f24d01c6,cbf30902-517f-40dc-af90-a550bac27cf1,5c601d96-e4c7-4698-991b-7ee674b11079
8-3-2026 02:54:46-debug:   Number of all scenes: 3
8-3-2026 02:54:46-debug:   Number of all scripts: 39
8-3-2026 02:54:46-debug: Init bundle root assets success..., progress: 0%
8-3-2026 02:54:46-debug:   Number of other assets: 486
8-3-2026 02:54:46-debug: // ---- build task Query asset bundle ---- (14ms)
8-3-2026 02:54:46-log: run build task Query asset bundle success in 14 ms√, progress: 5%
8-3-2026 02:54:46-debug: Query asset bundle start, progress: 5%
8-3-2026 02:54:46-debug: [Build Memory track]: Query asset bundle start:226.24MB, end 226.20MB, increase: -41.99KB
8-3-2026 02:54:46-debug: // ---- build task Query asset bundle ----
8-3-2026 02:54:46-debug: // ---- build task Query asset bundle ---- (6ms)
8-3-2026 02:54:46-log: run build task Query asset bundle success in 6 ms√, progress: 10%
8-3-2026 02:54:46-debug: [Build Memory track]: Query asset bundle start:226.22MB, end 225.54MB, increase: -701.72KB
8-3-2026 02:54:46-debug: Sort some build options to settings.json start, progress: 10%
8-3-2026 02:54:46-debug: // ---- build task Sort some build options to settings.json ----
8-3-2026 02:54:46-debug: // ---- build task Sort some build options to settings.json ---- (2ms)
8-3-2026 02:54:46-log: run build task Sort some build options to settings.json success in 2 ms√, progress: 12%
8-3-2026 02:54:46-debug: [Build Memory track]: Sort some build options to settings.json start:225.57MB, end 225.59MB, increase: 26.18KB
8-3-2026 02:54:46-debug: Fill script data to settings start, progress: 12%
8-3-2026 02:54:46-debug: // ---- build task Fill script data to settings ----
8-3-2026 02:54:46-debug: // ---- build task Fill script data to settings ---- (4ms)
8-3-2026 02:54:46-log: run build task Fill script data to settings success in 4 ms√, progress: 13%
8-3-2026 02:54:46-debug: [Build Memory track]: Fill script data to settings start:225.62MB, end 225.64MB, increase: 25.54KB
8-3-2026 02:54:46-debug: Sort some build options to settings.json start, progress: 13%
8-3-2026 02:54:46-debug: // ---- build task Sort some build options to settings.json ----
8-3-2026 02:54:46-debug: // ---- build task Sort some build options to settings.json ---- (12ms)
8-3-2026 02:54:46-log: run build task Sort some build options to settings.json success in 12 ms√, progress: 15%
8-3-2026 02:54:46-debug: [Build Memory track]: Sort some build options to settings.json start:225.67MB, end 225.81MB, increase: 138.49KB
8-3-2026 02:55:06-debug: Query all assets info in project
8-3-2026 02:55:06-debug: init custom config: keepNodeUuid: false, useCache: true
8-3-2026 02:55:06-debug: Skip compress image, progress: 0%
8-3-2026 02:55:06-debug: Init all bundles start..., progress: 0%
8-3-2026 02:55:06-debug: Num of bundles: 2..., progress: 0%
8-3-2026 02:55:06-debug: Query asset bundle start, progress: 0%
8-3-2026 02:55:06-debug: // ---- build task Query asset bundle ----
8-3-2026 02:55:06-debug: Init bundle root assets start..., progress: 0%
8-3-2026 02:55:06-debug: Query preload assets/scripts from cc.config.json: 60f7195c-ec2a-45eb-ba94-8955f60e81d0,1c02ae6f-4492-4915-b8f8-7492a3b1e4cd,810e96e4-e456-4468-9b59-f4e8f39732c0,efe8e2a3-eace-427b-b4f1-cb8a937ec77d,e9aa9a3e-5b2b-4ac7-a2c7-073de2b2b24f,8bbdbcdd-5cd4-4100-b6d5-b7c9625b6107,50f4348b-c883-4e2f-8f11-ce233b859fa1,fda095cb-831d-4601-ad94-846013963de8,f92806d7-1768-443f-afe8-12bcde84d0f0,dd3a144d-ab7f-41f0-82b8-2e43a090d496,f0416e68-0200-4b77-a926-4f9d16e494da,511d2633-09a7-4bdd-ac42-f778032124b3,5d45aa00-e064-4938-b314-4265f0c2258c,9361fd90-ba52-4f84-aa93-6e878fd576ca,970b0598-bcb0-4714-91fb-2e81440dccd8,bcd64cc6-2dd9-43f6-abbe-66318d332032,d930590d-bb92-4cc8-8bd1-23cd027f9edf,a3cd009f-0ab0-420d-9278-b9fdab939bbc,6a2d0734-bd9e-4ddf-946e-caa52498cb75,d9937e59-61fe-4ec6-92ab-7ac5a19c89b0,d1346436-ac96-4271-b863-1f4fdead95b0,971bdb23-3ff6-43eb-b422-1c30165a3663,17debcc3-0a6b-4b8a-b00b-dc58b885581e,711ebe11-f673-4cd9-9a83-63c60ba54c5b,c0143906-9aed-447e-9436-2ae8512d1b6e,14da1725-c4c2-42b4-ab08-ee0aeb6898b3,081cab31-dccd-428e-8652-f2404cc81c47,78e0584a-4343-4727-8f37-e14e65c2a2db,871c3b6c-7379-419d-bda3-794b239ab90d,ff9b0199-ce04-4cfe-86cc-6c719f08d6e4,de1c2107-70c8-4021-8459-6399f24d01c6,cbf30902-517f-40dc-af90-a550bac27cf1,5c601d96-e4c7-4698-991b-7ee674b11079
8-3-2026 02:55:06-debug:   Number of all scripts: 39
8-3-2026 02:55:06-debug:   Number of other assets: 486
8-3-2026 02:55:06-debug: Init bundle root assets success..., progress: 0%
8-3-2026 02:55:06-debug:   Number of all scenes: 3
8-3-2026 02:55:06-debug: // ---- build task Query asset bundle ---- (11ms)
8-3-2026 02:55:06-debug: [Build Memory track]: Query asset bundle start:226.31MB, end 226.30MB, increase: -16.91KB
8-3-2026 02:55:06-debug: Query asset bundle start, progress: 5%
8-3-2026 02:55:06-log: run build task Query asset bundle success in 11 ms√, progress: 5%
8-3-2026 02:55:06-debug: // ---- build task Query asset bundle ----
8-3-2026 02:55:06-debug: // ---- build task Query asset bundle ---- (8ms)
8-3-2026 02:55:06-debug: [Build Memory track]: Query asset bundle start:226.32MB, end 225.65MB, increase: -688.88KB
8-3-2026 02:55:06-log: run build task Query asset bundle success in 8 ms√, progress: 10%
8-3-2026 02:55:06-debug: Sort some build options to settings.json start, progress: 10%
8-3-2026 02:55:06-debug: // ---- build task Sort some build options to settings.json ----
8-3-2026 02:55:06-debug: // ---- build task Sort some build options to settings.json ---- (3ms)
8-3-2026 02:55:06-log: run build task Sort some build options to settings.json success in 3 ms√, progress: 12%
8-3-2026 02:55:06-debug: [Build Memory track]: Sort some build options to settings.json start:225.68MB, end 225.70MB, increase: 26.15KB
8-3-2026 02:55:06-debug: Fill script data to settings start, progress: 12%
8-3-2026 02:55:06-debug: // ---- build task Fill script data to settings ----
8-3-2026 02:55:06-debug: // ---- build task Fill script data to settings ---- (5ms)
8-3-2026 02:55:06-debug: [Build Memory track]: Fill script data to settings start:225.73MB, end 225.76MB, increase: 25.68KB
8-3-2026 02:55:06-log: run build task Fill script data to settings success in 5 ms√, progress: 13%
8-3-2026 02:55:06-debug: Sort some build options to settings.json start, progress: 13%
8-3-2026 02:55:06-debug: // ---- build task Sort some build options to settings.json ----
8-3-2026 02:55:06-debug: // ---- build task Sort some build options to settings.json ---- (18ms)
8-3-2026 02:55:06-log: run build task Sort some build options to settings.json success in 18 ms√, progress: 15%
8-3-2026 02:55:06-debug: [Build Memory track]: Sort some build options to settings.json start:225.78MB, end 225.91MB, increase: 128.98KB
8-3-2026 02:55:28-debug: Query all assets info in project
8-3-2026 02:55:28-debug: init custom config: keepNodeUuid: false, useCache: true
8-3-2026 02:55:28-debug: Skip compress image, progress: 0%
8-3-2026 02:55:28-debug: Init all bundles start..., progress: 0%
8-3-2026 02:55:28-debug: Num of bundles: 2..., progress: 0%
8-3-2026 02:55:28-debug: Query asset bundle start, progress: 0%
8-3-2026 02:55:28-debug: Init bundle root assets start..., progress: 0%
8-3-2026 02:55:28-debug: // ---- build task Query asset bundle ----
8-3-2026 02:55:28-debug: Query preload assets/scripts from cc.config.json: 60f7195c-ec2a-45eb-ba94-8955f60e81d0,1c02ae6f-4492-4915-b8f8-7492a3b1e4cd,810e96e4-e456-4468-9b59-f4e8f39732c0,efe8e2a3-eace-427b-b4f1-cb8a937ec77d,e9aa9a3e-5b2b-4ac7-a2c7-073de2b2b24f,8bbdbcdd-5cd4-4100-b6d5-b7c9625b6107,50f4348b-c883-4e2f-8f11-ce233b859fa1,fda095cb-831d-4601-ad94-846013963de8,f92806d7-1768-443f-afe8-12bcde84d0f0,dd3a144d-ab7f-41f0-82b8-2e43a090d496,f0416e68-0200-4b77-a926-4f9d16e494da,511d2633-09a7-4bdd-ac42-f778032124b3,5d45aa00-e064-4938-b314-4265f0c2258c,9361fd90-ba52-4f84-aa93-6e878fd576ca,970b0598-bcb0-4714-91fb-2e81440dccd8,bcd64cc6-2dd9-43f6-abbe-66318d332032,d930590d-bb92-4cc8-8bd1-23cd027f9edf,a3cd009f-0ab0-420d-9278-b9fdab939bbc,6a2d0734-bd9e-4ddf-946e-caa52498cb75,d9937e59-61fe-4ec6-92ab-7ac5a19c89b0,d1346436-ac96-4271-b863-1f4fdead95b0,971bdb23-3ff6-43eb-b422-1c30165a3663,17debcc3-0a6b-4b8a-b00b-dc58b885581e,711ebe11-f673-4cd9-9a83-63c60ba54c5b,c0143906-9aed-447e-9436-2ae8512d1b6e,14da1725-c4c2-42b4-ab08-ee0aeb6898b3,081cab31-dccd-428e-8652-f2404cc81c47,78e0584a-4343-4727-8f37-e14e65c2a2db,871c3b6c-7379-419d-bda3-794b239ab90d,ff9b0199-ce04-4cfe-86cc-6c719f08d6e4,de1c2107-70c8-4021-8459-6399f24d01c6,cbf30902-517f-40dc-af90-a550bac27cf1,5c601d96-e4c7-4698-991b-7ee674b11079
8-3-2026 02:55:28-debug:   Number of all scripts: 39
8-3-2026 02:55:28-debug:   Number of other assets: 486
8-3-2026 02:55:28-debug: Init bundle root assets success..., progress: 0%
8-3-2026 02:55:28-debug:   Number of all scenes: 3
8-3-2026 02:55:28-debug: // ---- build task Query asset bundle ---- (12ms)
8-3-2026 02:55:28-log: run build task Query asset bundle success in 12 ms√, progress: 5%
8-3-2026 02:55:28-debug: Query asset bundle start, progress: 5%
8-3-2026 02:55:28-debug: // ---- build task Query asset bundle ----
8-3-2026 02:55:28-debug: [Build Memory track]: Query asset bundle start:226.45MB, end 226.40MB, increase: -44.40KB
8-3-2026 02:55:28-debug: // ---- build task Query asset bundle ---- (8ms)
8-3-2026 02:55:28-log: run build task Query asset bundle success in 8 ms√, progress: 10%
8-3-2026 02:55:28-debug: [Build Memory track]: Query asset bundle start:226.43MB, end 225.76MB, increase: -685.19KB
8-3-2026 02:55:28-debug: Sort some build options to settings.json start, progress: 10%
8-3-2026 02:55:28-debug: // ---- build task Sort some build options to settings.json ----
8-3-2026 02:55:28-debug: // ---- build task Sort some build options to settings.json ---- (3ms)
8-3-2026 02:55:28-debug: [Build Memory track]: Sort some build options to settings.json start:225.79MB, end 225.81MB, increase: 26.15KB
8-3-2026 02:55:28-log: run build task Sort some build options to settings.json success in 3 ms√, progress: 12%
8-3-2026 02:55:28-debug: Fill script data to settings start, progress: 12%
8-3-2026 02:55:28-debug: // ---- build task Fill script data to settings ----
8-3-2026 02:55:28-debug: // ---- build task Fill script data to settings ---- (5ms)
8-3-2026 02:55:28-log: run build task Fill script data to settings success in 5 ms√, progress: 13%
8-3-2026 02:55:28-debug: [Build Memory track]: Fill script data to settings start:225.84MB, end 225.87MB, increase: 25.73KB
8-3-2026 02:55:28-debug: Sort some build options to settings.json start, progress: 13%
8-3-2026 02:55:28-debug: // ---- build task Sort some build options to settings.json ----
8-3-2026 02:55:28-debug: // ---- build task Sort some build options to settings.json ---- (15ms)
8-3-2026 02:55:28-log: run build task Sort some build options to settings.json success in 15 ms√, progress: 15%
8-3-2026 02:55:28-debug: [Build Memory track]: Sort some build options to settings.json start:225.89MB, end 226.02MB, increase: 130.70KB
8-3-2026 02:55:48-debug: Query all assets info in project
8-3-2026 02:55:49-debug: init custom config: keepNodeUuid: false, useCache: true
8-3-2026 02:55:49-debug: Skip compress image, progress: 0%
8-3-2026 02:55:49-debug: Init all bundles start..., progress: 0%
8-3-2026 02:55:49-debug: // ---- build task Query asset bundle ----
8-3-2026 02:55:49-debug: Init bundle root assets start..., progress: 0%
8-3-2026 02:55:49-debug: Num of bundles: 2..., progress: 0%
8-3-2026 02:55:49-debug: Query asset bundle start, progress: 0%
8-3-2026 02:55:49-debug: Query preload assets/scripts from cc.config.json: 60f7195c-ec2a-45eb-ba94-8955f60e81d0,1c02ae6f-4492-4915-b8f8-7492a3b1e4cd,810e96e4-e456-4468-9b59-f4e8f39732c0,efe8e2a3-eace-427b-b4f1-cb8a937ec77d,e9aa9a3e-5b2b-4ac7-a2c7-073de2b2b24f,8bbdbcdd-5cd4-4100-b6d5-b7c9625b6107,50f4348b-c883-4e2f-8f11-ce233b859fa1,fda095cb-831d-4601-ad94-846013963de8,f92806d7-1768-443f-afe8-12bcde84d0f0,dd3a144d-ab7f-41f0-82b8-2e43a090d496,f0416e68-0200-4b77-a926-4f9d16e494da,511d2633-09a7-4bdd-ac42-f778032124b3,5d45aa00-e064-4938-b314-4265f0c2258c,9361fd90-ba52-4f84-aa93-6e878fd576ca,970b0598-bcb0-4714-91fb-2e81440dccd8,bcd64cc6-2dd9-43f6-abbe-66318d332032,d930590d-bb92-4cc8-8bd1-23cd027f9edf,a3cd009f-0ab0-420d-9278-b9fdab939bbc,6a2d0734-bd9e-4ddf-946e-caa52498cb75,d9937e59-61fe-4ec6-92ab-7ac5a19c89b0,d1346436-ac96-4271-b863-1f4fdead95b0,971bdb23-3ff6-43eb-b422-1c30165a3663,17debcc3-0a6b-4b8a-b00b-dc58b885581e,711ebe11-f673-4cd9-9a83-63c60ba54c5b,c0143906-9aed-447e-9436-2ae8512d1b6e,14da1725-c4c2-42b4-ab08-ee0aeb6898b3,081cab31-dccd-428e-8652-f2404cc81c47,78e0584a-4343-4727-8f37-e14e65c2a2db,871c3b6c-7379-419d-bda3-794b239ab90d,ff9b0199-ce04-4cfe-86cc-6c719f08d6e4,de1c2107-70c8-4021-8459-6399f24d01c6,cbf30902-517f-40dc-af90-a550bac27cf1,5c601d96-e4c7-4698-991b-7ee674b11079
8-3-2026 02:55:49-debug:   Number of other assets: 486
8-3-2026 02:55:49-debug: Init bundle root assets success..., progress: 0%
8-3-2026 02:55:49-debug:   Number of all scenes: 3
8-3-2026 02:55:49-debug:   Number of all scripts: 39
8-3-2026 02:55:49-debug: // ---- build task Query asset bundle ---- (12ms)
8-3-2026 02:55:49-log: run build task Query asset bundle success in 12 ms√, progress: 5%
8-3-2026 02:55:49-debug: [Build Memory track]: Query asset bundle start:226.54MB, end 226.51MB, increase: -28.11KB
8-3-2026 02:55:49-debug: Query asset bundle start, progress: 5%
8-3-2026 02:55:49-debug: // ---- build task Query asset bundle ----
8-3-2026 02:55:49-debug: // ---- build task Query asset bundle ---- (9ms)
8-3-2026 02:55:49-log: run build task Query asset bundle success in 9 ms√, progress: 10%
8-3-2026 02:55:49-debug: [Build Memory track]: Query asset bundle start:226.54MB, end 225.86MB, increase: -695.27KB
8-3-2026 02:55:49-debug: Sort some build options to settings.json start, progress: 10%
8-3-2026 02:55:49-debug: // ---- build task Sort some build options to settings.json ----
8-3-2026 02:55:49-debug: // ---- build task Sort some build options to settings.json ---- (4ms)
8-3-2026 02:55:49-log: run build task Sort some build options to settings.json success in 4 ms√, progress: 12%
8-3-2026 02:55:49-debug: [Build Memory track]: Sort some build options to settings.json start:225.89MB, end 225.91MB, increase: 26.18KB
8-3-2026 02:55:49-debug: // ---- build task Fill script data to settings ----
8-3-2026 02:55:49-debug: Fill script data to settings start, progress: 12%
8-3-2026 02:55:49-debug: // ---- build task Fill script data to settings ---- (8ms)
8-3-2026 02:55:49-log: run build task Fill script data to settings success in 8 ms√, progress: 13%
8-3-2026 02:55:49-debug: [Build Memory track]: Fill script data to settings start:225.94MB, end 225.96MB, increase: 25.65KB
8-3-2026 02:55:49-debug: Sort some build options to settings.json start, progress: 13%
8-3-2026 02:55:49-debug: // ---- build task Sort some build options to settings.json ----
8-3-2026 02:55:49-debug: // ---- build task Sort some build options to settings.json ---- (17ms)
8-3-2026 02:55:49-debug: [Build Memory track]: Sort some build options to settings.json start:225.99MB, end 226.12MB, increase: 133.82KB
8-3-2026 02:55:49-log: run build task Sort some build options to settings.json success in 17 ms√, progress: 15%
8-3-2026 02:56:07-debug: Query all assets info in project
8-3-2026 02:56:07-debug: init custom config: keepNodeUuid: false, useCache: true
8-3-2026 02:56:07-debug: Skip compress image, progress: 0%
8-3-2026 02:56:07-debug: Init all bundles start..., progress: 0%
8-3-2026 02:56:07-debug: Query asset bundle start, progress: 0%
8-3-2026 02:56:07-debug: Num of bundles: 2..., progress: 0%
8-3-2026 02:56:07-debug: Init bundle root assets start..., progress: 0%
8-3-2026 02:56:07-debug: // ---- build task Query asset bundle ----
8-3-2026 02:56:07-debug: Query preload assets/scripts from cc.config.json: 60f7195c-ec2a-45eb-ba94-8955f60e81d0,1c02ae6f-4492-4915-b8f8-7492a3b1e4cd,810e96e4-e456-4468-9b59-f4e8f39732c0,efe8e2a3-eace-427b-b4f1-cb8a937ec77d,e9aa9a3e-5b2b-4ac7-a2c7-073de2b2b24f,8bbdbcdd-5cd4-4100-b6d5-b7c9625b6107,50f4348b-c883-4e2f-8f11-ce233b859fa1,fda095cb-831d-4601-ad94-846013963de8,f92806d7-1768-443f-afe8-12bcde84d0f0,dd3a144d-ab7f-41f0-82b8-2e43a090d496,f0416e68-0200-4b77-a926-4f9d16e494da,511d2633-09a7-4bdd-ac42-f778032124b3,5d45aa00-e064-4938-b314-4265f0c2258c,9361fd90-ba52-4f84-aa93-6e878fd576ca,970b0598-bcb0-4714-91fb-2e81440dccd8,bcd64cc6-2dd9-43f6-abbe-66318d332032,d930590d-bb92-4cc8-8bd1-23cd027f9edf,a3cd009f-0ab0-420d-9278-b9fdab939bbc,6a2d0734-bd9e-4ddf-946e-caa52498cb75,d9937e59-61fe-4ec6-92ab-7ac5a19c89b0,d1346436-ac96-4271-b863-1f4fdead95b0,971bdb23-3ff6-43eb-b422-1c30165a3663,17debcc3-0a6b-4b8a-b00b-dc58b885581e,711ebe11-f673-4cd9-9a83-63c60ba54c5b,c0143906-9aed-447e-9436-2ae8512d1b6e,14da1725-c4c2-42b4-ab08-ee0aeb6898b3,081cab31-dccd-428e-8652-f2404cc81c47,78e0584a-4343-4727-8f37-e14e65c2a2db,871c3b6c-7379-419d-bda3-794b239ab90d,ff9b0199-ce04-4cfe-86cc-6c719f08d6e4,de1c2107-70c8-4021-8459-6399f24d01c6,cbf30902-517f-40dc-af90-a550bac27cf1,5c601d96-e4c7-4698-991b-7ee674b11079
8-3-2026 02:56:07-debug:   Number of all scenes: 3
8-3-2026 02:56:07-debug:   Number of all scripts: 39
8-3-2026 02:56:07-debug: Init bundle root assets success..., progress: 0%
8-3-2026 02:56:07-debug:   Number of other assets: 486
8-3-2026 02:56:07-debug: // ---- build task Query asset bundle ---- (15ms)
8-3-2026 02:56:07-log: run build task Query asset bundle success in 15 ms√, progress: 5%
8-3-2026 02:56:07-debug: [Build Memory track]: Query asset bundle start:226.65MB, end 226.62MB, increase: -37.14KB
8-3-2026 02:56:07-debug: // ---- build task Query asset bundle ----
8-3-2026 02:56:07-debug: Query asset bundle start, progress: 5%
8-3-2026 02:56:07-debug: // ---- build task Query asset bundle ---- (7ms)
8-3-2026 02:56:07-log: run build task Query asset bundle success in 7 ms√, progress: 10%
8-3-2026 02:56:07-debug: Sort some build options to settings.json start, progress: 10%
8-3-2026 02:56:07-debug: [Build Memory track]: Query asset bundle start:226.64MB, end 225.96MB, increase: -703.24KB
8-3-2026 02:56:07-debug: // ---- build task Sort some build options to settings.json ----
8-3-2026 02:56:07-debug: // ---- build task Sort some build options to settings.json ---- (5ms)
8-3-2026 02:56:07-debug: Fill script data to settings start, progress: 12%
8-3-2026 02:56:07-log: run build task Sort some build options to settings.json success in 5 ms√, progress: 12%
8-3-2026 02:56:07-debug: [Build Memory track]: Sort some build options to settings.json start:225.98MB, end 226.01MB, increase: 26.15KB
8-3-2026 02:56:07-debug: // ---- build task Fill script data to settings ----
8-3-2026 02:56:07-debug: // ---- build task Fill script data to settings ---- (4ms)
8-3-2026 02:56:07-log: run build task Fill script data to settings success in 4 ms√, progress: 13%
8-3-2026 02:56:07-debug: [Build Memory track]: Fill script data to settings start:226.04MB, end 226.06MB, increase: 25.52KB
8-3-2026 02:56:07-debug: Sort some build options to settings.json start, progress: 13%
8-3-2026 02:56:07-debug: // ---- build task Sort some build options to settings.json ----
8-3-2026 02:56:07-debug: // ---- build task Sort some build options to settings.json ---- (18ms)
8-3-2026 02:56:07-debug: [Build Memory track]: Sort some build options to settings.json start:226.09MB, end 226.23MB, increase: 140.89KB
8-3-2026 02:56:07-log: run build task Sort some build options to settings.json success in 18 ms√, progress: 15%
8-3-2026 02:56:26-debug: Query all assets info in project
8-3-2026 02:56:26-debug: init custom config: keepNodeUuid: false, useCache: true
8-3-2026 02:56:26-debug: Skip compress image, progress: 0%
8-3-2026 02:56:26-debug: Init all bundles start..., progress: 0%
8-3-2026 02:56:26-debug: Num of bundles: 2..., progress: 0%
8-3-2026 02:56:26-debug: Init bundle root assets start..., progress: 0%
8-3-2026 02:56:26-debug: Query asset bundle start, progress: 0%
8-3-2026 02:56:26-debug: // ---- build task Query asset bundle ----
8-3-2026 02:56:26-debug: Query preload assets/scripts from cc.config.json: 60f7195c-ec2a-45eb-ba94-8955f60e81d0,1c02ae6f-4492-4915-b8f8-7492a3b1e4cd,810e96e4-e456-4468-9b59-f4e8f39732c0,efe8e2a3-eace-427b-b4f1-cb8a937ec77d,e9aa9a3e-5b2b-4ac7-a2c7-073de2b2b24f,8bbdbcdd-5cd4-4100-b6d5-b7c9625b6107,50f4348b-c883-4e2f-8f11-ce233b859fa1,fda095cb-831d-4601-ad94-846013963de8,f92806d7-1768-443f-afe8-12bcde84d0f0,dd3a144d-ab7f-41f0-82b8-2e43a090d496,f0416e68-0200-4b77-a926-4f9d16e494da,511d2633-09a7-4bdd-ac42-f778032124b3,5d45aa00-e064-4938-b314-4265f0c2258c,9361fd90-ba52-4f84-aa93-6e878fd576ca,970b0598-bcb0-4714-91fb-2e81440dccd8,bcd64cc6-2dd9-43f6-abbe-66318d332032,d930590d-bb92-4cc8-8bd1-23cd027f9edf,a3cd009f-0ab0-420d-9278-b9fdab939bbc,6a2d0734-bd9e-4ddf-946e-caa52498cb75,d9937e59-61fe-4ec6-92ab-7ac5a19c89b0,d1346436-ac96-4271-b863-1f4fdead95b0,971bdb23-3ff6-43eb-b422-1c30165a3663,17debcc3-0a6b-4b8a-b00b-dc58b885581e,711ebe11-f673-4cd9-9a83-63c60ba54c5b,c0143906-9aed-447e-9436-2ae8512d1b6e,14da1725-c4c2-42b4-ab08-ee0aeb6898b3,081cab31-dccd-428e-8652-f2404cc81c47,78e0584a-4343-4727-8f37-e14e65c2a2db,871c3b6c-7379-419d-bda3-794b239ab90d,ff9b0199-ce04-4cfe-86cc-6c719f08d6e4,de1c2107-70c8-4021-8459-6399f24d01c6,cbf30902-517f-40dc-af90-a550bac27cf1,5c601d96-e4c7-4698-991b-7ee674b11079
8-3-2026 02:56:26-debug:   Number of all scenes: 3
8-3-2026 02:56:26-debug:   Number of all scripts: 39
8-3-2026 02:56:26-debug:   Number of other assets: 486
8-3-2026 02:56:26-debug: Init bundle root assets success..., progress: 0%
8-3-2026 02:56:26-debug: // ---- build task Query asset bundle ---- (13ms)
8-3-2026 02:56:26-log: run build task Query asset bundle success in 13 ms√, progress: 5%
8-3-2026 02:56:26-debug: [Build Memory track]: Query asset bundle start:226.73MB, end 226.72MB, increase: -14.71KB
8-3-2026 02:56:26-debug: Query asset bundle start, progress: 5%
8-3-2026 02:56:26-debug: // ---- build task Query asset bundle ----
8-3-2026 02:56:26-debug: // ---- build task Query asset bundle ---- (7ms)
8-3-2026 02:56:26-debug: [Build Memory track]: Query asset bundle start:226.75MB, end 226.07MB, increase: -694.69KB
8-3-2026 02:56:26-debug: Sort some build options to settings.json start, progress: 10%
8-3-2026 02:56:26-debug: // ---- build task Sort some build options to settings.json ----
8-3-2026 02:56:26-log: run build task Query asset bundle success in 7 ms√, progress: 10%
8-3-2026 02:56:26-debug: // ---- build task Sort some build options to settings.json ---- (2ms)
8-3-2026 02:56:26-log: run build task Sort some build options to settings.json success in 2 ms√, progress: 12%
8-3-2026 02:56:26-debug: [Build Memory track]: Sort some build options to settings.json start:226.10MB, end 226.12MB, increase: 26.32KB
8-3-2026 02:56:26-debug: // ---- build task Fill script data to settings ----
8-3-2026 02:56:26-debug: Fill script data to settings start, progress: 12%
8-3-2026 02:56:26-debug: // ---- build task Fill script data to settings ---- (6ms)
8-3-2026 02:56:26-log: run build task Fill script data to settings success in 6 ms√, progress: 13%
8-3-2026 02:56:26-debug: [Build Memory track]: Fill script data to settings start:226.15MB, end 226.17MB, increase: 25.63KB
8-3-2026 02:56:26-debug: Sort some build options to settings.json start, progress: 13%
8-3-2026 02:56:26-debug: // ---- build task Sort some build options to settings.json ----
8-3-2026 02:56:26-debug: // ---- build task Sort some build options to settings.json ---- (18ms)
8-3-2026 02:56:26-log: run build task Sort some build options to settings.json success in 18 ms√, progress: 15%
8-3-2026 02:56:26-debug: [Build Memory track]: Sort some build options to settings.json start:226.20MB, end 226.33MB, increase: 132.41KB
8-3-2026 02:56:46-debug: Query all assets info in project
8-3-2026 02:56:46-debug: init custom config: keepNodeUuid: false, useCache: true
8-3-2026 02:56:46-debug: Skip compress image, progress: 0%
8-3-2026 02:56:46-debug: Init all bundles start..., progress: 0%
8-3-2026 02:56:46-debug: Query asset bundle start, progress: 0%
8-3-2026 02:56:46-debug: Num of bundles: 2..., progress: 0%
8-3-2026 02:56:46-debug: // ---- build task Query asset bundle ----
8-3-2026 02:56:46-debug: Init bundle root assets start..., progress: 0%
8-3-2026 02:56:46-debug: Query preload assets/scripts from cc.config.json: 60f7195c-ec2a-45eb-ba94-8955f60e81d0,1c02ae6f-4492-4915-b8f8-7492a3b1e4cd,810e96e4-e456-4468-9b59-f4e8f39732c0,efe8e2a3-eace-427b-b4f1-cb8a937ec77d,e9aa9a3e-5b2b-4ac7-a2c7-073de2b2b24f,8bbdbcdd-5cd4-4100-b6d5-b7c9625b6107,50f4348b-c883-4e2f-8f11-ce233b859fa1,fda095cb-831d-4601-ad94-846013963de8,f92806d7-1768-443f-afe8-12bcde84d0f0,dd3a144d-ab7f-41f0-82b8-2e43a090d496,f0416e68-0200-4b77-a926-4f9d16e494da,511d2633-09a7-4bdd-ac42-f778032124b3,5d45aa00-e064-4938-b314-4265f0c2258c,9361fd90-ba52-4f84-aa93-6e878fd576ca,970b0598-bcb0-4714-91fb-2e81440dccd8,bcd64cc6-2dd9-43f6-abbe-66318d332032,d930590d-bb92-4cc8-8bd1-23cd027f9edf,a3cd009f-0ab0-420d-9278-b9fdab939bbc,6a2d0734-bd9e-4ddf-946e-caa52498cb75,d9937e59-61fe-4ec6-92ab-7ac5a19c89b0,d1346436-ac96-4271-b863-1f4fdead95b0,971bdb23-3ff6-43eb-b422-1c30165a3663,17debcc3-0a6b-4b8a-b00b-dc58b885581e,711ebe11-f673-4cd9-9a83-63c60ba54c5b,c0143906-9aed-447e-9436-2ae8512d1b6e,14da1725-c4c2-42b4-ab08-ee0aeb6898b3,081cab31-dccd-428e-8652-f2404cc81c47,78e0584a-4343-4727-8f37-e14e65c2a2db,871c3b6c-7379-419d-bda3-794b239ab90d,ff9b0199-ce04-4cfe-86cc-6c719f08d6e4,de1c2107-70c8-4021-8459-6399f24d01c6,cbf30902-517f-40dc-af90-a550bac27cf1,5c601d96-e4c7-4698-991b-7ee674b11079
8-3-2026 02:56:46-debug:   Number of all scenes: 3
8-3-2026 02:56:46-debug:   Number of all scripts: 39
8-3-2026 02:56:46-debug:   Number of other assets: 486
8-3-2026 02:56:46-debug: Init bundle root assets success..., progress: 0%
8-3-2026 02:56:46-debug: // ---- build task Query asset bundle ---- (13ms)
8-3-2026 02:56:46-debug: [Build Memory track]: Query asset bundle start:226.86MB, end 226.82MB, increase: -38.25KB
8-3-2026 02:56:46-debug: Query asset bundle start, progress: 5%
8-3-2026 02:56:46-log: run build task Query asset bundle success in 13 ms√, progress: 5%
8-3-2026 02:56:46-debug: // ---- build task Query asset bundle ----
8-3-2026 02:56:46-debug: // ---- build task Query asset bundle ---- (5ms)
8-3-2026 02:56:46-log: run build task Query asset bundle success in 5 ms√, progress: 10%
8-3-2026 02:56:46-debug: [Build Memory track]: Query asset bundle start:226.85MB, end 226.17MB, increase: -696.82KB
8-3-2026 02:56:46-debug: Sort some build options to settings.json start, progress: 10%
8-3-2026 02:56:46-debug: // ---- build task Sort some build options to settings.json ----
8-3-2026 02:56:46-debug: // ---- build task Sort some build options to settings.json ---- (2ms)
8-3-2026 02:56:46-log: run build task Sort some build options to settings.json success in 2 ms√, progress: 12%
8-3-2026 02:56:46-debug: [Build Memory track]: Sort some build options to settings.json start:226.20MB, end 226.22MB, increase: 26.18KB
8-3-2026 02:56:46-debug: Fill script data to settings start, progress: 12%
8-3-2026 02:56:46-debug: // ---- build task Fill script data to settings ----
8-3-2026 02:56:46-debug: // ---- build task Fill script data to settings ---- (3ms)
8-3-2026 02:56:46-log: run build task Fill script data to settings success in 3 ms√, progress: 13%
8-3-2026 02:56:46-debug: Sort some build options to settings.json start, progress: 13%
8-3-2026 02:56:46-debug: [Build Memory track]: Fill script data to settings start:226.25MB, end 226.28MB, increase: 25.98KB
8-3-2026 02:56:46-debug: // ---- build task Sort some build options to settings.json ----
8-3-2026 02:56:46-log: run build task Sort some build options to settings.json success in 15 ms√, progress: 15%
8-3-2026 02:56:46-debug: [Build Memory track]: Sort some build options to settings.json start:226.30MB, end 226.43MB, increase: 133.98KB
8-3-2026 02:56:46-debug: // ---- build task Sort some build options to settings.json ---- (15ms)
8-3-2026 02:57:05-debug: Query all assets info in project
8-3-2026 02:57:05-debug: init custom config: keepNodeUuid: false, useCache: true
8-3-2026 02:57:05-debug: Skip compress image, progress: 0%
8-3-2026 02:57:05-debug: Init all bundles start..., progress: 0%
8-3-2026 02:57:05-debug: Num of bundles: 2..., progress: 0%
8-3-2026 02:57:05-debug: Query asset bundle start, progress: 0%
8-3-2026 02:57:05-debug: // ---- build task Query asset bundle ----
8-3-2026 02:57:05-debug: Init bundle root assets start..., progress: 0%
8-3-2026 02:57:05-debug: Query preload assets/scripts from cc.config.json: 60f7195c-ec2a-45eb-ba94-8955f60e81d0,1c02ae6f-4492-4915-b8f8-7492a3b1e4cd,810e96e4-e456-4468-9b59-f4e8f39732c0,efe8e2a3-eace-427b-b4f1-cb8a937ec77d,e9aa9a3e-5b2b-4ac7-a2c7-073de2b2b24f,8bbdbcdd-5cd4-4100-b6d5-b7c9625b6107,50f4348b-c883-4e2f-8f11-ce233b859fa1,fda095cb-831d-4601-ad94-846013963de8,f92806d7-1768-443f-afe8-12bcde84d0f0,dd3a144d-ab7f-41f0-82b8-2e43a090d496,f0416e68-0200-4b77-a926-4f9d16e494da,511d2633-09a7-4bdd-ac42-f778032124b3,5d45aa00-e064-4938-b314-4265f0c2258c,9361fd90-ba52-4f84-aa93-6e878fd576ca,970b0598-bcb0-4714-91fb-2e81440dccd8,bcd64cc6-2dd9-43f6-abbe-66318d332032,d930590d-bb92-4cc8-8bd1-23cd027f9edf,a3cd009f-0ab0-420d-9278-b9fdab939bbc,6a2d0734-bd9e-4ddf-946e-caa52498cb75,d9937e59-61fe-4ec6-92ab-7ac5a19c89b0,d1346436-ac96-4271-b863-1f4fdead95b0,971bdb23-3ff6-43eb-b422-1c30165a3663,17debcc3-0a6b-4b8a-b00b-dc58b885581e,711ebe11-f673-4cd9-9a83-63c60ba54c5b,c0143906-9aed-447e-9436-2ae8512d1b6e,14da1725-c4c2-42b4-ab08-ee0aeb6898b3,081cab31-dccd-428e-8652-f2404cc81c47,78e0584a-4343-4727-8f37-e14e65c2a2db,871c3b6c-7379-419d-bda3-794b239ab90d,ff9b0199-ce04-4cfe-86cc-6c719f08d6e4,de1c2107-70c8-4021-8459-6399f24d01c6,cbf30902-517f-40dc-af90-a550bac27cf1,5c601d96-e4c7-4698-991b-7ee674b11079
8-3-2026 02:57:05-debug:   Number of all scenes: 3
8-3-2026 02:57:05-debug:   Number of all scripts: 39
8-3-2026 02:57:05-debug:   Number of other assets: 486
8-3-2026 02:57:05-debug: Init bundle root assets success..., progress: 0%
8-3-2026 02:57:05-debug: // ---- build task Query asset bundle ---- (10ms)
8-3-2026 02:57:05-debug: [Build Memory track]: Query asset bundle start:226.96MB, end 226.93MB, increase: -37.38KB
8-3-2026 02:57:05-log: run build task Query asset bundle success in 10 ms√, progress: 5%
8-3-2026 02:57:05-debug: Query asset bundle start, progress: 5%
8-3-2026 02:57:05-debug: // ---- build task Query asset bundle ----
8-3-2026 02:57:05-debug: // ---- build task Query asset bundle ---- (9ms)
8-3-2026 02:57:05-debug: [Build Memory track]: Query asset bundle start:226.95MB, end 226.27MB, increase: -703.16KB
8-3-2026 02:57:05-log: run build task Query asset bundle success in 9 ms√, progress: 10%
8-3-2026 02:57:05-debug: Sort some build options to settings.json start, progress: 10%
8-3-2026 02:57:05-debug: // ---- build task Sort some build options to settings.json ----
8-3-2026 02:57:05-debug: // ---- build task Sort some build options to settings.json ---- (2ms)
8-3-2026 02:57:05-log: run build task Sort some build options to settings.json success in 2 ms√, progress: 12%
8-3-2026 02:57:05-debug: [Build Memory track]: Sort some build options to settings.json start:226.30MB, end 226.32MB, increase: 26.18KB
8-3-2026 02:57:05-debug: Fill script data to settings start, progress: 12%
8-3-2026 02:57:05-debug: // ---- build task Fill script data to settings ----
8-3-2026 02:57:05-debug: // ---- build task Fill script data to settings ---- (3ms)
8-3-2026 02:57:05-debug: [Build Memory track]: Fill script data to settings start:226.35MB, end 226.37MB, increase: 25.52KB
8-3-2026 02:57:05-log: run build task Fill script data to settings success in 3 ms√, progress: 13%
8-3-2026 02:57:05-debug: Sort some build options to settings.json start, progress: 13%
8-3-2026 02:57:05-debug: // ---- build task Sort some build options to settings.json ----
8-3-2026 02:57:05-debug: // ---- build task Sort some build options to settings.json ---- (13ms)
8-3-2026 02:57:05-log: run build task Sort some build options to settings.json success in 13 ms√, progress: 15%
8-3-2026 02:57:05-debug: [Build Memory track]: Sort some build options to settings.json start:226.40MB, end 226.54MB, increase: 141.02KB
8-3-2026 02:57:27-debug: Query all assets info in project
8-3-2026 02:57:27-debug: init custom config: keepNodeUuid: false, useCache: true
8-3-2026 02:57:27-debug: Skip compress image, progress: 0%
8-3-2026 02:57:27-debug: Init all bundles start..., progress: 0%
8-3-2026 02:57:27-debug: Query asset bundle start, progress: 0%
8-3-2026 02:57:27-debug: // ---- build task Query asset bundle ----
8-3-2026 02:57:27-debug: Init bundle root assets start..., progress: 0%
8-3-2026 02:57:27-debug: Num of bundles: 2..., progress: 0%
8-3-2026 02:57:27-debug: Query preload assets/scripts from cc.config.json: 60f7195c-ec2a-45eb-ba94-8955f60e81d0,1c02ae6f-4492-4915-b8f8-7492a3b1e4cd,810e96e4-e456-4468-9b59-f4e8f39732c0,efe8e2a3-eace-427b-b4f1-cb8a937ec77d,e9aa9a3e-5b2b-4ac7-a2c7-073de2b2b24f,8bbdbcdd-5cd4-4100-b6d5-b7c9625b6107,50f4348b-c883-4e2f-8f11-ce233b859fa1,fda095cb-831d-4601-ad94-846013963de8,f92806d7-1768-443f-afe8-12bcde84d0f0,dd3a144d-ab7f-41f0-82b8-2e43a090d496,f0416e68-0200-4b77-a926-4f9d16e494da,511d2633-09a7-4bdd-ac42-f778032124b3,5d45aa00-e064-4938-b314-4265f0c2258c,9361fd90-ba52-4f84-aa93-6e878fd576ca,970b0598-bcb0-4714-91fb-2e81440dccd8,bcd64cc6-2dd9-43f6-abbe-66318d332032,d930590d-bb92-4cc8-8bd1-23cd027f9edf,a3cd009f-0ab0-420d-9278-b9fdab939bbc,6a2d0734-bd9e-4ddf-946e-caa52498cb75,d9937e59-61fe-4ec6-92ab-7ac5a19c89b0,d1346436-ac96-4271-b863-1f4fdead95b0,971bdb23-3ff6-43eb-b422-1c30165a3663,17debcc3-0a6b-4b8a-b00b-dc58b885581e,711ebe11-f673-4cd9-9a83-63c60ba54c5b,c0143906-9aed-447e-9436-2ae8512d1b6e,14da1725-c4c2-42b4-ab08-ee0aeb6898b3,081cab31-dccd-428e-8652-f2404cc81c47,78e0584a-4343-4727-8f37-e14e65c2a2db,871c3b6c-7379-419d-bda3-794b239ab90d,ff9b0199-ce04-4cfe-86cc-6c719f08d6e4,de1c2107-70c8-4021-8459-6399f24d01c6,cbf30902-517f-40dc-af90-a550bac27cf1,5c601d96-e4c7-4698-991b-7ee674b11079
8-3-2026 02:57:27-debug:   Number of other assets: 486
8-3-2026 02:57:27-debug: Init bundle root assets success..., progress: 0%
8-3-2026 02:57:27-debug:   Number of all scripts: 39
8-3-2026 02:57:27-debug:   Number of all scenes: 3
8-3-2026 02:57:27-debug: // ---- build task Query asset bundle ---- (12ms)
8-3-2026 02:57:27-log: run build task Query asset bundle success in 12 ms√, progress: 5%
8-3-2026 02:57:27-debug: [Build Memory track]: Query asset bundle start:227.07MB, end 227.03MB, increase: -36.23KB
8-3-2026 02:57:27-debug: Query asset bundle start, progress: 5%
8-3-2026 02:57:27-debug: // ---- build task Query asset bundle ----
8-3-2026 02:57:27-debug: // ---- build task Query asset bundle ---- (7ms)
8-3-2026 02:57:27-debug: [Build Memory track]: Query asset bundle start:227.06MB, end 226.38MB, increase: -696.62KB
8-3-2026 02:57:27-log: run build task Query asset bundle success in 7 ms√, progress: 10%
8-3-2026 02:57:27-debug: Sort some build options to settings.json start, progress: 10%
8-3-2026 02:57:27-debug: // ---- build task Sort some build options to settings.json ----
8-3-2026 02:57:27-debug: // ---- build task Sort some build options to settings.json ---- (3ms)
8-3-2026 02:57:27-log: run build task Sort some build options to settings.json success in 3 ms√, progress: 12%
8-3-2026 02:57:27-debug: // ---- build task Fill script data to settings ----
8-3-2026 02:57:27-debug: [Build Memory track]: Sort some build options to settings.json start:226.41MB, end 226.43MB, increase: 26.18KB
8-3-2026 02:57:27-debug: Fill script data to settings start, progress: 12%
8-3-2026 02:57:27-debug: // ---- build task Fill script data to settings ---- (3ms)
8-3-2026 02:57:27-log: run build task Fill script data to settings success in 3 ms√, progress: 13%
8-3-2026 02:57:27-debug: [Build Memory track]: Fill script data to settings start:226.46MB, end 226.48MB, increase: 25.52KB
8-3-2026 02:57:27-debug: Sort some build options to settings.json start, progress: 13%
8-3-2026 02:57:27-debug: // ---- build task Sort some build options to settings.json ----
8-3-2026 02:57:27-debug: // ---- build task Sort some build options to settings.json ---- (16ms)
8-3-2026 02:57:27-log: run build task Sort some build options to settings.json success in 16 ms√, progress: 15%
8-3-2026 02:57:27-debug: [Build Memory track]: Sort some build options to settings.json start:226.51MB, end 226.64MB, increase: 134.03KB
8-3-2026 02:57:51-debug: Query all assets info in project
8-3-2026 02:57:51-debug: init custom config: keepNodeUuid: false, useCache: true
8-3-2026 02:57:51-debug: Skip compress image, progress: 0%
8-3-2026 02:57:51-debug: Init all bundles start..., progress: 0%
8-3-2026 02:57:51-debug: Query asset bundle start, progress: 0%
8-3-2026 02:57:51-debug: // ---- build task Query asset bundle ----
8-3-2026 02:57:51-debug: Init bundle root assets start..., progress: 0%
8-3-2026 02:57:51-debug: Num of bundles: 2..., progress: 0%
8-3-2026 02:57:51-debug: Query preload assets/scripts from cc.config.json: 60f7195c-ec2a-45eb-ba94-8955f60e81d0,1c02ae6f-4492-4915-b8f8-7492a3b1e4cd,810e96e4-e456-4468-9b59-f4e8f39732c0,efe8e2a3-eace-427b-b4f1-cb8a937ec77d,e9aa9a3e-5b2b-4ac7-a2c7-073de2b2b24f,8bbdbcdd-5cd4-4100-b6d5-b7c9625b6107,50f4348b-c883-4e2f-8f11-ce233b859fa1,fda095cb-831d-4601-ad94-846013963de8,f92806d7-1768-443f-afe8-12bcde84d0f0,dd3a144d-ab7f-41f0-82b8-2e43a090d496,f0416e68-0200-4b77-a926-4f9d16e494da,511d2633-09a7-4bdd-ac42-f778032124b3,5d45aa00-e064-4938-b314-4265f0c2258c,9361fd90-ba52-4f84-aa93-6e878fd576ca,970b0598-bcb0-4714-91fb-2e81440dccd8,bcd64cc6-2dd9-43f6-abbe-66318d332032,d930590d-bb92-4cc8-8bd1-23cd027f9edf,a3cd009f-0ab0-420d-9278-b9fdab939bbc,6a2d0734-bd9e-4ddf-946e-caa52498cb75,d9937e59-61fe-4ec6-92ab-7ac5a19c89b0,d1346436-ac96-4271-b863-1f4fdead95b0,971bdb23-3ff6-43eb-b422-1c30165a3663,17debcc3-0a6b-4b8a-b00b-dc58b885581e,711ebe11-f673-4cd9-9a83-63c60ba54c5b,c0143906-9aed-447e-9436-2ae8512d1b6e,14da1725-c4c2-42b4-ab08-ee0aeb6898b3,081cab31-dccd-428e-8652-f2404cc81c47,78e0584a-4343-4727-8f37-e14e65c2a2db,871c3b6c-7379-419d-bda3-794b239ab90d,ff9b0199-ce04-4cfe-86cc-6c719f08d6e4,de1c2107-70c8-4021-8459-6399f24d01c6,cbf30902-517f-40dc-af90-a550bac27cf1,5c601d96-e4c7-4698-991b-7ee674b11079
8-3-2026 02:57:51-debug:   Number of other assets: 486
8-3-2026 02:57:51-debug: Init bundle root assets success..., progress: 0%
8-3-2026 02:57:51-debug:   Number of all scenes: 3
8-3-2026 02:57:51-debug:   Number of all scripts: 39
8-3-2026 02:57:51-debug: // ---- build task Query asset bundle ---- (14ms)
8-3-2026 02:57:51-log: run build task Query asset bundle success in 14 ms√, progress: 5%
8-3-2026 02:57:51-debug: [Build Memory track]: Query asset bundle start:227.17MB, end 227.14MB, increase: -32.66KB
8-3-2026 02:57:51-debug: Query asset bundle start, progress: 5%
8-3-2026 02:57:51-debug: // ---- build task Query asset bundle ----
8-3-2026 02:57:51-debug: // ---- build task Query asset bundle ---- (9ms)
8-3-2026 02:57:51-debug: [Build Memory track]: Query asset bundle start:227.17MB, end 226.49MB, increase: -695.09KB
8-3-2026 02:57:51-log: run build task Query asset bundle success in 9 ms√, progress: 10%
8-3-2026 02:57:51-debug: Sort some build options to settings.json start, progress: 10%
8-3-2026 02:57:51-debug: // ---- build task Sort some build options to settings.json ----
8-3-2026 02:57:51-debug: // ---- build task Sort some build options to settings.json ---- (1ms)
8-3-2026 02:57:51-debug: [Build Memory track]: Sort some build options to settings.json start:226.52MB, end 226.54MB, increase: 25.29KB
8-3-2026 02:57:51-log: run build task Sort some build options to settings.json success in 1 ms√, progress: 12%
8-3-2026 02:57:51-debug: Fill script data to settings start, progress: 12%
8-3-2026 02:57:51-debug: // ---- build task Fill script data to settings ----
8-3-2026 02:57:51-debug: // ---- build task Fill script data to settings ---- (3ms)
8-3-2026 02:57:51-log: run build task Fill script data to settings success in 3 ms√, progress: 13%
8-3-2026 02:57:51-debug: [Build Memory track]: Fill script data to settings start:226.57MB, end 226.59MB, increase: 26.36KB
8-3-2026 02:57:51-debug: // ---- build task Sort some build options to settings.json ----
8-3-2026 02:57:51-debug: Sort some build options to settings.json start, progress: 13%
8-3-2026 02:57:51-log: run build task Sort some build options to settings.json success in 17 ms√, progress: 15%
8-3-2026 02:57:51-debug: [Build Memory track]: Sort some build options to settings.json start:226.62MB, end 226.75MB, increase: 132.26KB
8-3-2026 02:57:51-debug: // ---- build task Sort some build options to settings.json ---- (17ms)
8-3-2026 02:58:12-debug: Query all assets info in project
8-3-2026 02:58:12-debug: init custom config: keepNodeUuid: false, useCache: true
8-3-2026 02:58:12-debug: Skip compress image, progress: 0%
8-3-2026 02:58:12-debug: Init all bundles start..., progress: 0%
8-3-2026 02:58:12-debug: Query asset bundle start, progress: 0%
8-3-2026 02:58:12-debug: // ---- build task Query asset bundle ----
8-3-2026 02:58:12-debug: Init bundle root assets start..., progress: 0%
8-3-2026 02:58:12-debug: Num of bundles: 2..., progress: 0%
8-3-2026 02:58:12-debug:   Number of all scenes: 3
8-3-2026 02:58:12-debug: Query preload assets/scripts from cc.config.json: 60f7195c-ec2a-45eb-ba94-8955f60e81d0,1c02ae6f-4492-4915-b8f8-7492a3b1e4cd,810e96e4-e456-4468-9b59-f4e8f39732c0,efe8e2a3-eace-427b-b4f1-cb8a937ec77d,e9aa9a3e-5b2b-4ac7-a2c7-073de2b2b24f,8bbdbcdd-5cd4-4100-b6d5-b7c9625b6107,50f4348b-c883-4e2f-8f11-ce233b859fa1,fda095cb-831d-4601-ad94-846013963de8,f92806d7-1768-443f-afe8-12bcde84d0f0,dd3a144d-ab7f-41f0-82b8-2e43a090d496,f0416e68-0200-4b77-a926-4f9d16e494da,511d2633-09a7-4bdd-ac42-f778032124b3,5d45aa00-e064-4938-b314-4265f0c2258c,9361fd90-ba52-4f84-aa93-6e878fd576ca,970b0598-bcb0-4714-91fb-2e81440dccd8,bcd64cc6-2dd9-43f6-abbe-66318d332032,d930590d-bb92-4cc8-8bd1-23cd027f9edf,a3cd009f-0ab0-420d-9278-b9fdab939bbc,6a2d0734-bd9e-4ddf-946e-caa52498cb75,d9937e59-61fe-4ec6-92ab-7ac5a19c89b0,d1346436-ac96-4271-b863-1f4fdead95b0,971bdb23-3ff6-43eb-b422-1c30165a3663,17debcc3-0a6b-4b8a-b00b-dc58b885581e,711ebe11-f673-4cd9-9a83-63c60ba54c5b,c0143906-9aed-447e-9436-2ae8512d1b6e,14da1725-c4c2-42b4-ab08-ee0aeb6898b3,081cab31-dccd-428e-8652-f2404cc81c47,78e0584a-4343-4727-8f37-e14e65c2a2db,871c3b6c-7379-419d-bda3-794b239ab90d,ff9b0199-ce04-4cfe-86cc-6c719f08d6e4,de1c2107-70c8-4021-8459-6399f24d01c6,cbf30902-517f-40dc-af90-a550bac27cf1,5c601d96-e4c7-4698-991b-7ee674b11079
8-3-2026 02:58:12-debug:   Number of all scripts: 39
8-3-2026 02:58:12-debug:   Number of other assets: 486
8-3-2026 02:58:12-debug: Init bundle root assets success..., progress: 0%
8-3-2026 02:58:12-debug: // ---- build task Query asset bundle ---- (10ms)
8-3-2026 02:58:12-log: run build task Query asset bundle success in 10 ms√, progress: 5%
8-3-2026 02:58:12-debug: [Build Memory track]: Query asset bundle start:227.26MB, end 227.24MB, increase: -19.43KB
8-3-2026 02:58:12-debug: Query asset bundle start, progress: 5%
8-3-2026 02:58:12-debug: // ---- build task Query asset bundle ----
8-3-2026 02:58:12-debug: // ---- build task Query asset bundle ---- (8ms)
8-3-2026 02:58:12-log: run build task Query asset bundle success in 8 ms√, progress: 10%
8-3-2026 02:58:12-debug: [Build Memory track]: Query asset bundle start:227.27MB, end 226.62MB, increase: -669.88KB
8-3-2026 02:58:12-debug: Sort some build options to settings.json start, progress: 10%
8-3-2026 02:58:12-debug: // ---- build task Sort some build options to settings.json ----
8-3-2026 02:58:12-debug: // ---- build task Sort some build options to settings.json ---- (4ms)
8-3-2026 02:58:12-log: run build task Sort some build options to settings.json success in 4 ms√, progress: 12%
8-3-2026 02:58:12-debug: [Build Memory track]: Sort some build options to settings.json start:226.64MB, end 226.67MB, increase: 26.21KB
8-3-2026 02:58:12-debug: Fill script data to settings start, progress: 12%
8-3-2026 02:58:12-debug: // ---- build task Fill script data to settings ----
8-3-2026 02:58:12-debug: // ---- build task Fill script data to settings ---- (2ms)
8-3-2026 02:58:12-log: run build task Fill script data to settings success in 2 ms√, progress: 13%
8-3-2026 02:58:12-debug: [Build Memory track]: Fill script data to settings start:226.70MB, end 226.72MB, increase: 25.60KB
8-3-2026 02:58:12-debug: // ---- build task Sort some build options to settings.json ----
8-3-2026 02:58:12-debug: Sort some build options to settings.json start, progress: 13%
8-3-2026 02:58:12-debug: // ---- build task Sort some build options to settings.json ---- (13ms)
8-3-2026 02:58:12-log: run build task Sort some build options to settings.json success in 13 ms√, progress: 15%
8-3-2026 02:58:12-debug: [Build Memory track]: Sort some build options to settings.json start:226.75MB, end 226.88MB, increase: 138.23KB
8-3-2026 02:58:35-debug: Query all assets info in project
8-3-2026 02:58:35-debug: init custom config: keepNodeUuid: false, useCache: true
8-3-2026 02:58:35-debug: Skip compress image, progress: 0%
8-3-2026 02:58:35-debug: Init all bundles start..., progress: 0%
8-3-2026 02:58:35-debug: Num of bundles: 2..., progress: 0%
8-3-2026 02:58:35-debug: // ---- build task Query asset bundle ----
8-3-2026 02:58:35-debug: Query asset bundle start, progress: 0%
8-3-2026 02:58:35-debug: Init bundle root assets start..., progress: 0%
8-3-2026 02:58:35-debug: Query preload assets/scripts from cc.config.json: 60f7195c-ec2a-45eb-ba94-8955f60e81d0,1c02ae6f-4492-4915-b8f8-7492a3b1e4cd,810e96e4-e456-4468-9b59-f4e8f39732c0,efe8e2a3-eace-427b-b4f1-cb8a937ec77d,e9aa9a3e-5b2b-4ac7-a2c7-073de2b2b24f,8bbdbcdd-5cd4-4100-b6d5-b7c9625b6107,50f4348b-c883-4e2f-8f11-ce233b859fa1,fda095cb-831d-4601-ad94-846013963de8,f92806d7-1768-443f-afe8-12bcde84d0f0,dd3a144d-ab7f-41f0-82b8-2e43a090d496,f0416e68-0200-4b77-a926-4f9d16e494da,511d2633-09a7-4bdd-ac42-f778032124b3,5d45aa00-e064-4938-b314-4265f0c2258c,9361fd90-ba52-4f84-aa93-6e878fd576ca,970b0598-bcb0-4714-91fb-2e81440dccd8,bcd64cc6-2dd9-43f6-abbe-66318d332032,d930590d-bb92-4cc8-8bd1-23cd027f9edf,a3cd009f-0ab0-420d-9278-b9fdab939bbc,6a2d0734-bd9e-4ddf-946e-caa52498cb75,d9937e59-61fe-4ec6-92ab-7ac5a19c89b0,d1346436-ac96-4271-b863-1f4fdead95b0,971bdb23-3ff6-43eb-b422-1c30165a3663,17debcc3-0a6b-4b8a-b00b-dc58b885581e,711ebe11-f673-4cd9-9a83-63c60ba54c5b,c0143906-9aed-447e-9436-2ae8512d1b6e,14da1725-c4c2-42b4-ab08-ee0aeb6898b3,081cab31-dccd-428e-8652-f2404cc81c47,78e0584a-4343-4727-8f37-e14e65c2a2db,871c3b6c-7379-419d-bda3-794b239ab90d,ff9b0199-ce04-4cfe-86cc-6c719f08d6e4,de1c2107-70c8-4021-8459-6399f24d01c6,cbf30902-517f-40dc-af90-a550bac27cf1,5c601d96-e4c7-4698-991b-7ee674b11079
8-3-2026 02:58:35-debug:   Number of all scenes: 3
8-3-2026 02:58:35-debug:   Number of all scripts: 39
8-3-2026 02:58:35-debug: Init bundle root assets success..., progress: 0%
8-3-2026 02:58:35-debug:   Number of other assets: 486
8-3-2026 02:58:35-debug: // ---- build task Query asset bundle ---- (11ms)
8-3-2026 02:58:35-log: run build task Query asset bundle success in 11 ms√, progress: 5%
8-3-2026 02:58:35-debug: [Build Memory track]: Query asset bundle start:227.38MB, end 227.35MB, increase: -36.58KB
8-3-2026 02:58:35-debug: Query asset bundle start, progress: 5%
8-3-2026 02:58:35-debug: // ---- build task Query asset bundle ----
8-3-2026 02:58:35-debug: // ---- build task Query asset bundle ---- (4ms)
8-3-2026 02:58:35-log: run build task Query asset bundle success in 4 ms√, progress: 10%
8-3-2026 02:58:35-debug: [Build Memory track]: Query asset bundle start:227.38MB, end 226.71MB, increase: -685.98KB
8-3-2026 02:58:35-debug: // ---- build task Sort some build options to settings.json ----
8-3-2026 02:58:35-debug: Sort some build options to settings.json start, progress: 10%
8-3-2026 02:58:35-debug: // ---- build task Sort some build options to settings.json ---- (3ms)
8-3-2026 02:58:35-log: run build task Sort some build options to settings.json success in 3 ms√, progress: 12%
8-3-2026 02:58:35-debug: // ---- build task Fill script data to settings ----
8-3-2026 02:58:35-debug: [Build Memory track]: Sort some build options to settings.json start:226.73MB, end 226.76MB, increase: 26.21KB
8-3-2026 02:58:35-debug: Fill script data to settings start, progress: 12%
8-3-2026 02:58:35-debug: // ---- build task Fill script data to settings ---- (2ms)
8-3-2026 02:58:35-log: run build task Fill script data to settings success in 2 ms√, progress: 13%
8-3-2026 02:58:35-debug: [Build Memory track]: Fill script data to settings start:226.79MB, end 226.81MB, increase: 26.87KB
8-3-2026 02:58:35-debug: // ---- build task Sort some build options to settings.json ----
8-3-2026 02:58:35-debug: Sort some build options to settings.json start, progress: 13%
8-3-2026 02:58:35-debug: // ---- build task Sort some build options to settings.json ---- (15ms)
8-3-2026 02:58:35-log: run build task Sort some build options to settings.json success in 15 ms√, progress: 15%
8-3-2026 02:58:35-debug: [Build Memory track]: Sort some build options to settings.json start:226.84MB, end 226.96MB, increase: 125.63KB
8-3-2026 02:58:55-debug: Query all assets info in project
8-3-2026 02:58:55-debug: init custom config: keepNodeUuid: false, useCache: true
8-3-2026 02:58:55-debug: Skip compress image, progress: 0%
8-3-2026 02:58:55-debug: Init all bundles start..., progress: 0%
8-3-2026 02:58:55-debug: Query asset bundle start, progress: 0%
8-3-2026 02:58:55-debug: // ---- build task Query asset bundle ----
8-3-2026 02:58:55-debug: Init bundle root assets start..., progress: 0%
8-3-2026 02:58:55-debug: Num of bundles: 2..., progress: 0%
8-3-2026 02:58:55-debug: Query preload assets/scripts from cc.config.json: 60f7195c-ec2a-45eb-ba94-8955f60e81d0,1c02ae6f-4492-4915-b8f8-7492a3b1e4cd,810e96e4-e456-4468-9b59-f4e8f39732c0,efe8e2a3-eace-427b-b4f1-cb8a937ec77d,e9aa9a3e-5b2b-4ac7-a2c7-073de2b2b24f,8bbdbcdd-5cd4-4100-b6d5-b7c9625b6107,50f4348b-c883-4e2f-8f11-ce233b859fa1,fda095cb-831d-4601-ad94-846013963de8,f92806d7-1768-443f-afe8-12bcde84d0f0,dd3a144d-ab7f-41f0-82b8-2e43a090d496,f0416e68-0200-4b77-a926-4f9d16e494da,511d2633-09a7-4bdd-ac42-f778032124b3,5d45aa00-e064-4938-b314-4265f0c2258c,9361fd90-ba52-4f84-aa93-6e878fd576ca,970b0598-bcb0-4714-91fb-2e81440dccd8,bcd64cc6-2dd9-43f6-abbe-66318d332032,d930590d-bb92-4cc8-8bd1-23cd027f9edf,a3cd009f-0ab0-420d-9278-b9fdab939bbc,6a2d0734-bd9e-4ddf-946e-caa52498cb75,d9937e59-61fe-4ec6-92ab-7ac5a19c89b0,d1346436-ac96-4271-b863-1f4fdead95b0,971bdb23-3ff6-43eb-b422-1c30165a3663,17debcc3-0a6b-4b8a-b00b-dc58b885581e,711ebe11-f673-4cd9-9a83-63c60ba54c5b,c0143906-9aed-447e-9436-2ae8512d1b6e,14da1725-c4c2-42b4-ab08-ee0aeb6898b3,081cab31-dccd-428e-8652-f2404cc81c47,78e0584a-4343-4727-8f37-e14e65c2a2db,871c3b6c-7379-419d-bda3-794b239ab90d,ff9b0199-ce04-4cfe-86cc-6c719f08d6e4,de1c2107-70c8-4021-8459-6399f24d01c6,cbf30902-517f-40dc-af90-a550bac27cf1,5c601d96-e4c7-4698-991b-7ee674b11079
8-3-2026 02:58:55-debug:   Number of all scenes: 3
8-3-2026 02:58:55-debug:   Number of all scripts: 39
8-3-2026 02:58:55-debug: Init bundle root assets success..., progress: 0%
8-3-2026 02:58:55-debug:   Number of other assets: 486
8-3-2026 02:58:55-debug: // ---- build task Query asset bundle ---- (10ms)
8-3-2026 02:58:55-log: run build task Query asset bundle success in 10 ms√, progress: 5%
8-3-2026 02:58:55-debug: Query asset bundle start, progress: 5%
8-3-2026 02:58:55-debug: [Build Memory track]: Query asset bundle start:227.49MB, end 227.45MB, increase: -36.50KB
8-3-2026 02:58:55-debug: // ---- build task Query asset bundle ----
8-3-2026 02:58:55-debug: // ---- build task Query asset bundle ---- (7ms)
8-3-2026 02:58:55-log: run build task Query asset bundle success in 7 ms√, progress: 10%
8-3-2026 02:58:55-debug: Sort some build options to settings.json start, progress: 10%
8-3-2026 02:58:55-debug: [Build Memory track]: Query asset bundle start:227.48MB, end 226.80MB, increase: -696.22KB
8-3-2026 02:58:55-debug: // ---- build task Sort some build options to settings.json ----
8-3-2026 02:58:55-debug: // ---- build task Sort some build options to settings.json ---- (4ms)
8-3-2026 02:58:55-log: run build task Sort some build options to settings.json success in 4 ms√, progress: 12%
8-3-2026 02:58:55-debug: [Build Memory track]: Sort some build options to settings.json start:226.83MB, end 226.85MB, increase: 26.18KB
8-3-2026 02:58:55-debug: Fill script data to settings start, progress: 12%
8-3-2026 02:58:55-debug: // ---- build task Fill script data to settings ----
8-3-2026 02:58:55-debug: // ---- build task Fill script data to settings ---- (2ms)
8-3-2026 02:58:55-log: run build task Fill script data to settings success in 2 ms√, progress: 13%
8-3-2026 02:58:55-debug: [Build Memory track]: Fill script data to settings start:226.88MB, end 226.91MB, increase: 25.52KB
8-3-2026 02:58:55-debug: Sort some build options to settings.json start, progress: 13%
8-3-2026 02:58:55-debug: // ---- build task Sort some build options to settings.json ----
8-3-2026 02:58:55-debug: // ---- build task Sort some build options to settings.json ---- (20ms)
8-3-2026 02:58:55-log: run build task Sort some build options to settings.json success in 20 ms√, progress: 15%
8-3-2026 02:58:55-debug: [Build Memory track]: Sort some build options to settings.json start:226.93MB, end 227.06MB, increase: 134.08KB
8-3-2026 02:59:16-debug: Query all assets info in project
8-3-2026 02:59:16-debug: init custom config: keepNodeUuid: false, useCache: true
8-3-2026 02:59:16-debug: Skip compress image, progress: 0%
8-3-2026 02:59:16-debug: Init all bundles start..., progress: 0%
8-3-2026 02:59:16-debug: Num of bundles: 2..., progress: 0%
8-3-2026 02:59:16-debug: // ---- build task Query asset bundle ----
8-3-2026 02:59:16-debug: Query asset bundle start, progress: 0%
8-3-2026 02:59:16-debug: Init bundle root assets start..., progress: 0%
8-3-2026 02:59:16-debug: Query preload assets/scripts from cc.config.json: 60f7195c-ec2a-45eb-ba94-8955f60e81d0,1c02ae6f-4492-4915-b8f8-7492a3b1e4cd,810e96e4-e456-4468-9b59-f4e8f39732c0,efe8e2a3-eace-427b-b4f1-cb8a937ec77d,e9aa9a3e-5b2b-4ac7-a2c7-073de2b2b24f,8bbdbcdd-5cd4-4100-b6d5-b7c9625b6107,50f4348b-c883-4e2f-8f11-ce233b859fa1,fda095cb-831d-4601-ad94-846013963de8,f92806d7-1768-443f-afe8-12bcde84d0f0,dd3a144d-ab7f-41f0-82b8-2e43a090d496,f0416e68-0200-4b77-a926-4f9d16e494da,511d2633-09a7-4bdd-ac42-f778032124b3,5d45aa00-e064-4938-b314-4265f0c2258c,9361fd90-ba52-4f84-aa93-6e878fd576ca,970b0598-bcb0-4714-91fb-2e81440dccd8,bcd64cc6-2dd9-43f6-abbe-66318d332032,d930590d-bb92-4cc8-8bd1-23cd027f9edf,a3cd009f-0ab0-420d-9278-b9fdab939bbc,6a2d0734-bd9e-4ddf-946e-caa52498cb75,d9937e59-61fe-4ec6-92ab-7ac5a19c89b0,d1346436-ac96-4271-b863-1f4fdead95b0,971bdb23-3ff6-43eb-b422-1c30165a3663,17debcc3-0a6b-4b8a-b00b-dc58b885581e,711ebe11-f673-4cd9-9a83-63c60ba54c5b,c0143906-9aed-447e-9436-2ae8512d1b6e,14da1725-c4c2-42b4-ab08-ee0aeb6898b3,081cab31-dccd-428e-8652-f2404cc81c47,78e0584a-4343-4727-8f37-e14e65c2a2db,871c3b6c-7379-419d-bda3-794b239ab90d,ff9b0199-ce04-4cfe-86cc-6c719f08d6e4,de1c2107-70c8-4021-8459-6399f24d01c6,cbf30902-517f-40dc-af90-a550bac27cf1,5c601d96-e4c7-4698-991b-7ee674b11079
8-3-2026 02:59:16-debug:   Number of all scenes: 3
8-3-2026 02:59:16-debug:   Number of all scripts: 39
8-3-2026 02:59:16-debug: Init bundle root assets success..., progress: 0%
8-3-2026 02:59:16-debug:   Number of other assets: 486
8-3-2026 02:59:16-debug: // ---- build task Query asset bundle ---- (11ms)
8-3-2026 02:59:16-log: run build task Query asset bundle success in 11 ms√, progress: 5%
8-3-2026 02:59:16-debug: [Build Memory track]: Query asset bundle start:227.57MB, end 227.56MB, increase: -16.85KB
8-3-2026 02:59:16-debug: Query asset bundle start, progress: 5%
8-3-2026 02:59:16-debug: // ---- build task Query asset bundle ----
8-3-2026 02:59:16-debug: // ---- build task Query asset bundle ---- (4ms)
8-3-2026 02:59:16-log: run build task Query asset bundle success in 4 ms√, progress: 10%
8-3-2026 02:59:16-debug: [Build Memory track]: Query asset bundle start:227.58MB, end 226.92MB, increase: -683.63KB
8-3-2026 02:59:16-debug: Sort some build options to settings.json start, progress: 10%
8-3-2026 02:59:16-debug: // ---- build task Sort some build options to settings.json ----
8-3-2026 02:59:16-debug: // ---- build task Sort some build options to settings.json ---- (4ms)
8-3-2026 02:59:16-log: run build task Sort some build options to settings.json success in 4 ms√, progress: 12%
8-3-2026 02:59:16-debug: [Build Memory track]: Sort some build options to settings.json start:226.94MB, end 226.97MB, increase: 26.15KB
8-3-2026 02:59:16-debug: Fill script data to settings start, progress: 12%
8-3-2026 02:59:16-debug: // ---- build task Fill script data to settings ----
8-3-2026 02:59:16-debug: // ---- build task Fill script data to settings ---- (5ms)
8-3-2026 02:59:16-log: run build task Fill script data to settings success in 5 ms√, progress: 13%
8-3-2026 02:59:16-debug: [Build Memory track]: Fill script data to settings start:227.00MB, end 227.02MB, increase: 26.36KB
8-3-2026 02:59:16-debug: Sort some build options to settings.json start, progress: 13%
8-3-2026 02:59:16-debug: // ---- build task Sort some build options to settings.json ----
8-3-2026 02:59:16-debug: // ---- build task Sort some build options to settings.json ---- (14ms)
8-3-2026 02:59:16-log: run build task Sort some build options to settings.json success in 14 ms√, progress: 15%
8-3-2026 02:59:16-debug: [Build Memory track]: Sort some build options to settings.json start:227.05MB, end 227.17MB, increase: 125.64KB
8-3-2026 02:59:37-debug: Query all assets info in project
8-3-2026 02:59:37-debug: init custom config: keepNodeUuid: false, useCache: true
8-3-2026 02:59:37-debug: Skip compress image, progress: 0%
8-3-2026 02:59:37-debug: Init all bundles start..., progress: 0%
8-3-2026 02:59:37-debug: Num of bundles: 2..., progress: 0%
8-3-2026 02:59:37-debug: Query asset bundle start, progress: 0%
8-3-2026 02:59:37-debug: // ---- build task Query asset bundle ----
8-3-2026 02:59:37-debug: Init bundle root assets start..., progress: 0%
8-3-2026 02:59:37-debug: Query preload assets/scripts from cc.config.json: 60f7195c-ec2a-45eb-ba94-8955f60e81d0,1c02ae6f-4492-4915-b8f8-7492a3b1e4cd,810e96e4-e456-4468-9b59-f4e8f39732c0,efe8e2a3-eace-427b-b4f1-cb8a937ec77d,e9aa9a3e-5b2b-4ac7-a2c7-073de2b2b24f,8bbdbcdd-5cd4-4100-b6d5-b7c9625b6107,50f4348b-c883-4e2f-8f11-ce233b859fa1,fda095cb-831d-4601-ad94-846013963de8,f92806d7-1768-443f-afe8-12bcde84d0f0,dd3a144d-ab7f-41f0-82b8-2e43a090d496,f0416e68-0200-4b77-a926-4f9d16e494da,511d2633-09a7-4bdd-ac42-f778032124b3,5d45aa00-e064-4938-b314-4265f0c2258c,9361fd90-ba52-4f84-aa93-6e878fd576ca,970b0598-bcb0-4714-91fb-2e81440dccd8,bcd64cc6-2dd9-43f6-abbe-66318d332032,d930590d-bb92-4cc8-8bd1-23cd027f9edf,a3cd009f-0ab0-420d-9278-b9fdab939bbc,6a2d0734-bd9e-4ddf-946e-caa52498cb75,d9937e59-61fe-4ec6-92ab-7ac5a19c89b0,d1346436-ac96-4271-b863-1f4fdead95b0,971bdb23-3ff6-43eb-b422-1c30165a3663,17debcc3-0a6b-4b8a-b00b-dc58b885581e,711ebe11-f673-4cd9-9a83-63c60ba54c5b,c0143906-9aed-447e-9436-2ae8512d1b6e,14da1725-c4c2-42b4-ab08-ee0aeb6898b3,081cab31-dccd-428e-8652-f2404cc81c47,78e0584a-4343-4727-8f37-e14e65c2a2db,871c3b6c-7379-419d-bda3-794b239ab90d,ff9b0199-ce04-4cfe-86cc-6c719f08d6e4,de1c2107-70c8-4021-8459-6399f24d01c6,cbf30902-517f-40dc-af90-a550bac27cf1,5c601d96-e4c7-4698-991b-7ee674b11079
8-3-2026 02:59:37-debug:   Number of all scenes: 3
8-3-2026 02:59:37-debug:   Number of all scripts: 39
8-3-2026 02:59:37-debug: Init bundle root assets success..., progress: 0%
8-3-2026 02:59:37-debug:   Number of other assets: 486
8-3-2026 02:59:37-log: run build task Query asset bundle success in 11 ms√, progress: 5%
8-3-2026 02:59:37-debug: [Build Memory track]: Query asset bundle start:227.70MB, end 227.66MB, increase: -36.45KB
8-3-2026 02:59:37-debug: // ---- build task Query asset bundle ---- (11ms)
8-3-2026 02:59:37-debug: // ---- build task Query asset bundle ----
8-3-2026 02:59:37-debug: Query asset bundle start, progress: 5%
8-3-2026 02:59:37-debug: // ---- build task Query asset bundle ---- (4ms)
8-3-2026 02:59:37-log: run build task Query asset bundle success in 4 ms√, progress: 10%
8-3-2026 02:59:37-debug: [Build Memory track]: Query asset bundle start:227.69MB, end 227.01MB, increase: -696.82KB
8-3-2026 02:59:37-debug: Sort some build options to settings.json start, progress: 10%
8-3-2026 02:59:37-debug: // ---- build task Sort some build options to settings.json ----
8-3-2026 02:59:37-debug: // ---- build task Sort some build options to settings.json ---- (2ms)
8-3-2026 02:59:37-log: run build task Sort some build options to settings.json success in 2 ms√, progress: 12%
8-3-2026 02:59:37-debug: [Build Memory track]: Sort some build options to settings.json start:227.04MB, end 227.06MB, increase: 26.15KB
8-3-2026 02:59:37-debug: Fill script data to settings start, progress: 12%
8-3-2026 02:59:37-debug: // ---- build task Fill script data to settings ----
8-3-2026 02:59:37-debug: // ---- build task Fill script data to settings ---- (3ms)
8-3-2026 02:59:37-log: run build task Fill script data to settings success in 3 ms√, progress: 13%
8-3-2026 02:59:37-debug: [Build Memory track]: Fill script data to settings start:227.09MB, end 227.12MB, increase: 25.52KB
8-3-2026 02:59:37-debug: Sort some build options to settings.json start, progress: 13%
8-3-2026 02:59:37-debug: // ---- build task Sort some build options to settings.json ----
8-3-2026 02:59:37-debug: // ---- build task Sort some build options to settings.json ---- (14ms)
8-3-2026 02:59:37-log: run build task Sort some build options to settings.json success in 14 ms√, progress: 15%
8-3-2026 02:59:37-debug: [Build Memory track]: Sort some build options to settings.json start:227.14MB, end 227.27MB, increase: 134.56KB
8-3-2026 03:00:02-debug: Query all assets info in project
8-3-2026 03:00:02-debug: init custom config: keepNodeUuid: false, useCache: true
8-3-2026 03:00:02-debug: Skip compress image, progress: 0%
8-3-2026 03:00:02-debug: Init all bundles start..., progress: 0%
8-3-2026 03:00:02-debug: // ---- build task Query asset bundle ----
8-3-2026 03:00:02-debug: Num of bundles: 2..., progress: 0%
8-3-2026 03:00:02-debug: Init bundle root assets start..., progress: 0%
8-3-2026 03:00:02-debug: Query asset bundle start, progress: 0%
8-3-2026 03:00:02-debug: Query preload assets/scripts from cc.config.json: 60f7195c-ec2a-45eb-ba94-8955f60e81d0,1c02ae6f-4492-4915-b8f8-7492a3b1e4cd,810e96e4-e456-4468-9b59-f4e8f39732c0,efe8e2a3-eace-427b-b4f1-cb8a937ec77d,e9aa9a3e-5b2b-4ac7-a2c7-073de2b2b24f,8bbdbcdd-5cd4-4100-b6d5-b7c9625b6107,50f4348b-c883-4e2f-8f11-ce233b859fa1,fda095cb-831d-4601-ad94-846013963de8,f92806d7-1768-443f-afe8-12bcde84d0f0,dd3a144d-ab7f-41f0-82b8-2e43a090d496,f0416e68-0200-4b77-a926-4f9d16e494da,511d2633-09a7-4bdd-ac42-f778032124b3,5d45aa00-e064-4938-b314-4265f0c2258c,9361fd90-ba52-4f84-aa93-6e878fd576ca,970b0598-bcb0-4714-91fb-2e81440dccd8,bcd64cc6-2dd9-43f6-abbe-66318d332032,d930590d-bb92-4cc8-8bd1-23cd027f9edf,a3cd009f-0ab0-420d-9278-b9fdab939bbc,6a2d0734-bd9e-4ddf-946e-caa52498cb75,d9937e59-61fe-4ec6-92ab-7ac5a19c89b0,d1346436-ac96-4271-b863-1f4fdead95b0,971bdb23-3ff6-43eb-b422-1c30165a3663,17debcc3-0a6b-4b8a-b00b-dc58b885581e,711ebe11-f673-4cd9-9a83-63c60ba54c5b,c0143906-9aed-447e-9436-2ae8512d1b6e,14da1725-c4c2-42b4-ab08-ee0aeb6898b3,081cab31-dccd-428e-8652-f2404cc81c47,78e0584a-4343-4727-8f37-e14e65c2a2db,871c3b6c-7379-419d-bda3-794b239ab90d,ff9b0199-ce04-4cfe-86cc-6c719f08d6e4,de1c2107-70c8-4021-8459-6399f24d01c6,cbf30902-517f-40dc-af90-a550bac27cf1,5c601d96-e4c7-4698-991b-7ee674b11079
8-3-2026 03:00:02-debug:   Number of all scenes: 3
8-3-2026 03:00:02-debug:   Number of other assets: 486
8-3-2026 03:00:02-debug: Init bundle root assets success..., progress: 0%
8-3-2026 03:00:02-debug:   Number of all scripts: 39
8-3-2026 03:00:02-debug: // ---- build task Query asset bundle ---- (15ms)
8-3-2026 03:00:02-log: run build task Query asset bundle success in 15 ms√, progress: 5%
8-3-2026 03:00:02-debug: [Build Memory track]: Query asset bundle start:227.80MB, end 227.77MB, increase: -36.88KB
8-3-2026 03:00:02-debug: Query asset bundle start, progress: 5%
8-3-2026 03:00:02-debug: // ---- build task Query asset bundle ----
8-3-2026 03:00:02-debug: // ---- build task Query asset bundle ---- (6ms)
8-3-2026 03:00:02-log: run build task Query asset bundle success in 6 ms√, progress: 10%
8-3-2026 03:00:02-debug: [Build Memory track]: Query asset bundle start:227.79MB, end 227.11MB, increase: -696.49KB
8-3-2026 03:00:02-debug: Sort some build options to settings.json start, progress: 10%
8-3-2026 03:00:02-debug: // ---- build task Sort some build options to settings.json ----
8-3-2026 03:00:02-debug: // ---- build task Sort some build options to settings.json ---- (3ms)
8-3-2026 03:00:02-log: run build task Sort some build options to settings.json success in 3 ms√, progress: 12%
8-3-2026 03:00:02-debug: [Build Memory track]: Sort some build options to settings.json start:227.14MB, end 227.17MB, increase: 26.15KB
8-3-2026 03:00:02-debug: // ---- build task Fill script data to settings ----
8-3-2026 03:00:02-debug: Fill script data to settings start, progress: 12%
8-3-2026 03:00:02-debug: // ---- build task Fill script data to settings ---- (2ms)
8-3-2026 03:00:02-log: run build task Fill script data to settings success in 2 ms√, progress: 13%
8-3-2026 03:00:02-debug: [Build Memory track]: Fill script data to settings start:227.19MB, end 227.22MB, increase: 25.63KB
8-3-2026 03:00:02-debug: Sort some build options to settings.json start, progress: 13%
8-3-2026 03:00:02-debug: // ---- build task Sort some build options to settings.json ----
8-3-2026 03:00:02-debug: // ---- build task Sort some build options to settings.json ---- (15ms)
8-3-2026 03:00:02-log: run build task Sort some build options to settings.json success in 15 ms√, progress: 15%
8-3-2026 03:00:02-debug: [Build Memory track]: Sort some build options to settings.json start:227.25MB, end 227.38MB, increase: 133.92KB
8-3-2026 03:00:24-debug: Query all assets info in project
8-3-2026 03:00:24-debug: init custom config: keepNodeUuid: false, useCache: true
8-3-2026 03:00:24-debug: Skip compress image, progress: 0%
8-3-2026 03:00:24-debug: Init all bundles start..., progress: 0%
8-3-2026 03:00:24-debug: Query asset bundle start, progress: 0%
8-3-2026 03:00:24-debug: // ---- build task Query asset bundle ----
8-3-2026 03:00:24-debug: Num of bundles: 2..., progress: 0%
8-3-2026 03:00:24-debug: Init bundle root assets start..., progress: 0%
8-3-2026 03:00:24-debug: Query preload assets/scripts from cc.config.json: 60f7195c-ec2a-45eb-ba94-8955f60e81d0,1c02ae6f-4492-4915-b8f8-7492a3b1e4cd,810e96e4-e456-4468-9b59-f4e8f39732c0,efe8e2a3-eace-427b-b4f1-cb8a937ec77d,e9aa9a3e-5b2b-4ac7-a2c7-073de2b2b24f,8bbdbcdd-5cd4-4100-b6d5-b7c9625b6107,50f4348b-c883-4e2f-8f11-ce233b859fa1,fda095cb-831d-4601-ad94-846013963de8,f92806d7-1768-443f-afe8-12bcde84d0f0,dd3a144d-ab7f-41f0-82b8-2e43a090d496,f0416e68-0200-4b77-a926-4f9d16e494da,511d2633-09a7-4bdd-ac42-f778032124b3,5d45aa00-e064-4938-b314-4265f0c2258c,9361fd90-ba52-4f84-aa93-6e878fd576ca,970b0598-bcb0-4714-91fb-2e81440dccd8,bcd64cc6-2dd9-43f6-abbe-66318d332032,d930590d-bb92-4cc8-8bd1-23cd027f9edf,a3cd009f-0ab0-420d-9278-b9fdab939bbc,6a2d0734-bd9e-4ddf-946e-caa52498cb75,d9937e59-61fe-4ec6-92ab-7ac5a19c89b0,d1346436-ac96-4271-b863-1f4fdead95b0,971bdb23-3ff6-43eb-b422-1c30165a3663,17debcc3-0a6b-4b8a-b00b-dc58b885581e,711ebe11-f673-4cd9-9a83-63c60ba54c5b,c0143906-9aed-447e-9436-2ae8512d1b6e,14da1725-c4c2-42b4-ab08-ee0aeb6898b3,081cab31-dccd-428e-8652-f2404cc81c47,78e0584a-4343-4727-8f37-e14e65c2a2db,871c3b6c-7379-419d-bda3-794b239ab90d,ff9b0199-ce04-4cfe-86cc-6c719f08d6e4,de1c2107-70c8-4021-8459-6399f24d01c6,cbf30902-517f-40dc-af90-a550bac27cf1,5c601d96-e4c7-4698-991b-7ee674b11079
8-3-2026 03:00:24-debug:   Number of all scenes: 3
8-3-2026 03:00:24-debug:   Number of all scripts: 39
8-3-2026 03:00:24-debug: Init bundle root assets success..., progress: 0%
8-3-2026 03:00:24-debug:   Number of other assets: 486
8-3-2026 03:00:24-debug: // ---- build task Query asset bundle ---- (10ms)
8-3-2026 03:00:24-log: run build task Query asset bundle success in 10 ms√, progress: 5%
8-3-2026 03:00:24-debug: [Build Memory track]: Query asset bundle start:227.89MB, end 227.87MB, increase: -16.71KB
8-3-2026 03:00:24-debug: Query asset bundle start, progress: 5%
8-3-2026 03:00:24-debug: // ---- build task Query asset bundle ----
8-3-2026 03:00:24-debug: // ---- build task Query asset bundle ---- (7ms)
8-3-2026 03:00:24-log: run build task Query asset bundle success in 7 ms√, progress: 10%
8-3-2026 03:00:24-debug: [Build Memory track]: Query asset bundle start:227.90MB, end 227.22MB, increase: -693.93KB
8-3-2026 03:00:24-debug: Sort some build options to settings.json start, progress: 10%
8-3-2026 03:00:24-debug: // ---- build task Sort some build options to settings.json ----
8-3-2026 03:00:24-debug: // ---- build task Sort some build options to settings.json ---- (3ms)
8-3-2026 03:00:24-log: run build task Sort some build options to settings.json success in 3 ms√, progress: 12%
8-3-2026 03:00:24-debug: [Build Memory track]: Sort some build options to settings.json start:227.25MB, end 227.27MB, increase: 26.15KB
8-3-2026 03:00:24-debug: Fill script data to settings start, progress: 12%
8-3-2026 03:00:24-debug: // ---- build task Fill script data to settings ----
8-3-2026 03:00:24-debug: // ---- build task Fill script data to settings ---- (4ms)
8-3-2026 03:00:24-log: run build task Fill script data to settings success in 4 ms√, progress: 13%
8-3-2026 03:00:24-debug: [Build Memory track]: Fill script data to settings start:227.30MB, end 227.33MB, increase: 25.54KB
8-3-2026 03:00:24-debug: // ---- build task Sort some build options to settings.json ----
8-3-2026 03:00:24-debug: Sort some build options to settings.json start, progress: 13%
8-3-2026 03:00:24-debug: // ---- build task Sort some build options to settings.json ---- (19ms)
8-3-2026 03:00:24-log: run build task Sort some build options to settings.json success in 19 ms√, progress: 15%
8-3-2026 03:00:24-debug: [Build Memory track]: Sort some build options to settings.json start:227.35MB, end 227.48MB, increase: 134.07KB
8-3-2026 03:00:43-debug: Query all assets info in project
8-3-2026 03:00:43-debug: init custom config: keepNodeUuid: false, useCache: true
8-3-2026 03:00:43-debug: Skip compress image, progress: 0%
8-3-2026 03:00:43-debug: Init all bundles start..., progress: 0%
8-3-2026 03:00:43-debug: Query asset bundle start, progress: 0%
8-3-2026 03:00:43-debug: // ---- build task Query asset bundle ----
8-3-2026 03:00:43-debug: Num of bundles: 2..., progress: 0%
8-3-2026 03:00:43-debug: Init bundle root assets start..., progress: 0%
8-3-2026 03:00:43-debug: Query preload assets/scripts from cc.config.json: 60f7195c-ec2a-45eb-ba94-8955f60e81d0,1c02ae6f-4492-4915-b8f8-7492a3b1e4cd,810e96e4-e456-4468-9b59-f4e8f39732c0,efe8e2a3-eace-427b-b4f1-cb8a937ec77d,e9aa9a3e-5b2b-4ac7-a2c7-073de2b2b24f,8bbdbcdd-5cd4-4100-b6d5-b7c9625b6107,50f4348b-c883-4e2f-8f11-ce233b859fa1,fda095cb-831d-4601-ad94-846013963de8,f92806d7-1768-443f-afe8-12bcde84d0f0,dd3a144d-ab7f-41f0-82b8-2e43a090d496,f0416e68-0200-4b77-a926-4f9d16e494da,511d2633-09a7-4bdd-ac42-f778032124b3,5d45aa00-e064-4938-b314-4265f0c2258c,9361fd90-ba52-4f84-aa93-6e878fd576ca,970b0598-bcb0-4714-91fb-2e81440dccd8,bcd64cc6-2dd9-43f6-abbe-66318d332032,d930590d-bb92-4cc8-8bd1-23cd027f9edf,a3cd009f-0ab0-420d-9278-b9fdab939bbc,6a2d0734-bd9e-4ddf-946e-caa52498cb75,d9937e59-61fe-4ec6-92ab-7ac5a19c89b0,d1346436-ac96-4271-b863-1f4fdead95b0,971bdb23-3ff6-43eb-b422-1c30165a3663,17debcc3-0a6b-4b8a-b00b-dc58b885581e,711ebe11-f673-4cd9-9a83-63c60ba54c5b,c0143906-9aed-447e-9436-2ae8512d1b6e,14da1725-c4c2-42b4-ab08-ee0aeb6898b3,081cab31-dccd-428e-8652-f2404cc81c47,78e0584a-4343-4727-8f37-e14e65c2a2db,871c3b6c-7379-419d-bda3-794b239ab90d,ff9b0199-ce04-4cfe-86cc-6c719f08d6e4,de1c2107-70c8-4021-8459-6399f24d01c6,cbf30902-517f-40dc-af90-a550bac27cf1,5c601d96-e4c7-4698-991b-7ee674b11079
8-3-2026 03:00:43-debug:   Number of all scripts: 39
8-3-2026 03:00:43-debug: Init bundle root assets success..., progress: 0%
8-3-2026 03:00:43-debug:   Number of all scenes: 3
8-3-2026 03:00:43-debug:   Number of other assets: 486
8-3-2026 03:00:43-debug: // ---- build task Query asset bundle ---- (12ms)
8-3-2026 03:00:43-log: run build task Query asset bundle success in 12 ms√, progress: 5%
8-3-2026 03:00:43-debug: [Build Memory track]: Query asset bundle start:228.01MB, end 227.98MB, increase: -36.59KB
8-3-2026 03:00:43-debug: Query asset bundle start, progress: 5%
8-3-2026 03:00:43-debug: // ---- build task Query asset bundle ----
8-3-2026 03:00:43-debug: // ---- build task Query asset bundle ---- (9ms)
8-3-2026 03:00:43-log: run build task Query asset bundle success in 9 ms√, progress: 10%
8-3-2026 03:00:43-debug: [Build Memory track]: Query asset bundle start:228.00MB, end 227.32MB, increase: -696.78KB
8-3-2026 03:00:43-debug: Sort some build options to settings.json start, progress: 10%
8-3-2026 03:00:43-debug: // ---- build task Sort some build options to settings.json ----
8-3-2026 03:00:43-debug: // ---- build task Sort some build options to settings.json ---- (4ms)
8-3-2026 03:00:43-log: run build task Sort some build options to settings.json success in 4 ms√, progress: 12%
8-3-2026 03:00:43-debug: [Build Memory track]: Sort some build options to settings.json start:227.35MB, end 227.38MB, increase: 26.32KB
8-3-2026 03:00:43-debug: Fill script data to settings start, progress: 12%
8-3-2026 03:00:43-debug: // ---- build task Fill script data to settings ----
8-3-2026 03:00:43-debug: // ---- build task Fill script data to settings ---- (2ms)
8-3-2026 03:00:43-log: run build task Fill script data to settings success in 2 ms√, progress: 13%
8-3-2026 03:00:43-debug: [Build Memory track]: Fill script data to settings start:227.40MB, end 227.43MB, increase: 25.60KB
8-3-2026 03:00:43-debug: Sort some build options to settings.json start, progress: 13%
8-3-2026 03:00:43-debug: // ---- build task Sort some build options to settings.json ----
8-3-2026 03:00:43-debug: // ---- build task Sort some build options to settings.json ---- (17ms)
8-3-2026 03:00:43-log: run build task Sort some build options to settings.json success in 17 ms√, progress: 15%
8-3-2026 03:00:43-debug: [Build Memory track]: Sort some build options to settings.json start:227.46MB, end 227.59MB, increase: 140.20KB
8-3-2026 03:01:03-debug: Query all assets info in project
8-3-2026 03:01:03-debug: init custom config: keepNodeUuid: false, useCache: true
8-3-2026 03:01:03-debug: Skip compress image, progress: 0%
8-3-2026 03:01:03-debug: Init all bundles start..., progress: 0%
8-3-2026 03:01:03-debug: // ---- build task Query asset bundle ----
8-3-2026 03:01:03-debug: Init bundle root assets start..., progress: 0%
8-3-2026 03:01:03-debug: Query asset bundle start, progress: 0%
8-3-2026 03:01:03-debug: Num of bundles: 2..., progress: 0%
8-3-2026 03:01:03-debug: Query preload assets/scripts from cc.config.json: 60f7195c-ec2a-45eb-ba94-8955f60e81d0,1c02ae6f-4492-4915-b8f8-7492a3b1e4cd,810e96e4-e456-4468-9b59-f4e8f39732c0,efe8e2a3-eace-427b-b4f1-cb8a937ec77d,e9aa9a3e-5b2b-4ac7-a2c7-073de2b2b24f,8bbdbcdd-5cd4-4100-b6d5-b7c9625b6107,50f4348b-c883-4e2f-8f11-ce233b859fa1,fda095cb-831d-4601-ad94-846013963de8,f92806d7-1768-443f-afe8-12bcde84d0f0,dd3a144d-ab7f-41f0-82b8-2e43a090d496,f0416e68-0200-4b77-a926-4f9d16e494da,511d2633-09a7-4bdd-ac42-f778032124b3,5d45aa00-e064-4938-b314-4265f0c2258c,9361fd90-ba52-4f84-aa93-6e878fd576ca,970b0598-bcb0-4714-91fb-2e81440dccd8,bcd64cc6-2dd9-43f6-abbe-66318d332032,d930590d-bb92-4cc8-8bd1-23cd027f9edf,a3cd009f-0ab0-420d-9278-b9fdab939bbc,6a2d0734-bd9e-4ddf-946e-caa52498cb75,d9937e59-61fe-4ec6-92ab-7ac5a19c89b0,d1346436-ac96-4271-b863-1f4fdead95b0,971bdb23-3ff6-43eb-b422-1c30165a3663,17debcc3-0a6b-4b8a-b00b-dc58b885581e,711ebe11-f673-4cd9-9a83-63c60ba54c5b,c0143906-9aed-447e-9436-2ae8512d1b6e,14da1725-c4c2-42b4-ab08-ee0aeb6898b3,081cab31-dccd-428e-8652-f2404cc81c47,78e0584a-4343-4727-8f37-e14e65c2a2db,871c3b6c-7379-419d-bda3-794b239ab90d,ff9b0199-ce04-4cfe-86cc-6c719f08d6e4,de1c2107-70c8-4021-8459-6399f24d01c6,cbf30902-517f-40dc-af90-a550bac27cf1,5c601d96-e4c7-4698-991b-7ee674b11079
8-3-2026 03:01:03-debug:   Number of all scripts: 39
8-3-2026 03:01:03-debug:   Number of other assets: 486
8-3-2026 03:01:03-debug: Init bundle root assets success..., progress: 0%
8-3-2026 03:01:03-debug:   Number of all scenes: 3
8-3-2026 03:01:03-debug: // ---- build task Query asset bundle ---- (14ms)
8-3-2026 03:01:03-log: run build task Query asset bundle success in 14 ms√, progress: 5%
8-3-2026 03:01:03-debug: [Build Memory track]: Query asset bundle start:228.12MB, end 228.09MB, increase: -36.69KB
8-3-2026 03:01:03-debug: Query asset bundle start, progress: 5%
8-3-2026 03:01:03-debug: // ---- build task Query asset bundle ----
8-3-2026 03:01:03-debug: // ---- build task Query asset bundle ---- (7ms)
8-3-2026 03:01:03-log: run build task Query asset bundle success in 7 ms√, progress: 10%
8-3-2026 03:01:03-debug: [Build Memory track]: Query asset bundle start:228.11MB, end 227.43MB, increase: -703.51KB
8-3-2026 03:01:03-debug: Sort some build options to settings.json start, progress: 10%
8-3-2026 03:01:03-debug: // ---- build task Sort some build options to settings.json ----
8-3-2026 03:01:03-debug: // ---- build task Sort some build options to settings.json ---- (4ms)
8-3-2026 03:01:03-log: run build task Sort some build options to settings.json success in 4 ms√, progress: 12%
8-3-2026 03:01:03-debug: [Build Memory track]: Sort some build options to settings.json start:227.45MB, end 227.48MB, increase: 26.23KB
8-3-2026 03:01:03-debug: Fill script data to settings start, progress: 12%
8-3-2026 03:01:03-debug: // ---- build task Fill script data to settings ----
8-3-2026 03:01:03-debug: // ---- build task Fill script data to settings ---- (2ms)
8-3-2026 03:01:03-log: run build task Fill script data to settings success in 2 ms√, progress: 13%
8-3-2026 03:01:03-debug: Sort some build options to settings.json start, progress: 13%
8-3-2026 03:01:03-debug: [Build Memory track]: Fill script data to settings start:227.51MB, end 227.53MB, increase: 25.49KB
8-3-2026 03:01:03-debug: // ---- build task Sort some build options to settings.json ----
8-3-2026 03:01:03-debug: // ---- build task Sort some build options to settings.json ---- (20ms)
8-3-2026 03:01:03-log: run build task Sort some build options to settings.json success in 20 ms√, progress: 15%
8-3-2026 03:01:03-debug: [Build Memory track]: Sort some build options to settings.json start:227.56MB, end 227.70MB, increase: 141.00KB
8-3-2026 03:01:25-debug: Query all assets info in project
8-3-2026 03:01:25-debug: init custom config: keepNodeUuid: false, useCache: true
8-3-2026 03:01:25-debug: Skip compress image, progress: 0%
8-3-2026 03:01:25-debug: Init all bundles start..., progress: 0%
8-3-2026 03:01:25-debug: Query asset bundle start, progress: 0%
8-3-2026 03:01:25-debug: // ---- build task Query asset bundle ----
8-3-2026 03:01:25-debug: Init bundle root assets start..., progress: 0%
8-3-2026 03:01:25-debug: Num of bundles: 2..., progress: 0%
8-3-2026 03:01:25-debug: Query preload assets/scripts from cc.config.json: 60f7195c-ec2a-45eb-ba94-8955f60e81d0,1c02ae6f-4492-4915-b8f8-7492a3b1e4cd,810e96e4-e456-4468-9b59-f4e8f39732c0,efe8e2a3-eace-427b-b4f1-cb8a937ec77d,e9aa9a3e-5b2b-4ac7-a2c7-073de2b2b24f,8bbdbcdd-5cd4-4100-b6d5-b7c9625b6107,50f4348b-c883-4e2f-8f11-ce233b859fa1,fda095cb-831d-4601-ad94-846013963de8,f92806d7-1768-443f-afe8-12bcde84d0f0,dd3a144d-ab7f-41f0-82b8-2e43a090d496,f0416e68-0200-4b77-a926-4f9d16e494da,511d2633-09a7-4bdd-ac42-f778032124b3,5d45aa00-e064-4938-b314-4265f0c2258c,9361fd90-ba52-4f84-aa93-6e878fd576ca,970b0598-bcb0-4714-91fb-2e81440dccd8,bcd64cc6-2dd9-43f6-abbe-66318d332032,d930590d-bb92-4cc8-8bd1-23cd027f9edf,a3cd009f-0ab0-420d-9278-b9fdab939bbc,6a2d0734-bd9e-4ddf-946e-caa52498cb75,d9937e59-61fe-4ec6-92ab-7ac5a19c89b0,d1346436-ac96-4271-b863-1f4fdead95b0,971bdb23-3ff6-43eb-b422-1c30165a3663,17debcc3-0a6b-4b8a-b00b-dc58b885581e,711ebe11-f673-4cd9-9a83-63c60ba54c5b,c0143906-9aed-447e-9436-2ae8512d1b6e,14da1725-c4c2-42b4-ab08-ee0aeb6898b3,081cab31-dccd-428e-8652-f2404cc81c47,78e0584a-4343-4727-8f37-e14e65c2a2db,871c3b6c-7379-419d-bda3-794b239ab90d,ff9b0199-ce04-4cfe-86cc-6c719f08d6e4,de1c2107-70c8-4021-8459-6399f24d01c6,cbf30902-517f-40dc-af90-a550bac27cf1,5c601d96-e4c7-4698-991b-7ee674b11079
8-3-2026 03:01:25-debug:   Number of all scripts: 39
8-3-2026 03:01:25-debug:   Number of other assets: 486
8-3-2026 03:01:25-debug: Init bundle root assets success..., progress: 0%
8-3-2026 03:01:25-debug:   Number of all scenes: 3
8-3-2026 03:01:25-debug: // ---- build task Query asset bundle ---- (12ms)
8-3-2026 03:01:25-log: run build task Query asset bundle success in 12 ms√, progress: 5%
8-3-2026 03:01:25-debug: [Build Memory track]: Query asset bundle start:228.23MB, end 228.19MB, increase: -36.14KB
8-3-2026 03:01:25-debug: Query asset bundle start, progress: 5%
8-3-2026 03:01:25-debug: // ---- build task Query asset bundle ----
8-3-2026 03:01:25-debug: // ---- build task Query asset bundle ---- (7ms)
8-3-2026 03:01:25-debug: [Build Memory track]: Query asset bundle start:228.22MB, end 227.54MB, increase: -697.12KB
8-3-2026 03:01:25-debug: Sort some build options to settings.json start, progress: 10%
8-3-2026 03:01:25-log: run build task Query asset bundle success in 7 ms√, progress: 10%
8-3-2026 03:01:25-debug: // ---- build task Sort some build options to settings.json ----
8-3-2026 03:01:25-debug: // ---- build task Sort some build options to settings.json ---- (3ms)
8-3-2026 03:01:25-debug: [Build Memory track]: Sort some build options to settings.json start:227.56MB, end 227.59MB, increase: 26.18KB
8-3-2026 03:01:25-log: run build task Sort some build options to settings.json success in 3 ms√, progress: 12%
8-3-2026 03:01:25-debug: Fill script data to settings start, progress: 12%
8-3-2026 03:01:25-debug: // ---- build task Fill script data to settings ----
8-3-2026 03:01:25-debug: // ---- build task Fill script data to settings ---- (1ms)
8-3-2026 03:01:25-log: run build task Fill script data to settings success in 1 ms√, progress: 13%
8-3-2026 03:01:25-debug: [Build Memory track]: Fill script data to settings start:227.62MB, end 227.64MB, increase: 24.88KB
8-3-2026 03:01:25-debug: Sort some build options to settings.json start, progress: 13%
8-3-2026 03:01:25-debug: // ---- build task Sort some build options to settings.json ----
8-3-2026 03:01:25-debug: // ---- build task Sort some build options to settings.json ---- (21ms)
8-3-2026 03:01:25-debug: [Build Memory track]: Sort some build options to settings.json start:227.67MB, end 227.80MB, increase: 136.11KB
8-3-2026 03:01:25-log: run build task Sort some build options to settings.json success in 21 ms√, progress: 15%
8-3-2026 03:01:49-debug: Query all assets info in project
8-3-2026 03:01:49-debug: init custom config: keepNodeUuid: false, useCache: true
8-3-2026 03:01:49-debug: Skip compress image, progress: 0%
8-3-2026 03:01:49-debug: Init all bundles start..., progress: 0%
8-3-2026 03:01:49-debug: Num of bundles: 2..., progress: 0%
8-3-2026 03:01:49-debug: Query asset bundle start, progress: 0%
8-3-2026 03:01:49-debug: // ---- build task Query asset bundle ----
8-3-2026 03:01:49-debug: Init bundle root assets start..., progress: 0%
8-3-2026 03:01:49-debug: Query preload assets/scripts from cc.config.json: 60f7195c-ec2a-45eb-ba94-8955f60e81d0,1c02ae6f-4492-4915-b8f8-7492a3b1e4cd,810e96e4-e456-4468-9b59-f4e8f39732c0,efe8e2a3-eace-427b-b4f1-cb8a937ec77d,e9aa9a3e-5b2b-4ac7-a2c7-073de2b2b24f,8bbdbcdd-5cd4-4100-b6d5-b7c9625b6107,50f4348b-c883-4e2f-8f11-ce233b859fa1,fda095cb-831d-4601-ad94-846013963de8,f92806d7-1768-443f-afe8-12bcde84d0f0,dd3a144d-ab7f-41f0-82b8-2e43a090d496,f0416e68-0200-4b77-a926-4f9d16e494da,511d2633-09a7-4bdd-ac42-f778032124b3,5d45aa00-e064-4938-b314-4265f0c2258c,9361fd90-ba52-4f84-aa93-6e878fd576ca,970b0598-bcb0-4714-91fb-2e81440dccd8,bcd64cc6-2dd9-43f6-abbe-66318d332032,d930590d-bb92-4cc8-8bd1-23cd027f9edf,a3cd009f-0ab0-420d-9278-b9fdab939bbc,6a2d0734-bd9e-4ddf-946e-caa52498cb75,d9937e59-61fe-4ec6-92ab-7ac5a19c89b0,d1346436-ac96-4271-b863-1f4fdead95b0,971bdb23-3ff6-43eb-b422-1c30165a3663,17debcc3-0a6b-4b8a-b00b-dc58b885581e,711ebe11-f673-4cd9-9a83-63c60ba54c5b,c0143906-9aed-447e-9436-2ae8512d1b6e,14da1725-c4c2-42b4-ab08-ee0aeb6898b3,081cab31-dccd-428e-8652-f2404cc81c47,78e0584a-4343-4727-8f37-e14e65c2a2db,871c3b6c-7379-419d-bda3-794b239ab90d,ff9b0199-ce04-4cfe-86cc-6c719f08d6e4,de1c2107-70c8-4021-8459-6399f24d01c6,cbf30902-517f-40dc-af90-a550bac27cf1,5c601d96-e4c7-4698-991b-7ee674b11079
8-3-2026 03:01:49-debug:   Number of all scripts: 39
8-3-2026 03:01:49-debug:   Number of other assets: 486
8-3-2026 03:01:49-debug:   Number of all scenes: 3
8-3-2026 03:01:49-debug: Init bundle root assets success..., progress: 0%
8-3-2026 03:01:49-debug: // ---- build task Query asset bundle ---- (13ms)
8-3-2026 03:01:49-debug: Query asset bundle start, progress: 5%
8-3-2026 03:01:49-log: run build task Query asset bundle success in 13 ms√, progress: 5%
8-3-2026 03:01:49-debug: [Build Memory track]: Query asset bundle start:228.31MB, end 228.29MB, increase: -16.98KB
8-3-2026 03:01:49-debug: // ---- build task Query asset bundle ----
8-3-2026 03:01:49-debug: // ---- build task Query asset bundle ---- (7ms)
8-3-2026 03:01:49-log: run build task Query asset bundle success in 7 ms√, progress: 10%
8-3-2026 03:01:49-debug: [Build Memory track]: Query asset bundle start:228.32MB, end 227.65MB, increase: -682.61KB
8-3-2026 03:01:49-debug: Sort some build options to settings.json start, progress: 10%
8-3-2026 03:01:49-debug: // ---- build task Sort some build options to settings.json ----
8-3-2026 03:01:49-debug: // ---- build task Sort some build options to settings.json ---- (3ms)
8-3-2026 03:01:49-log: run build task Sort some build options to settings.json success in 3 ms√, progress: 12%
8-3-2026 03:01:49-debug: [Build Memory track]: Sort some build options to settings.json start:227.68MB, end 227.71MB, increase: 26.15KB
8-3-2026 03:01:49-debug: Fill script data to settings start, progress: 12%
8-3-2026 03:01:49-debug: // ---- build task Fill script data to settings ----
8-3-2026 03:01:49-debug: // ---- build task Fill script data to settings ---- (3ms)
8-3-2026 03:01:49-log: run build task Fill script data to settings success in 3 ms√, progress: 13%
8-3-2026 03:01:49-debug: [Build Memory track]: Fill script data to settings start:227.73MB, end 227.76MB, increase: 25.68KB
8-3-2026 03:01:49-debug: // ---- build task Sort some build options to settings.json ----
8-3-2026 03:01:49-debug: Sort some build options to settings.json start, progress: 13%
8-3-2026 03:01:49-debug: // ---- build task Sort some build options to settings.json ---- (15ms)
8-3-2026 03:01:49-log: run build task Sort some build options to settings.json success in 15 ms√, progress: 15%
8-3-2026 03:01:49-debug: [Build Memory track]: Sort some build options to settings.json start:227.79MB, end 227.91MB, increase: 125.66KB
8-3-2026 03:02:09-debug: Query all assets info in project
8-3-2026 03:02:09-debug: init custom config: keepNodeUuid: false, useCache: true
8-3-2026 03:02:09-debug: Skip compress image, progress: 0%
8-3-2026 03:02:09-debug: Init all bundles start..., progress: 0%
8-3-2026 03:02:09-debug: Query asset bundle start, progress: 0%
8-3-2026 03:02:09-debug: Num of bundles: 2..., progress: 0%
8-3-2026 03:02:09-debug: Init bundle root assets start..., progress: 0%
8-3-2026 03:02:09-debug: // ---- build task Query asset bundle ----
8-3-2026 03:02:09-debug:   Number of all scripts: 39
8-3-2026 03:02:09-debug: Query preload assets/scripts from cc.config.json: 60f7195c-ec2a-45eb-ba94-8955f60e81d0,1c02ae6f-4492-4915-b8f8-7492a3b1e4cd,810e96e4-e456-4468-9b59-f4e8f39732c0,efe8e2a3-eace-427b-b4f1-cb8a937ec77d,e9aa9a3e-5b2b-4ac7-a2c7-073de2b2b24f,8bbdbcdd-5cd4-4100-b6d5-b7c9625b6107,50f4348b-c883-4e2f-8f11-ce233b859fa1,fda095cb-831d-4601-ad94-846013963de8,f92806d7-1768-443f-afe8-12bcde84d0f0,dd3a144d-ab7f-41f0-82b8-2e43a090d496,f0416e68-0200-4b77-a926-4f9d16e494da,511d2633-09a7-4bdd-ac42-f778032124b3,5d45aa00-e064-4938-b314-4265f0c2258c,9361fd90-ba52-4f84-aa93-6e878fd576ca,970b0598-bcb0-4714-91fb-2e81440dccd8,bcd64cc6-2dd9-43f6-abbe-66318d332032,d930590d-bb92-4cc8-8bd1-23cd027f9edf,a3cd009f-0ab0-420d-9278-b9fdab939bbc,6a2d0734-bd9e-4ddf-946e-caa52498cb75,d9937e59-61fe-4ec6-92ab-7ac5a19c89b0,d1346436-ac96-4271-b863-1f4fdead95b0,971bdb23-3ff6-43eb-b422-1c30165a3663,17debcc3-0a6b-4b8a-b00b-dc58b885581e,711ebe11-f673-4cd9-9a83-63c60ba54c5b,c0143906-9aed-447e-9436-2ae8512d1b6e,14da1725-c4c2-42b4-ab08-ee0aeb6898b3,081cab31-dccd-428e-8652-f2404cc81c47,78e0584a-4343-4727-8f37-e14e65c2a2db,871c3b6c-7379-419d-bda3-794b239ab90d,ff9b0199-ce04-4cfe-86cc-6c719f08d6e4,de1c2107-70c8-4021-8459-6399f24d01c6,cbf30902-517f-40dc-af90-a550bac27cf1,5c601d96-e4c7-4698-991b-7ee674b11079
8-3-2026 03:02:09-debug:   Number of other assets: 486
8-3-2026 03:02:09-debug: Init bundle root assets success..., progress: 0%
8-3-2026 03:02:09-debug:   Number of all scenes: 3
8-3-2026 03:02:09-debug: // ---- build task Query asset bundle ---- (14ms)
8-3-2026 03:02:09-log: run build task Query asset bundle success in 14 ms√, progress: 5%
8-3-2026 03:02:09-debug: [Build Memory track]: Query asset bundle start:228.48MB, end 228.42MB, increase: -56.15KB
8-3-2026 03:02:09-debug: Query asset bundle start, progress: 5%
8-3-2026 03:02:09-debug: // ---- build task Query asset bundle ----
8-3-2026 03:02:09-debug: // ---- build task Query asset bundle ---- (7ms)
8-3-2026 03:02:09-log: run build task Query asset bundle success in 7 ms√, progress: 10%
8-3-2026 03:02:09-debug: // ---- build task Sort some build options to settings.json ----
8-3-2026 03:02:09-debug: [Build Memory track]: Query asset bundle start:228.45MB, end 227.79MB, increase: -670.24KB
8-3-2026 03:02:09-debug: Sort some build options to settings.json start, progress: 10%
8-3-2026 03:02:09-debug: // ---- build task Sort some build options to settings.json ---- (2ms)
8-3-2026 03:02:09-debug: [Build Memory track]: Sort some build options to settings.json start:227.82MB, end 227.85MB, increase: 26.15KB
8-3-2026 03:02:09-log: run build task Sort some build options to settings.json success in 2 ms√, progress: 12%
8-3-2026 03:02:09-debug: Fill script data to settings start, progress: 12%
8-3-2026 03:02:09-debug: // ---- build task Fill script data to settings ----
8-3-2026 03:02:09-debug: // ---- build task Fill script data to settings ---- (3ms)
8-3-2026 03:02:09-log: run build task Fill script data to settings success in 3 ms√, progress: 13%
8-3-2026 03:02:09-debug: [Build Memory track]: Fill script data to settings start:227.87MB, end 227.90MB, increase: 25.49KB
8-3-2026 03:02:09-debug: Sort some build options to settings.json start, progress: 13%
8-3-2026 03:02:09-debug: // ---- build task Sort some build options to settings.json ----
8-3-2026 03:02:09-debug: // ---- build task Sort some build options to settings.json ---- (13ms)
8-3-2026 03:02:09-log: run build task Sort some build options to settings.json success in 13 ms√, progress: 15%
8-3-2026 03:02:09-debug: [Build Memory track]: Sort some build options to settings.json start:227.93MB, end 228.06MB, increase: 134.85KB
8-3-2026 03:02:38-debug: Query all assets info in project
8-3-2026 03:02:38-debug: init custom config: keepNodeUuid: false, useCache: true
8-3-2026 03:02:38-debug: Skip compress image, progress: 0%
8-3-2026 03:02:38-debug: Num of bundles: 2..., progress: 0%
8-3-2026 03:02:38-debug: Init all bundles start..., progress: 0%
8-3-2026 03:02:38-debug: // ---- build task Query asset bundle ----
8-3-2026 03:02:38-debug: Query asset bundle start, progress: 0%
8-3-2026 03:02:38-debug: Init bundle root assets start..., progress: 0%
8-3-2026 03:02:38-debug: Query preload assets/scripts from cc.config.json: 60f7195c-ec2a-45eb-ba94-8955f60e81d0,1c02ae6f-4492-4915-b8f8-7492a3b1e4cd,810e96e4-e456-4468-9b59-f4e8f39732c0,efe8e2a3-eace-427b-b4f1-cb8a937ec77d,e9aa9a3e-5b2b-4ac7-a2c7-073de2b2b24f,8bbdbcdd-5cd4-4100-b6d5-b7c9625b6107,50f4348b-c883-4e2f-8f11-ce233b859fa1,fda095cb-831d-4601-ad94-846013963de8,f92806d7-1768-443f-afe8-12bcde84d0f0,dd3a144d-ab7f-41f0-82b8-2e43a090d496,f0416e68-0200-4b77-a926-4f9d16e494da,511d2633-09a7-4bdd-ac42-f778032124b3,5d45aa00-e064-4938-b314-4265f0c2258c,9361fd90-ba52-4f84-aa93-6e878fd576ca,970b0598-bcb0-4714-91fb-2e81440dccd8,bcd64cc6-2dd9-43f6-abbe-66318d332032,d930590d-bb92-4cc8-8bd1-23cd027f9edf,a3cd009f-0ab0-420d-9278-b9fdab939bbc,6a2d0734-bd9e-4ddf-946e-caa52498cb75,d9937e59-61fe-4ec6-92ab-7ac5a19c89b0,d1346436-ac96-4271-b863-1f4fdead95b0,971bdb23-3ff6-43eb-b422-1c30165a3663,17debcc3-0a6b-4b8a-b00b-dc58b885581e,711ebe11-f673-4cd9-9a83-63c60ba54c5b,c0143906-9aed-447e-9436-2ae8512d1b6e,14da1725-c4c2-42b4-ab08-ee0aeb6898b3,081cab31-dccd-428e-8652-f2404cc81c47,78e0584a-4343-4727-8f37-e14e65c2a2db,871c3b6c-7379-419d-bda3-794b239ab90d,ff9b0199-ce04-4cfe-86cc-6c719f08d6e4,de1c2107-70c8-4021-8459-6399f24d01c6,cbf30902-517f-40dc-af90-a550bac27cf1,5c601d96-e4c7-4698-991b-7ee674b11079
8-3-2026 03:02:38-debug:   Number of other assets: 486
8-3-2026 03:02:38-debug:   Number of all scripts: 39
8-3-2026 03:02:38-debug: Init bundle root assets success..., progress: 0%
8-3-2026 03:02:38-debug:   Number of all scenes: 3
8-3-2026 03:02:38-debug: // ---- build task Query asset bundle ---- (14ms)
8-3-2026 03:02:38-log: run build task Query asset bundle success in 14 ms√, progress: 5%
8-3-2026 03:02:38-debug: [Build Memory track]: Query asset bundle start:228.57MB, end 228.55MB, increase: -16.90KB
8-3-2026 03:02:38-debug: // ---- build task Query asset bundle ----
8-3-2026 03:02:38-debug: Query asset bundle start, progress: 5%
8-3-2026 03:02:38-log: run build task Query asset bundle success in 5 ms√, progress: 10%
8-3-2026 03:02:38-debug: [Build Memory track]: Query asset bundle start:228.58MB, end 227.89MB, increase: -700.87KB
8-3-2026 03:02:38-debug: Sort some build options to settings.json start, progress: 10%
8-3-2026 03:02:38-debug: // ---- build task Query asset bundle ---- (5ms)
8-3-2026 03:02:38-debug: // ---- build task Sort some build options to settings.json ----
8-3-2026 03:02:38-debug: // ---- build task Sort some build options to settings.json ---- (3ms)
8-3-2026 03:02:38-log: run build task Sort some build options to settings.json success in 3 ms√, progress: 12%
8-3-2026 03:02:38-debug: [Build Memory track]: Sort some build options to settings.json start:227.92MB, end 227.94MB, increase: 26.21KB
8-3-2026 03:02:38-debug: // ---- build task Fill script data to settings ----
8-3-2026 03:02:38-debug: Fill script data to settings start, progress: 12%
8-3-2026 03:02:38-debug: // ---- build task Fill script data to settings ---- (4ms)
8-3-2026 03:02:38-log: run build task Fill script data to settings success in 4 ms√, progress: 13%
8-3-2026 03:02:38-debug: [Build Memory track]: Fill script data to settings start:227.97MB, end 228.00MB, increase: 25.54KB
8-3-2026 03:02:38-debug: // ---- build task Sort some build options to settings.json ----
8-3-2026 03:02:38-debug: Sort some build options to settings.json start, progress: 13%
8-3-2026 03:02:38-debug: // ---- build task Sort some build options to settings.json ---- (13ms)
8-3-2026 03:02:38-log: run build task Sort some build options to settings.json success in 13 ms√, progress: 15%
8-3-2026 03:02:38-debug: [Build Memory track]: Sort some build options to settings.json start:228.02MB, end 228.16MB, increase: 140.81KB
8-3-2026 03:03:02-debug: Query all assets info in project
8-3-2026 03:03:02-debug: init custom config: keepNodeUuid: false, useCache: true
8-3-2026 03:03:02-debug: Skip compress image, progress: 0%
8-3-2026 03:03:02-debug: Init all bundles start..., progress: 0%
8-3-2026 03:03:02-debug: // ---- build task Query asset bundle ----
8-3-2026 03:03:02-debug: Num of bundles: 2..., progress: 0%
8-3-2026 03:03:02-debug: Init bundle root assets start..., progress: 0%
8-3-2026 03:03:02-debug: Query asset bundle start, progress: 0%
8-3-2026 03:03:02-debug:   Number of all scripts: 39
8-3-2026 03:03:02-debug:   Number of other assets: 486
8-3-2026 03:03:02-debug: Query preload assets/scripts from cc.config.json: 60f7195c-ec2a-45eb-ba94-8955f60e81d0,1c02ae6f-4492-4915-b8f8-7492a3b1e4cd,810e96e4-e456-4468-9b59-f4e8f39732c0,efe8e2a3-eace-427b-b4f1-cb8a937ec77d,e9aa9a3e-5b2b-4ac7-a2c7-073de2b2b24f,8bbdbcdd-5cd4-4100-b6d5-b7c9625b6107,50f4348b-c883-4e2f-8f11-ce233b859fa1,fda095cb-831d-4601-ad94-846013963de8,f92806d7-1768-443f-afe8-12bcde84d0f0,dd3a144d-ab7f-41f0-82b8-2e43a090d496,f0416e68-0200-4b77-a926-4f9d16e494da,511d2633-09a7-4bdd-ac42-f778032124b3,5d45aa00-e064-4938-b314-4265f0c2258c,9361fd90-ba52-4f84-aa93-6e878fd576ca,970b0598-bcb0-4714-91fb-2e81440dccd8,bcd64cc6-2dd9-43f6-abbe-66318d332032,d930590d-bb92-4cc8-8bd1-23cd027f9edf,a3cd009f-0ab0-420d-9278-b9fdab939bbc,6a2d0734-bd9e-4ddf-946e-caa52498cb75,d9937e59-61fe-4ec6-92ab-7ac5a19c89b0,d1346436-ac96-4271-b863-1f4fdead95b0,971bdb23-3ff6-43eb-b422-1c30165a3663,17debcc3-0a6b-4b8a-b00b-dc58b885581e,711ebe11-f673-4cd9-9a83-63c60ba54c5b,c0143906-9aed-447e-9436-2ae8512d1b6e,14da1725-c4c2-42b4-ab08-ee0aeb6898b3,081cab31-dccd-428e-8652-f2404cc81c47,78e0584a-4343-4727-8f37-e14e65c2a2db,871c3b6c-7379-419d-bda3-794b239ab90d,ff9b0199-ce04-4cfe-86cc-6c719f08d6e4,de1c2107-70c8-4021-8459-6399f24d01c6,cbf30902-517f-40dc-af90-a550bac27cf1,5c601d96-e4c7-4698-991b-7ee674b11079
8-3-2026 03:03:02-debug:   Number of all scenes: 3
8-3-2026 03:03:02-debug: Init bundle root assets success..., progress: 0%
8-3-2026 03:03:02-log: run build task Query asset bundle success in 14 ms√, progress: 5%
8-3-2026 03:03:02-debug: // ---- build task Query asset bundle ---- (14ms)
8-3-2026 03:03:02-debug: [Build Memory track]: Query asset bundle start:228.69MB, end 228.66MB, increase: -36.14KB
8-3-2026 03:03:02-debug: Query asset bundle start, progress: 5%
8-3-2026 03:03:02-debug: // ---- build task Query asset bundle ----
8-3-2026 03:03:02-debug: // ---- build task Query asset bundle ---- (11ms)
8-3-2026 03:03:02-log: run build task Query asset bundle success in 11 ms√, progress: 10%
8-3-2026 03:03:02-debug: [Build Memory track]: Query asset bundle start:228.68MB, end 228.03MB, increase: -672.09KB
8-3-2026 03:03:02-debug: Sort some build options to settings.json start, progress: 10%
8-3-2026 03:03:02-debug: // ---- build task Sort some build options to settings.json ----
8-3-2026 03:03:02-debug: // ---- build task Sort some build options to settings.json ---- (9ms)
8-3-2026 03:03:02-debug: [Build Memory track]: Sort some build options to settings.json start:228.05MB, end 228.08MB, increase: 26.18KB
8-3-2026 03:03:02-log: run build task Sort some build options to settings.json success in 9 ms√, progress: 12%
8-3-2026 03:03:02-debug: Fill script data to settings start, progress: 12%
8-3-2026 03:03:02-debug: // ---- build task Fill script data to settings ----
8-3-2026 03:03:02-debug: // ---- build task Fill script data to settings ---- (6ms)
8-3-2026 03:03:02-log: run build task Fill script data to settings success in 6 ms√, progress: 13%
8-3-2026 03:03:02-debug: Sort some build options to settings.json start, progress: 13%
8-3-2026 03:03:02-debug: [Build Memory track]: Fill script data to settings start:228.11MB, end 228.13MB, increase: 25.57KB
8-3-2026 03:03:02-debug: // ---- build task Sort some build options to settings.json ----
8-3-2026 03:03:02-debug: // ---- build task Sort some build options to settings.json ---- (11ms)
8-3-2026 03:03:02-debug: [Build Memory track]: Sort some build options to settings.json start:228.16MB, end 228.29MB, increase: 139.18KB
8-3-2026 03:03:02-log: run build task Sort some build options to settings.json success in 11 ms√, progress: 15%
8-3-2026 03:03:23-debug: Query all assets info in project
8-3-2026 03:03:23-debug: init custom config: keepNodeUuid: false, useCache: true
8-3-2026 03:03:23-debug: Skip compress image, progress: 0%
8-3-2026 03:03:23-debug: Init all bundles start..., progress: 0%
8-3-2026 03:03:23-debug: // ---- build task Query asset bundle ----
8-3-2026 03:03:23-debug: Num of bundles: 2..., progress: 0%
8-3-2026 03:03:23-debug: Init bundle root assets start..., progress: 0%
8-3-2026 03:03:23-debug: Query asset bundle start, progress: 0%
8-3-2026 03:03:23-debug: Query preload assets/scripts from cc.config.json: 60f7195c-ec2a-45eb-ba94-8955f60e81d0,1c02ae6f-4492-4915-b8f8-7492a3b1e4cd,810e96e4-e456-4468-9b59-f4e8f39732c0,efe8e2a3-eace-427b-b4f1-cb8a937ec77d,e9aa9a3e-5b2b-4ac7-a2c7-073de2b2b24f,8bbdbcdd-5cd4-4100-b6d5-b7c9625b6107,50f4348b-c883-4e2f-8f11-ce233b859fa1,fda095cb-831d-4601-ad94-846013963de8,f92806d7-1768-443f-afe8-12bcde84d0f0,dd3a144d-ab7f-41f0-82b8-2e43a090d496,f0416e68-0200-4b77-a926-4f9d16e494da,511d2633-09a7-4bdd-ac42-f778032124b3,5d45aa00-e064-4938-b314-4265f0c2258c,9361fd90-ba52-4f84-aa93-6e878fd576ca,970b0598-bcb0-4714-91fb-2e81440dccd8,bcd64cc6-2dd9-43f6-abbe-66318d332032,d930590d-bb92-4cc8-8bd1-23cd027f9edf,a3cd009f-0ab0-420d-9278-b9fdab939bbc,6a2d0734-bd9e-4ddf-946e-caa52498cb75,d9937e59-61fe-4ec6-92ab-7ac5a19c89b0,d1346436-ac96-4271-b863-1f4fdead95b0,971bdb23-3ff6-43eb-b422-1c30165a3663,17debcc3-0a6b-4b8a-b00b-dc58b885581e,711ebe11-f673-4cd9-9a83-63c60ba54c5b,c0143906-9aed-447e-9436-2ae8512d1b6e,14da1725-c4c2-42b4-ab08-ee0aeb6898b3,081cab31-dccd-428e-8652-f2404cc81c47,78e0584a-4343-4727-8f37-e14e65c2a2db,871c3b6c-7379-419d-bda3-794b239ab90d,ff9b0199-ce04-4cfe-86cc-6c719f08d6e4,de1c2107-70c8-4021-8459-6399f24d01c6,cbf30902-517f-40dc-af90-a550bac27cf1,5c601d96-e4c7-4698-991b-7ee674b11079
8-3-2026 03:03:23-debug:   Number of all scenes: 3
8-3-2026 03:03:23-debug:   Number of all scripts: 39
8-3-2026 03:03:23-debug:   Number of other assets: 486
8-3-2026 03:03:23-debug: Init bundle root assets success..., progress: 0%
8-3-2026 03:03:23-debug: // ---- build task Query asset bundle ---- (14ms)
8-3-2026 03:03:23-log: run build task Query asset bundle success in 14 ms√, progress: 5%
8-3-2026 03:03:23-debug: [Build Memory track]: Query asset bundle start:228.80MB, end 228.76MB, increase: -36.42KB
8-3-2026 03:03:23-debug: Query asset bundle start, progress: 5%
8-3-2026 03:03:23-debug: // ---- build task Query asset bundle ----
8-3-2026 03:03:23-debug: // ---- build task Query asset bundle ---- (7ms)
8-3-2026 03:03:23-debug: [Build Memory track]: Query asset bundle start:228.79MB, end 228.11MB, increase: -692.40KB
8-3-2026 03:03:23-debug: Sort some build options to settings.json start, progress: 10%
8-3-2026 03:03:23-log: run build task Query asset bundle success in 7 ms√, progress: 10%
8-3-2026 03:03:23-debug: // ---- build task Sort some build options to settings.json ----
8-3-2026 03:03:23-debug: // ---- build task Sort some build options to settings.json ---- (6ms)
8-3-2026 03:03:23-log: run build task Sort some build options to settings.json success in 6 ms√, progress: 12%
8-3-2026 03:03:23-debug: Fill script data to settings start, progress: 12%
8-3-2026 03:03:23-debug: [Build Memory track]: Sort some build options to settings.json start:228.14MB, end 228.16MB, increase: 26.15KB
8-3-2026 03:03:23-debug: // ---- build task Fill script data to settings ----
8-3-2026 03:03:23-debug: // ---- build task Fill script data to settings ---- (3ms)
8-3-2026 03:03:23-log: run build task Fill script data to settings success in 3 ms√, progress: 13%
8-3-2026 03:03:23-debug: [Build Memory track]: Fill script data to settings start:228.19MB, end 228.22MB, increase: 25.54KB
8-3-2026 03:03:23-debug: Sort some build options to settings.json start, progress: 13%
8-3-2026 03:03:23-debug: // ---- build task Sort some build options to settings.json ----
8-3-2026 03:03:23-debug: // ---- build task Sort some build options to settings.json ---- (19ms)
8-3-2026 03:03:23-debug: [Build Memory track]: Sort some build options to settings.json start:228.24MB, end 228.37MB, increase: 130.99KB
8-3-2026 03:03:23-log: run build task Sort some build options to settings.json success in 19 ms√, progress: 15%
8-3-2026 03:03:48-debug: Query all assets info in project
8-3-2026 03:03:48-debug: init custom config: keepNodeUuid: false, useCache: true
8-3-2026 03:03:48-debug: Skip compress image, progress: 0%
8-3-2026 03:03:48-debug: Num of bundles: 2..., progress: 0%
8-3-2026 03:03:48-debug: // ---- build task Query asset bundle ----
8-3-2026 03:03:48-debug: Init bundle root assets start..., progress: 0%
8-3-2026 03:03:48-debug: Init all bundles start..., progress: 0%
8-3-2026 03:03:48-debug: Query asset bundle start, progress: 0%
8-3-2026 03:03:48-debug: Query preload assets/scripts from cc.config.json: 60f7195c-ec2a-45eb-ba94-8955f60e81d0,1c02ae6f-4492-4915-b8f8-7492a3b1e4cd,810e96e4-e456-4468-9b59-f4e8f39732c0,efe8e2a3-eace-427b-b4f1-cb8a937ec77d,e9aa9a3e-5b2b-4ac7-a2c7-073de2b2b24f,8bbdbcdd-5cd4-4100-b6d5-b7c9625b6107,50f4348b-c883-4e2f-8f11-ce233b859fa1,fda095cb-831d-4601-ad94-846013963de8,f92806d7-1768-443f-afe8-12bcde84d0f0,dd3a144d-ab7f-41f0-82b8-2e43a090d496,f0416e68-0200-4b77-a926-4f9d16e494da,511d2633-09a7-4bdd-ac42-f778032124b3,5d45aa00-e064-4938-b314-4265f0c2258c,9361fd90-ba52-4f84-aa93-6e878fd576ca,970b0598-bcb0-4714-91fb-2e81440dccd8,bcd64cc6-2dd9-43f6-abbe-66318d332032,d930590d-bb92-4cc8-8bd1-23cd027f9edf,a3cd009f-0ab0-420d-9278-b9fdab939bbc,6a2d0734-bd9e-4ddf-946e-caa52498cb75,d9937e59-61fe-4ec6-92ab-7ac5a19c89b0,d1346436-ac96-4271-b863-1f4fdead95b0,971bdb23-3ff6-43eb-b422-1c30165a3663,17debcc3-0a6b-4b8a-b00b-dc58b885581e,711ebe11-f673-4cd9-9a83-63c60ba54c5b,c0143906-9aed-447e-9436-2ae8512d1b6e,14da1725-c4c2-42b4-ab08-ee0aeb6898b3,081cab31-dccd-428e-8652-f2404cc81c47,78e0584a-4343-4727-8f37-e14e65c2a2db,871c3b6c-7379-419d-bda3-794b239ab90d,ff9b0199-ce04-4cfe-86cc-6c719f08d6e4,de1c2107-70c8-4021-8459-6399f24d01c6,cbf30902-517f-40dc-af90-a550bac27cf1,5c601d96-e4c7-4698-991b-7ee674b11079
8-3-2026 03:03:48-debug:   Number of other assets: 486
8-3-2026 03:03:48-debug: Init bundle root assets success..., progress: 0%
8-3-2026 03:03:48-debug:   Number of all scripts: 39
8-3-2026 03:03:48-debug:   Number of all scenes: 3
8-3-2026 03:03:48-debug: // ---- build task Query asset bundle ---- (14ms)
8-3-2026 03:03:48-log: run build task Query asset bundle success in 14 ms√, progress: 5%
8-3-2026 03:03:48-debug: [Build Memory track]: Query asset bundle start:228.89MB, end 228.87MB, increase: -19.57KB
8-3-2026 03:03:48-debug: Query asset bundle start, progress: 5%
8-3-2026 03:03:48-debug: // ---- build task Query asset bundle ----
8-3-2026 03:03:48-debug: // ---- build task Query asset bundle ---- (8ms)
8-3-2026 03:03:48-log: run build task Query asset bundle success in 8 ms√, progress: 10%
8-3-2026 03:03:48-debug: [Build Memory track]: Query asset bundle start:228.90MB, end 228.21MB, increase: -703.70KB
8-3-2026 03:03:48-debug: Sort some build options to settings.json start, progress: 10%
8-3-2026 03:03:48-debug: // ---- build task Sort some build options to settings.json ----
8-3-2026 03:03:48-debug: // ---- build task Sort some build options to settings.json ---- (1ms)
8-3-2026 03:03:48-log: run build task Sort some build options to settings.json success in 1 ms√, progress: 12%
8-3-2026 03:03:48-debug: [Build Memory track]: Sort some build options to settings.json start:228.24MB, end 228.26MB, increase: 25.29KB
8-3-2026 03:03:48-debug: Fill script data to settings start, progress: 12%
8-3-2026 03:03:48-debug: // ---- build task Fill script data to settings ----
8-3-2026 03:03:48-debug: // ---- build task Fill script data to settings ---- (3ms)
8-3-2026 03:03:48-debug: [Build Memory track]: Fill script data to settings start:228.29MB, end 228.31MB, increase: 26.33KB
8-3-2026 03:03:48-log: run build task Fill script data to settings success in 3 ms√, progress: 13%
8-3-2026 03:03:48-debug: Sort some build options to settings.json start, progress: 13%
8-3-2026 03:03:48-debug: // ---- build task Sort some build options to settings.json ----
8-3-2026 03:03:48-debug: // ---- build task Sort some build options to settings.json ---- (16ms)
8-3-2026 03:03:48-log: run build task Sort some build options to settings.json success in 16 ms√, progress: 15%
8-3-2026 03:03:48-debug: [Build Memory track]: Sort some build options to settings.json start:228.34MB, end 228.48MB, increase: 140.99KB
8-3-2026 03:04:10-debug: Query all assets info in project
8-3-2026 03:04:10-debug: init custom config: keepNodeUuid: false, useCache: true
8-3-2026 03:04:10-debug: Skip compress image, progress: 0%
8-3-2026 03:04:10-debug: Init all bundles start..., progress: 0%
8-3-2026 03:04:10-debug: // ---- build task Query asset bundle ----
8-3-2026 03:04:10-debug: Init bundle root assets start..., progress: 0%
8-3-2026 03:04:10-debug: Query asset bundle start, progress: 0%
8-3-2026 03:04:10-debug: Num of bundles: 2..., progress: 0%
8-3-2026 03:04:10-debug: Query preload assets/scripts from cc.config.json: 60f7195c-ec2a-45eb-ba94-8955f60e81d0,1c02ae6f-4492-4915-b8f8-7492a3b1e4cd,810e96e4-e456-4468-9b59-f4e8f39732c0,efe8e2a3-eace-427b-b4f1-cb8a937ec77d,e9aa9a3e-5b2b-4ac7-a2c7-073de2b2b24f,8bbdbcdd-5cd4-4100-b6d5-b7c9625b6107,50f4348b-c883-4e2f-8f11-ce233b859fa1,fda095cb-831d-4601-ad94-846013963de8,f92806d7-1768-443f-afe8-12bcde84d0f0,dd3a144d-ab7f-41f0-82b8-2e43a090d496,f0416e68-0200-4b77-a926-4f9d16e494da,511d2633-09a7-4bdd-ac42-f778032124b3,5d45aa00-e064-4938-b314-4265f0c2258c,9361fd90-ba52-4f84-aa93-6e878fd576ca,970b0598-bcb0-4714-91fb-2e81440dccd8,bcd64cc6-2dd9-43f6-abbe-66318d332032,d930590d-bb92-4cc8-8bd1-23cd027f9edf,a3cd009f-0ab0-420d-9278-b9fdab939bbc,6a2d0734-bd9e-4ddf-946e-caa52498cb75,d9937e59-61fe-4ec6-92ab-7ac5a19c89b0,d1346436-ac96-4271-b863-1f4fdead95b0,971bdb23-3ff6-43eb-b422-1c30165a3663,17debcc3-0a6b-4b8a-b00b-dc58b885581e,711ebe11-f673-4cd9-9a83-63c60ba54c5b,c0143906-9aed-447e-9436-2ae8512d1b6e,14da1725-c4c2-42b4-ab08-ee0aeb6898b3,081cab31-dccd-428e-8652-f2404cc81c47,78e0584a-4343-4727-8f37-e14e65c2a2db,871c3b6c-7379-419d-bda3-794b239ab90d,ff9b0199-ce04-4cfe-86cc-6c719f08d6e4,de1c2107-70c8-4021-8459-6399f24d01c6,cbf30902-517f-40dc-af90-a550bac27cf1,5c601d96-e4c7-4698-991b-7ee674b11079
8-3-2026 03:04:10-debug:   Number of other assets: 486
8-3-2026 03:04:10-debug:   Number of all scripts: 39
8-3-2026 03:04:10-debug: Init bundle root assets success..., progress: 0%
8-3-2026 03:04:10-debug:   Number of all scenes: 3
8-3-2026 03:04:10-debug: // ---- build task Query asset bundle ---- (11ms)
8-3-2026 03:04:10-log: run build task Query asset bundle success in 11 ms√, progress: 5%
8-3-2026 03:04:10-debug: [Build Memory track]: Query asset bundle start:229.01MB, end 228.97MB, increase: -35.20KB
8-3-2026 03:04:10-debug: // ---- build task Query asset bundle ----
8-3-2026 03:04:10-debug: Query asset bundle start, progress: 5%
8-3-2026 03:04:10-debug: // ---- build task Query asset bundle ---- (5ms)
8-3-2026 03:04:10-log: run build task Query asset bundle success in 5 ms√, progress: 10%
8-3-2026 03:04:10-debug: [Build Memory track]: Query asset bundle start:229.00MB, end 228.32MB, increase: -696.98KB
8-3-2026 03:04:10-debug: Sort some build options to settings.json start, progress: 10%
8-3-2026 03:04:10-debug: // ---- build task Sort some build options to settings.json ----
8-3-2026 03:04:10-debug: // ---- build task Sort some build options to settings.json ---- (4ms)
8-3-2026 03:04:10-log: run build task Sort some build options to settings.json success in 4 ms√, progress: 12%
8-3-2026 03:04:10-debug: [Build Memory track]: Sort some build options to settings.json start:228.35MB, end 228.37MB, increase: 26.37KB
8-3-2026 03:04:10-debug: Fill script data to settings start, progress: 12%
8-3-2026 03:04:10-debug: // ---- build task Fill script data to settings ----
8-3-2026 03:04:10-debug: // ---- build task Fill script data to settings ---- (3ms)
8-3-2026 03:04:10-log: run build task Fill script data to settings success in 3 ms√, progress: 13%
8-3-2026 03:04:10-debug: [Build Memory track]: Fill script data to settings start:228.40MB, end 228.43MB, increase: 25.54KB
8-3-2026 03:04:10-debug: Sort some build options to settings.json start, progress: 13%
8-3-2026 03:04:10-debug: // ---- build task Sort some build options to settings.json ----
8-3-2026 03:04:10-debug: // ---- build task Sort some build options to settings.json ---- (13ms)
8-3-2026 03:04:10-debug: [Build Memory track]: Sort some build options to settings.json start:228.45MB, end 228.58MB, increase: 134.17KB
8-3-2026 03:04:10-log: run build task Sort some build options to settings.json success in 13 ms√, progress: 15%
8-3-2026 03:04:34-debug: Query all assets info in project
8-3-2026 03:04:34-debug: init custom config: keepNodeUuid: false, useCache: true
8-3-2026 03:04:34-debug: Skip compress image, progress: 0%
8-3-2026 03:04:34-debug: Init all bundles start..., progress: 0%
8-3-2026 03:04:34-debug: // ---- build task Query asset bundle ----
8-3-2026 03:04:34-debug: Init bundle root assets start..., progress: 0%
8-3-2026 03:04:34-debug: Num of bundles: 2..., progress: 0%
8-3-2026 03:04:34-debug: Query asset bundle start, progress: 0%
8-3-2026 03:04:34-debug: Query preload assets/scripts from cc.config.json: 60f7195c-ec2a-45eb-ba94-8955f60e81d0,1c02ae6f-4492-4915-b8f8-7492a3b1e4cd,810e96e4-e456-4468-9b59-f4e8f39732c0,efe8e2a3-eace-427b-b4f1-cb8a937ec77d,e9aa9a3e-5b2b-4ac7-a2c7-073de2b2b24f,8bbdbcdd-5cd4-4100-b6d5-b7c9625b6107,50f4348b-c883-4e2f-8f11-ce233b859fa1,fda095cb-831d-4601-ad94-846013963de8,f92806d7-1768-443f-afe8-12bcde84d0f0,dd3a144d-ab7f-41f0-82b8-2e43a090d496,f0416e68-0200-4b77-a926-4f9d16e494da,511d2633-09a7-4bdd-ac42-f778032124b3,5d45aa00-e064-4938-b314-4265f0c2258c,9361fd90-ba52-4f84-aa93-6e878fd576ca,970b0598-bcb0-4714-91fb-2e81440dccd8,bcd64cc6-2dd9-43f6-abbe-66318d332032,d930590d-bb92-4cc8-8bd1-23cd027f9edf,a3cd009f-0ab0-420d-9278-b9fdab939bbc,6a2d0734-bd9e-4ddf-946e-caa52498cb75,d9937e59-61fe-4ec6-92ab-7ac5a19c89b0,d1346436-ac96-4271-b863-1f4fdead95b0,971bdb23-3ff6-43eb-b422-1c30165a3663,17debcc3-0a6b-4b8a-b00b-dc58b885581e,711ebe11-f673-4cd9-9a83-63c60ba54c5b,c0143906-9aed-447e-9436-2ae8512d1b6e,14da1725-c4c2-42b4-ab08-ee0aeb6898b3,081cab31-dccd-428e-8652-f2404cc81c47,78e0584a-4343-4727-8f37-e14e65c2a2db,871c3b6c-7379-419d-bda3-794b239ab90d,ff9b0199-ce04-4cfe-86cc-6c719f08d6e4,de1c2107-70c8-4021-8459-6399f24d01c6,cbf30902-517f-40dc-af90-a550bac27cf1,5c601d96-e4c7-4698-991b-7ee674b11079
8-3-2026 03:04:34-debug:   Number of all scenes: 3
8-3-2026 03:04:34-debug:   Number of all scripts: 39
8-3-2026 03:04:34-debug:   Number of other assets: 486
8-3-2026 03:04:34-debug: Init bundle root assets success..., progress: 0%
8-3-2026 03:04:34-debug: // ---- build task Query asset bundle ---- (14ms)
8-3-2026 03:04:34-log: run build task Query asset bundle success in 14 ms√, progress: 5%
8-3-2026 03:04:34-debug: [Build Memory track]: Query asset bundle start:229.09MB, end 229.08MB, increase: -14.57KB
8-3-2026 03:04:34-debug: // ---- build task Query asset bundle ----
8-3-2026 03:04:34-debug: Query asset bundle start, progress: 5%
8-3-2026 03:04:34-debug: // ---- build task Query asset bundle ---- (6ms)
8-3-2026 03:04:34-debug: [Build Memory track]: Query asset bundle start:229.10MB, end 228.42MB, increase: -696.70KB
8-3-2026 03:04:34-debug: Sort some build options to settings.json start, progress: 10%
8-3-2026 03:04:34-log: run build task Query asset bundle success in 6 ms√, progress: 10%
8-3-2026 03:04:34-debug: // ---- build task Sort some build options to settings.json ----
8-3-2026 03:04:34-debug: // ---- build task Sort some build options to settings.json ---- (3ms)
8-3-2026 03:04:34-log: run build task Sort some build options to settings.json success in 3 ms√, progress: 12%
8-3-2026 03:04:34-debug: [Build Memory track]: Sort some build options to settings.json start:228.45MB, end 228.48MB, increase: 26.15KB
8-3-2026 03:04:34-debug: Fill script data to settings start, progress: 12%
8-3-2026 03:04:34-debug: // ---- build task Fill script data to settings ----
8-3-2026 03:04:34-debug: // ---- build task Fill script data to settings ---- (3ms)
8-3-2026 03:04:34-log: run build task Fill script data to settings success in 3 ms√, progress: 13%
8-3-2026 03:04:34-debug: Sort some build options to settings.json start, progress: 13%
8-3-2026 03:04:34-debug: // ---- build task Sort some build options to settings.json ----
8-3-2026 03:04:34-debug: [Build Memory track]: Fill script data to settings start:228.50MB, end 228.53MB, increase: 25.65KB
8-3-2026 03:04:34-debug: // ---- build task Sort some build options to settings.json ---- (15ms)
8-3-2026 03:04:34-log: run build task Sort some build options to settings.json success in 15 ms√, progress: 15%
8-3-2026 03:04:34-debug: [Build Memory track]: Sort some build options to settings.json start:228.56MB, end 228.69MB, increase: 134.38KB
8-3-2026 03:04:57-debug: Query all assets info in project
8-3-2026 03:04:57-debug: init custom config: keepNodeUuid: false, useCache: true
8-3-2026 03:04:57-debug: Skip compress image, progress: 0%
8-3-2026 03:04:57-debug: Init all bundles start..., progress: 0%
8-3-2026 03:04:57-debug: Num of bundles: 2..., progress: 0%
8-3-2026 03:04:57-debug: Query asset bundle start, progress: 0%
8-3-2026 03:04:57-debug: // ---- build task Query asset bundle ----
8-3-2026 03:04:57-debug: Init bundle root assets start..., progress: 0%
8-3-2026 03:04:57-debug:   Number of all scenes: 3
8-3-2026 03:04:57-debug:   Number of all scripts: 39
8-3-2026 03:04:57-debug:   Number of other assets: 486
8-3-2026 03:04:57-debug: Query preload assets/scripts from cc.config.json: 60f7195c-ec2a-45eb-ba94-8955f60e81d0,1c02ae6f-4492-4915-b8f8-7492a3b1e4cd,810e96e4-e456-4468-9b59-f4e8f39732c0,efe8e2a3-eace-427b-b4f1-cb8a937ec77d,e9aa9a3e-5b2b-4ac7-a2c7-073de2b2b24f,8bbdbcdd-5cd4-4100-b6d5-b7c9625b6107,50f4348b-c883-4e2f-8f11-ce233b859fa1,fda095cb-831d-4601-ad94-846013963de8,f92806d7-1768-443f-afe8-12bcde84d0f0,dd3a144d-ab7f-41f0-82b8-2e43a090d496,f0416e68-0200-4b77-a926-4f9d16e494da,511d2633-09a7-4bdd-ac42-f778032124b3,5d45aa00-e064-4938-b314-4265f0c2258c,9361fd90-ba52-4f84-aa93-6e878fd576ca,970b0598-bcb0-4714-91fb-2e81440dccd8,bcd64cc6-2dd9-43f6-abbe-66318d332032,d930590d-bb92-4cc8-8bd1-23cd027f9edf,a3cd009f-0ab0-420d-9278-b9fdab939bbc,6a2d0734-bd9e-4ddf-946e-caa52498cb75,d9937e59-61fe-4ec6-92ab-7ac5a19c89b0,d1346436-ac96-4271-b863-1f4fdead95b0,971bdb23-3ff6-43eb-b422-1c30165a3663,17debcc3-0a6b-4b8a-b00b-dc58b885581e,711ebe11-f673-4cd9-9a83-63c60ba54c5b,c0143906-9aed-447e-9436-2ae8512d1b6e,14da1725-c4c2-42b4-ab08-ee0aeb6898b3,081cab31-dccd-428e-8652-f2404cc81c47,78e0584a-4343-4727-8f37-e14e65c2a2db,871c3b6c-7379-419d-bda3-794b239ab90d,ff9b0199-ce04-4cfe-86cc-6c719f08d6e4,de1c2107-70c8-4021-8459-6399f24d01c6,cbf30902-517f-40dc-af90-a550bac27cf1,5c601d96-e4c7-4698-991b-7ee674b11079
8-3-2026 03:04:57-debug: Init bundle root assets success..., progress: 0%
8-3-2026 03:04:57-debug: // ---- build task Query asset bundle ---- (12ms)
8-3-2026 03:04:57-log: run build task Query asset bundle success in 12 ms√, progress: 5%
8-3-2026 03:04:57-debug: [Build Memory track]: Query asset bundle start:229.19MB, end 229.18MB, increase: -16.88KB
8-3-2026 03:04:57-debug: Query asset bundle start, progress: 5%
8-3-2026 03:04:57-debug: // ---- build task Query asset bundle ----
8-3-2026 03:04:57-debug: // ---- build task Query asset bundle ---- (5ms)
8-3-2026 03:04:57-log: run build task Query asset bundle success in 5 ms√, progress: 10%
8-3-2026 03:04:57-debug: [Build Memory track]: Query asset bundle start:229.21MB, end 228.53MB, increase: -693.84KB
8-3-2026 03:04:57-debug: Sort some build options to settings.json start, progress: 10%
8-3-2026 03:04:57-debug: // ---- build task Sort some build options to settings.json ----
8-3-2026 03:04:57-debug: // ---- build task Sort some build options to settings.json ---- (1ms)
8-3-2026 03:04:57-log: run build task Sort some build options to settings.json success in 1 ms√, progress: 12%
8-3-2026 03:04:57-debug: [Build Memory track]: Sort some build options to settings.json start:228.56MB, end 228.58MB, increase: 26.18KB
8-3-2026 03:04:57-debug: Fill script data to settings start, progress: 12%
8-3-2026 03:04:57-debug: // ---- build task Fill script data to settings ----
8-3-2026 03:04:57-log: run build task Fill script data to settings success in √, progress: 13%
8-3-2026 03:04:57-debug: [Build Memory track]: Fill script data to settings start:228.61MB, end 228.62MB, increase: 15.93KB
8-3-2026 03:04:57-debug: Sort some build options to settings.json start, progress: 13%
8-3-2026 03:04:57-debug: // ---- build task Sort some build options to settings.json ----
8-3-2026 03:04:57-debug: // ---- build task Sort some build options to settings.json ---- (17ms)
8-3-2026 03:04:57-log: run build task Sort some build options to settings.json success in 17 ms√, progress: 15%
8-3-2026 03:04:57-debug: [Build Memory track]: Sort some build options to settings.json start:228.65MB, end 228.79MB, increase: 143.63KB
8-3-2026 03:05:20-debug: Query all assets info in project
8-3-2026 03:05:20-debug: init custom config: keepNodeUuid: false, useCache: true
8-3-2026 03:05:20-debug: Skip compress image, progress: 0%
8-3-2026 03:05:20-debug: Init all bundles start..., progress: 0%
8-3-2026 03:05:20-debug: Num of bundles: 2..., progress: 0%
8-3-2026 03:05:20-debug: Query asset bundle start, progress: 0%
8-3-2026 03:05:20-debug: // ---- build task Query asset bundle ----
8-3-2026 03:05:20-debug: Init bundle root assets start..., progress: 0%
8-3-2026 03:05:20-debug: Query preload assets/scripts from cc.config.json: 60f7195c-ec2a-45eb-ba94-8955f60e81d0,1c02ae6f-4492-4915-b8f8-7492a3b1e4cd,810e96e4-e456-4468-9b59-f4e8f39732c0,efe8e2a3-eace-427b-b4f1-cb8a937ec77d,e9aa9a3e-5b2b-4ac7-a2c7-073de2b2b24f,8bbdbcdd-5cd4-4100-b6d5-b7c9625b6107,50f4348b-c883-4e2f-8f11-ce233b859fa1,fda095cb-831d-4601-ad94-846013963de8,f92806d7-1768-443f-afe8-12bcde84d0f0,dd3a144d-ab7f-41f0-82b8-2e43a090d496,f0416e68-0200-4b77-a926-4f9d16e494da,511d2633-09a7-4bdd-ac42-f778032124b3,5d45aa00-e064-4938-b314-4265f0c2258c,9361fd90-ba52-4f84-aa93-6e878fd576ca,970b0598-bcb0-4714-91fb-2e81440dccd8,bcd64cc6-2dd9-43f6-abbe-66318d332032,d930590d-bb92-4cc8-8bd1-23cd027f9edf,a3cd009f-0ab0-420d-9278-b9fdab939bbc,6a2d0734-bd9e-4ddf-946e-caa52498cb75,d9937e59-61fe-4ec6-92ab-7ac5a19c89b0,d1346436-ac96-4271-b863-1f4fdead95b0,971bdb23-3ff6-43eb-b422-1c30165a3663,17debcc3-0a6b-4b8a-b00b-dc58b885581e,711ebe11-f673-4cd9-9a83-63c60ba54c5b,c0143906-9aed-447e-9436-2ae8512d1b6e,14da1725-c4c2-42b4-ab08-ee0aeb6898b3,081cab31-dccd-428e-8652-f2404cc81c47,78e0584a-4343-4727-8f37-e14e65c2a2db,871c3b6c-7379-419d-bda3-794b239ab90d,ff9b0199-ce04-4cfe-86cc-6c719f08d6e4,de1c2107-70c8-4021-8459-6399f24d01c6,cbf30902-517f-40dc-af90-a550bac27cf1,5c601d96-e4c7-4698-991b-7ee674b11079
8-3-2026 03:05:20-debug:   Number of all scenes: 3
8-3-2026 03:05:20-debug:   Number of other assets: 486
8-3-2026 03:05:20-debug: Init bundle root assets success..., progress: 0%
8-3-2026 03:05:20-debug:   Number of all scripts: 39
8-3-2026 03:05:20-debug: // ---- build task Query asset bundle ---- (12ms)
8-3-2026 03:05:20-log: run build task Query asset bundle success in 12 ms√, progress: 5%
8-3-2026 03:05:20-debug: [Build Memory track]: Query asset bundle start:229.31MB, end 229.28MB, increase: -28.94KB
8-3-2026 03:05:20-debug: Query asset bundle start, progress: 5%
8-3-2026 03:05:20-debug: // ---- build task Query asset bundle ----
8-3-2026 03:05:20-debug: // ---- build task Query asset bundle ---- (6ms)
8-3-2026 03:05:20-log: run build task Query asset bundle success in 6 ms√, progress: 10%
8-3-2026 03:05:20-debug: [Build Memory track]: Query asset bundle start:229.31MB, end 228.64MB, increase: -685.92KB
8-3-2026 03:05:20-debug: Sort some build options to settings.json start, progress: 10%
8-3-2026 03:05:20-debug: // ---- build task Sort some build options to settings.json ----
8-3-2026 03:05:20-debug: // ---- build task Sort some build options to settings.json ---- (4ms)
8-3-2026 03:05:20-log: run build task Sort some build options to settings.json success in 4 ms√, progress: 12%
8-3-2026 03:05:20-debug: [Build Memory track]: Sort some build options to settings.json start:228.67MB, end 228.70MB, increase: 27.77KB
8-3-2026 03:05:20-debug: Fill script data to settings start, progress: 12%
8-3-2026 03:05:20-debug: // ---- build task Fill script data to settings ----
8-3-2026 03:05:20-debug: // ---- build task Fill script data to settings ---- (2ms)
8-3-2026 03:05:20-log: run build task Fill script data to settings success in 2 ms√, progress: 13%
8-3-2026 03:05:20-debug: [Build Memory track]: Fill script data to settings start:228.73MB, end 228.75MB, increase: 25.70KB
8-3-2026 03:05:20-debug: Sort some build options to settings.json start, progress: 13%
8-3-2026 03:05:20-debug: // ---- build task Sort some build options to settings.json ----
8-3-2026 03:05:20-debug: // ---- build task Sort some build options to settings.json ---- (16ms)
8-3-2026 03:05:20-log: run build task Sort some build options to settings.json success in 16 ms√, progress: 15%
8-3-2026 03:05:20-debug: [Build Memory track]: Sort some build options to settings.json start:228.78MB, end 228.90MB, increase: 125.66KB
8-3-2026 03:05:43-debug: Query all assets info in project
8-3-2026 03:05:43-debug: init custom config: keepNodeUuid: false, useCache: true
8-3-2026 03:05:43-debug: Skip compress image, progress: 0%
8-3-2026 03:05:43-debug: Init all bundles start..., progress: 0%
8-3-2026 03:05:43-debug: // ---- build task Query asset bundle ----
8-3-2026 03:05:43-debug: Init bundle root assets start..., progress: 0%
8-3-2026 03:05:43-debug: Num of bundles: 2..., progress: 0%
8-3-2026 03:05:43-debug: Query asset bundle start, progress: 0%
8-3-2026 03:05:43-debug:   Number of all scripts: 39
8-3-2026 03:05:43-debug: Query preload assets/scripts from cc.config.json: 60f7195c-ec2a-45eb-ba94-8955f60e81d0,1c02ae6f-4492-4915-b8f8-7492a3b1e4cd,810e96e4-e456-4468-9b59-f4e8f39732c0,efe8e2a3-eace-427b-b4f1-cb8a937ec77d,e9aa9a3e-5b2b-4ac7-a2c7-073de2b2b24f,8bbdbcdd-5cd4-4100-b6d5-b7c9625b6107,50f4348b-c883-4e2f-8f11-ce233b859fa1,fda095cb-831d-4601-ad94-846013963de8,f92806d7-1768-443f-afe8-12bcde84d0f0,dd3a144d-ab7f-41f0-82b8-2e43a090d496,f0416e68-0200-4b77-a926-4f9d16e494da,511d2633-09a7-4bdd-ac42-f778032124b3,5d45aa00-e064-4938-b314-4265f0c2258c,9361fd90-ba52-4f84-aa93-6e878fd576ca,970b0598-bcb0-4714-91fb-2e81440dccd8,bcd64cc6-2dd9-43f6-abbe-66318d332032,d930590d-bb92-4cc8-8bd1-23cd027f9edf,a3cd009f-0ab0-420d-9278-b9fdab939bbc,6a2d0734-bd9e-4ddf-946e-caa52498cb75,d9937e59-61fe-4ec6-92ab-7ac5a19c89b0,d1346436-ac96-4271-b863-1f4fdead95b0,971bdb23-3ff6-43eb-b422-1c30165a3663,17debcc3-0a6b-4b8a-b00b-dc58b885581e,711ebe11-f673-4cd9-9a83-63c60ba54c5b,c0143906-9aed-447e-9436-2ae8512d1b6e,14da1725-c4c2-42b4-ab08-ee0aeb6898b3,081cab31-dccd-428e-8652-f2404cc81c47,78e0584a-4343-4727-8f37-e14e65c2a2db,871c3b6c-7379-419d-bda3-794b239ab90d,ff9b0199-ce04-4cfe-86cc-6c719f08d6e4,de1c2107-70c8-4021-8459-6399f24d01c6,cbf30902-517f-40dc-af90-a550bac27cf1,5c601d96-e4c7-4698-991b-7ee674b11079
8-3-2026 03:05:43-debug:   Number of other assets: 486
8-3-2026 03:05:43-debug: Init bundle root assets success..., progress: 0%
8-3-2026 03:05:43-debug:   Number of all scenes: 3
8-3-2026 03:05:43-debug: // ---- build task Query asset bundle ---- (14ms)
8-3-2026 03:05:43-log: run build task Query asset bundle success in 14 ms√, progress: 5%
8-3-2026 03:05:43-debug: [Build Memory track]: Query asset bundle start:229.44MB, end 229.39MB, increase: -49.59KB
8-3-2026 03:05:43-debug: Query asset bundle start, progress: 5%
8-3-2026 03:05:43-debug: // ---- build task Query asset bundle ----
8-3-2026 03:05:43-debug: // ---- build task Query asset bundle ---- (7ms)
8-3-2026 03:05:43-log: run build task Query asset bundle success in 7 ms√, progress: 10%
8-3-2026 03:05:43-debug: [Build Memory track]: Query asset bundle start:229.42MB, end 228.74MB, increase: -696.27KB
8-3-2026 03:05:43-debug: // ---- build task Sort some build options to settings.json ----
8-3-2026 03:05:43-debug: Sort some build options to settings.json start, progress: 10%
8-3-2026 03:05:43-debug: // ---- build task Sort some build options to settings.json ---- (3ms)
8-3-2026 03:05:43-log: run build task Sort some build options to settings.json success in 3 ms√, progress: 12%
8-3-2026 03:05:43-debug: [Build Memory track]: Sort some build options to settings.json start:228.77MB, end 228.79MB, increase: 26.13KB
8-3-2026 03:05:43-debug: Fill script data to settings start, progress: 12%
8-3-2026 03:05:43-debug: // ---- build task Fill script data to settings ----
8-3-2026 03:05:43-debug: // ---- build task Fill script data to settings ---- (1ms)
8-3-2026 03:05:43-log: run build task Fill script data to settings success in 1 ms√, progress: 13%
8-3-2026 03:05:43-debug: [Build Memory track]: Fill script data to settings start:228.82MB, end 228.84MB, increase: 25.26KB
8-3-2026 03:05:43-debug: Sort some build options to settings.json start, progress: 13%
8-3-2026 03:05:43-debug: // ---- build task Sort some build options to settings.json ----
8-3-2026 03:05:43-debug: // ---- build task Sort some build options to settings.json ---- (13ms)
8-3-2026 03:05:43-log: run build task Sort some build options to settings.json success in 13 ms√, progress: 15%
8-3-2026 03:05:43-debug: [Build Memory track]: Sort some build options to settings.json start:228.87MB, end 229.00MB, increase: 134.36KB
8-3-2026 03:06:06-debug: Query all assets info in project
8-3-2026 03:06:06-debug: init custom config: keepNodeUuid: false, useCache: true
8-3-2026 03:06:06-debug: Skip compress image, progress: 0%
8-3-2026 03:06:06-debug: Num of bundles: 2..., progress: 0%
8-3-2026 03:06:06-debug: Init all bundles start..., progress: 0%
8-3-2026 03:06:06-debug: // ---- build task Query asset bundle ----
8-3-2026 03:06:06-debug: Query asset bundle start, progress: 0%
8-3-2026 03:06:06-debug: Init bundle root assets start..., progress: 0%
8-3-2026 03:06:06-debug: Query preload assets/scripts from cc.config.json: 60f7195c-ec2a-45eb-ba94-8955f60e81d0,1c02ae6f-4492-4915-b8f8-7492a3b1e4cd,810e96e4-e456-4468-9b59-f4e8f39732c0,efe8e2a3-eace-427b-b4f1-cb8a937ec77d,e9aa9a3e-5b2b-4ac7-a2c7-073de2b2b24f,8bbdbcdd-5cd4-4100-b6d5-b7c9625b6107,50f4348b-c883-4e2f-8f11-ce233b859fa1,fda095cb-831d-4601-ad94-846013963de8,f92806d7-1768-443f-afe8-12bcde84d0f0,dd3a144d-ab7f-41f0-82b8-2e43a090d496,f0416e68-0200-4b77-a926-4f9d16e494da,511d2633-09a7-4bdd-ac42-f778032124b3,5d45aa00-e064-4938-b314-4265f0c2258c,9361fd90-ba52-4f84-aa93-6e878fd576ca,970b0598-bcb0-4714-91fb-2e81440dccd8,bcd64cc6-2dd9-43f6-abbe-66318d332032,d930590d-bb92-4cc8-8bd1-23cd027f9edf,a3cd009f-0ab0-420d-9278-b9fdab939bbc,6a2d0734-bd9e-4ddf-946e-caa52498cb75,d9937e59-61fe-4ec6-92ab-7ac5a19c89b0,d1346436-ac96-4271-b863-1f4fdead95b0,971bdb23-3ff6-43eb-b422-1c30165a3663,17debcc3-0a6b-4b8a-b00b-dc58b885581e,711ebe11-f673-4cd9-9a83-63c60ba54c5b,c0143906-9aed-447e-9436-2ae8512d1b6e,14da1725-c4c2-42b4-ab08-ee0aeb6898b3,081cab31-dccd-428e-8652-f2404cc81c47,78e0584a-4343-4727-8f37-e14e65c2a2db,871c3b6c-7379-419d-bda3-794b239ab90d,ff9b0199-ce04-4cfe-86cc-6c719f08d6e4,de1c2107-70c8-4021-8459-6399f24d01c6,cbf30902-517f-40dc-af90-a550bac27cf1,5c601d96-e4c7-4698-991b-7ee674b11079
8-3-2026 03:06:06-debug:   Number of other assets: 486
8-3-2026 03:06:06-debug: Init bundle root assets success..., progress: 0%
8-3-2026 03:06:06-debug:   Number of all scripts: 39
8-3-2026 03:06:06-debug:   Number of all scenes: 3
8-3-2026 03:06:06-debug: // ---- build task Query asset bundle ---- (13ms)
8-3-2026 03:06:06-log: run build task Query asset bundle success in 13 ms√, progress: 5%
8-3-2026 03:06:06-debug: [Build Memory track]: Query asset bundle start:229.51MB, end 229.49MB, increase: -16.70KB
8-3-2026 03:06:06-debug: Query asset bundle start, progress: 5%
8-3-2026 03:06:06-debug: // ---- build task Query asset bundle ----
8-3-2026 03:06:06-debug: // ---- build task Query asset bundle ---- (8ms)
8-3-2026 03:06:06-debug: Sort some build options to settings.json start, progress: 10%
8-3-2026 03:06:06-debug: [Build Memory track]: Query asset bundle start:229.52MB, end 228.84MB, increase: -694.64KB
8-3-2026 03:06:06-debug: // ---- build task Sort some build options to settings.json ----
8-3-2026 03:06:06-log: run build task Query asset bundle success in 8 ms√, progress: 10%
8-3-2026 03:06:06-debug: // ---- build task Sort some build options to settings.json ---- (2ms)
8-3-2026 03:06:06-log: run build task Sort some build options to settings.json success in 2 ms√, progress: 12%
8-3-2026 03:06:06-debug: [Build Memory track]: Sort some build options to settings.json start:228.87MB, end 228.90MB, increase: 26.13KB
8-3-2026 03:06:06-debug: Fill script data to settings start, progress: 12%
8-3-2026 03:06:06-debug: // ---- build task Fill script data to settings ----
8-3-2026 03:06:06-debug: // ---- build task Fill script data to settings ---- (2ms)
8-3-2026 03:06:06-debug: // ---- build task Sort some build options to settings.json ----
8-3-2026 03:06:06-debug: Sort some build options to settings.json start, progress: 13%
8-3-2026 03:06:06-debug: [Build Memory track]: Fill script data to settings start:228.92MB, end 228.95MB, increase: 25.57KB
8-3-2026 03:06:06-log: run build task Fill script data to settings success in 2 ms√, progress: 13%
8-3-2026 03:06:06-debug: // ---- build task Sort some build options to settings.json ---- (17ms)
8-3-2026 03:06:06-log: run build task Sort some build options to settings.json success in 17 ms√, progress: 15%
8-3-2026 03:06:06-debug: [Build Memory track]: Sort some build options to settings.json start:228.98MB, end 229.11MB, increase: 134.37KB
8-3-2026 03:06:33-debug: Query all assets info in project
8-3-2026 03:06:33-debug: init custom config: keepNodeUuid: false, useCache: true
8-3-2026 03:06:33-debug: Skip compress image, progress: 0%
8-3-2026 03:06:33-debug: Init all bundles start..., progress: 0%
8-3-2026 03:06:33-debug: Query asset bundle start, progress: 0%
8-3-2026 03:06:33-debug: // ---- build task Query asset bundle ----
8-3-2026 03:06:33-debug: Init bundle root assets start..., progress: 0%
8-3-2026 03:06:33-debug: Num of bundles: 2..., progress: 0%
8-3-2026 03:06:33-debug: Query preload assets/scripts from cc.config.json: 60f7195c-ec2a-45eb-ba94-8955f60e81d0,1c02ae6f-4492-4915-b8f8-7492a3b1e4cd,810e96e4-e456-4468-9b59-f4e8f39732c0,efe8e2a3-eace-427b-b4f1-cb8a937ec77d,e9aa9a3e-5b2b-4ac7-a2c7-073de2b2b24f,8bbdbcdd-5cd4-4100-b6d5-b7c9625b6107,50f4348b-c883-4e2f-8f11-ce233b859fa1,fda095cb-831d-4601-ad94-846013963de8,f92806d7-1768-443f-afe8-12bcde84d0f0,dd3a144d-ab7f-41f0-82b8-2e43a090d496,f0416e68-0200-4b77-a926-4f9d16e494da,511d2633-09a7-4bdd-ac42-f778032124b3,5d45aa00-e064-4938-b314-4265f0c2258c,9361fd90-ba52-4f84-aa93-6e878fd576ca,970b0598-bcb0-4714-91fb-2e81440dccd8,bcd64cc6-2dd9-43f6-abbe-66318d332032,d930590d-bb92-4cc8-8bd1-23cd027f9edf,a3cd009f-0ab0-420d-9278-b9fdab939bbc,6a2d0734-bd9e-4ddf-946e-caa52498cb75,d9937e59-61fe-4ec6-92ab-7ac5a19c89b0,d1346436-ac96-4271-b863-1f4fdead95b0,971bdb23-3ff6-43eb-b422-1c30165a3663,17debcc3-0a6b-4b8a-b00b-dc58b885581e,711ebe11-f673-4cd9-9a83-63c60ba54c5b,c0143906-9aed-447e-9436-2ae8512d1b6e,14da1725-c4c2-42b4-ab08-ee0aeb6898b3,081cab31-dccd-428e-8652-f2404cc81c47,78e0584a-4343-4727-8f37-e14e65c2a2db,871c3b6c-7379-419d-bda3-794b239ab90d,ff9b0199-ce04-4cfe-86cc-6c719f08d6e4,de1c2107-70c8-4021-8459-6399f24d01c6,cbf30902-517f-40dc-af90-a550bac27cf1,5c601d96-e4c7-4698-991b-7ee674b11079
8-3-2026 03:06:33-debug:   Number of other assets: 486
8-3-2026 03:06:33-debug: Init bundle root assets success..., progress: 0%
8-3-2026 03:06:33-debug:   Number of all scripts: 39
8-3-2026 03:06:33-debug:   Number of all scenes: 3
8-3-2026 03:06:33-debug: // ---- build task Query asset bundle ---- (14ms)
8-3-2026 03:06:33-log: run build task Query asset bundle success in 14 ms√, progress: 5%
8-3-2026 03:06:33-debug: Query asset bundle start, progress: 5%
8-3-2026 03:06:33-debug: [Build Memory track]: Query asset bundle start:229.64MB, end 229.60MB, increase: -37.21KB
8-3-2026 03:06:33-debug: // ---- build task Query asset bundle ----
8-3-2026 03:06:33-debug: // ---- build task Query asset bundle ---- (6ms)
8-3-2026 03:06:33-log: run build task Query asset bundle success in 6 ms√, progress: 10%
8-3-2026 03:06:33-debug: [Build Memory track]: Query asset bundle start:229.63MB, end 228.97MB, increase: -671.27KB
8-3-2026 03:06:33-debug: Sort some build options to settings.json start, progress: 10%
8-3-2026 03:06:33-debug: // ---- build task Sort some build options to settings.json ----
8-3-2026 03:06:33-debug: // ---- build task Sort some build options to settings.json ---- (2ms)
8-3-2026 03:06:33-log: run build task Sort some build options to settings.json success in 2 ms√, progress: 12%
8-3-2026 03:06:33-debug: [Build Memory track]: Sort some build options to settings.json start:229.00MB, end 229.02MB, increase: 26.18KB
8-3-2026 03:06:33-debug: Fill script data to settings start, progress: 12%
8-3-2026 03:06:33-debug: // ---- build task Fill script data to settings ----
8-3-2026 03:06:33-debug: // ---- build task Fill script data to settings ---- (3ms)
8-3-2026 03:06:33-log: run build task Fill script data to settings success in 3 ms√, progress: 13%
8-3-2026 03:06:33-debug: [Build Memory track]: Fill script data to settings start:229.05MB, end 229.08MB, increase: 25.54KB
8-3-2026 03:06:33-debug: Sort some build options to settings.json start, progress: 13%
8-3-2026 03:06:33-debug: // ---- build task Sort some build options to settings.json ----
8-3-2026 03:06:33-debug: // ---- build task Sort some build options to settings.json ---- (15ms)
8-3-2026 03:06:33-log: run build task Sort some build options to settings.json success in 15 ms√, progress: 15%
8-3-2026 03:06:33-debug: [Build Memory track]: Sort some build options to settings.json start:229.10MB, end 229.24MB, increase: 143.24KB
8-3-2026 03:06:58-debug: Query all assets info in project
8-3-2026 03:06:58-debug: init custom config: keepNodeUuid: false, useCache: true
8-3-2026 03:06:58-debug: Skip compress image, progress: 0%
8-3-2026 03:06:58-debug: Init all bundles start..., progress: 0%
8-3-2026 03:06:58-debug: Num of bundles: 2..., progress: 0%
8-3-2026 03:06:58-debug: Query asset bundle start, progress: 0%
8-3-2026 03:06:58-debug: Init bundle root assets start..., progress: 0%
8-3-2026 03:06:58-debug: // ---- build task Query asset bundle ----
8-3-2026 03:06:58-debug:   Number of all scripts: 39
8-3-2026 03:06:58-debug:   Number of other assets: 486
8-3-2026 03:06:58-debug: Query preload assets/scripts from cc.config.json: 60f7195c-ec2a-45eb-ba94-8955f60e81d0,1c02ae6f-4492-4915-b8f8-7492a3b1e4cd,810e96e4-e456-4468-9b59-f4e8f39732c0,efe8e2a3-eace-427b-b4f1-cb8a937ec77d,e9aa9a3e-5b2b-4ac7-a2c7-073de2b2b24f,8bbdbcdd-5cd4-4100-b6d5-b7c9625b6107,50f4348b-c883-4e2f-8f11-ce233b859fa1,fda095cb-831d-4601-ad94-846013963de8,f92806d7-1768-443f-afe8-12bcde84d0f0,dd3a144d-ab7f-41f0-82b8-2e43a090d496,f0416e68-0200-4b77-a926-4f9d16e494da,511d2633-09a7-4bdd-ac42-f778032124b3,5d45aa00-e064-4938-b314-4265f0c2258c,9361fd90-ba52-4f84-aa93-6e878fd576ca,970b0598-bcb0-4714-91fb-2e81440dccd8,bcd64cc6-2dd9-43f6-abbe-66318d332032,d930590d-bb92-4cc8-8bd1-23cd027f9edf,a3cd009f-0ab0-420d-9278-b9fdab939bbc,6a2d0734-bd9e-4ddf-946e-caa52498cb75,d9937e59-61fe-4ec6-92ab-7ac5a19c89b0,d1346436-ac96-4271-b863-1f4fdead95b0,971bdb23-3ff6-43eb-b422-1c30165a3663,17debcc3-0a6b-4b8a-b00b-dc58b885581e,711ebe11-f673-4cd9-9a83-63c60ba54c5b,c0143906-9aed-447e-9436-2ae8512d1b6e,14da1725-c4c2-42b4-ab08-ee0aeb6898b3,081cab31-dccd-428e-8652-f2404cc81c47,78e0584a-4343-4727-8f37-e14e65c2a2db,871c3b6c-7379-419d-bda3-794b239ab90d,ff9b0199-ce04-4cfe-86cc-6c719f08d6e4,de1c2107-70c8-4021-8459-6399f24d01c6,cbf30902-517f-40dc-af90-a550bac27cf1,5c601d96-e4c7-4698-991b-7ee674b11079
8-3-2026 03:06:58-debug: Init bundle root assets success..., progress: 0%
8-3-2026 03:06:58-debug:   Number of all scenes: 3
8-3-2026 03:06:58-debug: // ---- build task Query asset bundle ---- (14ms)
8-3-2026 03:06:58-log: run build task Query asset bundle success in 14 ms√, progress: 5%
8-3-2026 03:06:58-debug: [Build Memory track]: Query asset bundle start:229.74MB, end 229.71MB, increase: -36.90KB
8-3-2026 03:06:58-debug: Query asset bundle start, progress: 5%
8-3-2026 03:06:58-debug: // ---- build task Query asset bundle ----
8-3-2026 03:06:58-debug: // ---- build task Query asset bundle ---- (7ms)
8-3-2026 03:06:58-log: run build task Query asset bundle success in 7 ms√, progress: 10%
8-3-2026 03:06:58-debug: [Build Memory track]: Query asset bundle start:229.74MB, end 229.06MB, increase: -688.25KB
8-3-2026 03:06:58-debug: Sort some build options to settings.json start, progress: 10%
8-3-2026 03:06:58-debug: // ---- build task Sort some build options to settings.json ----
8-3-2026 03:06:58-debug: // ---- build task Sort some build options to settings.json ---- (1ms)
8-3-2026 03:06:58-log: run build task Sort some build options to settings.json success in 1 ms√, progress: 12%
8-3-2026 03:06:58-debug: [Build Memory track]: Sort some build options to settings.json start:229.09MB, end 229.12MB, increase: 25.75KB
8-3-2026 03:06:58-debug: Fill script data to settings start, progress: 12%
8-3-2026 03:06:58-debug: // ---- build task Fill script data to settings ----
8-3-2026 03:06:58-log: run build task Fill script data to settings success in 3 ms√, progress: 13%
8-3-2026 03:06:58-debug: [Build Memory track]: Fill script data to settings start:229.14MB, end 229.17MB, increase: 25.95KB
8-3-2026 03:06:58-debug: Sort some build options to settings.json start, progress: 13%
8-3-2026 03:06:58-debug: // ---- build task Fill script data to settings ---- (3ms)
8-3-2026 03:06:58-debug: // ---- build task Sort some build options to settings.json ----
8-3-2026 03:06:58-debug: // ---- build task Sort some build options to settings.json ---- (17ms)
8-3-2026 03:06:58-log: run build task Sort some build options to settings.json success in 17 ms√, progress: 15%
8-3-2026 03:06:58-debug: [Build Memory track]: Sort some build options to settings.json start:229.20MB, end 229.32MB, increase: 125.85KB
8-3-2026 03:07:20-debug: Query all assets info in project
8-3-2026 03:07:20-debug: init custom config: keepNodeUuid: false, useCache: true
8-3-2026 03:07:20-debug: Skip compress image, progress: 0%
8-3-2026 03:07:20-debug: Init all bundles start..., progress: 0%
8-3-2026 03:07:20-debug: Query asset bundle start, progress: 0%
8-3-2026 03:07:20-debug: // ---- build task Query asset bundle ----
8-3-2026 03:07:20-debug: Num of bundles: 2..., progress: 0%
8-3-2026 03:07:20-debug: Init bundle root assets start..., progress: 0%
8-3-2026 03:07:20-debug: Query preload assets/scripts from cc.config.json: 60f7195c-ec2a-45eb-ba94-8955f60e81d0,1c02ae6f-4492-4915-b8f8-7492a3b1e4cd,810e96e4-e456-4468-9b59-f4e8f39732c0,efe8e2a3-eace-427b-b4f1-cb8a937ec77d,e9aa9a3e-5b2b-4ac7-a2c7-073de2b2b24f,8bbdbcdd-5cd4-4100-b6d5-b7c9625b6107,50f4348b-c883-4e2f-8f11-ce233b859fa1,fda095cb-831d-4601-ad94-846013963de8,f92806d7-1768-443f-afe8-12bcde84d0f0,dd3a144d-ab7f-41f0-82b8-2e43a090d496,f0416e68-0200-4b77-a926-4f9d16e494da,511d2633-09a7-4bdd-ac42-f778032124b3,5d45aa00-e064-4938-b314-4265f0c2258c,9361fd90-ba52-4f84-aa93-6e878fd576ca,970b0598-bcb0-4714-91fb-2e81440dccd8,bcd64cc6-2dd9-43f6-abbe-66318d332032,d930590d-bb92-4cc8-8bd1-23cd027f9edf,a3cd009f-0ab0-420d-9278-b9fdab939bbc,6a2d0734-bd9e-4ddf-946e-caa52498cb75,d9937e59-61fe-4ec6-92ab-7ac5a19c89b0,d1346436-ac96-4271-b863-1f4fdead95b0,971bdb23-3ff6-43eb-b422-1c30165a3663,17debcc3-0a6b-4b8a-b00b-dc58b885581e,711ebe11-f673-4cd9-9a83-63c60ba54c5b,c0143906-9aed-447e-9436-2ae8512d1b6e,14da1725-c4c2-42b4-ab08-ee0aeb6898b3,081cab31-dccd-428e-8652-f2404cc81c47,78e0584a-4343-4727-8f37-e14e65c2a2db,871c3b6c-7379-419d-bda3-794b239ab90d,ff9b0199-ce04-4cfe-86cc-6c719f08d6e4,de1c2107-70c8-4021-8459-6399f24d01c6,cbf30902-517f-40dc-af90-a550bac27cf1,5c601d96-e4c7-4698-991b-7ee674b11079
8-3-2026 03:07:20-debug:   Number of all scenes: 3
8-3-2026 03:07:20-debug:   Number of other assets: 486
8-3-2026 03:07:20-debug: Init bundle root assets success..., progress: 0%
8-3-2026 03:07:20-debug:   Number of all scripts: 39
8-3-2026 03:07:20-debug: // ---- build task Query asset bundle ---- (9ms)
8-3-2026 03:07:20-log: run build task Query asset bundle success in 9 ms√, progress: 5%
8-3-2026 03:07:20-debug: [Build Memory track]: Query asset bundle start:229.84MB, end 229.81MB, increase: -24.21KB
8-3-2026 03:07:20-debug: Query asset bundle start, progress: 5%
8-3-2026 03:07:20-debug: // ---- build task Query asset bundle ----
8-3-2026 03:07:20-debug: // ---- build task Query asset bundle ---- (6ms)
8-3-2026 03:07:20-log: run build task Query asset bundle success in 6 ms√, progress: 10%
8-3-2026 03:07:20-debug: Sort some build options to settings.json start, progress: 10%
8-3-2026 03:07:20-debug: [Build Memory track]: Query asset bundle start:229.84MB, end 229.16MB, increase: -696.52KB
8-3-2026 03:07:20-debug: // ---- build task Sort some build options to settings.json ----
8-3-2026 03:07:20-log: run build task Sort some build options to settings.json success in 3 ms√, progress: 12%
8-3-2026 03:07:20-debug: Fill script data to settings start, progress: 12%
8-3-2026 03:07:20-debug: // ---- build task Sort some build options to settings.json ---- (3ms)
8-3-2026 03:07:20-debug: [Build Memory track]: Sort some build options to settings.json start:229.19MB, end 229.21MB, increase: 26.15KB
8-3-2026 03:07:20-debug: // ---- build task Fill script data to settings ----
8-3-2026 03:07:20-debug: // ---- build task Fill script data to settings ---- (2ms)
8-3-2026 03:07:20-log: run build task Fill script data to settings success in 2 ms√, progress: 13%
8-3-2026 03:07:20-debug: [Build Memory track]: Fill script data to settings start:229.24MB, end 229.26MB, increase: 25.54KB
8-3-2026 03:07:20-debug: Sort some build options to settings.json start, progress: 13%
8-3-2026 03:07:20-debug: // ---- build task Sort some build options to settings.json ----
8-3-2026 03:07:20-debug: // ---- build task Sort some build options to settings.json ---- (17ms)
8-3-2026 03:07:20-log: run build task Sort some build options to settings.json success in 17 ms√, progress: 15%
8-3-2026 03:07:20-debug: [Build Memory track]: Sort some build options to settings.json start:229.29MB, end 229.42MB, increase: 134.49KB
8-3-2026 03:07:41-debug: Query all assets info in project
8-3-2026 03:07:41-debug: init custom config: keepNodeUuid: false, useCache: true
8-3-2026 03:07:41-debug: Skip compress image, progress: 0%
8-3-2026 03:07:41-debug: Init all bundles start..., progress: 0%
8-3-2026 03:07:41-debug: Num of bundles: 2..., progress: 0%
8-3-2026 03:07:41-debug: // ---- build task Query asset bundle ----
8-3-2026 03:07:41-debug: Init bundle root assets start..., progress: 0%
8-3-2026 03:07:41-debug: Query asset bundle start, progress: 0%
8-3-2026 03:07:41-debug: Query preload assets/scripts from cc.config.json: 60f7195c-ec2a-45eb-ba94-8955f60e81d0,1c02ae6f-4492-4915-b8f8-7492a3b1e4cd,810e96e4-e456-4468-9b59-f4e8f39732c0,efe8e2a3-eace-427b-b4f1-cb8a937ec77d,e9aa9a3e-5b2b-4ac7-a2c7-073de2b2b24f,8bbdbcdd-5cd4-4100-b6d5-b7c9625b6107,50f4348b-c883-4e2f-8f11-ce233b859fa1,fda095cb-831d-4601-ad94-846013963de8,f92806d7-1768-443f-afe8-12bcde84d0f0,dd3a144d-ab7f-41f0-82b8-2e43a090d496,f0416e68-0200-4b77-a926-4f9d16e494da,511d2633-09a7-4bdd-ac42-f778032124b3,5d45aa00-e064-4938-b314-4265f0c2258c,9361fd90-ba52-4f84-aa93-6e878fd576ca,970b0598-bcb0-4714-91fb-2e81440dccd8,bcd64cc6-2dd9-43f6-abbe-66318d332032,d930590d-bb92-4cc8-8bd1-23cd027f9edf,a3cd009f-0ab0-420d-9278-b9fdab939bbc,6a2d0734-bd9e-4ddf-946e-caa52498cb75,d9937e59-61fe-4ec6-92ab-7ac5a19c89b0,d1346436-ac96-4271-b863-1f4fdead95b0,971bdb23-3ff6-43eb-b422-1c30165a3663,17debcc3-0a6b-4b8a-b00b-dc58b885581e,711ebe11-f673-4cd9-9a83-63c60ba54c5b,c0143906-9aed-447e-9436-2ae8512d1b6e,14da1725-c4c2-42b4-ab08-ee0aeb6898b3,081cab31-dccd-428e-8652-f2404cc81c47,78e0584a-4343-4727-8f37-e14e65c2a2db,871c3b6c-7379-419d-bda3-794b239ab90d,ff9b0199-ce04-4cfe-86cc-6c719f08d6e4,de1c2107-70c8-4021-8459-6399f24d01c6,cbf30902-517f-40dc-af90-a550bac27cf1,5c601d96-e4c7-4698-991b-7ee674b11079
8-3-2026 03:07:41-debug:   Number of all scenes: 3
8-3-2026 03:07:41-debug:   Number of other assets: 486
8-3-2026 03:07:41-debug: Init bundle root assets success..., progress: 0%
8-3-2026 03:07:41-debug:   Number of all scripts: 39
8-3-2026 03:07:41-debug: // ---- build task Query asset bundle ---- (11ms)
8-3-2026 03:07:41-debug: // ---- build task Query asset bundle ----
8-3-2026 03:07:41-debug: [Build Memory track]: Query asset bundle start:229.95MB, end 229.90MB, increase: -54.77KB
8-3-2026 03:07:41-log: run build task Query asset bundle success in 11 ms√, progress: 5%
8-3-2026 03:07:41-debug: Query asset bundle start, progress: 5%
8-3-2026 03:07:41-debug: // ---- build task Query asset bundle ---- (8ms)
8-3-2026 03:07:41-log: run build task Query asset bundle success in 8 ms√, progress: 10%
8-3-2026 03:07:41-debug: Sort some build options to settings.json start, progress: 10%
8-3-2026 03:07:41-debug: [Build Memory track]: Query asset bundle start:229.93MB, end 229.28MB, increase: -660.93KB
8-3-2026 03:07:41-debug: // ---- build task Sort some build options to settings.json ----
8-3-2026 03:07:41-debug: // ---- build task Sort some build options to settings.json ---- (7ms)
8-3-2026 03:07:41-log: run build task Sort some build options to settings.json success in 7 ms√, progress: 12%
8-3-2026 03:07:41-debug: [Build Memory track]: Sort some build options to settings.json start:229.31MB, end 229.33MB, increase: 26.13KB
8-3-2026 03:07:41-debug: Fill script data to settings start, progress: 12%
8-3-2026 03:07:41-debug: // ---- build task Fill script data to settings ----
8-3-2026 03:07:41-debug: // ---- build task Fill script data to settings ---- (3ms)
8-3-2026 03:07:41-log: run build task Fill script data to settings success in 3 ms√, progress: 13%
8-3-2026 03:07:41-debug: [Build Memory track]: Fill script data to settings start:229.36MB, end 229.39MB, increase: 25.52KB
8-3-2026 03:07:41-debug: Sort some build options to settings.json start, progress: 13%
8-3-2026 03:07:41-debug: // ---- build task Sort some build options to settings.json ----
8-3-2026 03:07:41-debug: // ---- build task Sort some build options to settings.json ---- (12ms)
8-3-2026 03:07:41-log: run build task Sort some build options to settings.json success in 12 ms√, progress: 15%
8-3-2026 03:07:41-debug: [Build Memory track]: Sort some build options to settings.json start:229.41MB, end 229.54MB, increase: 126.37KB
8-3-2026 03:08:02-debug: Query all assets info in project
8-3-2026 03:08:02-debug: init custom config: keepNodeUuid: false, useCache: true
8-3-2026 03:08:02-debug: Skip compress image, progress: 0%
8-3-2026 03:08:02-debug: Init all bundles start..., progress: 0%
8-3-2026 03:08:02-debug: Num of bundles: 2..., progress: 0%
8-3-2026 03:08:02-debug: // ---- build task Query asset bundle ----
8-3-2026 03:08:02-debug: Init bundle root assets start..., progress: 0%
8-3-2026 03:08:02-debug: Query asset bundle start, progress: 0%
8-3-2026 03:08:02-debug: Query preload assets/scripts from cc.config.json: 60f7195c-ec2a-45eb-ba94-8955f60e81d0,1c02ae6f-4492-4915-b8f8-7492a3b1e4cd,810e96e4-e456-4468-9b59-f4e8f39732c0,efe8e2a3-eace-427b-b4f1-cb8a937ec77d,e9aa9a3e-5b2b-4ac7-a2c7-073de2b2b24f,8bbdbcdd-5cd4-4100-b6d5-b7c9625b6107,50f4348b-c883-4e2f-8f11-ce233b859fa1,fda095cb-831d-4601-ad94-846013963de8,f92806d7-1768-443f-afe8-12bcde84d0f0,dd3a144d-ab7f-41f0-82b8-2e43a090d496,f0416e68-0200-4b77-a926-4f9d16e494da,511d2633-09a7-4bdd-ac42-f778032124b3,5d45aa00-e064-4938-b314-4265f0c2258c,9361fd90-ba52-4f84-aa93-6e878fd576ca,970b0598-bcb0-4714-91fb-2e81440dccd8,bcd64cc6-2dd9-43f6-abbe-66318d332032,d930590d-bb92-4cc8-8bd1-23cd027f9edf,a3cd009f-0ab0-420d-9278-b9fdab939bbc,6a2d0734-bd9e-4ddf-946e-caa52498cb75,d9937e59-61fe-4ec6-92ab-7ac5a19c89b0,d1346436-ac96-4271-b863-1f4fdead95b0,971bdb23-3ff6-43eb-b422-1c30165a3663,17debcc3-0a6b-4b8a-b00b-dc58b885581e,711ebe11-f673-4cd9-9a83-63c60ba54c5b,c0143906-9aed-447e-9436-2ae8512d1b6e,14da1725-c4c2-42b4-ab08-ee0aeb6898b3,081cab31-dccd-428e-8652-f2404cc81c47,78e0584a-4343-4727-8f37-e14e65c2a2db,871c3b6c-7379-419d-bda3-794b239ab90d,ff9b0199-ce04-4cfe-86cc-6c719f08d6e4,de1c2107-70c8-4021-8459-6399f24d01c6,cbf30902-517f-40dc-af90-a550bac27cf1,5c601d96-e4c7-4698-991b-7ee674b11079
8-3-2026 03:08:02-debug:   Number of all scenes: 3
8-3-2026 03:08:02-debug:   Number of all scripts: 39
8-3-2026 03:08:02-debug: Init bundle root assets success..., progress: 0%
8-3-2026 03:08:02-debug:   Number of other assets: 486
8-3-2026 03:08:02-debug: // ---- build task Query asset bundle ---- (11ms)
8-3-2026 03:08:02-log: run build task Query asset bundle success in 11 ms√, progress: 5%
8-3-2026 03:08:02-debug: Query asset bundle start, progress: 5%
8-3-2026 03:08:02-debug: [Build Memory track]: Query asset bundle start:230.07MB, end 230.03MB, increase: -45.18KB
8-3-2026 03:08:02-debug: // ---- build task Query asset bundle ----
8-3-2026 03:08:02-debug: // ---- build task Query asset bundle ---- (5ms)
8-3-2026 03:08:02-log: run build task Query asset bundle success in 5 ms√, progress: 10%
8-3-2026 03:08:02-debug: Sort some build options to settings.json start, progress: 10%
8-3-2026 03:08:02-debug: [Build Memory track]: Query asset bundle start:230.06MB, end 229.38MB, increase: -689.06KB
8-3-2026 03:08:02-debug: // ---- build task Sort some build options to settings.json ----
8-3-2026 03:08:02-debug: // ---- build task Sort some build options to settings.json ---- (3ms)
8-3-2026 03:08:02-log: run build task Sort some build options to settings.json success in 3 ms√, progress: 12%
8-3-2026 03:08:02-debug: [Build Memory track]: Sort some build options to settings.json start:229.41MB, end 229.44MB, increase: 26.26KB
8-3-2026 03:08:02-debug: Fill script data to settings start, progress: 12%
8-3-2026 03:08:02-debug: // ---- build task Fill script data to settings ----
8-3-2026 03:08:02-debug: // ---- build task Fill script data to settings ---- (2ms)
8-3-2026 03:08:02-debug: [Build Memory track]: Fill script data to settings start:229.46MB, end 229.49MB, increase: 25.52KB
8-3-2026 03:08:02-log: run build task Fill script data to settings success in 2 ms√, progress: 13%
8-3-2026 03:08:02-debug: Sort some build options to settings.json start, progress: 13%
8-3-2026 03:08:02-debug: // ---- build task Sort some build options to settings.json ----
8-3-2026 03:08:02-debug: // ---- build task Sort some build options to settings.json ---- (15ms)
8-3-2026 03:08:02-log: run build task Sort some build options to settings.json success in 15 ms√, progress: 15%
8-3-2026 03:08:02-debug: [Build Memory track]: Sort some build options to settings.json start:229.52MB, end 229.64MB, increase: 127.68KB
8-3-2026 03:08:32-debug: Query all assets info in project
8-3-2026 03:08:32-debug: init custom config: keepNodeUuid: false, useCache: true
8-3-2026 03:08:32-debug: Skip compress image, progress: 0%
8-3-2026 03:08:32-debug: Init all bundles start..., progress: 0%
8-3-2026 03:08:32-debug: // ---- build task Query asset bundle ----
8-3-2026 03:08:32-debug: Init bundle root assets start..., progress: 0%
8-3-2026 03:08:32-debug: Num of bundles: 2..., progress: 0%
8-3-2026 03:08:32-debug: Query asset bundle start, progress: 0%
8-3-2026 03:08:32-debug: Query preload assets/scripts from cc.config.json: 60f7195c-ec2a-45eb-ba94-8955f60e81d0,1c02ae6f-4492-4915-b8f8-7492a3b1e4cd,810e96e4-e456-4468-9b59-f4e8f39732c0,efe8e2a3-eace-427b-b4f1-cb8a937ec77d,e9aa9a3e-5b2b-4ac7-a2c7-073de2b2b24f,8bbdbcdd-5cd4-4100-b6d5-b7c9625b6107,50f4348b-c883-4e2f-8f11-ce233b859fa1,fda095cb-831d-4601-ad94-846013963de8,f92806d7-1768-443f-afe8-12bcde84d0f0,dd3a144d-ab7f-41f0-82b8-2e43a090d496,f0416e68-0200-4b77-a926-4f9d16e494da,511d2633-09a7-4bdd-ac42-f778032124b3,5d45aa00-e064-4938-b314-4265f0c2258c,9361fd90-ba52-4f84-aa93-6e878fd576ca,970b0598-bcb0-4714-91fb-2e81440dccd8,bcd64cc6-2dd9-43f6-abbe-66318d332032,d930590d-bb92-4cc8-8bd1-23cd027f9edf,a3cd009f-0ab0-420d-9278-b9fdab939bbc,6a2d0734-bd9e-4ddf-946e-caa52498cb75,d9937e59-61fe-4ec6-92ab-7ac5a19c89b0,d1346436-ac96-4271-b863-1f4fdead95b0,971bdb23-3ff6-43eb-b422-1c30165a3663,17debcc3-0a6b-4b8a-b00b-dc58b885581e,711ebe11-f673-4cd9-9a83-63c60ba54c5b,c0143906-9aed-447e-9436-2ae8512d1b6e,14da1725-c4c2-42b4-ab08-ee0aeb6898b3,081cab31-dccd-428e-8652-f2404cc81c47,78e0584a-4343-4727-8f37-e14e65c2a2db,871c3b6c-7379-419d-bda3-794b239ab90d,ff9b0199-ce04-4cfe-86cc-6c719f08d6e4,de1c2107-70c8-4021-8459-6399f24d01c6,cbf30902-517f-40dc-af90-a550bac27cf1,5c601d96-e4c7-4698-991b-7ee674b11079
8-3-2026 03:08:32-debug:   Number of other assets: 486
8-3-2026 03:08:32-debug: Init bundle root assets success..., progress: 0%
8-3-2026 03:08:32-debug:   Number of all scenes: 3
8-3-2026 03:08:32-debug:   Number of all scripts: 39
8-3-2026 03:08:32-debug: // ---- build task Query asset bundle ---- (14ms)
8-3-2026 03:08:32-log: run build task Query asset bundle success in 14 ms√, progress: 5%
8-3-2026 03:08:32-debug: [Build Memory track]: Query asset bundle start:230.18MB, end 230.14MB, increase: -42.90KB
8-3-2026 03:08:32-debug: Query asset bundle start, progress: 5%
8-3-2026 03:08:32-debug: // ---- build task Query asset bundle ----
8-3-2026 03:08:32-debug: // ---- build task Query asset bundle ---- (6ms)
8-3-2026 03:08:32-debug: [Build Memory track]: Query asset bundle start:230.17MB, end 229.48MB, increase: -699.56KB
8-3-2026 03:08:32-log: run build task Query asset bundle success in 6 ms√, progress: 10%
8-3-2026 03:08:32-debug: Sort some build options to settings.json start, progress: 10%
8-3-2026 03:08:32-debug: // ---- build task Sort some build options to settings.json ----
8-3-2026 03:08:32-debug: // ---- build task Sort some build options to settings.json ---- (3ms)
8-3-2026 03:08:32-log: run build task Sort some build options to settings.json success in 3 ms√, progress: 12%
8-3-2026 03:08:32-debug: [Build Memory track]: Sort some build options to settings.json start:229.51MB, end 229.54MB, increase: 26.42KB
8-3-2026 03:08:32-debug: Fill script data to settings start, progress: 12%
8-3-2026 03:08:32-debug: // ---- build task Fill script data to settings ----
8-3-2026 03:08:32-debug: // ---- build task Fill script data to settings ---- (2ms)
8-3-2026 03:08:32-log: run build task Fill script data to settings success in 2 ms√, progress: 13%
8-3-2026 03:08:32-debug: [Build Memory track]: Fill script data to settings start:229.56MB, end 229.59MB, increase: 27.55KB
8-3-2026 03:08:32-debug: Sort some build options to settings.json start, progress: 13%
8-3-2026 03:08:32-debug: // ---- build task Sort some build options to settings.json ----
8-3-2026 03:08:32-debug: // ---- build task Sort some build options to settings.json ---- (13ms)
8-3-2026 03:08:32-log: run build task Sort some build options to settings.json success in 13 ms√, progress: 15%
8-3-2026 03:08:32-debug: [Build Memory track]: Sort some build options to settings.json start:229.62MB, end 229.76MB, increase: 146.18KB
8-3-2026 03:08:55-debug: Query all assets info in project
8-3-2026 03:08:55-debug: init custom config: keepNodeUuid: false, useCache: true
8-3-2026 03:08:55-debug: Skip compress image, progress: 0%
8-3-2026 03:08:55-debug: Init all bundles start..., progress: 0%
8-3-2026 03:08:55-debug: Query asset bundle start, progress: 0%
8-3-2026 03:08:55-debug: // ---- build task Query asset bundle ----
8-3-2026 03:08:55-debug: Init bundle root assets start..., progress: 0%
8-3-2026 03:08:55-debug: Num of bundles: 2..., progress: 0%
8-3-2026 03:08:55-debug:   Number of all scenes: 3
8-3-2026 03:08:55-debug:   Number of all scripts: 39
8-3-2026 03:08:55-debug: Query preload assets/scripts from cc.config.json: 60f7195c-ec2a-45eb-ba94-8955f60e81d0,1c02ae6f-4492-4915-b8f8-7492a3b1e4cd,810e96e4-e456-4468-9b59-f4e8f39732c0,efe8e2a3-eace-427b-b4f1-cb8a937ec77d,e9aa9a3e-5b2b-4ac7-a2c7-073de2b2b24f,8bbdbcdd-5cd4-4100-b6d5-b7c9625b6107,50f4348b-c883-4e2f-8f11-ce233b859fa1,fda095cb-831d-4601-ad94-846013963de8,f92806d7-1768-443f-afe8-12bcde84d0f0,dd3a144d-ab7f-41f0-82b8-2e43a090d496,f0416e68-0200-4b77-a926-4f9d16e494da,511d2633-09a7-4bdd-ac42-f778032124b3,5d45aa00-e064-4938-b314-4265f0c2258c,9361fd90-ba52-4f84-aa93-6e878fd576ca,970b0598-bcb0-4714-91fb-2e81440dccd8,bcd64cc6-2dd9-43f6-abbe-66318d332032,d930590d-bb92-4cc8-8bd1-23cd027f9edf,a3cd009f-0ab0-420d-9278-b9fdab939bbc,6a2d0734-bd9e-4ddf-946e-caa52498cb75,d9937e59-61fe-4ec6-92ab-7ac5a19c89b0,d1346436-ac96-4271-b863-1f4fdead95b0,971bdb23-3ff6-43eb-b422-1c30165a3663,17debcc3-0a6b-4b8a-b00b-dc58b885581e,711ebe11-f673-4cd9-9a83-63c60ba54c5b,c0143906-9aed-447e-9436-2ae8512d1b6e,14da1725-c4c2-42b4-ab08-ee0aeb6898b3,081cab31-dccd-428e-8652-f2404cc81c47,78e0584a-4343-4727-8f37-e14e65c2a2db,871c3b6c-7379-419d-bda3-794b239ab90d,ff9b0199-ce04-4cfe-86cc-6c719f08d6e4,de1c2107-70c8-4021-8459-6399f24d01c6,cbf30902-517f-40dc-af90-a550bac27cf1,5c601d96-e4c7-4698-991b-7ee674b11079
8-3-2026 03:08:55-debug:   Number of other assets: 486
8-3-2026 03:08:55-debug: Init bundle root assets success..., progress: 0%
8-3-2026 03:08:55-debug: // ---- build task Query asset bundle ---- (15ms)
8-3-2026 03:08:55-log: run build task Query asset bundle success in 15 ms√, progress: 5%
8-3-2026 03:08:55-debug: [Build Memory track]: Query asset bundle start:230.27MB, end 230.26MB, increase: -13.54KB
8-3-2026 03:08:55-debug: Query asset bundle start, progress: 5%
8-3-2026 03:08:55-debug: // ---- build task Query asset bundle ----
8-3-2026 03:08:55-log: run build task Query asset bundle success in 8 ms√, progress: 10%
8-3-2026 03:08:55-debug: [Build Memory track]: Query asset bundle start:230.29MB, end 229.61MB, increase: -701.96KB
8-3-2026 03:08:55-debug: Sort some build options to settings.json start, progress: 10%
8-3-2026 03:08:55-debug: // ---- build task Query asset bundle ---- (8ms)
8-3-2026 03:08:55-debug: // ---- build task Sort some build options to settings.json ----
8-3-2026 03:08:55-debug: // ---- build task Sort some build options to settings.json ---- (1ms)
8-3-2026 03:08:55-log: run build task Sort some build options to settings.json success in 1 ms√, progress: 12%
8-3-2026 03:08:55-debug: Fill script data to settings start, progress: 12%
8-3-2026 03:08:55-debug: // ---- build task Fill script data to settings ----
8-3-2026 03:08:55-debug: [Build Memory track]: Sort some build options to settings.json start:229.64MB, end 229.66MB, increase: 25.38KB
8-3-2026 03:08:55-debug: // ---- build task Fill script data to settings ---- (5ms)
8-3-2026 03:08:55-log: run build task Fill script data to settings success in 5 ms√, progress: 13%
8-3-2026 03:08:55-debug: [Build Memory track]: Fill script data to settings start:229.69MB, end 229.71MB, increase: 26.68KB
8-3-2026 03:08:55-debug: Sort some build options to settings.json start, progress: 13%
8-3-2026 03:08:55-debug: // ---- build task Sort some build options to settings.json ----
8-3-2026 03:08:55-debug: // ---- build task Sort some build options to settings.json ---- (14ms)
8-3-2026 03:08:55-log: run build task Sort some build options to settings.json success in 14 ms√, progress: 15%
8-3-2026 03:08:55-debug: [Build Memory track]: Sort some build options to settings.json start:229.74MB, end 229.88MB, increase: 143.35KB
8-3-2026 03:09:18-debug: Query all assets info in project
8-3-2026 03:09:19-debug: init custom config: keepNodeUuid: false, useCache: true
8-3-2026 03:09:19-debug: Skip compress image, progress: 0%
8-3-2026 03:09:19-debug: Init all bundles start..., progress: 0%
8-3-2026 03:09:19-debug: Num of bundles: 2..., progress: 0%
8-3-2026 03:09:19-debug: // ---- build task Query asset bundle ----
8-3-2026 03:09:19-debug: Init bundle root assets start..., progress: 0%
8-3-2026 03:09:19-debug: Query asset bundle start, progress: 0%
8-3-2026 03:09:19-debug: Query preload assets/scripts from cc.config.json: 60f7195c-ec2a-45eb-ba94-8955f60e81d0,1c02ae6f-4492-4915-b8f8-7492a3b1e4cd,810e96e4-e456-4468-9b59-f4e8f39732c0,efe8e2a3-eace-427b-b4f1-cb8a937ec77d,e9aa9a3e-5b2b-4ac7-a2c7-073de2b2b24f,8bbdbcdd-5cd4-4100-b6d5-b7c9625b6107,50f4348b-c883-4e2f-8f11-ce233b859fa1,fda095cb-831d-4601-ad94-846013963de8,f92806d7-1768-443f-afe8-12bcde84d0f0,dd3a144d-ab7f-41f0-82b8-2e43a090d496,f0416e68-0200-4b77-a926-4f9d16e494da,511d2633-09a7-4bdd-ac42-f778032124b3,5d45aa00-e064-4938-b314-4265f0c2258c,9361fd90-ba52-4f84-aa93-6e878fd576ca,970b0598-bcb0-4714-91fb-2e81440dccd8,bcd64cc6-2dd9-43f6-abbe-66318d332032,d930590d-bb92-4cc8-8bd1-23cd027f9edf,a3cd009f-0ab0-420d-9278-b9fdab939bbc,6a2d0734-bd9e-4ddf-946e-caa52498cb75,d9937e59-61fe-4ec6-92ab-7ac5a19c89b0,d1346436-ac96-4271-b863-1f4fdead95b0,971bdb23-3ff6-43eb-b422-1c30165a3663,17debcc3-0a6b-4b8a-b00b-dc58b885581e,711ebe11-f673-4cd9-9a83-63c60ba54c5b,c0143906-9aed-447e-9436-2ae8512d1b6e,14da1725-c4c2-42b4-ab08-ee0aeb6898b3,081cab31-dccd-428e-8652-f2404cc81c47,78e0584a-4343-4727-8f37-e14e65c2a2db,871c3b6c-7379-419d-bda3-794b239ab90d,ff9b0199-ce04-4cfe-86cc-6c719f08d6e4,de1c2107-70c8-4021-8459-6399f24d01c6,cbf30902-517f-40dc-af90-a550bac27cf1,5c601d96-e4c7-4698-991b-7ee674b11079
8-3-2026 03:09:19-debug:   Number of all scenes: 3
8-3-2026 03:09:19-debug:   Number of all scripts: 39
8-3-2026 03:09:19-debug:   Number of other assets: 486
8-3-2026 03:09:19-debug: Init bundle root assets success..., progress: 0%
8-3-2026 03:09:19-debug: // ---- build task Query asset bundle ---- (13ms)
8-3-2026 03:09:19-log: run build task Query asset bundle success in 13 ms√, progress: 5%
8-3-2026 03:09:19-debug: [Build Memory track]: Query asset bundle start:230.42MB, end 230.39MB, increase: -26.62KB
8-3-2026 03:09:19-debug: Query asset bundle start, progress: 5%
8-3-2026 03:09:19-debug: // ---- build task Query asset bundle ----
8-3-2026 03:09:19-debug: // ---- build task Query asset bundle ---- (9ms)
8-3-2026 03:09:19-log: run build task Query asset bundle success in 9 ms√, progress: 10%
8-3-2026 03:09:19-debug: [Build Memory track]: Query asset bundle start:230.42MB, end 229.74MB, increase: -693.54KB
8-3-2026 03:09:19-debug: // ---- build task Sort some build options to settings.json ----
8-3-2026 03:09:19-debug: Sort some build options to settings.json start, progress: 10%
8-3-2026 03:09:19-debug: // ---- build task Sort some build options to settings.json ---- (2ms)
8-3-2026 03:09:19-log: run build task Sort some build options to settings.json success in 2 ms√, progress: 12%
8-3-2026 03:09:19-debug: [Build Memory track]: Sort some build options to settings.json start:229.77MB, end 229.79MB, increase: 25.33KB
8-3-2026 03:09:19-debug: Fill script data to settings start, progress: 12%
8-3-2026 03:09:19-debug: // ---- build task Fill script data to settings ----
8-3-2026 03:09:19-debug: // ---- build task Fill script data to settings ---- (4ms)
8-3-2026 03:09:19-log: run build task Fill script data to settings success in 4 ms√, progress: 13%
8-3-2026 03:09:19-debug: [Build Memory track]: Fill script data to settings start:229.82MB, end 229.84MB, increase: 24.99KB
8-3-2026 03:09:19-debug: Sort some build options to settings.json start, progress: 13%
8-3-2026 03:09:19-debug: // ---- build task Sort some build options to settings.json ----
8-3-2026 03:09:19-debug: // ---- build task Sort some build options to settings.json ---- (13ms)
8-3-2026 03:09:19-log: run build task Sort some build options to settings.json success in 13 ms√, progress: 15%
8-3-2026 03:09:19-debug: [Build Memory track]: Sort some build options to settings.json start:229.87MB, end 230.01MB, increase: 137.42KB
8-3-2026 03:09:43-debug: Query all assets info in project
8-3-2026 03:09:43-debug: init custom config: keepNodeUuid: false, useCache: true
8-3-2026 03:09:43-debug: Skip compress image, progress: 0%
8-3-2026 03:09:43-debug: Init all bundles start..., progress: 0%
8-3-2026 03:09:43-debug: Num of bundles: 2..., progress: 0%
8-3-2026 03:09:43-debug: Query asset bundle start, progress: 0%
8-3-2026 03:09:43-debug: Init bundle root assets start..., progress: 0%
8-3-2026 03:09:43-debug: // ---- build task Query asset bundle ----
8-3-2026 03:09:43-debug: Query preload assets/scripts from cc.config.json: 60f7195c-ec2a-45eb-ba94-8955f60e81d0,1c02ae6f-4492-4915-b8f8-7492a3b1e4cd,810e96e4-e456-4468-9b59-f4e8f39732c0,efe8e2a3-eace-427b-b4f1-cb8a937ec77d,e9aa9a3e-5b2b-4ac7-a2c7-073de2b2b24f,8bbdbcdd-5cd4-4100-b6d5-b7c9625b6107,50f4348b-c883-4e2f-8f11-ce233b859fa1,fda095cb-831d-4601-ad94-846013963de8,f92806d7-1768-443f-afe8-12bcde84d0f0,dd3a144d-ab7f-41f0-82b8-2e43a090d496,f0416e68-0200-4b77-a926-4f9d16e494da,511d2633-09a7-4bdd-ac42-f778032124b3,5d45aa00-e064-4938-b314-4265f0c2258c,9361fd90-ba52-4f84-aa93-6e878fd576ca,970b0598-bcb0-4714-91fb-2e81440dccd8,bcd64cc6-2dd9-43f6-abbe-66318d332032,d930590d-bb92-4cc8-8bd1-23cd027f9edf,a3cd009f-0ab0-420d-9278-b9fdab939bbc,6a2d0734-bd9e-4ddf-946e-caa52498cb75,d9937e59-61fe-4ec6-92ab-7ac5a19c89b0,d1346436-ac96-4271-b863-1f4fdead95b0,971bdb23-3ff6-43eb-b422-1c30165a3663,17debcc3-0a6b-4b8a-b00b-dc58b885581e,711ebe11-f673-4cd9-9a83-63c60ba54c5b,c0143906-9aed-447e-9436-2ae8512d1b6e,14da1725-c4c2-42b4-ab08-ee0aeb6898b3,081cab31-dccd-428e-8652-f2404cc81c47,78e0584a-4343-4727-8f37-e14e65c2a2db,871c3b6c-7379-419d-bda3-794b239ab90d,ff9b0199-ce04-4cfe-86cc-6c719f08d6e4,de1c2107-70c8-4021-8459-6399f24d01c6,cbf30902-517f-40dc-af90-a550bac27cf1,5c601d96-e4c7-4698-991b-7ee674b11079
8-3-2026 03:09:43-debug:   Number of all scenes: 3
8-3-2026 03:09:43-debug:   Number of all scripts: 39
8-3-2026 03:09:43-debug:   Number of other assets: 486
8-3-2026 03:09:43-debug: Init bundle root assets success..., progress: 0%
8-3-2026 03:09:43-debug: // ---- build task Query asset bundle ---- (10ms)
8-3-2026 03:09:43-log: run build task Query asset bundle success in 10 ms√, progress: 5%
8-3-2026 03:09:43-debug: [Build Memory track]: Query asset bundle start:230.53MB, end 230.50MB, increase: -38.38KB
8-3-2026 03:09:43-debug: Query asset bundle start, progress: 5%
8-3-2026 03:09:43-debug: // ---- build task Query asset bundle ----
8-3-2026 03:09:43-debug: // ---- build task Query asset bundle ---- (8ms)
8-3-2026 03:09:43-log: run build task Query asset bundle success in 8 ms√, progress: 10%
8-3-2026 03:09:43-debug: [Build Memory track]: Query asset bundle start:230.52MB, end 229.84MB, increase: -700.03KB
8-3-2026 03:09:43-debug: // ---- build task Sort some build options to settings.json ----
8-3-2026 03:09:43-debug: Sort some build options to settings.json start, progress: 10%
8-3-2026 03:09:43-debug: // ---- build task Sort some build options to settings.json ---- (4ms)
8-3-2026 03:09:43-log: run build task Sort some build options to settings.json success in 4 ms√, progress: 12%
8-3-2026 03:09:43-debug: [Build Memory track]: Sort some build options to settings.json start:229.87MB, end 229.89MB, increase: 25.30KB
8-3-2026 03:09:43-debug: // ---- build task Fill script data to settings ----
8-3-2026 03:09:43-debug: Fill script data to settings start, progress: 12%
8-3-2026 03:09:43-debug: // ---- build task Fill script data to settings ---- (2ms)
8-3-2026 03:09:43-log: run build task Fill script data to settings success in 2 ms√, progress: 13%
8-3-2026 03:09:43-debug: [Build Memory track]: Fill script data to settings start:229.92MB, end 229.94MB, increase: 24.66KB
8-3-2026 03:09:43-debug: Sort some build options to settings.json start, progress: 13%
8-3-2026 03:09:43-debug: // ---- build task Sort some build options to settings.json ----
8-3-2026 03:09:43-debug: // ---- build task Sort some build options to settings.json ---- (15ms)
8-3-2026 03:09:43-log: run build task Sort some build options to settings.json success in 15 ms√, progress: 15%
8-3-2026 03:09:43-debug: [Build Memory track]: Sort some build options to settings.json start:229.97MB, end 230.09MB, increase: 124.83KB
8-3-2026 03:33:41-debug: refresh db internal success
8-3-2026 03:33:41-debug: refresh db assets success
8-3-2026 03:33:41-debug: Run asset db hook engine-extends:afterRefresh ...
8-3-2026 03:33:41-debug: Run asset db hook engine-extends:afterRefresh success!
8-3-2026 03:33:41-debug: asset-db:refresh-all-database (94ms)
8-3-2026 03:33:41-debug: asset-db:worker-effect-data-processing (3ms)
8-3-2026 03:33:41-debug: asset-db-hook-engine-extends-afterRefresh (3ms)
8-3-2026 03:33:42-debug: %cImport%c: F:\Github\BattleGame\assets\Test.scenebackground: #aaff85; color: #000;color: #000;
8-3-2026 03:33:42-debug: asset-db:reimport-asset1effe86e-a401-4769-9dbc-62218c68834d (40ms)
8-3-2026 03:33:43-debug: Query all assets info in project
8-3-2026 03:33:43-debug: init custom config: keepNodeUuid: false, useCache: true
8-3-2026 03:33:43-debug: Skip compress image, progress: 0%
8-3-2026 03:33:43-debug: Init all bundles start..., progress: 0%
8-3-2026 03:33:43-debug: Num of bundles: 2..., progress: 0%
8-3-2026 03:33:43-debug: Query asset bundle start, progress: 0%
8-3-2026 03:33:43-debug: // ---- build task Query asset bundle ----
8-3-2026 03:33:43-debug: Init bundle root assets start..., progress: 0%
8-3-2026 03:33:43-debug: Query preload assets/scripts from cc.config.json: 60f7195c-ec2a-45eb-ba94-8955f60e81d0,1c02ae6f-4492-4915-b8f8-7492a3b1e4cd,810e96e4-e456-4468-9b59-f4e8f39732c0,efe8e2a3-eace-427b-b4f1-cb8a937ec77d,e9aa9a3e-5b2b-4ac7-a2c7-073de2b2b24f,8bbdbcdd-5cd4-4100-b6d5-b7c9625b6107,50f4348b-c883-4e2f-8f11-ce233b859fa1,fda095cb-831d-4601-ad94-846013963de8,f92806d7-1768-443f-afe8-12bcde84d0f0,dd3a144d-ab7f-41f0-82b8-2e43a090d496,f0416e68-0200-4b77-a926-4f9d16e494da,511d2633-09a7-4bdd-ac42-f778032124b3,5d45aa00-e064-4938-b314-4265f0c2258c,9361fd90-ba52-4f84-aa93-6e878fd576ca,970b0598-bcb0-4714-91fb-2e81440dccd8,bcd64cc6-2dd9-43f6-abbe-66318d332032,d930590d-bb92-4cc8-8bd1-23cd027f9edf,a3cd009f-0ab0-420d-9278-b9fdab939bbc,6a2d0734-bd9e-4ddf-946e-caa52498cb75,d9937e59-61fe-4ec6-92ab-7ac5a19c89b0,d1346436-ac96-4271-b863-1f4fdead95b0,971bdb23-3ff6-43eb-b422-1c30165a3663,17debcc3-0a6b-4b8a-b00b-dc58b885581e,711ebe11-f673-4cd9-9a83-63c60ba54c5b,c0143906-9aed-447e-9436-2ae8512d1b6e,14da1725-c4c2-42b4-ab08-ee0aeb6898b3,081cab31-dccd-428e-8652-f2404cc81c47,78e0584a-4343-4727-8f37-e14e65c2a2db,871c3b6c-7379-419d-bda3-794b239ab90d,ff9b0199-ce04-4cfe-86cc-6c719f08d6e4,de1c2107-70c8-4021-8459-6399f24d01c6,cbf30902-517f-40dc-af90-a550bac27cf1,5c601d96-e4c7-4698-991b-7ee674b11079
8-3-2026 03:33:43-debug:   Number of all scripts: 39
8-3-2026 03:33:43-debug: Init bundle root assets success..., progress: 0%
8-3-2026 03:33:43-debug:   Number of all scenes: 3
8-3-2026 03:33:43-debug:   Number of other assets: 486
8-3-2026 03:33:43-debug: // ---- build task Query asset bundle ---- (8ms)
8-3-2026 03:33:43-debug: [Build Memory track]: Query asset bundle start:231.84MB, end 231.63MB, increase: -221.37KB
8-3-2026 03:33:43-log: run build task Query asset bundle success in 8 ms√, progress: 5%
8-3-2026 03:33:43-debug: Query asset bundle start, progress: 5%
8-3-2026 03:33:43-debug: // ---- build task Query asset bundle ----
8-3-2026 03:33:43-debug: // ---- build task Query asset bundle ---- (13ms)
8-3-2026 03:33:43-log: run build task Query asset bundle success in 13 ms√, progress: 10%
8-3-2026 03:33:43-debug: Sort some build options to settings.json start, progress: 10%
8-3-2026 03:33:43-debug: [Build Memory track]: Query asset bundle start:231.65MB, end 231.79MB, increase: 137.96KB
8-3-2026 03:33:43-debug: // ---- build task Sort some build options to settings.json ----
8-3-2026 03:33:43-debug: // ---- build task Sort some build options to settings.json ---- (9ms)
8-3-2026 03:33:43-debug: [Build Memory track]: Sort some build options to settings.json start:231.82MB, end 231.84MB, increase: 25.30KB
8-3-2026 03:33:43-log: run build task Sort some build options to settings.json success in 9 ms√, progress: 12%
8-3-2026 03:33:43-debug: Fill script data to settings start, progress: 12%
8-3-2026 03:33:43-debug: // ---- build task Fill script data to settings ----
8-3-2026 03:33:43-debug: // ---- build task Fill script data to settings ---- (5ms)
8-3-2026 03:33:43-log: run build task Fill script data to settings success in 5 ms√, progress: 13%
8-3-2026 03:33:43-debug: [Build Memory track]: Fill script data to settings start:231.87MB, end 231.89MB, increase: 24.69KB
8-3-2026 03:33:43-debug: // ---- build task Sort some build options to settings.json ----
8-3-2026 03:33:43-debug: Sort some build options to settings.json start, progress: 13%
8-3-2026 03:33:43-debug: [Build Memory track]: Sort some build options to settings.json start:231.92MB, end 232.05MB, increase: 134.63KB
8-3-2026 03:33:43-debug: // ---- build task Sort some build options to settings.json ---- (11ms)
8-3-2026 03:33:43-log: run build task Sort some build options to settings.json success in 11 ms√, progress: 15%
