9-6-2026 19:36:48-log: Cannot access game frame or container.
9-6-2026 19:36:48-debug: asset-db:require-engine-code (736ms)
9-6-2026 19:36:48-log: meshopt wasm decoder initialized
9-6-2026 19:36:48-log: [box2d]:box2d wasm lib loaded.
9-6-2026 19:36:48-log: [bullet]:bullet wasm lib loaded.
9-6-2026 19:36:48-log: Forward render pipeline initialized.
9-6-2026 19:36:48-debug: [Assets Memory track]: asset-db:worker-init: initEngine start:31.46MB, end 79.18MB, increase: 47.72MB
9-6-2026 19:36:48-log: Cocos Creator v3.8.8
9-6-2026 19:36:48-log: Using legacy pipeline
9-6-2026 19:36:50-debug: [Assets Memory track]: asset-db:worker-init: initPlugin start:79.24MB, end 274.73MB, increase: 195.49MB
9-6-2026 19:36:50-debug: run package(windows) handler(enable) start
9-6-2026 19:36:50-debug: run package(xiaomi-quick-game) handler(enable) success!
9-6-2026 19:36:50-debug: run package(windows) handler(enable) success!
9-6-2026 19:36:50-debug: run package(cocos-service) handler(enable) start
9-6-2026 19:36:50-debug: run package(xiaomi-quick-game) handler(enable) start
9-6-2026 19:36:50-debug: run package(cocos-service) handler(enable) success!
9-6-2026 19:36:50-debug: run package(im-plugin) handler(enable) start
9-6-2026 19:36:50-debug: asset-db:worker-init: initPlugin (1900ms)
9-6-2026 19:36:50-debug: run package(placeholder) handler(enable) success!
9-6-2026 19:36:50-debug: run package(im-plugin) handler(enable) success!
9-6-2026 19:36:50-debug: run package(placeholder) handler(enable) start
9-6-2026 19:36:50-debug: [Assets Memory track]: asset-db:worker-init start:31.45MB, end 274.73MB, increase: 243.28MB
9-6-2026 19:36:50-debug: Run asset db hook programming:beforePreStart success!
9-6-2026 19:36:50-debug: Run asset db hook engine-extends:beforePreStart ...
9-6-2026 19:36:50-debug: Run asset db hook engine-extends:beforePreStart success!
9-6-2026 19:36:50-debug: Run asset db hook programming:beforePreStart ...
9-6-2026 19:36:50-debug: asset-db:worker-init (2821ms)
9-6-2026 19:36:50-debug: asset-db-hook-programming-beforePreStart (83ms)
9-6-2026 19:36:50-debug: asset-db-hook-engine-extends-beforePreStart (83ms)
9-6-2026 19:36:50-debug: Preimport db internal success
9-6-2026 19:36:50-debug: %cImport%c: F:\Github\BattleGame\assets\scripts\GameManager.tsbackground: #aaff85; color: #000;color: #000;
9-6-2026 19:36:50-debug: %cImport%c: F:\Github\BattleGame\assets\scripts\Unit.tsbackground: #aaff85; color: #000;color: #000;
9-6-2026 19:36:50-debug: Preimport db assets success
9-6-2026 19:36:50-debug: Run asset db hook programming:afterPreStart ...
9-6-2026 19:36:50-debug: starting packer-driver...
9-6-2026 19:37:01-debug: initialize scripting environment...
9-6-2026 19:37:01-debug: [[Executor]] prepare before lock
9-6-2026 19:37:01-debug: Set detail map pack:///resolution-detail-map.json: {}
9-6-2026 19:37:01-debug: [[Executor]] prepare after unlock
9-6-2026 19:37:01-debug: Run asset db hook programming:afterPreStart success!
9-6-2026 19:37:01-debug: Run asset db hook engine-extends:afterPreStart ...
9-6-2026 19:37:01-debug: Run asset db hook engine-extends:afterPreStart success!
9-6-2026 19:37:01-debug: [Assets Memory track]: asset-db:worker-init: preStart start:274.74MB, end 276.00MB, increase: 1.26MB
9-6-2026 19:37:01-debug: Start up the 'internal' database...
9-6-2026 19:37:02-debug: asset-db-hook-programming-afterPreStart (11175ms)
9-6-2026 19:37:02-debug: asset-db:worker-effect-data-processing (413ms)
9-6-2026 19:37:02-debug: asset-db-hook-engine-extends-afterPreStart (414ms)
9-6-2026 19:37:02-debug: Run asset db hook engine-extends:afterStartDB ...
9-6-2026 19:37:02-debug: Run asset db hook engine-extends:afterStartDB success!
9-6-2026 19:37:02-debug: Start up the 'assets' database...
9-6-2026 19:37:02-debug: recompile effect.bin success
9-6-2026 19:37:02-debug: Run asset db hook engine-extends:afterStartDB ...
9-6-2026 19:37:02-debug: recompile effect.bin success
9-6-2026 19:37:02-debug: Run asset db hook engine-extends:afterStartDB success!
9-6-2026 19:37:02-debug: lazy register asset handler *
9-6-2026 19:37:02-debug: lazy register asset handler text
9-6-2026 19:37:02-debug: lazy register asset handler spine-data
9-6-2026 19:37:02-debug: lazy register asset handler dragonbones
9-6-2026 19:37:02-debug: lazy register asset handler json
9-6-2026 19:37:02-debug: lazy register asset handler dragonbones-atlas
9-6-2026 19:37:02-debug: lazy register asset handler typescript
9-6-2026 19:37:02-debug: lazy register asset handler directory
9-6-2026 19:37:02-debug: lazy register asset handler javascript
9-6-2026 19:37:02-debug: lazy register asset handler terrain
9-6-2026 19:37:02-debug: lazy register asset handler scene
9-6-2026 19:37:02-debug: lazy register asset handler prefab
9-6-2026 19:37:02-debug: lazy register asset handler buffer
9-6-2026 19:37:02-debug: lazy register asset handler image
9-6-2026 19:37:02-debug: lazy register asset handler tiled-map
9-6-2026 19:37:02-debug: lazy register asset handler alpha-image
9-6-2026 19:37:02-debug: lazy register asset handler texture-cube
9-6-2026 19:37:02-debug: lazy register asset handler texture
9-6-2026 19:37:02-debug: lazy register asset handler erp-texture-cube
9-6-2026 19:37:02-debug: lazy register asset handler render-texture
9-6-2026 19:37:02-debug: lazy register asset handler texture-cube-face
9-6-2026 19:37:02-debug: lazy register asset handler sign-image
9-6-2026 19:37:02-debug: lazy register asset handler sprite-frame
9-6-2026 19:37:02-debug: lazy register asset handler gltf-mesh
9-6-2026 19:37:02-debug: lazy register asset handler rt-sprite-frame
9-6-2026 19:37:02-debug: lazy register asset handler gltf-animation
9-6-2026 19:37:02-debug: lazy register asset handler gltf
9-6-2026 19:37:02-debug: lazy register asset handler gltf-material
9-6-2026 19:37:02-debug: lazy register asset handler gltf-skeleton
9-6-2026 19:37:02-debug: lazy register asset handler gltf-embeded-image
9-6-2026 19:37:02-debug: lazy register asset handler fbx
9-6-2026 19:37:02-debug: lazy register asset handler material
9-6-2026 19:37:02-debug: lazy register asset handler physics-material
9-6-2026 19:37:02-debug: lazy register asset handler gltf-scene
9-6-2026 19:37:02-debug: lazy register asset handler effect-header
9-6-2026 19:37:02-debug: lazy register asset handler audio-clip
9-6-2026 19:37:02-debug: lazy register asset handler animation-graph
9-6-2026 19:37:02-debug: lazy register asset handler animation-graph-variant
9-6-2026 19:37:02-debug: lazy register asset handler animation-mask
9-6-2026 19:37:02-debug: lazy register asset handler effect
9-6-2026 19:37:02-debug: lazy register asset handler bitmap-font
9-6-2026 19:37:02-debug: lazy register asset handler animation-clip
9-6-2026 19:37:02-debug: lazy register asset handler ttf-font
9-6-2026 19:37:02-debug: lazy register asset handler sprite-atlas
9-6-2026 19:37:02-debug: lazy register asset handler particle
9-6-2026 19:37:02-debug: lazy register asset handler auto-atlas
9-6-2026 19:37:02-debug: lazy register asset handler label-atlas
9-6-2026 19:37:02-debug: lazy register asset handler render-pipeline
9-6-2026 19:37:02-debug: lazy register asset handler instantiation-material
9-6-2026 19:37:02-debug: lazy register asset handler render-stage
9-6-2026 19:37:02-debug: lazy register asset handler instantiation-skeleton
9-6-2026 19:37:02-debug: lazy register asset handler render-flow
9-6-2026 19:37:02-debug: lazy register asset handler instantiation-mesh
9-6-2026 19:37:02-debug: lazy register asset handler video-clip
9-6-2026 19:37:02-debug: lazy register asset handler instantiation-animation
9-6-2026 19:37:03-debug: asset-db:worker-effect-data-processing (1153ms)
9-6-2026 19:37:03-debug: asset-db-hook-engine-extends-afterStartDB (1154ms)
9-6-2026 19:37:03-debug: asset-db-hook-engine-extends-afterStartDB (754ms)
9-6-2026 19:37:03-debug: asset-db:worker-effect-data-processing (754ms)
9-6-2026 19:37:03-debug: asset-db:start-database (12534ms)
9-6-2026 19:37:03-debug: asset-db:ready (17952ms)
9-6-2026 19:37:03-debug: init worker message success
9-6-2026 19:37:03-debug: programming:execute-script (3ms)
9-6-2026 19:37:03-debug: [Build Memory track]: builder:worker-init start:218.37MB, end 227.20MB, increase: 8.84MB
9-6-2026 19:37:03-debug: builder:worker-init (427ms)
9-6-2026 19:37:03-debug: Query all assets info in project
9-6-2026 19:37:03-debug: init custom config: keepNodeUuid: false, useCache: true
9-6-2026 19:37:03-debug: Skip compress image, progress: 0%
9-6-2026 19:37:03-debug: Num of bundles: 2..., progress: 0%
9-6-2026 19:37:03-debug: Query asset bundle start, progress: 0%
9-6-2026 19:37:03-debug: // ---- build task Query asset bundle ----
9-6-2026 19:37:03-debug: Init all bundles start..., progress: 0%
9-6-2026 19:37:03-debug: Init bundle root assets start..., progress: 0%
9-6-2026 19:37:03-debug: Query preload assets/scripts from cc.config.json: 60f7195c-ec2a-45eb-ba94-8955f60e81d0,1c02ae6f-4492-4915-b8f8-7492a3b1e4cd,810e96e4-e456-4468-9b59-f4e8f39732c0,efe8e2a3-eace-427b-b4f1-cb8a937ec77d,e9aa9a3e-5b2b-4ac7-a2c7-073de2b2b24f,8bbdbcdd-5cd4-4100-b6d5-b7c9625b6107,50f4348b-c883-4e2f-8f11-ce233b859fa1,fda095cb-831d-4601-ad94-846013963de8,f92806d7-1768-443f-afe8-12bcde84d0f0,dd3a144d-ab7f-41f0-82b8-2e43a090d496,f0416e68-0200-4b77-a926-4f9d16e494da,511d2633-09a7-4bdd-ac42-f778032124b3,5d45aa00-e064-4938-b314-4265f0c2258c,9361fd90-ba52-4f84-aa93-6e878fd576ca,970b0598-bcb0-4714-91fb-2e81440dccd8,bcd64cc6-2dd9-43f6-abbe-66318d332032,d930590d-bb92-4cc8-8bd1-23cd027f9edf,a3cd009f-0ab0-420d-9278-b9fdab939bbc,6a2d0734-bd9e-4ddf-946e-caa52498cb75,d9937e59-61fe-4ec6-92ab-7ac5a19c89b0,d1346436-ac96-4271-b863-1f4fdead95b0,971bdb23-3ff6-43eb-b422-1c30165a3663,17debcc3-0a6b-4b8a-b00b-dc58b885581e,711ebe11-f673-4cd9-9a83-63c60ba54c5b,c0143906-9aed-447e-9436-2ae8512d1b6e,14da1725-c4c2-42b4-ab08-ee0aeb6898b3,081cab31-dccd-428e-8652-f2404cc81c47,78e0584a-4343-4727-8f37-e14e65c2a2db,871c3b6c-7379-419d-bda3-794b239ab90d,ff9b0199-ce04-4cfe-86cc-6c719f08d6e4,de1c2107-70c8-4021-8459-6399f24d01c6,cbf30902-517f-40dc-af90-a550bac27cf1,5c601d96-e4c7-4698-991b-7ee674b11079
9-6-2026 19:37:03-debug:   Number of all scenes: 1
9-6-2026 19:37:03-debug:   Number of other assets: 486
9-6-2026 19:37:03-debug:   Number of all scripts: 42
9-6-2026 19:37:03-debug: Init bundle root assets success..., progress: 0%
9-6-2026 19:37:03-debug: // ---- build task Query asset bundle ---- (12ms)
9-6-2026 19:37:03-debug: [Build Memory track]: Query asset bundle start:232.67MB, end 226.96MB, increase: -5847.72KB
9-6-2026 19:37:03-log: run build task Query asset bundle success in 12 ms√, progress: 5%
9-6-2026 19:37:03-debug: Query asset bundle start, progress: 5%
9-6-2026 19:37:03-debug: // ---- build task Query asset bundle ----
9-6-2026 19:37:03-debug: // ---- build task Query asset bundle ---- (6ms)
9-6-2026 19:37:03-log: run build task Query asset bundle success in 6 ms√, progress: 10%
9-6-2026 19:37:03-debug: [Build Memory track]: Query asset bundle start:227.00MB, end 227.18MB, increase: 179.63KB
9-6-2026 19:37:03-debug: Sort some build options to settings.json start, progress: 10%
9-6-2026 19:37:03-debug: // ---- build task Sort some build options to settings.json ----
9-6-2026 19:37:03-debug: // ---- build task Sort some build options to settings.json ---- (3ms)
9-6-2026 19:37:03-log: run build task Sort some build options to settings.json success in 3 ms√, progress: 12%
9-6-2026 19:37:03-debug: Fill script data to settings start, progress: 12%
9-6-2026 19:37:03-debug: [Build Memory track]: Sort some build options to settings.json start:227.22MB, end 227.26MB, increase: 34.18KB
9-6-2026 19:37:03-debug: // ---- build task Fill script data to settings ----
9-6-2026 19:37:03-debug: // ---- build task Fill script data to settings ---- (1ms)
9-6-2026 19:37:03-log: run build task Fill script data to settings success in 1 ms√, progress: 13%
9-6-2026 19:37:03-debug: [Build Memory track]: Fill script data to settings start:227.29MB, end 227.33MB, increase: 33.63KB
9-6-2026 19:37:03-debug: Sort some build options to settings.json start, progress: 13%
9-6-2026 19:37:03-debug: // ---- build task Sort some build options to settings.json ----
9-6-2026 19:37:03-debug: // ---- build task Sort some build options to settings.json ---- (8ms)
9-6-2026 19:37:03-debug: [Build Memory track]: Sort some build options to settings.json start:227.37MB, end 227.51MB, increase: 147.13KB
9-6-2026 19:37:03-log: run build task Sort some build options to settings.json success in 8 ms√, progress: 15%
9-6-2026 19:37:10-debug: Query all assets info in project
9-6-2026 19:37:10-debug: Skip compress image, progress: 0%
9-6-2026 19:37:10-debug: init custom config: keepNodeUuid: false, useCache: true
9-6-2026 19:37:10-debug: Init all bundles start..., progress: 0%
9-6-2026 19:37:10-debug: // ---- build task Query asset bundle ----
9-6-2026 19:37:10-debug: Num of bundles: 2..., progress: 0%
9-6-2026 19:37:10-debug: Query asset bundle start, progress: 0%
9-6-2026 19:37:10-debug: Init bundle root assets start..., progress: 0%
9-6-2026 19:37:10-debug: Query preload assets/scripts from cc.config.json: 60f7195c-ec2a-45eb-ba94-8955f60e81d0,1c02ae6f-4492-4915-b8f8-7492a3b1e4cd,810e96e4-e456-4468-9b59-f4e8f39732c0,efe8e2a3-eace-427b-b4f1-cb8a937ec77d,e9aa9a3e-5b2b-4ac7-a2c7-073de2b2b24f,8bbdbcdd-5cd4-4100-b6d5-b7c9625b6107,50f4348b-c883-4e2f-8f11-ce233b859fa1,fda095cb-831d-4601-ad94-846013963de8,f92806d7-1768-443f-afe8-12bcde84d0f0,dd3a144d-ab7f-41f0-82b8-2e43a090d496,f0416e68-0200-4b77-a926-4f9d16e494da,511d2633-09a7-4bdd-ac42-f778032124b3,5d45aa00-e064-4938-b314-4265f0c2258c,9361fd90-ba52-4f84-aa93-6e878fd576ca,970b0598-bcb0-4714-91fb-2e81440dccd8,bcd64cc6-2dd9-43f6-abbe-66318d332032,d930590d-bb92-4cc8-8bd1-23cd027f9edf,a3cd009f-0ab0-420d-9278-b9fdab939bbc,6a2d0734-bd9e-4ddf-946e-caa52498cb75,d9937e59-61fe-4ec6-92ab-7ac5a19c89b0,d1346436-ac96-4271-b863-1f4fdead95b0,971bdb23-3ff6-43eb-b422-1c30165a3663,17debcc3-0a6b-4b8a-b00b-dc58b885581e,711ebe11-f673-4cd9-9a83-63c60ba54c5b,c0143906-9aed-447e-9436-2ae8512d1b6e,14da1725-c4c2-42b4-ab08-ee0aeb6898b3,081cab31-dccd-428e-8652-f2404cc81c47,78e0584a-4343-4727-8f37-e14e65c2a2db,871c3b6c-7379-419d-bda3-794b239ab90d,ff9b0199-ce04-4cfe-86cc-6c719f08d6e4,de1c2107-70c8-4021-8459-6399f24d01c6,cbf30902-517f-40dc-af90-a550bac27cf1,5c601d96-e4c7-4698-991b-7ee674b11079
9-6-2026 19:37:10-debug:   Number of all scripts: 42
9-6-2026 19:37:10-debug:   Number of other assets: 486
9-6-2026 19:37:10-debug: Init bundle root assets success..., progress: 0%
9-6-2026 19:37:10-debug:   Number of all scenes: 1
9-6-2026 19:37:10-debug: // ---- build task Query asset bundle ---- (15ms)
9-6-2026 19:37:10-log: run build task Query asset bundle success in 15 ms√, progress: 5%
9-6-2026 19:37:10-debug: [Build Memory track]: Query asset bundle start:230.35MB, end 231.09MB, increase: 757.35KB
9-6-2026 19:37:10-debug: Query asset bundle start, progress: 5%
9-6-2026 19:37:10-debug: // ---- build task Query asset bundle ----
9-6-2026 19:37:10-debug: // ---- build task Query asset bundle ---- (7ms)
9-6-2026 19:37:10-log: run build task Query asset bundle success in 7 ms√, progress: 10%
9-6-2026 19:37:10-debug: [Build Memory track]: Query asset bundle start:231.13MB, end 231.28MB, increase: 148.01KB
9-6-2026 19:37:10-debug: // ---- build task Sort some build options to settings.json ----
9-6-2026 19:37:10-debug: Sort some build options to settings.json start, progress: 10%
9-6-2026 19:37:10-debug: // ---- build task Sort some build options to settings.json ---- (2ms)
9-6-2026 19:37:10-log: run build task Sort some build options to settings.json success in 2 ms√, progress: 12%
9-6-2026 19:37:10-debug: [Build Memory track]: Sort some build options to settings.json start:231.33MB, end 231.36MB, increase: 33.94KB
9-6-2026 19:37:10-debug: Fill script data to settings start, progress: 12%
9-6-2026 19:37:10-debug: // ---- build task Fill script data to settings ----
9-6-2026 19:37:10-debug: // ---- build task Fill script data to settings ---- (2ms)
9-6-2026 19:37:10-log: run build task Fill script data to settings success in 2 ms√, progress: 13%
9-6-2026 19:37:10-debug: [Build Memory track]: Fill script data to settings start:231.40MB, end 231.44MB, increase: 37.31KB
9-6-2026 19:37:10-debug: Sort some build options to settings.json start, progress: 13%
9-6-2026 19:37:10-debug: // ---- build task Sort some build options to settings.json ----
9-6-2026 19:37:10-debug: // ---- build task Sort some build options to settings.json ---- (13ms)
9-6-2026 19:37:10-log: run build task Sort some build options to settings.json success in 13 ms√, progress: 15%
9-6-2026 19:37:10-debug: [Build Memory track]: Sort some build options to settings.json start:231.48MB, end 231.63MB, increase: 157.60KB
9-6-2026 19:37:20-debug: Query all assets info in project
9-6-2026 19:37:20-debug: init custom config: keepNodeUuid: false, useCache: true
9-6-2026 19:37:20-debug: Skip compress image, progress: 0%
9-6-2026 19:37:20-debug: Init all bundles start..., progress: 0%
9-6-2026 19:37:20-debug: Num of bundles: 2..., progress: 0%
9-6-2026 19:37:20-debug: Query asset bundle start, progress: 0%
9-6-2026 19:37:20-debug: // ---- build task Query asset bundle ----
9-6-2026 19:37:20-debug: Init bundle root assets start..., progress: 0%
9-6-2026 19:37:20-debug: Query preload assets/scripts from cc.config.json: 60f7195c-ec2a-45eb-ba94-8955f60e81d0,1c02ae6f-4492-4915-b8f8-7492a3b1e4cd,810e96e4-e456-4468-9b59-f4e8f39732c0,efe8e2a3-eace-427b-b4f1-cb8a937ec77d,e9aa9a3e-5b2b-4ac7-a2c7-073de2b2b24f,8bbdbcdd-5cd4-4100-b6d5-b7c9625b6107,50f4348b-c883-4e2f-8f11-ce233b859fa1,fda095cb-831d-4601-ad94-846013963de8,f92806d7-1768-443f-afe8-12bcde84d0f0,dd3a144d-ab7f-41f0-82b8-2e43a090d496,f0416e68-0200-4b77-a926-4f9d16e494da,511d2633-09a7-4bdd-ac42-f778032124b3,5d45aa00-e064-4938-b314-4265f0c2258c,9361fd90-ba52-4f84-aa93-6e878fd576ca,970b0598-bcb0-4714-91fb-2e81440dccd8,bcd64cc6-2dd9-43f6-abbe-66318d332032,d930590d-bb92-4cc8-8bd1-23cd027f9edf,a3cd009f-0ab0-420d-9278-b9fdab939bbc,6a2d0734-bd9e-4ddf-946e-caa52498cb75,d9937e59-61fe-4ec6-92ab-7ac5a19c89b0,d1346436-ac96-4271-b863-1f4fdead95b0,971bdb23-3ff6-43eb-b422-1c30165a3663,17debcc3-0a6b-4b8a-b00b-dc58b885581e,711ebe11-f673-4cd9-9a83-63c60ba54c5b,c0143906-9aed-447e-9436-2ae8512d1b6e,14da1725-c4c2-42b4-ab08-ee0aeb6898b3,081cab31-dccd-428e-8652-f2404cc81c47,78e0584a-4343-4727-8f37-e14e65c2a2db,871c3b6c-7379-419d-bda3-794b239ab90d,ff9b0199-ce04-4cfe-86cc-6c719f08d6e4,de1c2107-70c8-4021-8459-6399f24d01c6,cbf30902-517f-40dc-af90-a550bac27cf1,5c601d96-e4c7-4698-991b-7ee674b11079
9-6-2026 19:37:20-debug:   Number of all scenes: 1
9-6-2026 19:37:20-debug:   Number of all scripts: 42
9-6-2026 19:37:20-debug: Init bundle root assets success..., progress: 0%
9-6-2026 19:37:20-debug:   Number of other assets: 486
9-6-2026 19:37:20-debug: // ---- build task Query asset bundle ---- (15ms)
9-6-2026 19:37:20-log: run build task Query asset bundle success in 15 ms√, progress: 5%
9-6-2026 19:37:20-debug: [Build Memory track]: Query asset bundle start:221.50MB, end 221.38MB, increase: -120.07KB
9-6-2026 19:37:20-debug: Query asset bundle start, progress: 5%
9-6-2026 19:37:20-debug: // ---- build task Query asset bundle ----
9-6-2026 19:37:20-debug: // ---- build task Query asset bundle ---- (10ms)
9-6-2026 19:37:20-log: run build task Query asset bundle success in 10 ms√, progress: 10%
9-6-2026 19:37:20-debug: [Build Memory track]: Query asset bundle start:221.42MB, end 221.57MB, increase: 147.34KB
9-6-2026 19:37:20-debug: // ---- build task Sort some build options to settings.json ----
9-6-2026 19:37:20-debug: Sort some build options to settings.json start, progress: 10%
9-6-2026 19:37:20-debug: // ---- build task Sort some build options to settings.json ---- (2ms)
9-6-2026 19:37:20-log: run build task Sort some build options to settings.json success in 2 ms√, progress: 12%
9-6-2026 19:37:20-debug: [Build Memory track]: Sort some build options to settings.json start:221.61MB, end 221.64MB, increase: 33.52KB
9-6-2026 19:37:20-debug: Fill script data to settings start, progress: 12%
9-6-2026 19:37:20-debug: // ---- build task Fill script data to settings ----
9-6-2026 19:37:20-debug: // ---- build task Fill script data to settings ---- (4ms)
9-6-2026 19:37:20-log: run build task Fill script data to settings success in 4 ms√, progress: 13%
9-6-2026 19:37:20-debug: [Build Memory track]: Fill script data to settings start:221.68MB, end 221.71MB, increase: 32.89KB
9-6-2026 19:37:20-debug: Sort some build options to settings.json start, progress: 13%
9-6-2026 19:37:20-debug: // ---- build task Sort some build options to settings.json ----
9-6-2026 19:37:20-debug: // ---- build task Sort some build options to settings.json ---- (18ms)
9-6-2026 19:37:20-debug: [Build Memory track]: Sort some build options to settings.json start:221.75MB, end 221.89MB, increase: 144.92KB
9-6-2026 19:37:20-log: run build task Sort some build options to settings.json success in 18 ms√, progress: 15%
9-6-2026 20:58:23-debug: refresh db internal success
9-6-2026 20:58:23-debug: %cImport%c: F:\Github\BattleGame\assets\scripts\BattleWave.tsbackground: #aaff85; color: #000;color: #000;
9-6-2026 20:58:23-debug: %cImport%c: F:\Github\BattleGame\assets\scripts\GameManager.tsbackground: #aaff85; color: #000;color: #000;
9-6-2026 20:58:23-debug: %cImport%c: F:\Github\BattleGame\assets\scripts\Unit.tsbackground: #aaff85; color: #000;color: #000;
9-6-2026 20:58:23-debug: refresh db assets success
9-6-2026 20:58:23-debug: Run asset db hook engine-extends:afterRefresh ...
9-6-2026 20:58:23-debug: Run asset db hook engine-extends:afterRefresh success!
9-6-2026 20:58:23-debug: asset-db:refresh-all-database (119ms)
9-6-2026 20:58:23-debug: asset-db:worker-effect-data-processing (6ms)
9-6-2026 20:58:23-debug: asset-db-hook-engine-extends-afterRefresh (6ms)
9-6-2026 20:58:31-debug: Query all assets info in project
9-6-2026 20:58:31-debug: init custom config: keepNodeUuid: false, useCache: true
9-6-2026 20:58:31-debug: Skip compress image, progress: 0%
9-6-2026 20:58:31-debug: Init all bundles start..., progress: 0%
9-6-2026 20:58:31-debug: Num of bundles: 2..., progress: 0%
9-6-2026 20:58:31-debug: // ---- build task Query asset bundle ----
9-6-2026 20:58:31-debug: Query asset bundle start, progress: 0%
9-6-2026 20:58:31-debug: Init bundle root assets start..., progress: 0%
9-6-2026 20:58:31-debug: Query preload assets/scripts from cc.config.json: 60f7195c-ec2a-45eb-ba94-8955f60e81d0,1c02ae6f-4492-4915-b8f8-7492a3b1e4cd,810e96e4-e456-4468-9b59-f4e8f39732c0,efe8e2a3-eace-427b-b4f1-cb8a937ec77d,e9aa9a3e-5b2b-4ac7-a2c7-073de2b2b24f,8bbdbcdd-5cd4-4100-b6d5-b7c9625b6107,50f4348b-c883-4e2f-8f11-ce233b859fa1,fda095cb-831d-4601-ad94-846013963de8,f92806d7-1768-443f-afe8-12bcde84d0f0,dd3a144d-ab7f-41f0-82b8-2e43a090d496,f0416e68-0200-4b77-a926-4f9d16e494da,511d2633-09a7-4bdd-ac42-f778032124b3,5d45aa00-e064-4938-b314-4265f0c2258c,9361fd90-ba52-4f84-aa93-6e878fd576ca,970b0598-bcb0-4714-91fb-2e81440dccd8,bcd64cc6-2dd9-43f6-abbe-66318d332032,d930590d-bb92-4cc8-8bd1-23cd027f9edf,a3cd009f-0ab0-420d-9278-b9fdab939bbc,6a2d0734-bd9e-4ddf-946e-caa52498cb75,d9937e59-61fe-4ec6-92ab-7ac5a19c89b0,d1346436-ac96-4271-b863-1f4fdead95b0,971bdb23-3ff6-43eb-b422-1c30165a3663,17debcc3-0a6b-4b8a-b00b-dc58b885581e,711ebe11-f673-4cd9-9a83-63c60ba54c5b,c0143906-9aed-447e-9436-2ae8512d1b6e,14da1725-c4c2-42b4-ab08-ee0aeb6898b3,081cab31-dccd-428e-8652-f2404cc81c47,78e0584a-4343-4727-8f37-e14e65c2a2db,871c3b6c-7379-419d-bda3-794b239ab90d,ff9b0199-ce04-4cfe-86cc-6c719f08d6e4,de1c2107-70c8-4021-8459-6399f24d01c6,cbf30902-517f-40dc-af90-a550bac27cf1,5c601d96-e4c7-4698-991b-7ee674b11079
9-6-2026 20:58:31-debug:   Number of all scenes: 1
9-6-2026 20:58:31-debug:   Number of other assets: 486
9-6-2026 20:58:31-debug: Init bundle root assets success..., progress: 0%
9-6-2026 20:58:31-debug:   Number of all scripts: 42
9-6-2026 20:58:31-debug: // ---- build task Query asset bundle ---- (11ms)
9-6-2026 20:58:31-debug: [Build Memory track]: Query asset bundle start:223.11MB, end 223.00MB, increase: -107.62KB
9-6-2026 20:58:31-debug: Query asset bundle start, progress: 5%
9-6-2026 20:58:31-log: run build task Query asset bundle success in 11 ms√, progress: 5%
9-6-2026 20:58:31-debug: // ---- build task Query asset bundle ----
9-6-2026 20:58:31-debug: // ---- build task Query asset bundle ---- (4ms)
9-6-2026 20:58:31-debug: Sort some build options to settings.json start, progress: 10%
9-6-2026 20:58:31-debug: [Build Memory track]: Query asset bundle start:223.04MB, end 223.19MB, increase: 147.05KB
9-6-2026 20:58:31-debug: // ---- build task Sort some build options to settings.json ----
9-6-2026 20:58:31-log: run build task Query asset bundle success in 4 ms√, progress: 10%
9-6-2026 20:58:31-debug: // ---- build task Sort some build options to settings.json ---- (2ms)
9-6-2026 20:58:31-log: run build task Sort some build options to settings.json success in 2 ms√, progress: 12%
9-6-2026 20:58:31-debug: Fill script data to settings start, progress: 12%
9-6-2026 20:58:31-debug: [Build Memory track]: Sort some build options to settings.json start:223.23MB, end 223.26MB, increase: 33.13KB
9-6-2026 20:58:31-debug: // ---- build task Fill script data to settings ----
9-6-2026 20:58:31-debug: // ---- build task Fill script data to settings ---- (2ms)
9-6-2026 20:58:31-log: run build task Fill script data to settings success in 2 ms√, progress: 13%
9-6-2026 20:58:31-debug: [Build Memory track]: Fill script data to settings start:223.30MB, end 223.33MB, increase: 32.64KB
9-6-2026 20:58:31-debug: Sort some build options to settings.json start, progress: 13%
9-6-2026 20:58:31-debug: // ---- build task Sort some build options to settings.json ----
9-6-2026 20:58:31-debug: // ---- build task Sort some build options to settings.json ---- (7ms)
9-6-2026 20:58:31-log: run build task Sort some build options to settings.json success in 7 ms√, progress: 15%
9-6-2026 20:58:31-debug: [Build Memory track]: Sort some build options to settings.json start:223.37MB, end 223.51MB, increase: 150.23KB
9-6-2026 20:58:33-debug: %cImport%c: F:\Github\BattleGame\assets\Battle.scenebackground: #aaff85; color: #000;color: #000;
9-6-2026 20:58:33-debug: asset-db:reimport-asset1effe86e-a401-4769-9dbc-62218c68834d (29ms)
9-6-2026 20:58:34-debug: Query all assets info in project
9-6-2026 20:58:34-debug: init custom config: keepNodeUuid: false, useCache: true
9-6-2026 20:58:34-debug: Skip compress image, progress: 0%
9-6-2026 20:58:34-debug: Num of bundles: 2..., progress: 0%
9-6-2026 20:58:34-debug: Init all bundles start..., progress: 0%
9-6-2026 20:58:34-debug: // ---- build task Query asset bundle ----
9-6-2026 20:58:34-debug: Query asset bundle start, progress: 0%
9-6-2026 20:58:34-debug: Init bundle root assets start..., progress: 0%
9-6-2026 20:58:34-debug: Query preload assets/scripts from cc.config.json: 60f7195c-ec2a-45eb-ba94-8955f60e81d0,1c02ae6f-4492-4915-b8f8-7492a3b1e4cd,810e96e4-e456-4468-9b59-f4e8f39732c0,efe8e2a3-eace-427b-b4f1-cb8a937ec77d,e9aa9a3e-5b2b-4ac7-a2c7-073de2b2b24f,8bbdbcdd-5cd4-4100-b6d5-b7c9625b6107,50f4348b-c883-4e2f-8f11-ce233b859fa1,fda095cb-831d-4601-ad94-846013963de8,f92806d7-1768-443f-afe8-12bcde84d0f0,dd3a144d-ab7f-41f0-82b8-2e43a090d496,f0416e68-0200-4b77-a926-4f9d16e494da,511d2633-09a7-4bdd-ac42-f778032124b3,5d45aa00-e064-4938-b314-4265f0c2258c,9361fd90-ba52-4f84-aa93-6e878fd576ca,970b0598-bcb0-4714-91fb-2e81440dccd8,bcd64cc6-2dd9-43f6-abbe-66318d332032,d930590d-bb92-4cc8-8bd1-23cd027f9edf,a3cd009f-0ab0-420d-9278-b9fdab939bbc,6a2d0734-bd9e-4ddf-946e-caa52498cb75,d9937e59-61fe-4ec6-92ab-7ac5a19c89b0,d1346436-ac96-4271-b863-1f4fdead95b0,971bdb23-3ff6-43eb-b422-1c30165a3663,17debcc3-0a6b-4b8a-b00b-dc58b885581e,711ebe11-f673-4cd9-9a83-63c60ba54c5b,c0143906-9aed-447e-9436-2ae8512d1b6e,14da1725-c4c2-42b4-ab08-ee0aeb6898b3,081cab31-dccd-428e-8652-f2404cc81c47,78e0584a-4343-4727-8f37-e14e65c2a2db,871c3b6c-7379-419d-bda3-794b239ab90d,ff9b0199-ce04-4cfe-86cc-6c719f08d6e4,de1c2107-70c8-4021-8459-6399f24d01c6,cbf30902-517f-40dc-af90-a550bac27cf1,5c601d96-e4c7-4698-991b-7ee674b11079
9-6-2026 20:58:34-debug:   Number of other assets: 486
9-6-2026 20:58:34-debug: Init bundle root assets success..., progress: 0%
9-6-2026 20:58:34-debug:   Number of all scenes: 1
9-6-2026 20:58:34-debug:   Number of all scripts: 42
9-6-2026 20:58:34-debug: // ---- build task Query asset bundle ---- (8ms)
9-6-2026 20:58:34-log: run build task Query asset bundle success in 8 ms√, progress: 5%
9-6-2026 20:58:34-debug: Query asset bundle start, progress: 5%
9-6-2026 20:58:34-debug: [Build Memory track]: Query asset bundle start:224.16MB, end 224.02MB, increase: -144.83KB
9-6-2026 20:58:34-debug: // ---- build task Query asset bundle ----
9-6-2026 20:58:34-debug: // ---- build task Query asset bundle ---- (4ms)
9-6-2026 20:58:34-debug: // ---- build task Sort some build options to settings.json ----
9-6-2026 20:58:34-log: run build task Query asset bundle success in 4 ms√, progress: 10%
9-6-2026 20:58:34-debug: [Build Memory track]: Query asset bundle start:224.06MB, end 224.20MB, increase: 147.61KB
9-6-2026 20:58:34-debug: Sort some build options to settings.json start, progress: 10%
9-6-2026 20:58:34-debug: // ---- build task Sort some build options to settings.json ---- (3ms)
9-6-2026 20:58:34-log: run build task Sort some build options to settings.json success in 3 ms√, progress: 12%
9-6-2026 20:58:34-debug: [Build Memory track]: Sort some build options to settings.json start:224.24MB, end 224.28MB, increase: 42.08KB
9-6-2026 20:58:34-debug: Fill script data to settings start, progress: 12%
9-6-2026 20:58:34-debug: // ---- build task Fill script data to settings ----
9-6-2026 20:58:34-debug: [Build Memory track]: Fill script data to settings start:224.32MB, end 224.35MB, increase: 32.53KB
9-6-2026 20:58:34-debug: Sort some build options to settings.json start, progress: 13%
9-6-2026 20:58:34-log: run build task Fill script data to settings success in 3 ms√, progress: 13%
9-6-2026 20:58:34-debug: // ---- build task Fill script data to settings ---- (3ms)
9-6-2026 20:58:34-debug: // ---- build task Sort some build options to settings.json ----
9-6-2026 20:58:34-debug: // ---- build task Sort some build options to settings.json ---- (9ms)
9-6-2026 20:58:34-log: run build task Sort some build options to settings.json success in 9 ms√, progress: 15%
9-6-2026 20:58:34-debug: [Build Memory track]: Sort some build options to settings.json start:224.39MB, end 224.53MB, increase: 149.96KB
9-6-2026 21:10:08-debug: refresh db internal success
9-6-2026 21:10:08-debug: %cImport%c: F:\Github\BattleGame\assets\scripts\BattleTelemetry.tsbackground: #aaff85; color: #000;color: #000;
9-6-2026 21:10:08-debug: %cImport%c: F:\Github\BattleGame\assets\scripts\GameManager.tsbackground: #aaff85; color: #000;color: #000;
9-6-2026 21:10:08-debug: refresh db assets success
9-6-2026 21:10:08-debug: Run asset db hook engine-extends:afterRefresh success!
9-6-2026 21:10:08-debug: Run asset db hook engine-extends:afterRefresh ...
9-6-2026 21:10:08-debug: asset-db:refresh-all-database (115ms)
9-6-2026 21:10:08-debug: asset-db-hook-engine-extends-afterRefresh (7ms)
9-6-2026 21:10:08-debug: asset-db:worker-effect-data-processing (5ms)
9-6-2026 21:10:14-debug: Query all assets info in project
9-6-2026 21:10:14-debug: init custom config: keepNodeUuid: false, useCache: true
9-6-2026 21:10:14-debug: Skip compress image, progress: 0%
9-6-2026 21:10:14-debug: Init all bundles start..., progress: 0%
9-6-2026 21:10:14-debug: Num of bundles: 2..., progress: 0%
9-6-2026 21:10:14-debug: Init bundle root assets start..., progress: 0%
9-6-2026 21:10:14-debug: // ---- build task Query asset bundle ----
9-6-2026 21:10:14-debug: Query asset bundle start, progress: 0%
9-6-2026 21:10:14-debug: Query preload assets/scripts from cc.config.json: 60f7195c-ec2a-45eb-ba94-8955f60e81d0,1c02ae6f-4492-4915-b8f8-7492a3b1e4cd,810e96e4-e456-4468-9b59-f4e8f39732c0,efe8e2a3-eace-427b-b4f1-cb8a937ec77d,e9aa9a3e-5b2b-4ac7-a2c7-073de2b2b24f,8bbdbcdd-5cd4-4100-b6d5-b7c9625b6107,50f4348b-c883-4e2f-8f11-ce233b859fa1,fda095cb-831d-4601-ad94-846013963de8,f92806d7-1768-443f-afe8-12bcde84d0f0,dd3a144d-ab7f-41f0-82b8-2e43a090d496,f0416e68-0200-4b77-a926-4f9d16e494da,511d2633-09a7-4bdd-ac42-f778032124b3,5d45aa00-e064-4938-b314-4265f0c2258c,9361fd90-ba52-4f84-aa93-6e878fd576ca,970b0598-bcb0-4714-91fb-2e81440dccd8,bcd64cc6-2dd9-43f6-abbe-66318d332032,d930590d-bb92-4cc8-8bd1-23cd027f9edf,a3cd009f-0ab0-420d-9278-b9fdab939bbc,6a2d0734-bd9e-4ddf-946e-caa52498cb75,d9937e59-61fe-4ec6-92ab-7ac5a19c89b0,d1346436-ac96-4271-b863-1f4fdead95b0,971bdb23-3ff6-43eb-b422-1c30165a3663,17debcc3-0a6b-4b8a-b00b-dc58b885581e,711ebe11-f673-4cd9-9a83-63c60ba54c5b,c0143906-9aed-447e-9436-2ae8512d1b6e,14da1725-c4c2-42b4-ab08-ee0aeb6898b3,081cab31-dccd-428e-8652-f2404cc81c47,78e0584a-4343-4727-8f37-e14e65c2a2db,871c3b6c-7379-419d-bda3-794b239ab90d,ff9b0199-ce04-4cfe-86cc-6c719f08d6e4,de1c2107-70c8-4021-8459-6399f24d01c6,cbf30902-517f-40dc-af90-a550bac27cf1,5c601d96-e4c7-4698-991b-7ee674b11079
9-6-2026 21:10:14-debug:   Number of all scenes: 1
9-6-2026 21:10:14-debug:   Number of other assets: 486
9-6-2026 21:10:14-debug: Init bundle root assets success..., progress: 0%
9-6-2026 21:10:14-debug:   Number of all scripts: 42
9-6-2026 21:10:14-debug: // ---- build task Query asset bundle ---- (7ms)
9-6-2026 21:10:14-log: run build task Query asset bundle success in 7 ms√, progress: 5%
9-6-2026 21:10:14-debug: [Build Memory track]: Query asset bundle start:225.66MB, end 225.54MB, increase: -131.25KB
9-6-2026 21:10:14-debug: Query asset bundle start, progress: 5%
9-6-2026 21:10:14-debug: // ---- build task Query asset bundle ----
9-6-2026 21:10:14-debug: // ---- build task Query asset bundle ---- (4ms)
9-6-2026 21:10:14-log: run build task Query asset bundle success in 4 ms√, progress: 10%
9-6-2026 21:10:14-debug: Sort some build options to settings.json start, progress: 10%
9-6-2026 21:10:14-debug: [Build Memory track]: Query asset bundle start:225.57MB, end 225.72MB, increase: 147.28KB
9-6-2026 21:10:14-debug: // ---- build task Sort some build options to settings.json ----
9-6-2026 21:10:14-debug: // ---- build task Sort some build options to settings.json ---- (2ms)
9-6-2026 21:10:14-debug: // ---- build task Fill script data to settings ----
9-6-2026 21:10:14-log: run build task Sort some build options to settings.json success in 2 ms√, progress: 12%
9-6-2026 21:10:14-debug: [Build Memory track]: Sort some build options to settings.json start:225.89MB, end 225.79MB, increase: -99.23KB
9-6-2026 21:10:14-debug: Fill script data to settings start, progress: 12%
9-6-2026 21:10:14-log: run build task Fill script data to settings success in 2 ms√, progress: 13%
9-6-2026 21:10:14-debug: [Build Memory track]: Fill script data to settings start:225.83MB, end 225.86MB, increase: 32.66KB
9-6-2026 21:10:14-debug: Sort some build options to settings.json start, progress: 13%
9-6-2026 21:10:14-debug: // ---- build task Fill script data to settings ---- (2ms)
9-6-2026 21:10:14-debug: // ---- build task Sort some build options to settings.json ----
9-6-2026 21:10:14-debug: // ---- build task Sort some build options to settings.json ---- (6ms)
9-6-2026 21:10:14-debug: [Build Memory track]: Sort some build options to settings.json start:225.90MB, end 226.04MB, increase: 147.52KB
9-6-2026 21:10:14-log: run build task Sort some build options to settings.json success in 6 ms√, progress: 15%
9-6-2026 21:10:15-debug: %cImport%c: F:\Github\BattleGame\assets\Battle.scenebackground: #aaff85; color: #000;color: #000;
9-6-2026 21:10:15-debug: asset-db:reimport-asset1effe86e-a401-4769-9dbc-62218c68834d (31ms)
9-6-2026 21:10:16-debug: Query all assets info in project
9-6-2026 21:10:16-debug: init custom config: keepNodeUuid: false, useCache: true
9-6-2026 21:10:16-debug: Skip compress image, progress: 0%
9-6-2026 21:10:16-debug: Init all bundles start..., progress: 0%
9-6-2026 21:10:16-debug: Query asset bundle start, progress: 0%
9-6-2026 21:10:16-debug: // ---- build task Query asset bundle ----
9-6-2026 21:10:16-debug: Num of bundles: 2..., progress: 0%
9-6-2026 21:10:16-debug: Init bundle root assets start..., progress: 0%
9-6-2026 21:10:16-debug: Query preload assets/scripts from cc.config.json: 60f7195c-ec2a-45eb-ba94-8955f60e81d0,1c02ae6f-4492-4915-b8f8-7492a3b1e4cd,810e96e4-e456-4468-9b59-f4e8f39732c0,efe8e2a3-eace-427b-b4f1-cb8a937ec77d,e9aa9a3e-5b2b-4ac7-a2c7-073de2b2b24f,8bbdbcdd-5cd4-4100-b6d5-b7c9625b6107,50f4348b-c883-4e2f-8f11-ce233b859fa1,fda095cb-831d-4601-ad94-846013963de8,f92806d7-1768-443f-afe8-12bcde84d0f0,dd3a144d-ab7f-41f0-82b8-2e43a090d496,f0416e68-0200-4b77-a926-4f9d16e494da,511d2633-09a7-4bdd-ac42-f778032124b3,5d45aa00-e064-4938-b314-4265f0c2258c,9361fd90-ba52-4f84-aa93-6e878fd576ca,970b0598-bcb0-4714-91fb-2e81440dccd8,bcd64cc6-2dd9-43f6-abbe-66318d332032,d930590d-bb92-4cc8-8bd1-23cd027f9edf,a3cd009f-0ab0-420d-9278-b9fdab939bbc,6a2d0734-bd9e-4ddf-946e-caa52498cb75,d9937e59-61fe-4ec6-92ab-7ac5a19c89b0,d1346436-ac96-4271-b863-1f4fdead95b0,971bdb23-3ff6-43eb-b422-1c30165a3663,17debcc3-0a6b-4b8a-b00b-dc58b885581e,711ebe11-f673-4cd9-9a83-63c60ba54c5b,c0143906-9aed-447e-9436-2ae8512d1b6e,14da1725-c4c2-42b4-ab08-ee0aeb6898b3,081cab31-dccd-428e-8652-f2404cc81c47,78e0584a-4343-4727-8f37-e14e65c2a2db,871c3b6c-7379-419d-bda3-794b239ab90d,ff9b0199-ce04-4cfe-86cc-6c719f08d6e4,de1c2107-70c8-4021-8459-6399f24d01c6,cbf30902-517f-40dc-af90-a550bac27cf1,5c601d96-e4c7-4698-991b-7ee674b11079
9-6-2026 21:10:16-debug:   Number of all scenes: 1
9-6-2026 21:10:16-debug:   Number of other assets: 486
9-6-2026 21:10:16-debug: Init bundle root assets success..., progress: 0%
9-6-2026 21:10:16-debug:   Number of all scripts: 42
9-6-2026 21:10:16-debug: // ---- build task Query asset bundle ---- (9ms)
9-6-2026 21:10:16-debug: [Build Memory track]: Query asset bundle start:226.36MB, end 226.19MB, increase: -181.34KB
9-6-2026 21:10:16-debug: Query asset bundle start, progress: 5%
9-6-2026 21:10:16-log: run build task Query asset bundle success in 9 ms√, progress: 5%
9-6-2026 21:10:16-debug: // ---- build task Query asset bundle ----
9-6-2026 21:10:16-debug: // ---- build task Query asset bundle ---- (4ms)
9-6-2026 21:10:16-log: run build task Query asset bundle success in 4 ms√, progress: 10%
9-6-2026 21:10:16-debug: [Build Memory track]: Query asset bundle start:226.23MB, end 226.59MB, increase: 373.40KB
9-6-2026 21:10:16-debug: Sort some build options to settings.json start, progress: 10%
9-6-2026 21:10:16-debug: // ---- build task Sort some build options to settings.json ----
9-6-2026 21:10:16-debug: // ---- build task Sort some build options to settings.json ---- (3ms)
9-6-2026 21:10:16-log: run build task Sort some build options to settings.json success in 3 ms√, progress: 12%
9-6-2026 21:10:16-debug: [Build Memory track]: Sort some build options to settings.json start:226.63MB, end 226.66MB, increase: 33.34KB
9-6-2026 21:10:16-debug: Fill script data to settings start, progress: 12%
9-6-2026 21:10:16-debug: // ---- build task Fill script data to settings ----
9-6-2026 21:10:16-debug: // ---- build task Fill script data to settings ---- (1ms)
9-6-2026 21:10:16-log: run build task Fill script data to settings success in 1 ms√, progress: 13%
9-6-2026 21:10:16-debug: [Build Memory track]: Fill script data to settings start:226.70MB, end 226.53MB, increase: -173.52KB
9-6-2026 21:10:16-debug: Sort some build options to settings.json start, progress: 13%
9-6-2026 21:10:16-debug: // ---- build task Sort some build options to settings.json ----
9-6-2026 21:10:16-debug: // ---- build task Sort some build options to settings.json ---- (16ms)
9-6-2026 21:10:16-log: run build task Sort some build options to settings.json success in 16 ms√, progress: 15%
9-6-2026 21:10:16-debug: [Build Memory track]: Sort some build options to settings.json start:226.56MB, end 226.68MB, increase: 126.25KB
9-6-2026 22:06:42-debug: refresh db internal success
9-6-2026 22:06:42-debug: %cImport%c: F:\Github\BattleGame\assets\scripts\Unit.tsbackground: #aaff85; color: #000;color: #000;
9-6-2026 22:06:42-debug: refresh db assets success
9-6-2026 22:06:42-debug: Run asset db hook engine-extends:afterRefresh ...
9-6-2026 22:06:42-debug: Run asset db hook engine-extends:afterRefresh success!
9-6-2026 22:06:42-debug: asset-db:worker-effect-data-processing (10ms)
9-6-2026 22:06:42-debug: asset-db-hook-engine-extends-afterRefresh (10ms)
9-6-2026 22:06:42-debug: asset-db:refresh-all-database (117ms)
9-6-2026 22:06:45-debug: Query all assets info in project
9-6-2026 22:06:45-debug: init custom config: keepNodeUuid: false, useCache: true
9-6-2026 22:06:45-debug: Skip compress image, progress: 0%
9-6-2026 22:06:45-debug: Init all bundles start..., progress: 0%
9-6-2026 22:06:45-debug: Num of bundles: 2..., progress: 0%
9-6-2026 22:06:45-debug: Query asset bundle start, progress: 0%
9-6-2026 22:06:45-debug: // ---- build task Query asset bundle ----
9-6-2026 22:06:45-debug: Init bundle root assets start..., progress: 0%
9-6-2026 22:06:45-debug: Query preload assets/scripts from cc.config.json: 60f7195c-ec2a-45eb-ba94-8955f60e81d0,1c02ae6f-4492-4915-b8f8-7492a3b1e4cd,810e96e4-e456-4468-9b59-f4e8f39732c0,efe8e2a3-eace-427b-b4f1-cb8a937ec77d,e9aa9a3e-5b2b-4ac7-a2c7-073de2b2b24f,8bbdbcdd-5cd4-4100-b6d5-b7c9625b6107,50f4348b-c883-4e2f-8f11-ce233b859fa1,fda095cb-831d-4601-ad94-846013963de8,f92806d7-1768-443f-afe8-12bcde84d0f0,dd3a144d-ab7f-41f0-82b8-2e43a090d496,f0416e68-0200-4b77-a926-4f9d16e494da,511d2633-09a7-4bdd-ac42-f778032124b3,5d45aa00-e064-4938-b314-4265f0c2258c,9361fd90-ba52-4f84-aa93-6e878fd576ca,970b0598-bcb0-4714-91fb-2e81440dccd8,bcd64cc6-2dd9-43f6-abbe-66318d332032,d930590d-bb92-4cc8-8bd1-23cd027f9edf,a3cd009f-0ab0-420d-9278-b9fdab939bbc,6a2d0734-bd9e-4ddf-946e-caa52498cb75,d9937e59-61fe-4ec6-92ab-7ac5a19c89b0,d1346436-ac96-4271-b863-1f4fdead95b0,971bdb23-3ff6-43eb-b422-1c30165a3663,17debcc3-0a6b-4b8a-b00b-dc58b885581e,711ebe11-f673-4cd9-9a83-63c60ba54c5b,c0143906-9aed-447e-9436-2ae8512d1b6e,14da1725-c4c2-42b4-ab08-ee0aeb6898b3,081cab31-dccd-428e-8652-f2404cc81c47,78e0584a-4343-4727-8f37-e14e65c2a2db,871c3b6c-7379-419d-bda3-794b239ab90d,ff9b0199-ce04-4cfe-86cc-6c719f08d6e4,de1c2107-70c8-4021-8459-6399f24d01c6,cbf30902-517f-40dc-af90-a550bac27cf1,5c601d96-e4c7-4698-991b-7ee674b11079
9-6-2026 22:06:45-debug:   Number of all scenes: 1
9-6-2026 22:06:45-debug:   Number of all scripts: 42
9-6-2026 22:06:45-debug: Init bundle root assets success..., progress: 0%
9-6-2026 22:06:45-debug:   Number of other assets: 486
9-6-2026 22:06:45-debug: // ---- build task Query asset bundle ---- (7ms)
9-6-2026 22:06:45-log: run build task Query asset bundle success in 7 ms√, progress: 5%
9-6-2026 22:06:45-debug: [Build Memory track]: Query asset bundle start:227.80MB, end 228.50MB, increase: 722.33KB
9-6-2026 22:06:45-debug: Query asset bundle start, progress: 5%
9-6-2026 22:06:45-debug: // ---- build task Query asset bundle ----
9-6-2026 22:06:45-debug: // ---- build task Query asset bundle ---- (6ms)
9-6-2026 22:06:45-log: run build task Query asset bundle success in 6 ms√, progress: 10%
9-6-2026 22:06:45-debug: [Build Memory track]: Query asset bundle start:228.53MB, end 228.67MB, increase: 139.30KB
9-6-2026 22:06:45-debug: // ---- build task Sort some build options to settings.json ----
9-6-2026 22:06:45-debug: Sort some build options to settings.json start, progress: 10%
9-6-2026 22:06:45-debug: // ---- build task Sort some build options to settings.json ---- (1ms)
9-6-2026 22:06:45-debug: // ---- build task Fill script data to settings ----
9-6-2026 22:06:45-log: run build task Sort some build options to settings.json success in 1 ms√, progress: 12%
9-6-2026 22:06:45-debug: [Build Memory track]: Sort some build options to settings.json start:228.70MB, end 228.72MB, increase: 26.16KB
9-6-2026 22:06:45-debug: Fill script data to settings start, progress: 12%
9-6-2026 22:06:45-debug: // ---- build task Fill script data to settings ---- (1ms)
9-6-2026 22:06:45-log: run build task Fill script data to settings success in 1 ms√, progress: 13%
9-6-2026 22:06:45-debug: [Build Memory track]: Fill script data to settings start:228.75MB, end 228.78MB, increase: 25.80KB
9-6-2026 22:06:45-debug: Sort some build options to settings.json start, progress: 13%
9-6-2026 22:06:45-debug: // ---- build task Sort some build options to settings.json ----
9-6-2026 22:06:45-debug: // ---- build task Sort some build options to settings.json ---- (7ms)
9-6-2026 22:06:45-log: run build task Sort some build options to settings.json success in 7 ms√, progress: 15%
9-6-2026 22:06:45-debug: [Build Memory track]: Sort some build options to settings.json start:228.81MB, end 228.93MB, increase: 126.01KB
9-6-2026 22:06:46-debug: %cImport%c: F:\Github\BattleGame\assets\Battle.scenebackground: #aaff85; color: #000;color: #000;
9-6-2026 22:06:46-debug: asset-db:reimport-asset1effe86e-a401-4769-9dbc-62218c68834d (21ms)
9-6-2026 22:06:47-debug: Query all assets info in project
9-6-2026 22:06:47-debug: init custom config: keepNodeUuid: false, useCache: true
9-6-2026 22:06:47-debug: Skip compress image, progress: 0%
9-6-2026 22:06:47-debug: Num of bundles: 2..., progress: 0%
9-6-2026 22:06:47-debug: Init all bundles start..., progress: 0%
9-6-2026 22:06:47-debug: // ---- build task Query asset bundle ----
9-6-2026 22:06:47-debug: Query asset bundle start, progress: 0%
9-6-2026 22:06:47-debug: Init bundle root assets start..., progress: 0%
9-6-2026 22:06:47-debug: Query preload assets/scripts from cc.config.json: 60f7195c-ec2a-45eb-ba94-8955f60e81d0,1c02ae6f-4492-4915-b8f8-7492a3b1e4cd,810e96e4-e456-4468-9b59-f4e8f39732c0,efe8e2a3-eace-427b-b4f1-cb8a937ec77d,e9aa9a3e-5b2b-4ac7-a2c7-073de2b2b24f,8bbdbcdd-5cd4-4100-b6d5-b7c9625b6107,50f4348b-c883-4e2f-8f11-ce233b859fa1,fda095cb-831d-4601-ad94-846013963de8,f92806d7-1768-443f-afe8-12bcde84d0f0,dd3a144d-ab7f-41f0-82b8-2e43a090d496,f0416e68-0200-4b77-a926-4f9d16e494da,511d2633-09a7-4bdd-ac42-f778032124b3,5d45aa00-e064-4938-b314-4265f0c2258c,9361fd90-ba52-4f84-aa93-6e878fd576ca,970b0598-bcb0-4714-91fb-2e81440dccd8,bcd64cc6-2dd9-43f6-abbe-66318d332032,d930590d-bb92-4cc8-8bd1-23cd027f9edf,a3cd009f-0ab0-420d-9278-b9fdab939bbc,6a2d0734-bd9e-4ddf-946e-caa52498cb75,d9937e59-61fe-4ec6-92ab-7ac5a19c89b0,d1346436-ac96-4271-b863-1f4fdead95b0,971bdb23-3ff6-43eb-b422-1c30165a3663,17debcc3-0a6b-4b8a-b00b-dc58b885581e,711ebe11-f673-4cd9-9a83-63c60ba54c5b,c0143906-9aed-447e-9436-2ae8512d1b6e,14da1725-c4c2-42b4-ab08-ee0aeb6898b3,081cab31-dccd-428e-8652-f2404cc81c47,78e0584a-4343-4727-8f37-e14e65c2a2db,871c3b6c-7379-419d-bda3-794b239ab90d,ff9b0199-ce04-4cfe-86cc-6c719f08d6e4,de1c2107-70c8-4021-8459-6399f24d01c6,cbf30902-517f-40dc-af90-a550bac27cf1,5c601d96-e4c7-4698-991b-7ee674b11079
9-6-2026 22:06:47-debug:   Number of all scripts: 42
9-6-2026 22:06:47-debug:   Number of other assets: 486
9-6-2026 22:06:47-debug: Init bundle root assets success..., progress: 0%
9-6-2026 22:06:47-debug:   Number of all scenes: 1
9-6-2026 22:06:47-log: run build task Query asset bundle success in 9 ms√, progress: 5%
9-6-2026 22:06:47-debug: [Build Memory track]: Query asset bundle start:229.58MB, end 228.39MB, increase: -1214.07KB
9-6-2026 22:06:47-debug: Query asset bundle start, progress: 5%
9-6-2026 22:06:47-debug: // ---- build task Query asset bundle ---- (9ms)
9-6-2026 22:06:47-debug: // ---- build task Query asset bundle ----
9-6-2026 22:06:47-debug: // ---- build task Query asset bundle ---- (12ms)
9-6-2026 22:06:47-debug: [Build Memory track]: Query asset bundle start:228.42MB, end 228.56MB, increase: 147.22KB
9-6-2026 22:06:47-log: run build task Query asset bundle success in 12 ms√, progress: 10%
9-6-2026 22:06:47-debug: Sort some build options to settings.json start, progress: 10%
9-6-2026 22:06:47-debug: // ---- build task Sort some build options to settings.json ----
9-6-2026 22:06:47-debug: // ---- build task Sort some build options to settings.json ---- (2ms)
9-6-2026 22:06:47-debug: [Build Memory track]: Sort some build options to settings.json start:228.59MB, end 228.62MB, increase: 26.23KB
9-6-2026 22:06:47-debug: Fill script data to settings start, progress: 12%
9-6-2026 22:06:47-log: run build task Sort some build options to settings.json success in 2 ms√, progress: 12%
9-6-2026 22:06:47-debug: // ---- build task Fill script data to settings ----
9-6-2026 22:06:47-log: run build task Fill script data to settings success in 2 ms√, progress: 13%
9-6-2026 22:06:47-debug: [Build Memory track]: Fill script data to settings start:228.64MB, end 228.67MB, increase: 25.57KB
9-6-2026 22:06:47-debug: Sort some build options to settings.json start, progress: 13%
9-6-2026 22:06:47-debug: // ---- build task Sort some build options to settings.json ----
9-6-2026 22:06:47-debug: // ---- build task Fill script data to settings ---- (2ms)
9-6-2026 22:06:47-debug: // ---- build task Sort some build options to settings.json ---- (6ms)
9-6-2026 22:06:47-log: run build task Sort some build options to settings.json success in 6 ms√, progress: 15%
9-6-2026 22:06:47-debug: [Build Memory track]: Sort some build options to settings.json start:228.70MB, end 228.84MB, increase: 146.98KB
9-6-2026 22:19:25-debug: refresh db internal success
9-6-2026 22:19:25-debug: %cImport%c: F:\Github\BattleGame\assets\scripts\BattleWave.tsbackground: #aaff85; color: #000;color: #000;
9-6-2026 22:19:25-debug: %cImport%c: F:\Github\BattleGame\assets\scripts\GameManager.tsbackground: #aaff85; color: #000;color: #000;
9-6-2026 22:19:25-debug: refresh db assets success
9-6-2026 22:19:25-debug: Run asset db hook engine-extends:afterRefresh success!
9-6-2026 22:19:25-debug: Run asset db hook engine-extends:afterRefresh ...
9-6-2026 22:19:25-debug: asset-db:refresh-all-database (92ms)
9-6-2026 22:19:30-debug: Query all assets info in project
9-6-2026 22:19:30-debug: init custom config: keepNodeUuid: false, useCache: true
9-6-2026 22:19:30-debug: Skip compress image, progress: 0%
9-6-2026 22:19:30-debug: Init all bundles start..., progress: 0%
9-6-2026 22:19:30-debug: Num of bundles: 2..., progress: 0%
9-6-2026 22:19:30-debug: Query asset bundle start, progress: 0%
9-6-2026 22:19:30-debug: // ---- build task Query asset bundle ----
9-6-2026 22:19:30-debug: Init bundle root assets start..., progress: 0%
9-6-2026 22:19:30-debug: Query preload assets/scripts from cc.config.json: 60f7195c-ec2a-45eb-ba94-8955f60e81d0,1c02ae6f-4492-4915-b8f8-7492a3b1e4cd,810e96e4-e456-4468-9b59-f4e8f39732c0,efe8e2a3-eace-427b-b4f1-cb8a937ec77d,e9aa9a3e-5b2b-4ac7-a2c7-073de2b2b24f,8bbdbcdd-5cd4-4100-b6d5-b7c9625b6107,50f4348b-c883-4e2f-8f11-ce233b859fa1,fda095cb-831d-4601-ad94-846013963de8,f92806d7-1768-443f-afe8-12bcde84d0f0,dd3a144d-ab7f-41f0-82b8-2e43a090d496,f0416e68-0200-4b77-a926-4f9d16e494da,511d2633-09a7-4bdd-ac42-f778032124b3,5d45aa00-e064-4938-b314-4265f0c2258c,9361fd90-ba52-4f84-aa93-6e878fd576ca,970b0598-bcb0-4714-91fb-2e81440dccd8,bcd64cc6-2dd9-43f6-abbe-66318d332032,d930590d-bb92-4cc8-8bd1-23cd027f9edf,a3cd009f-0ab0-420d-9278-b9fdab939bbc,6a2d0734-bd9e-4ddf-946e-caa52498cb75,d9937e59-61fe-4ec6-92ab-7ac5a19c89b0,d1346436-ac96-4271-b863-1f4fdead95b0,971bdb23-3ff6-43eb-b422-1c30165a3663,17debcc3-0a6b-4b8a-b00b-dc58b885581e,711ebe11-f673-4cd9-9a83-63c60ba54c5b,c0143906-9aed-447e-9436-2ae8512d1b6e,14da1725-c4c2-42b4-ab08-ee0aeb6898b3,081cab31-dccd-428e-8652-f2404cc81c47,78e0584a-4343-4727-8f37-e14e65c2a2db,871c3b6c-7379-419d-bda3-794b239ab90d,ff9b0199-ce04-4cfe-86cc-6c719f08d6e4,de1c2107-70c8-4021-8459-6399f24d01c6,cbf30902-517f-40dc-af90-a550bac27cf1,5c601d96-e4c7-4698-991b-7ee674b11079
9-6-2026 22:19:30-debug:   Number of all scenes: 1
9-6-2026 22:19:30-debug:   Number of all scripts: 42
9-6-2026 22:19:30-debug: Init bundle root assets success..., progress: 0%
9-6-2026 22:19:30-debug:   Number of other assets: 486
9-6-2026 22:19:30-debug: // ---- build task Query asset bundle ---- (5ms)
9-6-2026 22:19:30-debug: [Build Memory track]: Query asset bundle start:230.51MB, end 230.31MB, increase: -208.59KB
9-6-2026 22:19:30-log: run build task Query asset bundle success in 5 ms√, progress: 5%
9-6-2026 22:19:30-debug: Query asset bundle start, progress: 5%
9-6-2026 22:19:30-debug: // ---- build task Query asset bundle ----
9-6-2026 22:19:30-debug: // ---- build task Query asset bundle ---- (3ms)
9-6-2026 22:19:30-log: run build task Query asset bundle success in 3 ms√, progress: 10%
9-6-2026 22:19:30-debug: [Build Memory track]: Query asset bundle start:230.34MB, end 230.47MB, increase: 139.59KB
9-6-2026 22:19:30-debug: Sort some build options to settings.json start, progress: 10%
9-6-2026 22:19:30-debug: // ---- build task Sort some build options to settings.json ----
9-6-2026 22:19:30-debug: // ---- build task Sort some build options to settings.json ---- (2ms)
9-6-2026 22:19:30-debug: Fill script data to settings start, progress: 12%
9-6-2026 22:19:30-debug: [Build Memory track]: Sort some build options to settings.json start:230.50MB, end 230.54MB, increase: 38.15KB
9-6-2026 22:19:30-log: run build task Sort some build options to settings.json success in 2 ms√, progress: 12%
9-6-2026 22:19:30-debug: // ---- build task Fill script data to settings ----
9-6-2026 22:19:30-debug: // ---- build task Fill script data to settings ---- (1ms)
9-6-2026 22:19:30-log: run build task Fill script data to settings success in 1 ms√, progress: 13%
9-6-2026 22:19:30-debug: [Build Memory track]: Fill script data to settings start:230.57MB, end 230.61MB, increase: 37.59KB
9-6-2026 22:19:30-debug: Sort some build options to settings.json start, progress: 13%
9-6-2026 22:19:30-debug: // ---- build task Sort some build options to settings.json ----
9-6-2026 22:19:30-debug: // ---- build task Sort some build options to settings.json ---- (5ms)
9-6-2026 22:19:30-debug: [Build Memory track]: Sort some build options to settings.json start:230.63MB, end 230.76MB, increase: 126.25KB
9-6-2026 22:19:30-log: run build task Sort some build options to settings.json success in 5 ms√, progress: 15%
9-6-2026 22:19:31-debug: %cImport%c: F:\Github\BattleGame\assets\Battle.scenebackground: #aaff85; color: #000;color: #000;
9-6-2026 22:19:31-debug: asset-db:reimport-asset1effe86e-a401-4769-9dbc-62218c68834d (33ms)
9-6-2026 22:19:32-debug: Query all assets info in project
9-6-2026 22:19:32-debug: init custom config: keepNodeUuid: false, useCache: true
9-6-2026 22:19:32-debug: Skip compress image, progress: 0%
9-6-2026 22:19:32-debug: Init all bundles start..., progress: 0%
9-6-2026 22:19:32-debug: Num of bundles: 2..., progress: 0%
9-6-2026 22:19:32-debug: Query asset bundle start, progress: 0%
9-6-2026 22:19:32-debug: // ---- build task Query asset bundle ----
9-6-2026 22:19:32-debug: Init bundle root assets start..., progress: 0%
9-6-2026 22:19:32-debug: Query preload assets/scripts from cc.config.json: 60f7195c-ec2a-45eb-ba94-8955f60e81d0,1c02ae6f-4492-4915-b8f8-7492a3b1e4cd,810e96e4-e456-4468-9b59-f4e8f39732c0,efe8e2a3-eace-427b-b4f1-cb8a937ec77d,e9aa9a3e-5b2b-4ac7-a2c7-073de2b2b24f,8bbdbcdd-5cd4-4100-b6d5-b7c9625b6107,50f4348b-c883-4e2f-8f11-ce233b859fa1,fda095cb-831d-4601-ad94-846013963de8,f92806d7-1768-443f-afe8-12bcde84d0f0,dd3a144d-ab7f-41f0-82b8-2e43a090d496,f0416e68-0200-4b77-a926-4f9d16e494da,511d2633-09a7-4bdd-ac42-f778032124b3,5d45aa00-e064-4938-b314-4265f0c2258c,9361fd90-ba52-4f84-aa93-6e878fd576ca,970b0598-bcb0-4714-91fb-2e81440dccd8,bcd64cc6-2dd9-43f6-abbe-66318d332032,d930590d-bb92-4cc8-8bd1-23cd027f9edf,a3cd009f-0ab0-420d-9278-b9fdab939bbc,6a2d0734-bd9e-4ddf-946e-caa52498cb75,d9937e59-61fe-4ec6-92ab-7ac5a19c89b0,d1346436-ac96-4271-b863-1f4fdead95b0,971bdb23-3ff6-43eb-b422-1c30165a3663,17debcc3-0a6b-4b8a-b00b-dc58b885581e,711ebe11-f673-4cd9-9a83-63c60ba54c5b,c0143906-9aed-447e-9436-2ae8512d1b6e,14da1725-c4c2-42b4-ab08-ee0aeb6898b3,081cab31-dccd-428e-8652-f2404cc81c47,78e0584a-4343-4727-8f37-e14e65c2a2db,871c3b6c-7379-419d-bda3-794b239ab90d,ff9b0199-ce04-4cfe-86cc-6c719f08d6e4,de1c2107-70c8-4021-8459-6399f24d01c6,cbf30902-517f-40dc-af90-a550bac27cf1,5c601d96-e4c7-4698-991b-7ee674b11079
9-6-2026 22:19:32-debug:   Number of all scripts: 42
9-6-2026 22:19:32-debug: Init bundle root assets success..., progress: 0%
9-6-2026 22:19:32-debug:   Number of other assets: 486
9-6-2026 22:19:32-debug:   Number of all scenes: 1
9-6-2026 22:19:32-debug: // ---- build task Query asset bundle ---- (13ms)
9-6-2026 22:19:32-log: run build task Query asset bundle success in 13 ms√, progress: 5%
9-6-2026 22:19:32-debug: [Build Memory track]: Query asset bundle start:230.91MB, end 230.70MB, increase: -209.86KB
9-6-2026 22:19:32-debug: // ---- build task Query asset bundle ----
9-6-2026 22:19:32-debug: Query asset bundle start, progress: 5%
9-6-2026 22:19:32-debug: // ---- build task Query asset bundle ---- (7ms)
9-6-2026 22:19:32-log: run build task Query asset bundle success in 7 ms√, progress: 10%
9-6-2026 22:19:32-debug: [Build Memory track]: Query asset bundle start:230.73MB, end 230.87MB, increase: 140.82KB
9-6-2026 22:19:32-debug: Sort some build options to settings.json start, progress: 10%
9-6-2026 22:19:32-debug: // ---- build task Sort some build options to settings.json ----
9-6-2026 22:19:32-debug: // ---- build task Sort some build options to settings.json ---- (3ms)
9-6-2026 22:19:32-debug: // ---- build task Fill script data to settings ----
9-6-2026 22:19:32-log: run build task Sort some build options to settings.json success in 3 ms√, progress: 12%
9-6-2026 22:19:32-debug: [Build Memory track]: Sort some build options to settings.json start:230.91MB, end 230.94MB, increase: 26.83KB
9-6-2026 22:19:32-debug: Fill script data to settings start, progress: 12%
9-6-2026 22:19:32-debug: [Build Memory track]: Fill script data to settings start:230.97MB, end 230.99MB, increase: 27.30KB
9-6-2026 22:19:32-debug: Sort some build options to settings.json start, progress: 13%
9-6-2026 22:19:32-debug: // ---- build task Fill script data to settings ---- (1ms)
9-6-2026 22:19:32-log: run build task Fill script data to settings success in 1 ms√, progress: 13%
9-6-2026 22:19:32-debug: // ---- build task Sort some build options to settings.json ----
9-6-2026 22:19:33-debug: // ---- build task Sort some build options to settings.json ---- (7ms)
9-6-2026 22:19:33-debug: [Build Memory track]: Sort some build options to settings.json start:231.02MB, end 231.15MB, increase: 132.00KB
9-6-2026 22:19:33-log: run build task Sort some build options to settings.json success in 7 ms√, progress: 15%
9-6-2026 22:32:54-debug: refresh db internal success
9-6-2026 22:32:54-debug: %cImport%c: F:\Github\BattleGame\assets\scripts\GameManager.tsbackground: #aaff85; color: #000;color: #000;
9-6-2026 22:32:54-debug: Run asset db hook engine-extends:afterRefresh ...
9-6-2026 22:32:54-debug: Run asset db hook engine-extends:afterRefresh success!
9-6-2026 22:32:54-debug: refresh db assets success
9-6-2026 22:32:54-debug: asset-db:refresh-all-database (97ms)
9-6-2026 22:32:54-debug: asset-db:worker-effect-data-processing (7ms)
9-6-2026 22:32:54-debug: asset-db-hook-engine-extends-afterRefresh (7ms)
9-6-2026 22:32:59-debug: Query all assets info in project
9-6-2026 22:32:59-debug: init custom config: keepNodeUuid: false, useCache: true
9-6-2026 22:32:59-debug: Skip compress image, progress: 0%
9-6-2026 22:32:59-debug: Init all bundles start..., progress: 0%
9-6-2026 22:32:59-debug: Num of bundles: 2..., progress: 0%
9-6-2026 22:32:59-debug: Query asset bundle start, progress: 0%
9-6-2026 22:32:59-debug: // ---- build task Query asset bundle ----
9-6-2026 22:32:59-debug: Init bundle root assets start..., progress: 0%
9-6-2026 22:32:59-debug: Query preload assets/scripts from cc.config.json: 60f7195c-ec2a-45eb-ba94-8955f60e81d0,1c02ae6f-4492-4915-b8f8-7492a3b1e4cd,810e96e4-e456-4468-9b59-f4e8f39732c0,efe8e2a3-eace-427b-b4f1-cb8a937ec77d,e9aa9a3e-5b2b-4ac7-a2c7-073de2b2b24f,8bbdbcdd-5cd4-4100-b6d5-b7c9625b6107,50f4348b-c883-4e2f-8f11-ce233b859fa1,fda095cb-831d-4601-ad94-846013963de8,f92806d7-1768-443f-afe8-12bcde84d0f0,dd3a144d-ab7f-41f0-82b8-2e43a090d496,f0416e68-0200-4b77-a926-4f9d16e494da,511d2633-09a7-4bdd-ac42-f778032124b3,5d45aa00-e064-4938-b314-4265f0c2258c,9361fd90-ba52-4f84-aa93-6e878fd576ca,970b0598-bcb0-4714-91fb-2e81440dccd8,bcd64cc6-2dd9-43f6-abbe-66318d332032,d930590d-bb92-4cc8-8bd1-23cd027f9edf,a3cd009f-0ab0-420d-9278-b9fdab939bbc,6a2d0734-bd9e-4ddf-946e-caa52498cb75,d9937e59-61fe-4ec6-92ab-7ac5a19c89b0,d1346436-ac96-4271-b863-1f4fdead95b0,971bdb23-3ff6-43eb-b422-1c30165a3663,17debcc3-0a6b-4b8a-b00b-dc58b885581e,711ebe11-f673-4cd9-9a83-63c60ba54c5b,c0143906-9aed-447e-9436-2ae8512d1b6e,14da1725-c4c2-42b4-ab08-ee0aeb6898b3,081cab31-dccd-428e-8652-f2404cc81c47,78e0584a-4343-4727-8f37-e14e65c2a2db,871c3b6c-7379-419d-bda3-794b239ab90d,ff9b0199-ce04-4cfe-86cc-6c719f08d6e4,de1c2107-70c8-4021-8459-6399f24d01c6,cbf30902-517f-40dc-af90-a550bac27cf1,5c601d96-e4c7-4698-991b-7ee674b11079
9-6-2026 22:32:59-debug:   Number of all scripts: 42
9-6-2026 22:32:59-debug:   Number of other assets: 486
9-6-2026 22:32:59-debug: Init bundle root assets success..., progress: 0%
9-6-2026 22:32:59-debug:   Number of all scenes: 1
9-6-2026 22:32:59-debug: // ---- build task Query asset bundle ---- (14ms)
9-6-2026 22:32:59-log: run build task Query asset bundle success in 14 ms√, progress: 5%
9-6-2026 22:32:59-debug: [Build Memory track]: Query asset bundle start:232.59MB, end 232.35MB, increase: -250.25KB
9-6-2026 22:32:59-debug: Query asset bundle start, progress: 5%
9-6-2026 22:32:59-debug: // ---- build task Query asset bundle ----
9-6-2026 22:32:59-debug: // ---- build task Query asset bundle ---- (8ms)
9-6-2026 22:32:59-log: run build task Query asset bundle success in 8 ms√, progress: 10%
9-6-2026 22:32:59-debug: [Build Memory track]: Query asset bundle start:232.38MB, end 232.51MB, increase: 139.29KB
9-6-2026 22:32:59-debug: Sort some build options to settings.json start, progress: 10%
9-6-2026 22:32:59-debug: // ---- build task Sort some build options to settings.json ----
9-6-2026 22:32:59-debug: // ---- build task Sort some build options to settings.json ---- (6ms)
9-6-2026 22:32:59-log: run build task Sort some build options to settings.json success in 6 ms√, progress: 12%
9-6-2026 22:32:59-debug: // ---- build task Fill script data to settings ----
9-6-2026 22:32:59-debug: [Build Memory track]: Sort some build options to settings.json start:232.54MB, end 232.57MB, increase: 26.09KB
9-6-2026 22:32:59-debug: Fill script data to settings start, progress: 12%
9-6-2026 22:32:59-debug: // ---- build task Fill script data to settings ---- (2ms)
9-6-2026 22:32:59-log: run build task Fill script data to settings success in 2 ms√, progress: 13%
9-6-2026 22:32:59-debug: [Build Memory track]: Fill script data to settings start:232.60MB, end 232.62MB, increase: 25.59KB
9-6-2026 22:32:59-debug: // ---- build task Sort some build options to settings.json ----
9-6-2026 22:32:59-debug: Sort some build options to settings.json start, progress: 13%
9-6-2026 22:32:59-log: run build task Sort some build options to settings.json success in 11 ms√, progress: 15%
9-6-2026 22:32:59-debug: [Build Memory track]: Sort some build options to settings.json start:232.65MB, end 232.06MB, increase: -601.74KB
9-6-2026 22:32:59-debug: // ---- build task Sort some build options to settings.json ---- (11ms)
9-6-2026 22:34:32-debug: refresh db internal success
9-6-2026 22:34:32-debug: refresh db assets success
9-6-2026 22:34:32-debug: Run asset db hook engine-extends:afterRefresh ...
9-6-2026 22:34:32-debug: Run asset db hook engine-extends:afterRefresh success!
9-6-2026 22:34:32-debug: asset-db:refresh-all-database (80ms)
9-6-2026 22:34:32-debug: asset-db:worker-effect-data-processing (5ms)
9-6-2026 22:34:32-debug: asset-db-hook-engine-extends-afterRefresh (5ms)
9-6-2026 22:35:28-debug: refresh db internal success
9-6-2026 22:35:28-debug: refresh db assets success
9-6-2026 22:35:28-debug: Run asset db hook engine-extends:afterRefresh ...
9-6-2026 22:35:28-debug: Run asset db hook engine-extends:afterRefresh success!
9-6-2026 22:35:28-debug: asset-db:refresh-all-database (86ms)
9-6-2026 22:35:28-debug: asset-db:worker-effect-data-processing (3ms)
9-6-2026 22:35:28-debug: asset-db-hook-engine-extends-afterRefresh (3ms)
9-6-2026 22:35:30-debug: %cImport%c: F:\Github\BattleGame\assets\Battle.scenebackground: #aaff85; color: #000;color: #000;
9-6-2026 22:35:30-debug: asset-db:reimport-asset1effe86e-a401-4769-9dbc-62218c68834d (32ms)
9-6-2026 22:35:31-debug: Query all assets info in project
9-6-2026 22:35:31-debug: init custom config: keepNodeUuid: false, useCache: true
9-6-2026 22:35:31-debug: Skip compress image, progress: 0%
9-6-2026 22:35:31-debug: Init all bundles start..., progress: 0%
9-6-2026 22:35:31-debug: Num of bundles: 2..., progress: 0%
9-6-2026 22:35:31-debug: // ---- build task Query asset bundle ----
9-6-2026 22:35:31-debug: Query asset bundle start, progress: 0%
9-6-2026 22:35:31-debug: Init bundle root assets start..., progress: 0%
9-6-2026 22:35:31-debug: Query preload assets/scripts from cc.config.json: 60f7195c-ec2a-45eb-ba94-8955f60e81d0,1c02ae6f-4492-4915-b8f8-7492a3b1e4cd,810e96e4-e456-4468-9b59-f4e8f39732c0,efe8e2a3-eace-427b-b4f1-cb8a937ec77d,e9aa9a3e-5b2b-4ac7-a2c7-073de2b2b24f,8bbdbcdd-5cd4-4100-b6d5-b7c9625b6107,50f4348b-c883-4e2f-8f11-ce233b859fa1,fda095cb-831d-4601-ad94-846013963de8,f92806d7-1768-443f-afe8-12bcde84d0f0,dd3a144d-ab7f-41f0-82b8-2e43a090d496,f0416e68-0200-4b77-a926-4f9d16e494da,511d2633-09a7-4bdd-ac42-f778032124b3,5d45aa00-e064-4938-b314-4265f0c2258c,9361fd90-ba52-4f84-aa93-6e878fd576ca,970b0598-bcb0-4714-91fb-2e81440dccd8,bcd64cc6-2dd9-43f6-abbe-66318d332032,d930590d-bb92-4cc8-8bd1-23cd027f9edf,a3cd009f-0ab0-420d-9278-b9fdab939bbc,6a2d0734-bd9e-4ddf-946e-caa52498cb75,d9937e59-61fe-4ec6-92ab-7ac5a19c89b0,d1346436-ac96-4271-b863-1f4fdead95b0,971bdb23-3ff6-43eb-b422-1c30165a3663,17debcc3-0a6b-4b8a-b00b-dc58b885581e,711ebe11-f673-4cd9-9a83-63c60ba54c5b,c0143906-9aed-447e-9436-2ae8512d1b6e,14da1725-c4c2-42b4-ab08-ee0aeb6898b3,081cab31-dccd-428e-8652-f2404cc81c47,78e0584a-4343-4727-8f37-e14e65c2a2db,871c3b6c-7379-419d-bda3-794b239ab90d,ff9b0199-ce04-4cfe-86cc-6c719f08d6e4,de1c2107-70c8-4021-8459-6399f24d01c6,cbf30902-517f-40dc-af90-a550bac27cf1,5c601d96-e4c7-4698-991b-7ee674b11079
9-6-2026 22:35:31-debug:   Number of all scripts: 42
9-6-2026 22:35:31-debug:   Number of other assets: 486
9-6-2026 22:35:31-debug: Init bundle root assets success..., progress: 0%
9-6-2026 22:35:31-debug:   Number of all scenes: 1
9-6-2026 22:35:31-debug: // ---- build task Query asset bundle ---- (20ms)
9-6-2026 22:35:31-log: run build task Query asset bundle success in 20 ms√, progress: 5%
9-6-2026 22:35:31-debug: [Build Memory track]: Query asset bundle start:235.25MB, end 235.95MB, increase: 718.28KB
9-6-2026 22:35:31-debug: Query asset bundle start, progress: 5%
9-6-2026 22:35:31-debug: // ---- build task Query asset bundle ----
9-6-2026 22:35:31-debug: // ---- build task Query asset bundle ---- (9ms)
9-6-2026 22:35:31-log: run build task Query asset bundle success in 9 ms√, progress: 10%
9-6-2026 22:35:31-debug: [Build Memory track]: Query asset bundle start:235.98MB, end 236.12MB, increase: 141.92KB
9-6-2026 22:35:31-debug: // ---- build task Sort some build options to settings.json ----
9-6-2026 22:35:31-debug: Sort some build options to settings.json start, progress: 10%
9-6-2026 22:35:31-debug: // ---- build task Sort some build options to settings.json ---- (5ms)
9-6-2026 22:35:31-log: run build task Sort some build options to settings.json success in 5 ms√, progress: 12%
9-6-2026 22:35:31-debug: // ---- build task Fill script data to settings ----
9-6-2026 22:35:31-debug: [Build Memory track]: Sort some build options to settings.json start:236.14MB, end 236.17MB, increase: 26.68KB
9-6-2026 22:35:31-debug: Fill script data to settings start, progress: 12%
9-6-2026 22:35:31-debug: // ---- build task Fill script data to settings ---- (4ms)
9-6-2026 22:35:31-debug: [Build Memory track]: Fill script data to settings start:236.20MB, end 236.22MB, increase: 25.49KB
9-6-2026 22:35:31-log: run build task Fill script data to settings success in 4 ms√, progress: 13%
9-6-2026 22:35:31-debug: Sort some build options to settings.json start, progress: 13%
9-6-2026 22:35:31-debug: // ---- build task Sort some build options to settings.json ----
9-6-2026 22:35:31-debug: // ---- build task Sort some build options to settings.json ---- (14ms)
9-6-2026 22:35:31-log: run build task Sort some build options to settings.json success in 14 ms√, progress: 15%
9-6-2026 22:35:31-debug: [Build Memory track]: Sort some build options to settings.json start:236.25MB, end 236.37MB, increase: 126.41KB
9-6-2026 22:45:24-debug: refresh db internal success
9-6-2026 22:45:24-debug: refresh db assets success
9-6-2026 22:45:24-debug: Run asset db hook engine-extends:afterRefresh ...
9-6-2026 22:45:24-debug: Run asset db hook engine-extends:afterRefresh success!
9-6-2026 22:45:24-debug: asset-db:refresh-all-database (96ms)
9-6-2026 22:45:24-debug: asset-db:worker-effect-data-processing (7ms)
9-6-2026 22:45:24-debug: asset-db-hook-engine-extends-afterRefresh (7ms)
9-6-2026 22:51:26-debug: refresh db internal success
9-6-2026 22:51:26-debug: refresh db assets success
9-6-2026 22:51:26-debug: Run asset db hook engine-extends:afterRefresh ...
9-6-2026 22:51:26-debug: Run asset db hook engine-extends:afterRefresh success!
9-6-2026 22:51:26-debug: asset-db:refresh-all-database (101ms)
9-6-2026 22:51:26-debug: asset-db:worker-effect-data-processing (2ms)
9-6-2026 22:51:26-debug: asset-db-hook-engine-extends-afterRefresh (3ms)
9-6-2026 22:51:49-debug: %cImport%c: F:\Github\BattleGame\assets\Battle.scenebackground: #aaff85; color: #000;color: #000;
9-6-2026 22:51:49-debug: asset-db:reimport-asset1effe86e-a401-4769-9dbc-62218c68834d (25ms)
9-6-2026 22:51:49-debug: Query all assets info in project
9-6-2026 22:51:49-debug: init custom config: keepNodeUuid: false, useCache: true
9-6-2026 22:51:49-debug: Skip compress image, progress: 0%
9-6-2026 22:51:49-debug: Init all bundles start..., progress: 0%
9-6-2026 22:51:49-debug: // ---- build task Query asset bundle ----
9-6-2026 22:51:49-debug: Init bundle root assets start..., progress: 0%
9-6-2026 22:51:49-debug: Num of bundles: 2..., progress: 0%
9-6-2026 22:51:49-debug: Query asset bundle start, progress: 0%
9-6-2026 22:51:49-debug: Query preload assets/scripts from cc.config.json: 60f7195c-ec2a-45eb-ba94-8955f60e81d0,1c02ae6f-4492-4915-b8f8-7492a3b1e4cd,810e96e4-e456-4468-9b59-f4e8f39732c0,efe8e2a3-eace-427b-b4f1-cb8a937ec77d,e9aa9a3e-5b2b-4ac7-a2c7-073de2b2b24f,8bbdbcdd-5cd4-4100-b6d5-b7c9625b6107,50f4348b-c883-4e2f-8f11-ce233b859fa1,fda095cb-831d-4601-ad94-846013963de8,f92806d7-1768-443f-afe8-12bcde84d0f0,dd3a144d-ab7f-41f0-82b8-2e43a090d496,f0416e68-0200-4b77-a926-4f9d16e494da,511d2633-09a7-4bdd-ac42-f778032124b3,5d45aa00-e064-4938-b314-4265f0c2258c,9361fd90-ba52-4f84-aa93-6e878fd576ca,970b0598-bcb0-4714-91fb-2e81440dccd8,bcd64cc6-2dd9-43f6-abbe-66318d332032,d930590d-bb92-4cc8-8bd1-23cd027f9edf,a3cd009f-0ab0-420d-9278-b9fdab939bbc,6a2d0734-bd9e-4ddf-946e-caa52498cb75,d9937e59-61fe-4ec6-92ab-7ac5a19c89b0,d1346436-ac96-4271-b863-1f4fdead95b0,971bdb23-3ff6-43eb-b422-1c30165a3663,17debcc3-0a6b-4b8a-b00b-dc58b885581e,711ebe11-f673-4cd9-9a83-63c60ba54c5b,c0143906-9aed-447e-9436-2ae8512d1b6e,14da1725-c4c2-42b4-ab08-ee0aeb6898b3,081cab31-dccd-428e-8652-f2404cc81c47,78e0584a-4343-4727-8f37-e14e65c2a2db,871c3b6c-7379-419d-bda3-794b239ab90d,ff9b0199-ce04-4cfe-86cc-6c719f08d6e4,de1c2107-70c8-4021-8459-6399f24d01c6,cbf30902-517f-40dc-af90-a550bac27cf1,5c601d96-e4c7-4698-991b-7ee674b11079
9-6-2026 22:51:49-debug:   Number of other assets: 486
9-6-2026 22:51:49-debug: Init bundle root assets success..., progress: 0%
9-6-2026 22:51:49-debug:   Number of all scripts: 42
9-6-2026 22:51:49-debug:   Number of all scenes: 1
9-6-2026 22:51:49-debug: // ---- build task Query asset bundle ---- (9ms)
9-6-2026 22:51:49-debug: [Build Memory track]: Query asset bundle start:238.42MB, end 238.33MB, increase: -89.99KB
9-6-2026 22:51:49-debug: Query asset bundle start, progress: 5%
9-6-2026 22:51:49-log: run build task Query asset bundle success in 9 ms√, progress: 5%
9-6-2026 22:51:49-debug: // ---- build task Query asset bundle ----
9-6-2026 22:51:49-debug: // ---- build task Query asset bundle ---- (4ms)
9-6-2026 22:51:49-log: run build task Query asset bundle success in 4 ms√, progress: 10%
9-6-2026 22:51:49-debug: [Build Memory track]: Query asset bundle start:238.36MB, end 237.68MB, increase: -695.00KB
9-6-2026 22:51:49-debug: Sort some build options to settings.json start, progress: 10%
9-6-2026 22:51:49-debug: // ---- build task Sort some build options to settings.json ----
9-6-2026 22:51:49-log: run build task Sort some build options to settings.json success in √, progress: 12%
9-6-2026 22:51:49-debug: [Build Memory track]: Sort some build options to settings.json start:237.71MB, end 237.73MB, increase: 16.33KB
9-6-2026 22:51:49-debug: Fill script data to settings start, progress: 12%
9-6-2026 22:51:49-debug: // ---- build task Fill script data to settings ----
9-6-2026 22:51:49-debug: // ---- build task Fill script data to settings ---- (1ms)
9-6-2026 22:51:49-log: run build task Fill script data to settings success in 1 ms√, progress: 13%
9-6-2026 22:51:49-debug: [Build Memory track]: Fill script data to settings start:237.76MB, end 237.78MB, increase: 25.69KB
9-6-2026 22:51:49-debug: Sort some build options to settings.json start, progress: 13%
9-6-2026 22:51:49-debug: // ---- build task Sort some build options to settings.json ----
9-6-2026 22:51:49-debug: // ---- build task Sort some build options to settings.json ---- (10ms)
9-6-2026 22:51:49-debug: [Build Memory track]: Sort some build options to settings.json start:237.81MB, end 237.95MB, increase: 142.52KB
9-6-2026 22:51:49-log: run build task Sort some build options to settings.json success in 10 ms√, progress: 15%
9-6-2026 22:57:22-debug: refresh db internal success
9-6-2026 22:57:22-debug: refresh db assets success
9-6-2026 22:57:22-debug: Run asset db hook engine-extends:afterRefresh success!
9-6-2026 22:57:22-debug: Run asset db hook engine-extends:afterRefresh ...
9-6-2026 22:57:22-debug: asset-db:refresh-all-database (168ms)
9-6-2026 22:57:22-debug: asset-db:worker-effect-data-processing (78ms)
9-6-2026 22:57:22-debug: asset-db-hook-engine-extends-afterRefresh (79ms)
9-7-2026 00:36:56-debug: refresh db internal success
9-7-2026 00:36:56-debug: %cImport%c: F:\Github\BattleGame\assets\scripts\BattleWave.tsbackground: #aaff85; color: #000;color: #000;
9-7-2026 00:36:56-debug: %cImport%c: F:\Github\BattleGame\assets\scripts\GameManager.tsbackground: #aaff85; color: #000;color: #000;
9-7-2026 00:36:56-debug: %cImport%c: F:\Github\BattleGame\assets\scripts\Unit.tsbackground: #aaff85; color: #000;color: #000;
9-7-2026 00:36:56-debug: refresh db assets success
9-7-2026 00:36:56-debug: Run asset db hook engine-extends:afterRefresh ...
9-7-2026 00:36:56-debug: Run asset db hook engine-extends:afterRefresh success!
9-7-2026 00:36:56-debug: asset-db:refresh-all-database (103ms)
9-7-2026 00:36:56-debug: asset-db:worker-effect-data-processing (6ms)
9-7-2026 00:36:56-debug: asset-db-hook-engine-extends-afterRefresh (7ms)
9-7-2026 00:37:04-debug: Query all assets info in project
9-7-2026 00:37:04-debug: init custom config: keepNodeUuid: false, useCache: true
9-7-2026 00:37:04-debug: Skip compress image, progress: 0%
9-7-2026 00:37:04-debug: Init all bundles start..., progress: 0%
9-7-2026 00:37:04-debug: // ---- build task Query asset bundle ----
9-7-2026 00:37:04-debug: Query asset bundle start, progress: 0%
9-7-2026 00:37:04-debug: Num of bundles: 2..., progress: 0%
9-7-2026 00:37:04-debug: Init bundle root assets start..., progress: 0%
9-7-2026 00:37:04-debug:   Number of all scenes: 1
9-7-2026 00:37:04-debug: Query preload assets/scripts from cc.config.json: 60f7195c-ec2a-45eb-ba94-8955f60e81d0,1c02ae6f-4492-4915-b8f8-7492a3b1e4cd,810e96e4-e456-4468-9b59-f4e8f39732c0,efe8e2a3-eace-427b-b4f1-cb8a937ec77d,e9aa9a3e-5b2b-4ac7-a2c7-073de2b2b24f,8bbdbcdd-5cd4-4100-b6d5-b7c9625b6107,50f4348b-c883-4e2f-8f11-ce233b859fa1,fda095cb-831d-4601-ad94-846013963de8,f92806d7-1768-443f-afe8-12bcde84d0f0,dd3a144d-ab7f-41f0-82b8-2e43a090d496,f0416e68-0200-4b77-a926-4f9d16e494da,511d2633-09a7-4bdd-ac42-f778032124b3,5d45aa00-e064-4938-b314-4265f0c2258c,9361fd90-ba52-4f84-aa93-6e878fd576ca,970b0598-bcb0-4714-91fb-2e81440dccd8,bcd64cc6-2dd9-43f6-abbe-66318d332032,d930590d-bb92-4cc8-8bd1-23cd027f9edf,a3cd009f-0ab0-420d-9278-b9fdab939bbc,6a2d0734-bd9e-4ddf-946e-caa52498cb75,d9937e59-61fe-4ec6-92ab-7ac5a19c89b0,d1346436-ac96-4271-b863-1f4fdead95b0,971bdb23-3ff6-43eb-b422-1c30165a3663,17debcc3-0a6b-4b8a-b00b-dc58b885581e,711ebe11-f673-4cd9-9a83-63c60ba54c5b,c0143906-9aed-447e-9436-2ae8512d1b6e,14da1725-c4c2-42b4-ab08-ee0aeb6898b3,081cab31-dccd-428e-8652-f2404cc81c47,78e0584a-4343-4727-8f37-e14e65c2a2db,871c3b6c-7379-419d-bda3-794b239ab90d,ff9b0199-ce04-4cfe-86cc-6c719f08d6e4,de1c2107-70c8-4021-8459-6399f24d01c6,cbf30902-517f-40dc-af90-a550bac27cf1,5c601d96-e4c7-4698-991b-7ee674b11079
9-7-2026 00:37:04-debug:   Number of all scripts: 42
9-7-2026 00:37:04-debug:   Number of other assets: 486
9-7-2026 00:37:04-debug: Init bundle root assets success..., progress: 0%
9-7-2026 00:37:04-debug: // ---- build task Query asset bundle ---- (17ms)
9-7-2026 00:37:04-log: run build task Query asset bundle success in 17 ms√, progress: 5%
9-7-2026 00:37:04-debug: [Build Memory track]: Query asset bundle start:240.58MB, end 240.37MB, increase: -217.90KB
9-7-2026 00:37:04-debug: Query asset bundle start, progress: 5%
9-7-2026 00:37:04-debug: // ---- build task Query asset bundle ----
9-7-2026 00:37:04-debug: // ---- build task Query asset bundle ---- (3ms)
9-7-2026 00:37:04-log: run build task Query asset bundle success in 3 ms√, progress: 10%
9-7-2026 00:37:04-debug: [Build Memory track]: Query asset bundle start:240.41MB, end 240.54MB, increase: 140.94KB
9-7-2026 00:37:04-debug: Sort some build options to settings.json start, progress: 10%
9-7-2026 00:37:04-debug: // ---- build task Sort some build options to settings.json ----
9-7-2026 00:37:04-debug: // ---- build task Sort some build options to settings.json ---- (2ms)
9-7-2026 00:37:04-log: run build task Sort some build options to settings.json success in 2 ms√, progress: 12%
9-7-2026 00:37:04-debug: [Build Memory track]: Sort some build options to settings.json start:240.57MB, end 240.60MB, increase: 26.30KB
9-7-2026 00:37:04-debug: Fill script data to settings start, progress: 12%
9-7-2026 00:37:04-debug: // ---- build task Fill script data to settings ----
9-7-2026 00:37:04-debug: // ---- build task Fill script data to settings ---- (1ms)
9-7-2026 00:37:04-debug: [Build Memory track]: Fill script data to settings start:240.63MB, end 240.65MB, increase: 25.78KB
9-7-2026 00:37:04-debug: Sort some build options to settings.json start, progress: 13%
9-7-2026 00:37:04-debug: // ---- build task Sort some build options to settings.json ----
9-7-2026 00:37:04-log: run build task Fill script data to settings success in 1 ms√, progress: 13%
9-7-2026 00:37:04-debug: // ---- build task Sort some build options to settings.json ---- (6ms)
9-7-2026 00:37:04-log: run build task Sort some build options to settings.json success in 6 ms√, progress: 15%
9-7-2026 00:37:04-debug: [Build Memory track]: Sort some build options to settings.json start:240.68MB, end 240.80MB, increase: 126.28KB
9-7-2026 00:37:12-debug: %cImport%c: F:\Github\BattleGame\assets\Battle.scenebackground: #aaff85; color: #000;color: #000;
9-7-2026 00:37:12-debug: asset-db:reimport-asset1effe86e-a401-4769-9dbc-62218c68834d (31ms)
9-7-2026 00:37:13-debug: Query all assets info in project
9-7-2026 00:37:13-debug: init custom config: keepNodeUuid: false, useCache: true
9-7-2026 00:37:13-debug: Skip compress image, progress: 0%
9-7-2026 00:37:13-debug: Init all bundles start..., progress: 0%
9-7-2026 00:37:13-debug: Query asset bundle start, progress: 0%
9-7-2026 00:37:13-debug: // ---- build task Query asset bundle ----
9-7-2026 00:37:13-debug: Num of bundles: 2..., progress: 0%
9-7-2026 00:37:13-debug: Init bundle root assets start..., progress: 0%
9-7-2026 00:37:13-debug: Query preload assets/scripts from cc.config.json: 60f7195c-ec2a-45eb-ba94-8955f60e81d0,1c02ae6f-4492-4915-b8f8-7492a3b1e4cd,810e96e4-e456-4468-9b59-f4e8f39732c0,efe8e2a3-eace-427b-b4f1-cb8a937ec77d,e9aa9a3e-5b2b-4ac7-a2c7-073de2b2b24f,8bbdbcdd-5cd4-4100-b6d5-b7c9625b6107,50f4348b-c883-4e2f-8f11-ce233b859fa1,fda095cb-831d-4601-ad94-846013963de8,f92806d7-1768-443f-afe8-12bcde84d0f0,dd3a144d-ab7f-41f0-82b8-2e43a090d496,f0416e68-0200-4b77-a926-4f9d16e494da,511d2633-09a7-4bdd-ac42-f778032124b3,5d45aa00-e064-4938-b314-4265f0c2258c,9361fd90-ba52-4f84-aa93-6e878fd576ca,970b0598-bcb0-4714-91fb-2e81440dccd8,bcd64cc6-2dd9-43f6-abbe-66318d332032,d930590d-bb92-4cc8-8bd1-23cd027f9edf,a3cd009f-0ab0-420d-9278-b9fdab939bbc,6a2d0734-bd9e-4ddf-946e-caa52498cb75,d9937e59-61fe-4ec6-92ab-7ac5a19c89b0,d1346436-ac96-4271-b863-1f4fdead95b0,971bdb23-3ff6-43eb-b422-1c30165a3663,17debcc3-0a6b-4b8a-b00b-dc58b885581e,711ebe11-f673-4cd9-9a83-63c60ba54c5b,c0143906-9aed-447e-9436-2ae8512d1b6e,14da1725-c4c2-42b4-ab08-ee0aeb6898b3,081cab31-dccd-428e-8652-f2404cc81c47,78e0584a-4343-4727-8f37-e14e65c2a2db,871c3b6c-7379-419d-bda3-794b239ab90d,ff9b0199-ce04-4cfe-86cc-6c719f08d6e4,de1c2107-70c8-4021-8459-6399f24d01c6,cbf30902-517f-40dc-af90-a550bac27cf1,5c601d96-e4c7-4698-991b-7ee674b11079
9-7-2026 00:37:13-debug:   Number of all scripts: 42
9-7-2026 00:37:13-debug:   Number of other assets: 486
9-7-2026 00:37:13-debug: Init bundle root assets success..., progress: 0%
9-7-2026 00:37:13-debug:   Number of all scenes: 1
9-7-2026 00:37:13-debug: // ---- build task Query asset bundle ---- (8ms)
9-7-2026 00:37:13-log: run build task Query asset bundle success in 8 ms√, progress: 5%
9-7-2026 00:37:13-debug: [Build Memory track]: Query asset bundle start:240.75MB, end 240.55MB, increase: -203.22KB
9-7-2026 00:37:13-debug: Query asset bundle start, progress: 5%
9-7-2026 00:37:13-debug: // ---- build task Query asset bundle ----
9-7-2026 00:37:13-debug: // ---- build task Query asset bundle ---- (9ms)
9-7-2026 00:37:13-log: run build task Query asset bundle success in 9 ms√, progress: 10%
9-7-2026 00:37:13-debug: [Build Memory track]: Query asset bundle start:240.57MB, end 240.71MB, increase: 141.09KB
9-7-2026 00:37:13-debug: // ---- build task Sort some build options to settings.json ----
9-7-2026 00:37:13-debug: Sort some build options to settings.json start, progress: 10%
9-7-2026 00:37:13-debug: // ---- build task Sort some build options to settings.json ---- (2ms)
9-7-2026 00:37:13-log: run build task Sort some build options to settings.json success in 2 ms√, progress: 12%
9-7-2026 00:37:13-debug: [Build Memory track]: Sort some build options to settings.json start:240.74MB, end 240.77MB, increase: 27.26KB
9-7-2026 00:37:13-debug: Fill script data to settings start, progress: 12%
9-7-2026 00:37:13-debug: // ---- build task Fill script data to settings ----
9-7-2026 00:37:13-debug: // ---- build task Fill script data to settings ---- (4ms)
9-7-2026 00:37:13-log: run build task Fill script data to settings success in 4 ms√, progress: 13%
9-7-2026 00:37:13-debug: [Build Memory track]: Fill script data to settings start:240.80MB, end 240.82MB, increase: 25.73KB
9-7-2026 00:37:13-debug: Sort some build options to settings.json start, progress: 13%
9-7-2026 00:37:13-debug: // ---- build task Sort some build options to settings.json ----
9-7-2026 00:37:13-debug: // ---- build task Sort some build options to settings.json ---- (13ms)
9-7-2026 00:37:13-debug: [Build Memory track]: Sort some build options to settings.json start:240.85MB, end 240.97MB, increase: 126.37KB
9-7-2026 00:37:13-log: run build task Sort some build options to settings.json success in 13 ms√, progress: 15%
9-7-2026 00:38:28-debug: refresh db internal success
9-7-2026 00:38:28-debug: refresh db assets success
9-7-2026 00:38:28-debug: Run asset db hook engine-extends:afterRefresh ...
9-7-2026 00:38:28-debug: Run asset db hook engine-extends:afterRefresh success!
9-7-2026 00:38:28-debug: asset-db:worker-effect-data-processing (2ms)
9-7-2026 00:38:28-debug: asset-db:refresh-all-database (131ms)
9-7-2026 00:38:28-debug: asset-db-hook-engine-extends-afterRefresh (2ms)
9-7-2026 00:38:32-debug: %cImport%c: F:\Github\BattleGame\assets\Battle.scenebackground: #aaff85; color: #000;color: #000;
9-7-2026 00:38:32-debug: asset-db:reimport-asset1effe86e-a401-4769-9dbc-62218c68834d (34ms)
9-7-2026 00:38:33-debug: Query all assets info in project
9-7-2026 00:38:33-debug: init custom config: keepNodeUuid: false, useCache: true
9-7-2026 00:38:33-debug: Skip compress image, progress: 0%
9-7-2026 00:38:33-debug: Init all bundles start..., progress: 0%
9-7-2026 00:38:33-debug: Num of bundles: 2..., progress: 0%
9-7-2026 00:38:33-debug: Query asset bundle start, progress: 0%
9-7-2026 00:38:33-debug: // ---- build task Query asset bundle ----
9-7-2026 00:38:33-debug: Init bundle root assets start..., progress: 0%
9-7-2026 00:38:33-debug: Query preload assets/scripts from cc.config.json: 60f7195c-ec2a-45eb-ba94-8955f60e81d0,1c02ae6f-4492-4915-b8f8-7492a3b1e4cd,810e96e4-e456-4468-9b59-f4e8f39732c0,efe8e2a3-eace-427b-b4f1-cb8a937ec77d,e9aa9a3e-5b2b-4ac7-a2c7-073de2b2b24f,8bbdbcdd-5cd4-4100-b6d5-b7c9625b6107,50f4348b-c883-4e2f-8f11-ce233b859fa1,fda095cb-831d-4601-ad94-846013963de8,f92806d7-1768-443f-afe8-12bcde84d0f0,dd3a144d-ab7f-41f0-82b8-2e43a090d496,f0416e68-0200-4b77-a926-4f9d16e494da,511d2633-09a7-4bdd-ac42-f778032124b3,5d45aa00-e064-4938-b314-4265f0c2258c,9361fd90-ba52-4f84-aa93-6e878fd576ca,970b0598-bcb0-4714-91fb-2e81440dccd8,bcd64cc6-2dd9-43f6-abbe-66318d332032,d930590d-bb92-4cc8-8bd1-23cd027f9edf,a3cd009f-0ab0-420d-9278-b9fdab939bbc,6a2d0734-bd9e-4ddf-946e-caa52498cb75,d9937e59-61fe-4ec6-92ab-7ac5a19c89b0,d1346436-ac96-4271-b863-1f4fdead95b0,971bdb23-3ff6-43eb-b422-1c30165a3663,17debcc3-0a6b-4b8a-b00b-dc58b885581e,711ebe11-f673-4cd9-9a83-63c60ba54c5b,c0143906-9aed-447e-9436-2ae8512d1b6e,14da1725-c4c2-42b4-ab08-ee0aeb6898b3,081cab31-dccd-428e-8652-f2404cc81c47,78e0584a-4343-4727-8f37-e14e65c2a2db,871c3b6c-7379-419d-bda3-794b239ab90d,ff9b0199-ce04-4cfe-86cc-6c719f08d6e4,de1c2107-70c8-4021-8459-6399f24d01c6,cbf30902-517f-40dc-af90-a550bac27cf1,5c601d96-e4c7-4698-991b-7ee674b11079
9-7-2026 00:38:33-debug:   Number of all scripts: 42
9-7-2026 00:38:33-debug:   Number of all scenes: 1
9-7-2026 00:38:33-debug: Init bundle root assets success..., progress: 0%
9-7-2026 00:38:33-debug:   Number of other assets: 486
9-7-2026 00:38:33-log: run build task Query asset bundle success in 9 ms√, progress: 5%
9-7-2026 00:38:33-debug: [Build Memory track]: Query asset bundle start:242.46MB, end 242.22MB, increase: -239.68KB
9-7-2026 00:38:33-debug: Query asset bundle start, progress: 5%
9-7-2026 00:38:33-debug: // ---- build task Query asset bundle ---- (9ms)
9-7-2026 00:38:33-debug: // ---- build task Query asset bundle ----
9-7-2026 00:38:33-debug: // ---- build task Query asset bundle ---- (7ms)
9-7-2026 00:38:33-log: run build task Query asset bundle success in 7 ms√, progress: 10%
9-7-2026 00:38:33-debug: [Build Memory track]: Query asset bundle start:242.25MB, end 242.39MB, increase: 139.54KB
9-7-2026 00:38:33-debug: Sort some build options to settings.json start, progress: 10%
9-7-2026 00:38:33-debug: // ---- build task Sort some build options to settings.json ----
9-7-2026 00:38:33-debug: // ---- build task Sort some build options to settings.json ---- (3ms)
9-7-2026 00:38:33-log: run build task Sort some build options to settings.json success in 3 ms√, progress: 12%
9-7-2026 00:38:33-debug: [Build Memory track]: Sort some build options to settings.json start:242.42MB, end 242.44MB, increase: 26.34KB
9-7-2026 00:38:33-debug: Fill script data to settings start, progress: 12%
9-7-2026 00:38:33-debug: // ---- build task Fill script data to settings ----
9-7-2026 00:38:33-debug: // ---- build task Fill script data to settings ---- (3ms)
9-7-2026 00:38:33-debug: [Build Memory track]: Fill script data to settings start:242.47MB, end 242.50MB, increase: 25.71KB
9-7-2026 00:38:33-debug: Sort some build options to settings.json start, progress: 13%
9-7-2026 00:38:33-log: run build task Fill script data to settings success in 3 ms√, progress: 13%
9-7-2026 00:38:33-debug: // ---- build task Sort some build options to settings.json ----
9-7-2026 00:38:33-debug: // ---- build task Sort some build options to settings.json ---- (16ms)
9-7-2026 00:38:33-log: run build task Sort some build options to settings.json success in 16 ms√, progress: 15%
9-7-2026 00:38:33-debug: [Build Memory track]: Sort some build options to settings.json start:242.52MB, end 241.91MB, increase: -628.02KB
9-7-2026 01:34:26-debug: refresh db internal success
9-7-2026 01:34:26-debug: %cImport%c: F:\Github\BattleGame\assets\scripts\BattleTelemetry.tsbackground: #aaff85; color: #000;color: #000;
9-7-2026 01:34:26-debug: %cImport%c: F:\Github\BattleGame\assets\scripts\BattleWave.tsbackground: #aaff85; color: #000;color: #000;
9-7-2026 01:34:26-debug: %cImport%c: F:\Github\BattleGame\assets\scripts\GameManager.tsbackground: #aaff85; color: #000;color: #000;
9-7-2026 01:34:26-debug: %cImport%c: F:\Github\BattleGame\assets\scripts\Unit.tsbackground: #aaff85; color: #000;color: #000;
9-7-2026 01:34:26-debug: refresh db assets success
9-7-2026 01:34:26-debug: Run asset db hook engine-extends:afterRefresh ...
9-7-2026 01:34:26-debug: Run asset db hook engine-extends:afterRefresh success!
9-7-2026 01:34:26-debug: asset-db:refresh-all-database (152ms)
9-7-2026 01:34:26-debug: asset-db:worker-effect-data-processing (2ms)
9-7-2026 01:34:26-debug: asset-db-hook-engine-extends-afterRefresh (2ms)
9-7-2026 01:34:35-debug: Query all assets info in project
9-7-2026 01:34:35-debug: init custom config: keepNodeUuid: false, useCache: true
9-7-2026 01:34:35-debug: Skip compress image, progress: 0%
9-7-2026 01:34:35-debug: Init all bundles start..., progress: 0%
9-7-2026 01:34:35-debug: Query asset bundle start, progress: 0%
9-7-2026 01:34:35-debug: // ---- build task Query asset bundle ----
9-7-2026 01:34:35-debug: Num of bundles: 2..., progress: 0%
9-7-2026 01:34:35-debug: Init bundle root assets start..., progress: 0%
9-7-2026 01:34:35-debug: Query preload assets/scripts from cc.config.json: 60f7195c-ec2a-45eb-ba94-8955f60e81d0,1c02ae6f-4492-4915-b8f8-7492a3b1e4cd,810e96e4-e456-4468-9b59-f4e8f39732c0,efe8e2a3-eace-427b-b4f1-cb8a937ec77d,e9aa9a3e-5b2b-4ac7-a2c7-073de2b2b24f,8bbdbcdd-5cd4-4100-b6d5-b7c9625b6107,50f4348b-c883-4e2f-8f11-ce233b859fa1,fda095cb-831d-4601-ad94-846013963de8,f92806d7-1768-443f-afe8-12bcde84d0f0,dd3a144d-ab7f-41f0-82b8-2e43a090d496,f0416e68-0200-4b77-a926-4f9d16e494da,511d2633-09a7-4bdd-ac42-f778032124b3,5d45aa00-e064-4938-b314-4265f0c2258c,9361fd90-ba52-4f84-aa93-6e878fd576ca,970b0598-bcb0-4714-91fb-2e81440dccd8,bcd64cc6-2dd9-43f6-abbe-66318d332032,d930590d-bb92-4cc8-8bd1-23cd027f9edf,a3cd009f-0ab0-420d-9278-b9fdab939bbc,6a2d0734-bd9e-4ddf-946e-caa52498cb75,d9937e59-61fe-4ec6-92ab-7ac5a19c89b0,d1346436-ac96-4271-b863-1f4fdead95b0,971bdb23-3ff6-43eb-b422-1c30165a3663,17debcc3-0a6b-4b8a-b00b-dc58b885581e,711ebe11-f673-4cd9-9a83-63c60ba54c5b,c0143906-9aed-447e-9436-2ae8512d1b6e,14da1725-c4c2-42b4-ab08-ee0aeb6898b3,081cab31-dccd-428e-8652-f2404cc81c47,78e0584a-4343-4727-8f37-e14e65c2a2db,871c3b6c-7379-419d-bda3-794b239ab90d,ff9b0199-ce04-4cfe-86cc-6c719f08d6e4,de1c2107-70c8-4021-8459-6399f24d01c6,cbf30902-517f-40dc-af90-a550bac27cf1,5c601d96-e4c7-4698-991b-7ee674b11079
9-7-2026 01:34:35-debug:   Number of other assets: 486
9-7-2026 01:34:35-debug:   Number of all scenes: 1
9-7-2026 01:34:35-debug:   Number of all scripts: 42
9-7-2026 01:34:35-debug: Init bundle root assets success..., progress: 0%
9-7-2026 01:34:35-debug: // ---- build task Query asset bundle ---- (15ms)
9-7-2026 01:34:35-log: run build task Query asset bundle success in 15 ms√, progress: 5%
9-7-2026 01:34:35-debug: [Build Memory track]: Query asset bundle start:224.06MB, end 222.99MB, increase: -1094.03KB
9-7-2026 01:34:35-debug: Query asset bundle start, progress: 5%
9-7-2026 01:34:35-debug: // ---- build task Query asset bundle ----
9-7-2026 01:34:35-log: run build task Query asset bundle success in 6 ms√, progress: 10%
9-7-2026 01:34:35-debug: [Build Memory track]: Query asset bundle start:223.02MB, end 223.16MB, increase: 139.55KB
9-7-2026 01:34:35-debug: Sort some build options to settings.json start, progress: 10%
9-7-2026 01:34:35-debug: // ---- build task Query asset bundle ---- (6ms)
9-7-2026 01:34:35-debug: // ---- build task Sort some build options to settings.json ----
9-7-2026 01:34:35-debug: // ---- build task Sort some build options to settings.json ---- (3ms)
9-7-2026 01:34:35-log: run build task Sort some build options to settings.json success in 3 ms√, progress: 12%
9-7-2026 01:34:35-debug: // ---- build task Fill script data to settings ----
9-7-2026 01:34:35-debug: Fill script data to settings start, progress: 12%
9-7-2026 01:34:35-debug: [Build Memory track]: Sort some build options to settings.json start:223.19MB, end 223.21MB, increase: 26.77KB
9-7-2026 01:34:35-debug: // ---- build task Fill script data to settings ---- (2ms)
9-7-2026 01:34:35-log: run build task Fill script data to settings success in 2 ms√, progress: 13%
9-7-2026 01:34:35-debug: [Build Memory track]: Fill script data to settings start:223.24MB, end 223.27MB, increase: 25.84KB
9-7-2026 01:34:35-debug: Sort some build options to settings.json start, progress: 13%
9-7-2026 01:34:35-debug: // ---- build task Sort some build options to settings.json ----
9-7-2026 01:34:35-debug: // ---- build task Sort some build options to settings.json ---- (21ms)
9-7-2026 01:34:35-log: run build task Sort some build options to settings.json success in 21 ms√, progress: 15%
9-7-2026 01:34:35-debug: [Build Memory track]: Sort some build options to settings.json start:223.29MB, end 223.42MB, increase: 130.55KB
9-7-2026 01:36:40-debug: refresh db internal success
9-7-2026 01:36:40-debug: refresh db assets success
9-7-2026 01:36:40-debug: Run asset db hook engine-extends:afterRefresh ...
9-7-2026 01:36:40-debug: Run asset db hook engine-extends:afterRefresh success!
9-7-2026 01:36:40-debug: asset-db:refresh-all-database (92ms)
9-7-2026 01:36:40-debug: asset-db:worker-effect-data-processing (6ms)
9-7-2026 01:36:40-debug: asset-db-hook-engine-extends-afterRefresh (7ms)
9-7-2026 01:36:45-debug: %cImport%c: F:\Github\BattleGame\assets\Battle.scenebackground: #aaff85; color: #000;color: #000;
9-7-2026 01:36:45-debug: asset-db:reimport-asset1effe86e-a401-4769-9dbc-62218c68834d (32ms)
9-7-2026 01:36:46-debug: Query all assets info in project
9-7-2026 01:36:46-debug: init custom config: keepNodeUuid: false, useCache: true
9-7-2026 01:36:46-debug: Skip compress image, progress: 0%
9-7-2026 01:36:46-debug: Init all bundles start..., progress: 0%
9-7-2026 01:36:46-debug: Num of bundles: 2..., progress: 0%
9-7-2026 01:36:46-debug: // ---- build task Query asset bundle ----
9-7-2026 01:36:46-debug: Query asset bundle start, progress: 0%
9-7-2026 01:36:46-debug: Init bundle root assets start..., progress: 0%
9-7-2026 01:36:46-debug: Query preload assets/scripts from cc.config.json: 60f7195c-ec2a-45eb-ba94-8955f60e81d0,1c02ae6f-4492-4915-b8f8-7492a3b1e4cd,810e96e4-e456-4468-9b59-f4e8f39732c0,efe8e2a3-eace-427b-b4f1-cb8a937ec77d,e9aa9a3e-5b2b-4ac7-a2c7-073de2b2b24f,8bbdbcdd-5cd4-4100-b6d5-b7c9625b6107,50f4348b-c883-4e2f-8f11-ce233b859fa1,fda095cb-831d-4601-ad94-846013963de8,f92806d7-1768-443f-afe8-12bcde84d0f0,dd3a144d-ab7f-41f0-82b8-2e43a090d496,f0416e68-0200-4b77-a926-4f9d16e494da,511d2633-09a7-4bdd-ac42-f778032124b3,5d45aa00-e064-4938-b314-4265f0c2258c,9361fd90-ba52-4f84-aa93-6e878fd576ca,970b0598-bcb0-4714-91fb-2e81440dccd8,bcd64cc6-2dd9-43f6-abbe-66318d332032,d930590d-bb92-4cc8-8bd1-23cd027f9edf,a3cd009f-0ab0-420d-9278-b9fdab939bbc,6a2d0734-bd9e-4ddf-946e-caa52498cb75,d9937e59-61fe-4ec6-92ab-7ac5a19c89b0,d1346436-ac96-4271-b863-1f4fdead95b0,971bdb23-3ff6-43eb-b422-1c30165a3663,17debcc3-0a6b-4b8a-b00b-dc58b885581e,711ebe11-f673-4cd9-9a83-63c60ba54c5b,c0143906-9aed-447e-9436-2ae8512d1b6e,14da1725-c4c2-42b4-ab08-ee0aeb6898b3,081cab31-dccd-428e-8652-f2404cc81c47,78e0584a-4343-4727-8f37-e14e65c2a2db,871c3b6c-7379-419d-bda3-794b239ab90d,ff9b0199-ce04-4cfe-86cc-6c719f08d6e4,de1c2107-70c8-4021-8459-6399f24d01c6,cbf30902-517f-40dc-af90-a550bac27cf1,5c601d96-e4c7-4698-991b-7ee674b11079
9-7-2026 01:36:46-debug:   Number of all scripts: 42
9-7-2026 01:36:46-debug:   Number of other assets: 486
9-7-2026 01:36:46-debug: Init bundle root assets success..., progress: 0%
9-7-2026 01:36:46-debug:   Number of all scenes: 1
9-7-2026 01:36:46-debug: // ---- build task Query asset bundle ---- (19ms)
9-7-2026 01:36:46-log: run build task Query asset bundle success in 19 ms√, progress: 5%
9-7-2026 01:36:46-debug: [Build Memory track]: Query asset bundle start:224.97MB, end 224.77MB, increase: -203.98KB
9-7-2026 01:36:46-debug: Query asset bundle start, progress: 5%
9-7-2026 01:36:46-debug: // ---- build task Query asset bundle ----
9-7-2026 01:36:46-debug: // ---- build task Query asset bundle ---- (18ms)
9-7-2026 01:36:46-log: run build task Query asset bundle success in 18 ms√, progress: 10%
9-7-2026 01:36:46-debug: [Build Memory track]: Query asset bundle start:224.80MB, end 224.94MB, increase: 145.47KB
9-7-2026 01:36:46-debug: Sort some build options to settings.json start, progress: 10%
9-7-2026 01:36:46-debug: // ---- build task Sort some build options to settings.json ----
9-7-2026 01:36:46-debug: // ---- build task Sort some build options to settings.json ---- (2ms)
9-7-2026 01:36:46-debug: // ---- build task Fill script data to settings ----
9-7-2026 01:36:46-debug: [Build Memory track]: Sort some build options to settings.json start:224.97MB, end 225.00MB, increase: 26.88KB
9-7-2026 01:36:46-log: run build task Sort some build options to settings.json success in 2 ms√, progress: 12%
9-7-2026 01:36:46-debug: Fill script data to settings start, progress: 12%
9-7-2026 01:36:46-debug: // ---- build task Fill script data to settings ---- (3ms)
9-7-2026 01:36:46-debug: Sort some build options to settings.json start, progress: 13%
9-7-2026 01:36:46-log: run build task Fill script data to settings success in 3 ms√, progress: 13%
9-7-2026 01:36:46-debug: [Build Memory track]: Fill script data to settings start:225.03MB, end 225.05MB, increase: 26.39KB
9-7-2026 01:36:46-debug: // ---- build task Sort some build options to settings.json ----
9-7-2026 01:36:46-debug: // ---- build task Sort some build options to settings.json ---- (20ms)
9-7-2026 01:36:46-log: run build task Sort some build options to settings.json success in 20 ms√, progress: 15%
9-7-2026 01:36:46-debug: [Build Memory track]: Sort some build options to settings.json start:225.08MB, end 225.22MB, increase: 143.25KB
9-7-2026 01:47:20-debug: refresh db internal success
9-7-2026 01:47:20-debug: %cImport%c: F:\Github\BattleGame\assets\scripts\BattleWave.tsbackground: #aaff85; color: #000;color: #000;
9-7-2026 01:47:20-debug: %cImport%c: F:\Github\BattleGame\assets\scripts\GameManager.tsbackground: #aaff85; color: #000;color: #000;
9-7-2026 01:47:20-debug: %cImport%c: F:\Github\BattleGame\assets\scripts\Unit.tsbackground: #aaff85; color: #000;color: #000;
9-7-2026 01:47:20-debug: Run asset db hook engine-extends:afterRefresh ...
9-7-2026 01:47:20-debug: refresh db assets success
9-7-2026 01:47:20-debug: Run asset db hook engine-extends:afterRefresh success!
9-7-2026 01:47:20-debug: asset-db:refresh-all-database (78ms)
9-7-2026 01:47:20-debug: asset-db:worker-effect-data-processing (3ms)
9-7-2026 01:47:20-debug: asset-db-hook-engine-extends-afterRefresh (3ms)
9-7-2026 01:47:27-debug: Query all assets info in project
9-7-2026 01:47:27-debug: init custom config: keepNodeUuid: false, useCache: true
9-7-2026 01:47:27-debug: Skip compress image, progress: 0%
9-7-2026 01:47:27-debug: Num of bundles: 2..., progress: 0%
9-7-2026 01:47:27-debug: Init all bundles start..., progress: 0%
9-7-2026 01:47:27-debug: // ---- build task Query asset bundle ----
9-7-2026 01:47:27-debug: Query asset bundle start, progress: 0%
9-7-2026 01:47:27-debug: Init bundle root assets start..., progress: 0%
9-7-2026 01:47:27-debug: Query preload assets/scripts from cc.config.json: 60f7195c-ec2a-45eb-ba94-8955f60e81d0,1c02ae6f-4492-4915-b8f8-7492a3b1e4cd,810e96e4-e456-4468-9b59-f4e8f39732c0,efe8e2a3-eace-427b-b4f1-cb8a937ec77d,e9aa9a3e-5b2b-4ac7-a2c7-073de2b2b24f,8bbdbcdd-5cd4-4100-b6d5-b7c9625b6107,50f4348b-c883-4e2f-8f11-ce233b859fa1,fda095cb-831d-4601-ad94-846013963de8,f92806d7-1768-443f-afe8-12bcde84d0f0,dd3a144d-ab7f-41f0-82b8-2e43a090d496,f0416e68-0200-4b77-a926-4f9d16e494da,511d2633-09a7-4bdd-ac42-f778032124b3,5d45aa00-e064-4938-b314-4265f0c2258c,9361fd90-ba52-4f84-aa93-6e878fd576ca,970b0598-bcb0-4714-91fb-2e81440dccd8,bcd64cc6-2dd9-43f6-abbe-66318d332032,d930590d-bb92-4cc8-8bd1-23cd027f9edf,a3cd009f-0ab0-420d-9278-b9fdab939bbc,6a2d0734-bd9e-4ddf-946e-caa52498cb75,d9937e59-61fe-4ec6-92ab-7ac5a19c89b0,d1346436-ac96-4271-b863-1f4fdead95b0,971bdb23-3ff6-43eb-b422-1c30165a3663,17debcc3-0a6b-4b8a-b00b-dc58b885581e,711ebe11-f673-4cd9-9a83-63c60ba54c5b,c0143906-9aed-447e-9436-2ae8512d1b6e,14da1725-c4c2-42b4-ab08-ee0aeb6898b3,081cab31-dccd-428e-8652-f2404cc81c47,78e0584a-4343-4727-8f37-e14e65c2a2db,871c3b6c-7379-419d-bda3-794b239ab90d,ff9b0199-ce04-4cfe-86cc-6c719f08d6e4,de1c2107-70c8-4021-8459-6399f24d01c6,cbf30902-517f-40dc-af90-a550bac27cf1,5c601d96-e4c7-4698-991b-7ee674b11079
9-7-2026 01:47:27-debug:   Number of other assets: 486
9-7-2026 01:47:27-debug: Init bundle root assets success..., progress: 0%
9-7-2026 01:47:27-debug:   Number of all scenes: 1
9-7-2026 01:47:27-debug:   Number of all scripts: 42
9-7-2026 01:47:27-debug: // ---- build task Query asset bundle ---- (7ms)
9-7-2026 01:47:27-log: run build task Query asset bundle success in 7 ms√, progress: 5%
9-7-2026 01:47:27-debug: [Build Memory track]: Query asset bundle start:225.86MB, end 225.74MB, increase: -120.91KB
9-7-2026 01:47:27-debug: Query asset bundle start, progress: 5%
9-7-2026 01:47:27-debug: // ---- build task Query asset bundle ----
9-7-2026 01:47:27-debug: [Build Memory track]: Query asset bundle start:225.77MB, end 225.90MB, increase: 140.44KB
9-7-2026 01:47:27-log: run build task Query asset bundle success in 4 ms√, progress: 10%
9-7-2026 01:47:27-debug: // ---- build task Query asset bundle ---- (4ms)
9-7-2026 01:47:27-debug: Sort some build options to settings.json start, progress: 10%
9-7-2026 01:47:27-debug: // ---- build task Sort some build options to settings.json ----
9-7-2026 01:47:27-debug: // ---- build task Sort some build options to settings.json ---- (2ms)
9-7-2026 01:47:27-log: run build task Sort some build options to settings.json success in 2 ms√, progress: 12%
9-7-2026 01:47:27-debug: [Build Memory track]: Sort some build options to settings.json start:225.93MB, end 225.96MB, increase: 26.83KB
9-7-2026 01:47:27-debug: Fill script data to settings start, progress: 12%
9-7-2026 01:47:27-debug: // ---- build task Fill script data to settings ----
9-7-2026 01:47:27-debug: // ---- build task Fill script data to settings ---- (4ms)
9-7-2026 01:47:27-debug: // ---- build task Sort some build options to settings.json ----
9-7-2026 01:47:27-log: run build task Fill script data to settings success in 4 ms√, progress: 13%
9-7-2026 01:47:27-debug: [Build Memory track]: Fill script data to settings start:225.99MB, end 226.01MB, increase: 26.33KB
9-7-2026 01:47:27-debug: Sort some build options to settings.json start, progress: 13%
9-7-2026 01:47:27-debug: // ---- build task Sort some build options to settings.json ---- (7ms)
9-7-2026 01:47:27-log: run build task Sort some build options to settings.json success in 7 ms√, progress: 15%
9-7-2026 01:47:27-debug: [Build Memory track]: Sort some build options to settings.json start:226.04MB, end 226.16MB, increase: 126.40KB
9-7-2026 01:47:27-debug: %cImport%c: F:\Github\BattleGame\assets\Battle.scenebackground: #aaff85; color: #000;color: #000;
9-7-2026 01:47:27-debug: asset-db:reimport-asset1effe86e-a401-4769-9dbc-62218c68834d (26ms)
9-7-2026 01:47:29-debug: Query all assets info in project
9-7-2026 01:47:29-debug: init custom config: keepNodeUuid: false, useCache: true
9-7-2026 01:47:29-debug: Skip compress image, progress: 0%
9-7-2026 01:47:29-debug: Num of bundles: 2..., progress: 0%
9-7-2026 01:47:29-debug: Init all bundles start..., progress: 0%
9-7-2026 01:47:29-debug: // ---- build task Query asset bundle ----
9-7-2026 01:47:29-debug: Query asset bundle start, progress: 0%
9-7-2026 01:47:29-debug: Init bundle root assets start..., progress: 0%
9-7-2026 01:47:29-debug:   Number of all scenes: 1
9-7-2026 01:47:29-debug: Query preload assets/scripts from cc.config.json: 60f7195c-ec2a-45eb-ba94-8955f60e81d0,1c02ae6f-4492-4915-b8f8-7492a3b1e4cd,810e96e4-e456-4468-9b59-f4e8f39732c0,efe8e2a3-eace-427b-b4f1-cb8a937ec77d,e9aa9a3e-5b2b-4ac7-a2c7-073de2b2b24f,8bbdbcdd-5cd4-4100-b6d5-b7c9625b6107,50f4348b-c883-4e2f-8f11-ce233b859fa1,fda095cb-831d-4601-ad94-846013963de8,f92806d7-1768-443f-afe8-12bcde84d0f0,dd3a144d-ab7f-41f0-82b8-2e43a090d496,f0416e68-0200-4b77-a926-4f9d16e494da,511d2633-09a7-4bdd-ac42-f778032124b3,5d45aa00-e064-4938-b314-4265f0c2258c,9361fd90-ba52-4f84-aa93-6e878fd576ca,970b0598-bcb0-4714-91fb-2e81440dccd8,bcd64cc6-2dd9-43f6-abbe-66318d332032,d930590d-bb92-4cc8-8bd1-23cd027f9edf,a3cd009f-0ab0-420d-9278-b9fdab939bbc,6a2d0734-bd9e-4ddf-946e-caa52498cb75,d9937e59-61fe-4ec6-92ab-7ac5a19c89b0,d1346436-ac96-4271-b863-1f4fdead95b0,971bdb23-3ff6-43eb-b422-1c30165a3663,17debcc3-0a6b-4b8a-b00b-dc58b885581e,711ebe11-f673-4cd9-9a83-63c60ba54c5b,c0143906-9aed-447e-9436-2ae8512d1b6e,14da1725-c4c2-42b4-ab08-ee0aeb6898b3,081cab31-dccd-428e-8652-f2404cc81c47,78e0584a-4343-4727-8f37-e14e65c2a2db,871c3b6c-7379-419d-bda3-794b239ab90d,ff9b0199-ce04-4cfe-86cc-6c719f08d6e4,de1c2107-70c8-4021-8459-6399f24d01c6,cbf30902-517f-40dc-af90-a550bac27cf1,5c601d96-e4c7-4698-991b-7ee674b11079
9-7-2026 01:47:29-debug:   Number of all scripts: 42
9-7-2026 01:47:29-debug: Init bundle root assets success..., progress: 0%
9-7-2026 01:47:29-debug:   Number of other assets: 486
9-7-2026 01:47:29-debug: // ---- build task Query asset bundle ---- (11ms)
9-7-2026 01:47:29-log: run build task Query asset bundle success in 11 ms√, progress: 5%
9-7-2026 01:47:29-debug: [Build Memory track]: Query asset bundle start:226.34MB, end 226.24MB, increase: -103.82KB
9-7-2026 01:47:29-debug: Query asset bundle start, progress: 5%
9-7-2026 01:47:29-debug: // ---- build task Query asset bundle ----
9-7-2026 01:47:29-log: run build task Query asset bundle success in 9 ms√, progress: 10%
9-7-2026 01:47:29-debug: [Build Memory track]: Query asset bundle start:226.27MB, end 226.40MB, increase: 140.03KB
9-7-2026 01:47:29-debug: // ---- build task Query asset bundle ---- (9ms)
9-7-2026 01:47:29-debug: Sort some build options to settings.json start, progress: 10%
9-7-2026 01:47:29-debug: // ---- build task Sort some build options to settings.json ----
9-7-2026 01:47:29-debug: // ---- build task Sort some build options to settings.json ---- (5ms)
9-7-2026 01:47:29-debug: Fill script data to settings start, progress: 12%
9-7-2026 01:47:29-debug: [Build Memory track]: Sort some build options to settings.json start:226.43MB, end 226.46MB, increase: 26.93KB
9-7-2026 01:47:29-log: run build task Sort some build options to settings.json success in 5 ms√, progress: 12%
9-7-2026 01:47:29-debug: // ---- build task Fill script data to settings ----
9-7-2026 01:47:29-debug: // ---- build task Fill script data to settings ---- (4ms)
9-7-2026 01:47:29-log: run build task Fill script data to settings success in 4 ms√, progress: 13%
9-7-2026 01:47:29-debug: [Build Memory track]: Fill script data to settings start:226.49MB, end 226.51MB, increase: 26.29KB
9-7-2026 01:47:29-debug: Sort some build options to settings.json start, progress: 13%
9-7-2026 01:47:29-debug: // ---- build task Sort some build options to settings.json ----
9-7-2026 01:47:29-debug: // ---- build task Sort some build options to settings.json ---- (9ms)
9-7-2026 01:47:29-log: run build task Sort some build options to settings.json success in 9 ms√, progress: 15%
9-7-2026 01:47:29-debug: [Build Memory track]: Sort some build options to settings.json start:226.54MB, end 226.66MB, increase: 127.19KB
9-7-2026 02:01:51-debug: refresh db internal success
9-7-2026 02:01:51-debug: %cImport%c: F:\Github\BattleGame\assets\scripts\BattleTelemetry.tsbackground: #aaff85; color: #000;color: #000;
9-7-2026 02:01:51-debug: %cImport%c: F:\Github\BattleGame\assets\scripts\BattleWave.tsbackground: #aaff85; color: #000;color: #000;
9-7-2026 02:01:51-debug: %cImport%c: F:\Github\BattleGame\assets\scripts\GameManager.tsbackground: #aaff85; color: #000;color: #000;
9-7-2026 02:01:51-debug: refresh db assets success
9-7-2026 02:01:51-debug: Run asset db hook engine-extends:afterRefresh ...
9-7-2026 02:01:51-debug: Run asset db hook engine-extends:afterRefresh success!
9-7-2026 02:01:51-debug: asset-db:refresh-all-database (121ms)
9-7-2026 02:01:51-debug: asset-db:worker-effect-data-processing (9ms)
9-7-2026 02:01:51-debug: asset-db-hook-engine-extends-afterRefresh (10ms)
9-7-2026 02:01:58-debug: Query all assets info in project
9-7-2026 02:01:58-debug: Skip compress image, progress: 0%
9-7-2026 02:01:58-debug: init custom config: keepNodeUuid: false, useCache: true
9-7-2026 02:01:58-debug: Init all bundles start..., progress: 0%
9-7-2026 02:01:58-debug: Num of bundles: 2..., progress: 0%
9-7-2026 02:01:58-debug: Query asset bundle start, progress: 0%
9-7-2026 02:01:58-debug: Init bundle root assets start..., progress: 0%
9-7-2026 02:01:58-debug: // ---- build task Query asset bundle ----
9-7-2026 02:01:58-debug: Query preload assets/scripts from cc.config.json: 60f7195c-ec2a-45eb-ba94-8955f60e81d0,1c02ae6f-4492-4915-b8f8-7492a3b1e4cd,810e96e4-e456-4468-9b59-f4e8f39732c0,efe8e2a3-eace-427b-b4f1-cb8a937ec77d,e9aa9a3e-5b2b-4ac7-a2c7-073de2b2b24f,8bbdbcdd-5cd4-4100-b6d5-b7c9625b6107,50f4348b-c883-4e2f-8f11-ce233b859fa1,fda095cb-831d-4601-ad94-846013963de8,f92806d7-1768-443f-afe8-12bcde84d0f0,dd3a144d-ab7f-41f0-82b8-2e43a090d496,f0416e68-0200-4b77-a926-4f9d16e494da,511d2633-09a7-4bdd-ac42-f778032124b3,5d45aa00-e064-4938-b314-4265f0c2258c,9361fd90-ba52-4f84-aa93-6e878fd576ca,970b0598-bcb0-4714-91fb-2e81440dccd8,bcd64cc6-2dd9-43f6-abbe-66318d332032,d930590d-bb92-4cc8-8bd1-23cd027f9edf,a3cd009f-0ab0-420d-9278-b9fdab939bbc,6a2d0734-bd9e-4ddf-946e-caa52498cb75,d9937e59-61fe-4ec6-92ab-7ac5a19c89b0,d1346436-ac96-4271-b863-1f4fdead95b0,971bdb23-3ff6-43eb-b422-1c30165a3663,17debcc3-0a6b-4b8a-b00b-dc58b885581e,711ebe11-f673-4cd9-9a83-63c60ba54c5b,c0143906-9aed-447e-9436-2ae8512d1b6e,14da1725-c4c2-42b4-ab08-ee0aeb6898b3,081cab31-dccd-428e-8652-f2404cc81c47,78e0584a-4343-4727-8f37-e14e65c2a2db,871c3b6c-7379-419d-bda3-794b239ab90d,ff9b0199-ce04-4cfe-86cc-6c719f08d6e4,de1c2107-70c8-4021-8459-6399f24d01c6,cbf30902-517f-40dc-af90-a550bac27cf1,5c601d96-e4c7-4698-991b-7ee674b11079
9-7-2026 02:01:58-debug:   Number of other assets: 486
9-7-2026 02:01:58-debug:   Number of all scenes: 1
9-7-2026 02:01:58-debug: Init bundle root assets success..., progress: 0%
9-7-2026 02:01:58-debug:   Number of all scripts: 42
9-7-2026 02:01:58-debug: // ---- build task Query asset bundle ---- (15ms)
9-7-2026 02:01:58-debug: [Build Memory track]: Query asset bundle start:228.24MB, end 228.94MB, increase: 716.54KB
9-7-2026 02:01:58-debug: Query asset bundle start, progress: 5%
9-7-2026 02:01:58-log: run build task Query asset bundle success in 15 ms√, progress: 5%
9-7-2026 02:01:58-debug: // ---- build task Query asset bundle ----
9-7-2026 02:01:58-debug: // ---- build task Query asset bundle ---- (12ms)
9-7-2026 02:01:58-log: run build task Query asset bundle success in 12 ms√, progress: 10%
9-7-2026 02:01:58-debug: [Build Memory track]: Query asset bundle start:228.97MB, end 227.59MB, increase: -1405.55KB
9-7-2026 02:01:58-debug: // ---- build task Sort some build options to settings.json ----
9-7-2026 02:01:58-debug: Sort some build options to settings.json start, progress: 10%
9-7-2026 02:01:58-debug: // ---- build task Sort some build options to settings.json ---- (5ms)
9-7-2026 02:01:58-debug: [Build Memory track]: Sort some build options to settings.json start:227.62MB, end 227.65MB, increase: 26.78KB
9-7-2026 02:01:58-log: run build task Sort some build options to settings.json success in 5 ms√, progress: 12%
9-7-2026 02:01:58-debug: Fill script data to settings start, progress: 12%
9-7-2026 02:01:58-debug: // ---- build task Fill script data to settings ----
9-7-2026 02:01:58-debug: // ---- build task Fill script data to settings ---- (4ms)
9-7-2026 02:01:58-debug: [Build Memory track]: Fill script data to settings start:227.68MB, end 227.70MB, increase: 26.30KB
9-7-2026 02:01:58-debug: Sort some build options to settings.json start, progress: 13%
9-7-2026 02:01:58-log: run build task Fill script data to settings success in 4 ms√, progress: 13%
9-7-2026 02:01:58-debug: // ---- build task Sort some build options to settings.json ----
9-7-2026 02:01:58-debug: // ---- build task Sort some build options to settings.json ---- (8ms)
9-7-2026 02:01:58-log: run build task Sort some build options to settings.json success in 8 ms√, progress: 15%
9-7-2026 02:01:58-debug: [Build Memory track]: Sort some build options to settings.json start:227.73MB, end 227.86MB, increase: 126.43KB
9-7-2026 02:04:21-debug: refresh db internal success
9-7-2026 02:04:21-debug: %cImport%c: F:\Github\BattleGame\assets\scripts\BattleTelemetry.tsbackground: #aaff85; color: #000;color: #000;
9-7-2026 02:04:21-debug: %cImport%c: F:\Github\BattleGame\assets\scripts\GameManager.tsbackground: #aaff85; color: #000;color: #000;
9-7-2026 02:04:21-debug: %cImport%c: F:\Github\BattleGame\assets\scripts\Unit.tsbackground: #aaff85; color: #000;color: #000;
9-7-2026 02:04:21-debug: refresh db assets success
9-7-2026 02:04:21-debug: Run asset db hook engine-extends:afterRefresh ...
9-7-2026 02:04:21-debug: Run asset db hook engine-extends:afterRefresh success!
9-7-2026 02:04:21-debug: asset-db:refresh-all-database (94ms)
9-7-2026 02:04:21-debug: asset-db:worker-effect-data-processing (4ms)
9-7-2026 02:04:21-debug: asset-db-hook-engine-extends-afterRefresh (4ms)
9-7-2026 02:04:28-debug: Query all assets info in project
9-7-2026 02:04:28-debug: init custom config: keepNodeUuid: false, useCache: true
9-7-2026 02:04:28-debug: Skip compress image, progress: 0%
9-7-2026 02:04:28-debug: Num of bundles: 2..., progress: 0%
9-7-2026 02:04:28-debug: Init all bundles start..., progress: 0%
9-7-2026 02:04:28-debug: // ---- build task Query asset bundle ----
9-7-2026 02:04:28-debug: Init bundle root assets start..., progress: 0%
9-7-2026 02:04:28-debug: Query asset bundle start, progress: 0%
9-7-2026 02:04:28-debug: Query preload assets/scripts from cc.config.json: 60f7195c-ec2a-45eb-ba94-8955f60e81d0,1c02ae6f-4492-4915-b8f8-7492a3b1e4cd,810e96e4-e456-4468-9b59-f4e8f39732c0,efe8e2a3-eace-427b-b4f1-cb8a937ec77d,e9aa9a3e-5b2b-4ac7-a2c7-073de2b2b24f,8bbdbcdd-5cd4-4100-b6d5-b7c9625b6107,50f4348b-c883-4e2f-8f11-ce233b859fa1,fda095cb-831d-4601-ad94-846013963de8,f92806d7-1768-443f-afe8-12bcde84d0f0,dd3a144d-ab7f-41f0-82b8-2e43a090d496,f0416e68-0200-4b77-a926-4f9d16e494da,511d2633-09a7-4bdd-ac42-f778032124b3,5d45aa00-e064-4938-b314-4265f0c2258c,9361fd90-ba52-4f84-aa93-6e878fd576ca,970b0598-bcb0-4714-91fb-2e81440dccd8,bcd64cc6-2dd9-43f6-abbe-66318d332032,d930590d-bb92-4cc8-8bd1-23cd027f9edf,a3cd009f-0ab0-420d-9278-b9fdab939bbc,6a2d0734-bd9e-4ddf-946e-caa52498cb75,d9937e59-61fe-4ec6-92ab-7ac5a19c89b0,d1346436-ac96-4271-b863-1f4fdead95b0,971bdb23-3ff6-43eb-b422-1c30165a3663,17debcc3-0a6b-4b8a-b00b-dc58b885581e,711ebe11-f673-4cd9-9a83-63c60ba54c5b,c0143906-9aed-447e-9436-2ae8512d1b6e,14da1725-c4c2-42b4-ab08-ee0aeb6898b3,081cab31-dccd-428e-8652-f2404cc81c47,78e0584a-4343-4727-8f37-e14e65c2a2db,871c3b6c-7379-419d-bda3-794b239ab90d,ff9b0199-ce04-4cfe-86cc-6c719f08d6e4,de1c2107-70c8-4021-8459-6399f24d01c6,cbf30902-517f-40dc-af90-a550bac27cf1,5c601d96-e4c7-4698-991b-7ee674b11079
9-7-2026 02:04:28-debug:   Number of all scenes: 1
9-7-2026 02:04:28-debug:   Number of other assets: 486
9-7-2026 02:04:28-debug: Init bundle root assets success..., progress: 0%
9-7-2026 02:04:28-debug:   Number of all scripts: 42
9-7-2026 02:04:28-debug: // ---- build task Query asset bundle ---- (8ms)
9-7-2026 02:04:28-log: run build task Query asset bundle success in 8 ms√, progress: 5%
9-7-2026 02:04:28-debug: [Build Memory track]: Query asset bundle start:229.14MB, end 228.94MB, increase: -200.41KB
9-7-2026 02:04:28-debug: Query asset bundle start, progress: 5%
9-7-2026 02:04:28-debug: // ---- build task Query asset bundle ----
9-7-2026 02:04:28-debug: // ---- build task Query asset bundle ---- (7ms)
9-7-2026 02:04:28-log: run build task Query asset bundle success in 7 ms√, progress: 10%
9-7-2026 02:04:28-debug: [Build Memory track]: Query asset bundle start:228.97MB, end 229.10MB, increase: 139.98KB
9-7-2026 02:04:28-debug: // ---- build task Sort some build options to settings.json ----
9-7-2026 02:04:28-debug: Sort some build options to settings.json start, progress: 10%
9-7-2026 02:04:28-log: run build task Sort some build options to settings.json success in 1 ms√, progress: 12%
9-7-2026 02:04:28-debug: [Build Memory track]: Sort some build options to settings.json start:229.13MB, end 229.16MB, increase: 26.86KB
9-7-2026 02:04:28-debug: Fill script data to settings start, progress: 12%
9-7-2026 02:04:28-debug: // ---- build task Sort some build options to settings.json ---- (1ms)
9-7-2026 02:04:28-debug: // ---- build task Fill script data to settings ----
9-7-2026 02:04:28-debug: // ---- build task Fill script data to settings ---- (1ms)
9-7-2026 02:04:28-debug: [Build Memory track]: Fill script data to settings start:229.19MB, end 229.21MB, increase: 26.30KB
9-7-2026 02:04:28-log: run build task Fill script data to settings success in 1 ms√, progress: 13%
9-7-2026 02:04:28-debug: Sort some build options to settings.json start, progress: 13%
9-7-2026 02:04:28-debug: // ---- build task Sort some build options to settings.json ----
9-7-2026 02:04:28-debug: // ---- build task Sort some build options to settings.json ---- (7ms)
9-7-2026 02:04:28-debug: [Build Memory track]: Sort some build options to settings.json start:229.24MB, end 229.37MB, increase: 126.50KB
9-7-2026 02:04:28-log: run build task Sort some build options to settings.json success in 7 ms√, progress: 15%
9-7-2026 02:04:36-debug: refresh db internal success
9-7-2026 02:04:36-debug: refresh db assets success
9-7-2026 02:04:36-debug: Run asset db hook engine-extends:afterRefresh ...
9-7-2026 02:04:36-debug: Run asset db hook engine-extends:afterRefresh success!
9-7-2026 02:04:36-debug: asset-db:worker-effect-data-processing (4ms)
9-7-2026 02:04:36-debug: asset-db:refresh-all-database (73ms)
9-7-2026 02:04:36-debug: asset-db-hook-engine-extends-afterRefresh (4ms)
9-7-2026 02:04:37-debug: %cImport%c: F:\Github\BattleGame\assets\Battle.scenebackground: #aaff85; color: #000;color: #000;
9-7-2026 02:04:37-debug: asset-db:reimport-asset1effe86e-a401-4769-9dbc-62218c68834d (30ms)
9-7-2026 02:04:38-debug: Query all assets info in project
9-7-2026 02:04:38-debug: init custom config: keepNodeUuid: false, useCache: true
9-7-2026 02:04:38-debug: Skip compress image, progress: 0%
9-7-2026 02:04:38-debug: Init all bundles start..., progress: 0%
9-7-2026 02:04:38-debug: Query asset bundle start, progress: 0%
9-7-2026 02:04:38-debug: // ---- build task Query asset bundle ----
9-7-2026 02:04:38-debug: Num of bundles: 2..., progress: 0%
9-7-2026 02:04:38-debug: Init bundle root assets start..., progress: 0%
9-7-2026 02:04:38-debug: Query preload assets/scripts from cc.config.json: 60f7195c-ec2a-45eb-ba94-8955f60e81d0,1c02ae6f-4492-4915-b8f8-7492a3b1e4cd,810e96e4-e456-4468-9b59-f4e8f39732c0,efe8e2a3-eace-427b-b4f1-cb8a937ec77d,e9aa9a3e-5b2b-4ac7-a2c7-073de2b2b24f,8bbdbcdd-5cd4-4100-b6d5-b7c9625b6107,50f4348b-c883-4e2f-8f11-ce233b859fa1,fda095cb-831d-4601-ad94-846013963de8,f92806d7-1768-443f-afe8-12bcde84d0f0,dd3a144d-ab7f-41f0-82b8-2e43a090d496,f0416e68-0200-4b77-a926-4f9d16e494da,511d2633-09a7-4bdd-ac42-f778032124b3,5d45aa00-e064-4938-b314-4265f0c2258c,9361fd90-ba52-4f84-aa93-6e878fd576ca,970b0598-bcb0-4714-91fb-2e81440dccd8,bcd64cc6-2dd9-43f6-abbe-66318d332032,d930590d-bb92-4cc8-8bd1-23cd027f9edf,a3cd009f-0ab0-420d-9278-b9fdab939bbc,6a2d0734-bd9e-4ddf-946e-caa52498cb75,d9937e59-61fe-4ec6-92ab-7ac5a19c89b0,d1346436-ac96-4271-b863-1f4fdead95b0,971bdb23-3ff6-43eb-b422-1c30165a3663,17debcc3-0a6b-4b8a-b00b-dc58b885581e,711ebe11-f673-4cd9-9a83-63c60ba54c5b,c0143906-9aed-447e-9436-2ae8512d1b6e,14da1725-c4c2-42b4-ab08-ee0aeb6898b3,081cab31-dccd-428e-8652-f2404cc81c47,78e0584a-4343-4727-8f37-e14e65c2a2db,871c3b6c-7379-419d-bda3-794b239ab90d,ff9b0199-ce04-4cfe-86cc-6c719f08d6e4,de1c2107-70c8-4021-8459-6399f24d01c6,cbf30902-517f-40dc-af90-a550bac27cf1,5c601d96-e4c7-4698-991b-7ee674b11079
9-7-2026 02:04:38-debug:   Number of other assets: 486
9-7-2026 02:04:38-debug: Init bundle root assets success..., progress: 0%
9-7-2026 02:04:38-debug:   Number of all scripts: 42
9-7-2026 02:04:38-debug:   Number of all scenes: 1
9-7-2026 02:04:38-debug: // ---- build task Query asset bundle ---- (9ms)
9-7-2026 02:04:38-debug: // ---- build task Query asset bundle ----
9-7-2026 02:04:38-log: run build task Query asset bundle success in 9 ms√, progress: 5%
9-7-2026 02:04:38-debug: [Build Memory track]: Query asset bundle start:230.18MB, end 230.08MB, increase: -98.19KB
9-7-2026 02:04:38-debug: Query asset bundle start, progress: 5%
9-7-2026 02:04:38-debug: // ---- build task Query asset bundle ---- (4ms)
9-7-2026 02:04:38-log: run build task Query asset bundle success in 4 ms√, progress: 10%
9-7-2026 02:04:38-debug: [Build Memory track]: Query asset bundle start:230.11MB, end 230.25MB, increase: 145.48KB
9-7-2026 02:04:38-debug: Sort some build options to settings.json start, progress: 10%
9-7-2026 02:04:38-debug: // ---- build task Sort some build options to settings.json ----
9-7-2026 02:04:38-log: run build task Sort some build options to settings.json success in √, progress: 12%
9-7-2026 02:04:38-debug: Fill script data to settings start, progress: 12%
9-7-2026 02:04:38-debug: [Build Memory track]: Sort some build options to settings.json start:230.28MB, end 230.30MB, increase: 18.04KB
9-7-2026 02:04:38-debug: // ---- build task Fill script data to settings ----
9-7-2026 02:04:38-debug: // ---- build task Fill script data to settings ---- (2ms)
9-7-2026 02:04:38-log: run build task Fill script data to settings success in 2 ms√, progress: 13%
9-7-2026 02:04:38-debug: [Build Memory track]: Fill script data to settings start:230.32MB, end 230.35MB, increase: 25.42KB
9-7-2026 02:04:38-debug: Sort some build options to settings.json start, progress: 13%
9-7-2026 02:04:38-debug: // ---- build task Sort some build options to settings.json ----
9-7-2026 02:04:38-debug: // ---- build task Sort some build options to settings.json ---- (10ms)
9-7-2026 02:04:38-log: run build task Sort some build options to settings.json success in 10 ms√, progress: 15%
9-7-2026 02:04:38-debug: [Build Memory track]: Sort some build options to settings.json start:230.38MB, end 230.50MB, increase: 127.70KB
9-7-2026 02:40:59-debug: refresh db internal success
9-7-2026 02:40:59-debug: %cImport%c: F:\Github\BattleGame\assets\scripts\BattleWave.tsbackground: #aaff85; color: #000;color: #000;
9-7-2026 02:40:59-debug: %cImport%c: F:\Github\BattleGame\assets\scripts\BattleTelemetry.tsbackground: #aaff85; color: #000;color: #000;
9-7-2026 02:40:59-debug: %cImport%c: F:\Github\BattleGame\assets\scripts\GameManager.tsbackground: #aaff85; color: #000;color: #000;
9-7-2026 02:40:59-debug: refresh db assets success
9-7-2026 02:40:59-debug: Run asset db hook engine-extends:afterRefresh success!
9-7-2026 02:40:59-debug: Run asset db hook engine-extends:afterRefresh ...
9-7-2026 02:40:59-debug: asset-db:refresh-all-database (121ms)
9-7-2026 02:40:59-debug: asset-db:worker-effect-data-processing (6ms)
9-7-2026 02:40:59-debug: asset-db-hook-engine-extends-afterRefresh (6ms)
9-7-2026 02:41:05-debug: Query all assets info in project
9-7-2026 02:41:05-debug: init custom config: keepNodeUuid: false, useCache: true
9-7-2026 02:41:05-debug: Skip compress image, progress: 0%
9-7-2026 02:41:05-debug: Init all bundles start..., progress: 0%
9-7-2026 02:41:05-debug: Num of bundles: 2..., progress: 0%
9-7-2026 02:41:05-debug: // ---- build task Query asset bundle ----
9-7-2026 02:41:05-debug: Query asset bundle start, progress: 0%
9-7-2026 02:41:05-debug: Init bundle root assets start..., progress: 0%
9-7-2026 02:41:05-debug: Query preload assets/scripts from cc.config.json: 60f7195c-ec2a-45eb-ba94-8955f60e81d0,1c02ae6f-4492-4915-b8f8-7492a3b1e4cd,810e96e4-e456-4468-9b59-f4e8f39732c0,efe8e2a3-eace-427b-b4f1-cb8a937ec77d,e9aa9a3e-5b2b-4ac7-a2c7-073de2b2b24f,8bbdbcdd-5cd4-4100-b6d5-b7c9625b6107,50f4348b-c883-4e2f-8f11-ce233b859fa1,fda095cb-831d-4601-ad94-846013963de8,f92806d7-1768-443f-afe8-12bcde84d0f0,dd3a144d-ab7f-41f0-82b8-2e43a090d496,f0416e68-0200-4b77-a926-4f9d16e494da,511d2633-09a7-4bdd-ac42-f778032124b3,5d45aa00-e064-4938-b314-4265f0c2258c,9361fd90-ba52-4f84-aa93-6e878fd576ca,970b0598-bcb0-4714-91fb-2e81440dccd8,bcd64cc6-2dd9-43f6-abbe-66318d332032,d930590d-bb92-4cc8-8bd1-23cd027f9edf,a3cd009f-0ab0-420d-9278-b9fdab939bbc,6a2d0734-bd9e-4ddf-946e-caa52498cb75,d9937e59-61fe-4ec6-92ab-7ac5a19c89b0,d1346436-ac96-4271-b863-1f4fdead95b0,971bdb23-3ff6-43eb-b422-1c30165a3663,17debcc3-0a6b-4b8a-b00b-dc58b885581e,711ebe11-f673-4cd9-9a83-63c60ba54c5b,c0143906-9aed-447e-9436-2ae8512d1b6e,14da1725-c4c2-42b4-ab08-ee0aeb6898b3,081cab31-dccd-428e-8652-f2404cc81c47,78e0584a-4343-4727-8f37-e14e65c2a2db,871c3b6c-7379-419d-bda3-794b239ab90d,ff9b0199-ce04-4cfe-86cc-6c719f08d6e4,de1c2107-70c8-4021-8459-6399f24d01c6,cbf30902-517f-40dc-af90-a550bac27cf1,5c601d96-e4c7-4698-991b-7ee674b11079
9-7-2026 02:41:05-debug:   Number of all scripts: 42
9-7-2026 02:41:05-debug: Init bundle root assets success..., progress: 0%
9-7-2026 02:41:05-debug:   Number of other assets: 486
9-7-2026 02:41:05-debug:   Number of all scenes: 1
9-7-2026 02:41:05-log: run build task Query asset bundle success in 7 ms√, progress: 5%
9-7-2026 02:41:05-debug: [Build Memory track]: Query asset bundle start:232.05MB, end 232.75MB, increase: 716.36KB
9-7-2026 02:41:05-debug: Query asset bundle start, progress: 5%
9-7-2026 02:41:05-debug: // ---- build task Query asset bundle ---- (7ms)
9-7-2026 02:41:05-debug: // ---- build task Query asset bundle ----
9-7-2026 02:41:05-debug: // ---- build task Query asset bundle ---- (4ms)
9-7-2026 02:41:05-debug: [Build Memory track]: Query asset bundle start:232.77MB, end 232.91MB, increase: 140.02KB
9-7-2026 02:41:05-log: run build task Query asset bundle success in 4 ms√, progress: 10%
9-7-2026 02:41:05-debug: Sort some build options to settings.json start, progress: 10%
9-7-2026 02:41:05-debug: // ---- build task Sort some build options to settings.json ----
9-7-2026 02:41:05-debug: // ---- build task Sort some build options to settings.json ---- (2ms)
9-7-2026 02:41:05-debug: Fill script data to settings start, progress: 12%
9-7-2026 02:41:05-debug: // ---- build task Fill script data to settings ----
9-7-2026 02:41:05-log: run build task Sort some build options to settings.json success in 2 ms√, progress: 12%
9-7-2026 02:41:05-debug: [Build Memory track]: Sort some build options to settings.json start:232.94MB, end 231.41MB, increase: -1566.67KB
9-7-2026 02:41:05-debug: // ---- build task Fill script data to settings ---- (2ms)
9-7-2026 02:41:05-log: run build task Fill script data to settings success in 2 ms√, progress: 13%
9-7-2026 02:41:05-debug: [Build Memory track]: Fill script data to settings start:231.44MB, end 231.46MB, increase: 26.28KB
9-7-2026 02:41:05-debug: Sort some build options to settings.json start, progress: 13%
9-7-2026 02:41:05-debug: // ---- build task Sort some build options to settings.json ----
9-7-2026 02:41:05-log: run build task Sort some build options to settings.json success in 6 ms√, progress: 15%
9-7-2026 02:41:05-debug: [Build Memory track]: Sort some build options to settings.json start:231.49MB, end 231.62MB, increase: 128.40KB
9-7-2026 02:41:05-debug: // ---- build task Sort some build options to settings.json ---- (6ms)
9-7-2026 02:41:11-debug: %cImport%c: F:\Github\BattleGame\assets\Battle.scenebackground: #aaff85; color: #000;color: #000;
9-7-2026 02:41:11-debug: asset-db:reimport-asset1effe86e-a401-4769-9dbc-62218c68834d (19ms)
9-7-2026 02:41:12-debug: Query all assets info in project
9-7-2026 02:41:12-debug: init custom config: keepNodeUuid: false, useCache: true
9-7-2026 02:41:12-debug: Skip compress image, progress: 0%
9-7-2026 02:41:12-debug: Init all bundles start..., progress: 0%
9-7-2026 02:41:12-debug: // ---- build task Query asset bundle ----
9-7-2026 02:41:12-debug: Query asset bundle start, progress: 0%
9-7-2026 02:41:12-debug: Num of bundles: 2..., progress: 0%
9-7-2026 02:41:12-debug: Init bundle root assets start..., progress: 0%
9-7-2026 02:41:12-debug: Query preload assets/scripts from cc.config.json: 60f7195c-ec2a-45eb-ba94-8955f60e81d0,1c02ae6f-4492-4915-b8f8-7492a3b1e4cd,810e96e4-e456-4468-9b59-f4e8f39732c0,efe8e2a3-eace-427b-b4f1-cb8a937ec77d,e9aa9a3e-5b2b-4ac7-a2c7-073de2b2b24f,8bbdbcdd-5cd4-4100-b6d5-b7c9625b6107,50f4348b-c883-4e2f-8f11-ce233b859fa1,fda095cb-831d-4601-ad94-846013963de8,f92806d7-1768-443f-afe8-12bcde84d0f0,dd3a144d-ab7f-41f0-82b8-2e43a090d496,f0416e68-0200-4b77-a926-4f9d16e494da,511d2633-09a7-4bdd-ac42-f778032124b3,5d45aa00-e064-4938-b314-4265f0c2258c,9361fd90-ba52-4f84-aa93-6e878fd576ca,970b0598-bcb0-4714-91fb-2e81440dccd8,bcd64cc6-2dd9-43f6-abbe-66318d332032,d930590d-bb92-4cc8-8bd1-23cd027f9edf,a3cd009f-0ab0-420d-9278-b9fdab939bbc,6a2d0734-bd9e-4ddf-946e-caa52498cb75,d9937e59-61fe-4ec6-92ab-7ac5a19c89b0,d1346436-ac96-4271-b863-1f4fdead95b0,971bdb23-3ff6-43eb-b422-1c30165a3663,17debcc3-0a6b-4b8a-b00b-dc58b885581e,711ebe11-f673-4cd9-9a83-63c60ba54c5b,c0143906-9aed-447e-9436-2ae8512d1b6e,14da1725-c4c2-42b4-ab08-ee0aeb6898b3,081cab31-dccd-428e-8652-f2404cc81c47,78e0584a-4343-4727-8f37-e14e65c2a2db,871c3b6c-7379-419d-bda3-794b239ab90d,ff9b0199-ce04-4cfe-86cc-6c719f08d6e4,de1c2107-70c8-4021-8459-6399f24d01c6,cbf30902-517f-40dc-af90-a550bac27cf1,5c601d96-e4c7-4698-991b-7ee674b11079
9-7-2026 02:41:12-debug:   Number of all scenes: 1
9-7-2026 02:41:12-debug: Init bundle root assets success..., progress: 0%
9-7-2026 02:41:12-debug:   Number of other assets: 486
9-7-2026 02:41:12-debug:   Number of all scripts: 42
9-7-2026 02:41:12-log: run build task Query asset bundle success in 18 ms√, progress: 5%
9-7-2026 02:41:12-debug: [Build Memory track]: Query asset bundle start:232.32MB, end 232.11MB, increase: -210.01KB
9-7-2026 02:41:12-debug: Query asset bundle start, progress: 5%
9-7-2026 02:41:12-debug: // ---- build task Query asset bundle ---- (18ms)
9-7-2026 02:41:12-debug: // ---- build task Query asset bundle ----
9-7-2026 02:41:12-debug: // ---- build task Query asset bundle ---- (6ms)
9-7-2026 02:41:12-log: run build task Query asset bundle success in 6 ms√, progress: 10%
9-7-2026 02:41:12-debug: [Build Memory track]: Query asset bundle start:232.14MB, end 232.28MB, increase: 139.98KB
9-7-2026 02:41:12-debug: Sort some build options to settings.json start, progress: 10%
9-7-2026 02:41:12-debug: // ---- build task Sort some build options to settings.json ----
9-7-2026 02:41:12-debug: // ---- build task Sort some build options to settings.json ---- (1ms)
9-7-2026 02:41:12-debug: [Build Memory track]: Sort some build options to settings.json start:232.30MB, end 232.33MB, increase: 26.88KB
9-7-2026 02:41:12-debug: Fill script data to settings start, progress: 12%
9-7-2026 02:41:12-debug: // ---- build task Fill script data to settings ----
9-7-2026 02:41:12-log: run build task Sort some build options to settings.json success in 1 ms√, progress: 12%
9-7-2026 02:41:12-debug: // ---- build task Fill script data to settings ---- (3ms)
9-7-2026 02:41:12-log: run build task Fill script data to settings success in 3 ms√, progress: 13%
9-7-2026 02:41:12-debug: [Build Memory track]: Fill script data to settings start:232.36MB, end 231.67MB, increase: -703.31KB
9-7-2026 02:41:12-debug: Sort some build options to settings.json start, progress: 13%
9-7-2026 02:41:12-debug: // ---- build task Sort some build options to settings.json ----
9-7-2026 02:41:12-debug: // ---- build task Sort some build options to settings.json ---- (6ms)
9-7-2026 02:41:12-debug: [Build Memory track]: Sort some build options to settings.json start:231.70MB, end 231.83MB, increase: 128.40KB
9-7-2026 02:41:12-log: run build task Sort some build options to settings.json success in 6 ms√, progress: 15%
9-7-2026 03:04:33-debug: refresh db internal success
9-7-2026 03:04:33-debug: %cImport%c: F:\Github\BattleGame\assets\scripts\BattleTelemetry.tsbackground: #aaff85; color: #000;color: #000;
9-7-2026 03:04:33-debug: %cImport%c: F:\Github\BattleGame\assets\scripts\BattleWave.tsbackground: #aaff85; color: #000;color: #000;
9-7-2026 03:04:33-debug: %cImport%c: F:\Github\BattleGame\assets\scripts\GameManager.tsbackground: #aaff85; color: #000;color: #000;
9-7-2026 03:04:33-debug: %cImport%c: F:\Github\BattleGame\assets\scripts\Unit.tsbackground: #aaff85; color: #000;color: #000;
9-7-2026 03:04:33-debug: refresh db assets success
9-7-2026 03:04:33-debug: Run asset db hook engine-extends:afterRefresh ...
9-7-2026 03:04:33-debug: Run asset db hook engine-extends:afterRefresh success!
9-7-2026 03:04:33-debug: asset-db:worker-effect-data-processing (4ms)
9-7-2026 03:04:33-debug: asset-db-hook-engine-extends-afterRefresh (4ms)
9-7-2026 03:04:33-debug: asset-db:refresh-all-database (89ms)
9-7-2026 03:04:41-debug: Query all assets info in project
9-7-2026 03:04:41-debug: init custom config: keepNodeUuid: false, useCache: true
9-7-2026 03:04:41-debug: Skip compress image, progress: 0%
9-7-2026 03:04:41-debug: Init all bundles start..., progress: 0%
9-7-2026 03:04:41-debug: Num of bundles: 2..., progress: 0%
9-7-2026 03:04:41-debug: Query asset bundle start, progress: 0%
9-7-2026 03:04:41-debug: Init bundle root assets start..., progress: 0%
9-7-2026 03:04:41-debug: // ---- build task Query asset bundle ----
9-7-2026 03:04:41-debug: Query preload assets/scripts from cc.config.json: 60f7195c-ec2a-45eb-ba94-8955f60e81d0,1c02ae6f-4492-4915-b8f8-7492a3b1e4cd,810e96e4-e456-4468-9b59-f4e8f39732c0,efe8e2a3-eace-427b-b4f1-cb8a937ec77d,e9aa9a3e-5b2b-4ac7-a2c7-073de2b2b24f,8bbdbcdd-5cd4-4100-b6d5-b7c9625b6107,50f4348b-c883-4e2f-8f11-ce233b859fa1,fda095cb-831d-4601-ad94-846013963de8,f92806d7-1768-443f-afe8-12bcde84d0f0,dd3a144d-ab7f-41f0-82b8-2e43a090d496,f0416e68-0200-4b77-a926-4f9d16e494da,511d2633-09a7-4bdd-ac42-f778032124b3,5d45aa00-e064-4938-b314-4265f0c2258c,9361fd90-ba52-4f84-aa93-6e878fd576ca,970b0598-bcb0-4714-91fb-2e81440dccd8,bcd64cc6-2dd9-43f6-abbe-66318d332032,d930590d-bb92-4cc8-8bd1-23cd027f9edf,a3cd009f-0ab0-420d-9278-b9fdab939bbc,6a2d0734-bd9e-4ddf-946e-caa52498cb75,d9937e59-61fe-4ec6-92ab-7ac5a19c89b0,d1346436-ac96-4271-b863-1f4fdead95b0,971bdb23-3ff6-43eb-b422-1c30165a3663,17debcc3-0a6b-4b8a-b00b-dc58b885581e,711ebe11-f673-4cd9-9a83-63c60ba54c5b,c0143906-9aed-447e-9436-2ae8512d1b6e,14da1725-c4c2-42b4-ab08-ee0aeb6898b3,081cab31-dccd-428e-8652-f2404cc81c47,78e0584a-4343-4727-8f37-e14e65c2a2db,871c3b6c-7379-419d-bda3-794b239ab90d,ff9b0199-ce04-4cfe-86cc-6c719f08d6e4,de1c2107-70c8-4021-8459-6399f24d01c6,cbf30902-517f-40dc-af90-a550bac27cf1,5c601d96-e4c7-4698-991b-7ee674b11079
9-7-2026 03:04:41-debug:   Number of all scripts: 42
9-7-2026 03:04:41-debug:   Number of other assets: 486
9-7-2026 03:04:41-debug: Init bundle root assets success..., progress: 0%
9-7-2026 03:04:41-debug:   Number of all scenes: 1
9-7-2026 03:04:41-log: run build task Query asset bundle success in 7 ms√, progress: 5%
9-7-2026 03:04:41-debug: [Build Memory track]: Query asset bundle start:233.29MB, end 233.08MB, increase: -207.40KB
9-7-2026 03:04:41-debug: // ---- build task Query asset bundle ---- (7ms)
9-7-2026 03:04:41-debug: Query asset bundle start, progress: 5%
9-7-2026 03:04:41-debug: // ---- build task Query asset bundle ----
9-7-2026 03:04:41-debug: // ---- build task Query asset bundle ---- (5ms)
9-7-2026 03:04:41-debug: // ---- build task Sort some build options to settings.json ----
9-7-2026 03:04:41-log: run build task Query asset bundle success in 5 ms√, progress: 10%
9-7-2026 03:04:41-debug: [Build Memory track]: Query asset bundle start:233.11MB, end 233.25MB, increase: 140.00KB
9-7-2026 03:04:41-debug: Sort some build options to settings.json start, progress: 10%
9-7-2026 03:04:41-debug: // ---- build task Sort some build options to settings.json ---- (1ms)
9-7-2026 03:04:41-log: run build task Sort some build options to settings.json success in 1 ms√, progress: 12%
9-7-2026 03:04:41-debug: [Build Memory track]: Sort some build options to settings.json start:233.28MB, end 233.30MB, increase: 26.84KB
9-7-2026 03:04:41-debug: Fill script data to settings start, progress: 12%
9-7-2026 03:04:41-debug: // ---- build task Fill script data to settings ----
9-7-2026 03:04:41-debug: // ---- build task Fill script data to settings ---- (1ms)
9-7-2026 03:04:41-log: run build task Fill script data to settings success in 1 ms√, progress: 13%
9-7-2026 03:04:41-debug: [Build Memory track]: Fill script data to settings start:233.33MB, end 233.35MB, increase: 25.03KB
9-7-2026 03:04:41-debug: Sort some build options to settings.json start, progress: 13%
9-7-2026 03:04:41-debug: // ---- build task Sort some build options to settings.json ----
9-7-2026 03:04:41-debug: // ---- build task Sort some build options to settings.json ---- (5ms)
9-7-2026 03:04:41-log: run build task Sort some build options to settings.json success in 5 ms√, progress: 15%
9-7-2026 03:04:41-debug: [Build Memory track]: Sort some build options to settings.json start:233.38MB, end 233.51MB, increase: 127.68KB
9-7-2026 03:04:45-debug: %cImport%c: F:\Github\BattleGame\assets\Battle.scenebackground: #aaff85; color: #000;color: #000;
9-7-2026 03:04:45-debug: asset-db:reimport-asset1effe86e-a401-4769-9dbc-62218c68834d (32ms)
9-7-2026 03:04:46-debug: Query all assets info in project
9-7-2026 03:04:46-debug: init custom config: keepNodeUuid: false, useCache: true
9-7-2026 03:04:46-debug: Skip compress image, progress: 0%
9-7-2026 03:04:46-debug: Init all bundles start..., progress: 0%
9-7-2026 03:04:46-debug: // ---- build task Query asset bundle ----
9-7-2026 03:04:46-debug: Num of bundles: 2..., progress: 0%
9-7-2026 03:04:46-debug: Query asset bundle start, progress: 0%
9-7-2026 03:04:46-debug: Init bundle root assets start..., progress: 0%
9-7-2026 03:04:46-debug: Query preload assets/scripts from cc.config.json: 60f7195c-ec2a-45eb-ba94-8955f60e81d0,1c02ae6f-4492-4915-b8f8-7492a3b1e4cd,810e96e4-e456-4468-9b59-f4e8f39732c0,efe8e2a3-eace-427b-b4f1-cb8a937ec77d,e9aa9a3e-5b2b-4ac7-a2c7-073de2b2b24f,8bbdbcdd-5cd4-4100-b6d5-b7c9625b6107,50f4348b-c883-4e2f-8f11-ce233b859fa1,fda095cb-831d-4601-ad94-846013963de8,f92806d7-1768-443f-afe8-12bcde84d0f0,dd3a144d-ab7f-41f0-82b8-2e43a090d496,f0416e68-0200-4b77-a926-4f9d16e494da,511d2633-09a7-4bdd-ac42-f778032124b3,5d45aa00-e064-4938-b314-4265f0c2258c,9361fd90-ba52-4f84-aa93-6e878fd576ca,970b0598-bcb0-4714-91fb-2e81440dccd8,bcd64cc6-2dd9-43f6-abbe-66318d332032,d930590d-bb92-4cc8-8bd1-23cd027f9edf,a3cd009f-0ab0-420d-9278-b9fdab939bbc,6a2d0734-bd9e-4ddf-946e-caa52498cb75,d9937e59-61fe-4ec6-92ab-7ac5a19c89b0,d1346436-ac96-4271-b863-1f4fdead95b0,971bdb23-3ff6-43eb-b422-1c30165a3663,17debcc3-0a6b-4b8a-b00b-dc58b885581e,711ebe11-f673-4cd9-9a83-63c60ba54c5b,c0143906-9aed-447e-9436-2ae8512d1b6e,14da1725-c4c2-42b4-ab08-ee0aeb6898b3,081cab31-dccd-428e-8652-f2404cc81c47,78e0584a-4343-4727-8f37-e14e65c2a2db,871c3b6c-7379-419d-bda3-794b239ab90d,ff9b0199-ce04-4cfe-86cc-6c719f08d6e4,de1c2107-70c8-4021-8459-6399f24d01c6,cbf30902-517f-40dc-af90-a550bac27cf1,5c601d96-e4c7-4698-991b-7ee674b11079
9-7-2026 03:04:46-debug:   Number of all scenes: 1
9-7-2026 03:04:46-debug:   Number of other assets: 486
9-7-2026 03:04:46-debug: Init bundle root assets success..., progress: 0%
9-7-2026 03:04:46-debug:   Number of all scripts: 42
9-7-2026 03:04:46-debug: // ---- build task Query asset bundle ---- (17ms)
9-7-2026 03:04:46-log: run build task Query asset bundle success in 17 ms√, progress: 5%
9-7-2026 03:04:46-debug: [Build Memory track]: Query asset bundle start:233.45MB, end 233.24MB, increase: -213.33KB
9-7-2026 03:04:46-debug: Query asset bundle start, progress: 5%
9-7-2026 03:04:46-debug: // ---- build task Query asset bundle ----
9-7-2026 03:04:46-debug: // ---- build task Query asset bundle ---- (9ms)
9-7-2026 03:04:46-debug: Sort some build options to settings.json start, progress: 10%
9-7-2026 03:04:46-debug: [Build Memory track]: Query asset bundle start:233.27MB, end 233.41MB, increase: 140.01KB
9-7-2026 03:04:46-log: run build task Query asset bundle success in 9 ms√, progress: 10%
9-7-2026 03:04:46-debug: // ---- build task Sort some build options to settings.json ----
9-7-2026 03:04:46-debug: // ---- build task Sort some build options to settings.json ---- (5ms)
9-7-2026 03:04:46-log: run build task Sort some build options to settings.json success in 5 ms√, progress: 12%
9-7-2026 03:04:46-debug: [Build Memory track]: Sort some build options to settings.json start:233.44MB, end 233.46MB, increase: 26.90KB
9-7-2026 03:04:46-debug: Fill script data to settings start, progress: 12%
9-7-2026 03:04:46-debug: // ---- build task Fill script data to settings ----
9-7-2026 03:04:46-debug: // ---- build task Fill script data to settings ---- (8ms)
9-7-2026 03:04:46-debug: [Build Memory track]: Fill script data to settings start:233.49MB, end 233.52MB, increase: 26.23KB
9-7-2026 03:04:46-log: run build task Fill script data to settings success in 8 ms√, progress: 13%
9-7-2026 03:04:46-debug: Sort some build options to settings.json start, progress: 13%
9-7-2026 03:04:46-debug: // ---- build task Sort some build options to settings.json ----
9-7-2026 03:04:46-debug: // ---- build task Sort some build options to settings.json ---- (12ms)
9-7-2026 03:04:46-debug: [Build Memory track]: Sort some build options to settings.json start:233.54MB, end 233.67MB, increase: 126.81KB
9-7-2026 03:04:46-log: run build task Sort some build options to settings.json success in 12 ms√, progress: 15%
9-7-2026 03:19:57-debug: refresh db internal success
9-7-2026 03:19:57-debug: refresh db assets success
9-7-2026 03:19:57-debug: Run asset db hook engine-extends:afterRefresh ...
9-7-2026 03:19:57-debug: Run asset db hook engine-extends:afterRefresh success!
9-7-2026 03:19:57-debug: asset-db:refresh-all-database (72ms)
9-7-2026 03:19:57-debug: asset-db:worker-effect-data-processing (2ms)
9-7-2026 03:19:57-debug: asset-db-hook-engine-extends-afterRefresh (2ms)
