{
  "__type__": "cc.SpriteFrame",
  "content": {
    "name": "GAMERIA",
    "atlas": "",
    "rect": {
      "x": 1,
      "y": 1,
      "width": 449,
      "height": 450
    },
    "offset": {
      "x": 0,
      "y": 0
    },
    "originalSize": {
      "width": 451,
      "height": 452
    },
    "rotated": false,
    "capInsets": [
      0,
      0,
      0,
      0
    ],
    "vertices": {
      "rawPosition": [
        -224.5,
        -225,
        0,
        224.5,
        -225,
        0,
        -224.5,
        225,
        0,
        224.5,
        225,
        0
      ],
      "indexes": [
        0,
        1,
        2,
        2,
        1,
        3
      ],
      "uv": [
        1,
        451,
        450,
        451,
        1,
        1,
        450,
        1
      ],
      "nuv": [
        0.0022172949002217295,
        0.0022123893805309734,
        0.9977827050997783,
        0.0022123893805309734,
        0.0022172949002217295,
        0.9977876106194691,
        0.9977827050997783,
        0.9977876106194691
      ],
      "minPos": {
        "x": -224.5,
        "y": -225,
        "z": 0
      },
      "maxPos": {
        "x": 224.5,
        "y": 225,
        "z": 0
      }
    },
    "texture": "90799178-e90f-46fd-b904-8aa46d223010@6c48a",
    "packable": true,
    "pixelsToUnit": 100,
    "pivot": {
      "x": 0.5,
      "y": 0.5
    },
    "meshType": 0
  }
}